step,task_type,total_loss,node_loss,graph_loss,energy_loss,physics_loss,lr,phase
10000,node,2.4965271949768066,0.00046629051212221384,0.0,2.496060848236084,0.0,0.0009999999938623398,3
10001,graph,0.1432798206806183,0.0,0.1322212517261505,0.0,0.0110585642978549,0.0009999999754493592,3
10002,graph,0.13071194291114807,0.0,0.11937689781188965,0.0,0.011335037648677826,0.0009999999447610588,3
10003,graph,0.16834428906440735,0.0,0.15429100394248962,0.0,0.01405328232795,0.0009999999017974391,3
10004,node,0.34184789657592773,0.004599518608301878,0.0,0.33724838495254517,0.0,0.0009999998465585018,3
10005,graph,0.16077615320682526,0.0,0.14612525701522827,0.0,0.014650891534984112,0.0009999997790442476,3
10006,graph,0.2576923072338104,0.0,0.24442628026008606,0.0,0.013266037218272686,0.0009999996992546786,3
10007,graph,0.15519823133945465,0.0,0.14383172988891602,0.0,0.011366504244506359,0.0009999996071897966,3
10008,node,0.9117134213447571,0.0006781824049539864,0.0,0.9110352396965027,0.0,0.0009999995028496036,3
10009,graph,0.19093771278858185,0.0,0.18070560693740845,0.0,0.010232099331915379,0.0009999993862341025,3
10010,graph,0.13903822004795074,0.0,0.12684260308742523,0.0,0.012195613235235214,0.000999999257343296,3
10011,graph,0.13749408721923828,0.0,0.12439866364002228,0.0,0.013095417991280556,0.0009999991161771876,3
10012,node,58.52885055541992,0.0018546818755567074,0.0,58.52699661254883,0.0,0.0009999989627357804,3
10013,graph,0.14899854362010956,0.0,0.13622111082077026,0.0,0.012777426280081272,0.0009999987970190783,3
10014,graph,0.15303508937358856,0.0,0.14264385402202606,0.0,0.010391241870820522,0.0009999986190270857,3
10015,graph,0.20043323934078217,0.0,0.18830184638500214,0.0,0.012131398543715477,0.0009999984287598063,3
10016,node,3.208106279373169,0.007149656768888235,0.0,3.2009565830230713,0.0,0.0009999982262172454,3
10017,graph,0.12664474546909332,0.0,0.11624324321746826,0.0,0.010401501320302486,0.0009999980113994079,3
10018,graph,0.16426625847816467,0.0,0.15065310895442963,0.0,0.013613147661089897,0.0009999977843062988,3
10019,graph,0.14491166174411774,0.0,0.13359816372394562,0.0,0.011313504539430141,0.0009999975449379243,3
10020,node,0.5170098543167114,0.011462685652077198,0.0,0.5055471658706665,0.0,0.0009999972932942895,3
10021,graph,0.14398236572742462,0.0,0.12822368741035461,0.0,0.01575867459177971,0.0009999970293754013,3
10022,graph,0.14912870526313782,0.0,0.13815605640411377,0.0,0.01097264513373375,0.0009999967531812658,3
10023,graph,0.1341971606016159,0.0,0.12318484485149384,0.0,0.011012311093509197,0.00099999646471189,3
10024,node,1.90803062915802,0.005279881879687309,0.0,1.9027507305145264,0.0,0.0009999961639672811,3
10025,graph,0.15142561495304108,0.0,0.1384265273809433,0.0,0.012999084778130054,0.0009999958509474465,3
10026,graph,0.13385014235973358,0.0,0.12139438837766647,0.0,0.012455757707357407,0.0009999955256523936,3
10027,graph,0.14018398523330688,0.0,0.12590879201889038,0.0,0.014275191351771355,0.0009999951880821306,3
10028,node,1.80607271194458,0.002797713503241539,0.0,1.8032749891281128,0.0,0.000999994838236666,3
10029,graph,0.16624438762664795,0.0,0.15270370244979858,0.0,0.013540690764784813,0.0009999944761160083,3
10030,graph,0.11900849640369415,0.0,0.10514478385448456,0.0,0.01386371348053217,0.0009999941017201663,3
10031,graph,0.12823182344436646,0.0,0.11444232612848282,0.0,0.013789491727948189,0.0009999937150491495,3
10032,node,1.8965187072753906,0.00130172458011657,0.0,1.895216941833496,0.0,0.0009999933161029674,3
10033,graph,0.1352965086698532,0.0,0.12281860411167145,0.0,0.012477900832891464,0.0009999929048816298,3
10034,graph,0.13866958022117615,0.0,0.1249365359544754,0.0,0.013733047060668468,0.000999992481385147,3
10035,graph,0.16019673645496368,0.0,0.14836806058883667,0.0,0.01182867307215929,0.000999992045613529,3
10036,node,0.8758050203323364,0.0009841446299105883,0.0,0.87482088804245,0.0,0.0009999915975667868,3
10037,graph,0.13790729641914368,0.0,0.12484228610992432,0.0,0.013065014034509659,0.0009999911372449316,3
10038,graph,0.1751035749912262,0.0,0.16228042542934418,0.0,0.01282314583659172,0.0009999906646479745,3
10039,graph,0.12302491068840027,0.0,0.11179593205451965,0.0,0.01122897956520319,0.0009999901797759273,3
10040,node,12.58141803741455,0.001195342163555324,0.0,12.580223083496094,0.0,0.000999989682628802,3
10041,graph,0.14236614108085632,0.0,0.1306556612253189,0.0,0.011710481718182564,0.000999989173206611,3
10042,graph,0.15776561200618744,0.0,0.14637184143066406,0.0,0.011393764056265354,0.0009999886515093663,3
10043,graph,0.12372427433729172,0.0,0.11055763810873032,0.0,0.013166637159883976,0.0009999881175370815,3
10044,node,1.2722944021224976,0.0020092350896447897,0.0,1.2702851295471191,0.0,0.0009999875712897693,3
10045,graph,0.12068954110145569,0.0,0.10971593856811523,0.0,0.010973606258630753,0.0009999870127674435,3
10046,graph,0.12788334488868713,0.0,0.11293686926364899,0.0,0.014946473762392998,0.0009999864419701174,3
10047,graph,0.13065646588802338,0.0,0.11800157278776169,0.0,0.012654893100261688,0.0009999858588978056,3
10048,node,1.4598652124404907,0.003123965347185731,0.0,1.456741213798523,0.0,0.000999985263550522,3
10049,graph,0.10939529538154602,0.0,0.09655191004276276,0.0,0.012843383476138115,0.0009999846559282817,3
10050,graph,0.1302555352449417,0.0,0.11747553199529648,0.0,0.012780003249645233,0.0009999840360310995,3
10051,graph,0.12784871459007263,0.0,0.1161867007613182,0.0,0.011662014760077,0.0009999834038589908,3
10052,node,5.958609104156494,0.003237954806536436,0.0,5.955371379852295,0.0,0.0009999827594119712,3
10053,graph,0.15116387605667114,0.0,0.13968335092067719,0.0,0.011480518616735935,0.0009999821026900565,3
10054,graph,0.14389656484127045,0.0,0.12932279706001282,0.0,0.014573769643902779,0.000999981433693263,3
10055,graph,0.1328633427619934,0.0,0.12082681059837341,0.0,0.012036530300974846,0.0009999807524216071,3
10056,node,1.021419644355774,0.003973719198256731,0.0,1.0174459218978882,0.0,0.0009999800588751057,3
10057,graph,0.12270784378051758,0.0,0.11320644617080688,0.0,0.009501399472355843,0.000999979353053776,3
10058,graph,0.12614263594150543,0.0,0.11411702632904053,0.0,0.012025611475110054,0.000999978634957635,3
10059,graph,0.13942375779151917,0.0,0.12877166271209717,0.0,0.010652088560163975,0.0009999779045867009,3
10060,node,6.796739101409912,0.0031918336171656847,0.0,6.7935471534729,0.0,0.0009999771619409916,3
10061,graph,0.14463172852993011,0.0,0.13556835055351257,0.0,0.009063380770385265,0.0009999764070205252,3
10062,graph,0.18525558710098267,0.0,0.16891106963157654,0.0,0.016344523057341576,0.0009999756398253205,3
10063,graph,0.15414182841777802,0.0,0.14231184124946594,0.0,0.01182998064905405,0.0009999748603553966,3
10064,node,1.5028082132339478,0.003329966217279434,0.0,1.4994782209396362,0.0,0.0009999740686107725,3
10065,graph,0.12306549400091171,0.0,0.11153800040483475,0.0,0.011527493596076965,0.0009999732645914678,3
10066,graph,0.1354406327009201,0.0,0.12170756608247757,0.0,0.013733062893152237,0.0009999724482975022,3
10067,graph,0.13605472445487976,0.0,0.12179724872112274,0.0,0.014257469214498997,0.0009999716197288961,3
10068,node,2.077371120452881,0.0023645830806344748,0.0,2.0750064849853516,0.0,0.0009999707788856697,3
10069,graph,0.15619514882564545,0.0,0.1444963812828064,0.0,0.011698765680193901,0.000999969925767844,3
10070,graph,0.1637071818113327,0.0,0.15266531705856323,0.0,0.011041861958801746,0.0009999690603754397,3
10071,graph,0.14534862339496613,0.0,0.13342446088790894,0.0,0.011924169026315212,0.0009999681827084785,3
10072,node,2.321059226989746,0.0020031756721436977,0.0,2.3190560340881348,0.0,0.000999967292766982,3
10073,graph,0.12691672146320343,0.0,0.1143556535243988,0.0,0.01256107073277235,0.0009999663905509717,3
10074,graph,0.17243431508541107,0.0,0.1564277708530426,0.0,0.01600654236972332,0.0009999654760604704,3
10075,graph,0.14809328317642212,0.0,0.1325790286064148,0.0,0.015514257363975048,0.0009999645492955007,3
10076,node,nan,0.00038750068051740527,0.0,5.1124162673950195,0.0,0.000999963610256085,3
10077,graph,nan,0.0,1.0064704418182373,0.0,0.724789023399353,0.0009999626589422468,3
10078,graph,nan,0.0,0.9618424773216248,0.0,0.7330780029296875,0.0009999616953540096,3
10079,graph,nan,0.0,1.0447416305541992,0.0,0.7111610174179077,0.000999960719491397,3
10080,node,nan,0.0004971716552972794,0.0,6.898433685302734,0.0,0.0009999990056863708,2
10081,graph,0.1746758073568344,0.0,0.17307481169700623,0.0,0.01600998267531395,0.0009999980052355904,2
10082,graph,0.15068374574184418,0.0,0.14957129955291748,0.0,0.01112452708184719,0.0009999969925100236,2
10083,graph,0.18198533356189728,0.0,0.18064333498477936,0.0,0.013419970870018005,0.000999995967509695,2
10084,node,2.1367685794830322,0.004672612063586712,0.0,2.1320960521698,0.0,0.0009999949302346301,2
10085,graph,0.1664511263370514,0.0,0.1653253436088562,0.0,0.011257806792855263,0.0009999938806848545,2
10086,graph,0.14871448278427124,0.0,0.147525355219841,0.0,0.011891228146851063,0.0009999928188603937,2
10087,graph,0.14635132253170013,0.0,0.14521238207817078,0.0,0.011389384046196938,0.0009999917447612743,2
10088,node,1.6768876314163208,0.0029328728560358286,0.0,1.673954725265503,0.0,0.0009999906583875227,2
10089,graph,0.19685813784599304,0.0,0.19568794965744019,0.0,0.011701949872076511,0.0009999895597391658,2
10090,graph,0.12348523736000061,0.0,0.12236287444829941,0.0,0.011223609559237957,0.0009999884488162305,2
10091,graph,0.16475073993206024,0.0,0.1633767932653427,0.0,0.01373942382633686,0.0009999873256187443,2
10092,node,0.5269342660903931,0.003607241902500391,0.0,0.5233270525932312,0.0,0.000999986190146735,2
10093,graph,0.16413205862045288,0.0,0.1628391444683075,0.0,0.012929069809615612,0.0009999850424002304,2
10094,graph,0.14267022907733917,0.0,0.1415271908044815,0.0,0.011430421844124794,0.000999983882379259,2
10095,graph,0.13621632754802704,0.0,0.134771466255188,0.0,0.014448635280132294,0.0009999827100838493,2
10096,node,2.0706639289855957,0.0011252319673076272,0.0,2.0695385932922363,0.0,0.0009999815255140303,2
10097,graph,0.1206398531794548,0.0,0.11947652697563171,0.0,0.011633244343101978,0.0009999803286698315,2
10098,graph,0.17548049986362457,0.0,0.17433467507362366,0.0,0.011458205990493298,0.0009999791195512819,2
10099,graph,0.14757876098155975,0.0,0.14642882347106934,0.0,0.011499428190290928,0.0009999778981584116,2
10100,node,0.964808464050293,0.002423260360956192,0.0,0.9623851776123047,0.0,0.0009999766644912507,2
10101,graph,0.11760171502828598,0.0,0.11625808477401733,0.0,0.0134363304823637,0.00099997541854983,2
10102,graph,0.14819899201393127,0.0,0.1468420922756195,0.0,0.013569015078246593,0.0009999741603341798,2
10103,graph,0.20220975577831268,0.0,0.20079171657562256,0.0,0.014180452562868595,0.0009999728898443313,2
10104,node,1.1059699058532715,0.003033621236681938,0.0,1.1029362678527832,0.0,0.0009999716070803158,2
10105,graph,0.10303714126348495,0.0,0.10182175040245056,0.0,0.01215390209108591,0.0009999703120421649,2
10106,graph,0.1635669469833374,0.0,0.1622653603553772,0.0,0.01301585789769888,0.0009999690047299105,2
10107,graph,0.13677075505256653,0.0,0.13542649149894714,0.0,0.01344265416264534,0.0009999676851435851,2
10108,node,0.802510142326355,0.002128100022673607,0.0,0.8003820180892944,0.0,0.0009999663532832212,2
10109,graph,0.1565728783607483,0.0,0.1554470956325531,0.0,0.011257873848080635,0.0009999650091488516,2
10110,graph,0.20597492158412933,0.0,0.20472511649131775,0.0,0.012498043477535248,0.0009999636527405094,2
10111,graph,0.13758480548858643,0.0,0.13625451922416687,0.0,0.013302911072969437,0.0009999622840582282,2
10112,node,2.7026939392089844,0.0018600558396428823,0.0,2.700833797454834,0.0,0.0009999609031020418,2
10113,graph,0.1574861705303192,0.0,0.15607161819934845,0.0,0.01414552703499794,0.0009999595098719837,2
10114,graph,0.18204331398010254,0.0,0.18084385991096497,0.0,0.011994566768407822,0.000999958104368089,2
10115,graph,0.12444490939378738,0.0,0.12290690839290619,0.0,0.015379986725747585,0.0009999566865903924,2
10116,node,1.6891508102416992,0.002166538964956999,0.0,1.6869843006134033,0.0,0.0009999552565389284,2
10117,graph,0.1567753553390503,0.0,0.15566499531269073,0.0,0.011103596538305283,0.0009999538142137323,2
10118,graph,0.21895118057727814,0.0,0.21772131323814392,0.0,0.012298677116632462,0.00099995235961484,2
10119,graph,0.16887642443180084,0.0,0.16735932230949402,0.0,0.01517100166529417,0.0009999508927422875,2
10120,node,1.383949637413025,0.0022744813468307257,0.0,1.381675124168396,0.0,0.0009999494135961107,2
10121,graph,0.17584770917892456,0.0,0.17472192645072937,0.0,0.011257786303758621,0.000999947922176346,2
10122,graph,0.1439821571111679,0.0,0.1426660120487213,0.0,0.013161418959498405,0.0009999464184830306,2
10123,graph,0.17495006322860718,0.0,0.17364823818206787,0.0,0.013018190860748291,0.000999944902516201,2
10124,node,0.4068349301815033,0.002020996529608965,0.0,0.4048139452934265,0.0,0.0009999433742758953,2
10125,graph,0.1370120346546173,0.0,0.1356397271156311,0.0,0.01372314803302288,0.000999941833762151,2
10126,graph,0.11501973867416382,0.0,0.11356308311223984,0.0,0.014566557481884956,0.0009999402809750056,2
10127,graph,0.14407119154930115,0.0,0.14292600750923157,0.0,0.011451811529695988,0.000999938715914498,2
10128,node,1.5246702432632446,0.0010007420787587762,0.0,1.5236694812774658,0.0,0.0009999371385806667,2
10129,graph,0.14491891860961914,0.0,0.1436845362186432,0.0,0.01234388817101717,0.0009999355489735504,2
10130,graph,0.15181441605091095,0.0,0.15075305104255676,0.0,0.010613671503961086,0.0009999339470931885,2
10131,graph,0.1357562392950058,0.0,0.13464340567588806,0.0,0.011128288693726063,0.0009999323329396204,2
10132,node,0.9752500653266907,0.003171367570757866,0.0,0.9720786809921265,0.0,0.0009999307065128862,2
10133,graph,0.18017275631427765,0.0,0.1787547469139099,0.0,0.014180099591612816,0.0009999290678130257,2
10134,graph,0.13514946401119232,0.0,0.13411076366901398,0.0,0.010387076996266842,0.0009999274168400797,2
10135,graph,0.14829416573047638,0.0,0.1466745138168335,0.0,0.016196541488170624,0.0009999257535940886,2
10136,node,1.9416319131851196,0.0015050112269818783,0.0,1.940126895904541,0.0,0.0009999240780750936,2
10137,graph,0.278862863779068,0.0,0.2776709794998169,0.0,0.011918894946575165,0.000999922390283136,2
10138,graph,0.16951017081737518,0.0,0.16821876168251038,0.0,0.012914134189486504,0.0009999206902182574,2
10139,graph,0.1831374168395996,0.0,0.18198011815547943,0.0,0.011573038063943386,0.0009999189778805,2
10140,node,1.5293855667114258,0.0017344638472422957,0.0,1.527651071548462,0.0,0.0009999172532699056,2
10141,graph,0.17040079832077026,0.0,0.16901597380638123,0.0,0.013848311267793179,0.000999915516386517,2
10142,graph,0.3040136396884918,0.0,0.30291664600372314,0.0,0.010969842784106731,0.000999913767230377,2
10143,graph,0.15571743249893188,0.0,0.1545293629169464,0.0,0.011880666948854923,0.0009999120058015287,2
10144,node,0.831032395362854,0.003199614118784666,0.0,0.8278327584266663,0.0,0.0009999102321000158,2
10145,graph,0.2068713754415512,0.0,0.20554187893867493,0.0,0.013294931501150131,0.000999908446125882,2
10146,graph,0.16603635251522064,0.0,0.16477742791175842,0.0,0.012589271180331707,0.0009999066478791714,2
10147,graph,0.22087398171424866,0.0,0.2196686863899231,0.0,0.012052888981997967,0.0009999048373599282,2
10148,node,1.9968868494033813,0.0019547119736671448,0.0,1.9949321746826172,0.0,0.000999903014568197,2
10149,graph,0.19062186777591705,0.0,0.18923774361610413,0.0,0.01384128537029028,0.000999901179504023,2
10150,graph,0.1432468593120575,0.0,0.142054945230484,0.0,0.011919142678380013,0.0009998993321674516,2
10151,graph,0.18127775192260742,0.0,0.1801890730857849,0.0,0.01088684517890215,0.000999897472558528,2
10152,node,0.8886414170265198,0.0015265346737578511,0.0,0.8871148824691772,0.0,0.0009998956006772983,2
10153,graph,0.18904902040958405,0.0,0.1877753883600235,0.0,0.012736303731799126,0.0009998937165238083,2
10154,graph,0.20710104703903198,0.0,0.2056269347667694,0.0,0.014741161838173866,0.0009998918200981052,2
10155,graph,0.1094457283616066,0.0,0.1080968976020813,0.0,0.013488340191543102,0.0009998899114002353,2
10156,node,28.27873420715332,0.0016231792978942394,0.0,28.277111053466797,0.0,0.000999887990430246,2
10157,graph,0.20267628133296967,0.0,0.2015944868326187,0.0,0.01081789005547762,0.0009998860571881843,2
10158,graph,0.17689399421215057,0.0,0.17570513486862183,0.0,0.011888646520674229,0.000999884111674098,2
10159,graph,0.1732378602027893,0.0,0.17178192734718323,0.0,0.014559300616383553,0.0009998821538880355,2
10160,node,0.6670545935630798,0.001968523021787405,0.0,0.6650860905647278,0.0,0.0009998801838300448,2
10161,graph,0.23100051283836365,0.0,0.2296237349510193,0.0,0.01376784685999155,0.0009998782015001745,2
10162,graph,0.229358971118927,0.0,0.22793209552764893,0.0,0.014268722385168076,0.0009998762068984734,2
10163,graph,0.20380334556102753,0.0,0.20248451828956604,0.0,0.013188289478421211,0.0009998742000249911,2
10164,node,1.337168574333191,0.0006372365169227123,0.0,1.3365312814712524,0.0,0.000999872180879777,2
10165,graph,0.24246183037757874,0.0,0.24113574624061584,0.0,0.013260874897241592,0.0009998701494628806,2
10166,graph,0.19483979046344757,0.0,0.19346855580806732,0.0,0.01371234841644764,0.0009998681057743523,2
10167,graph,0.18186476826667786,0.0,0.18061400949954987,0.0,0.012507513165473938,0.0009998660498142424,2
10168,node,1.0650596618652344,0.001096654450520873,0.0,1.0639630556106567,0.0,0.0009998639815826018,2
10169,graph,0.1881009042263031,0.0,0.1868966668844223,0.0,0.012042424641549587,0.0009998619010794813,2
10170,graph,0.24643923342227936,0.0,0.24522781372070312,0.0,0.012114248238503933,0.0009998598083049324,2
10171,graph,0.15831340849399567,0.0,0.15698787569999695,0.0,0.0132553456351161,0.0009998577032590066,2
10172,node,2.4381749629974365,0.00211901543661952,0.0,2.436055898666382,0.0,0.000999855585941756,2
10173,graph,0.16205129027366638,0.0,0.16090963780879974,0.0,0.011416536755859852,0.000999853456353233,2
10174,graph,0.24654187262058258,0.0,0.2448142021894455,0.0,0.017276696860790253,0.0009998513144934898,2
10175,graph,0.17767752707004547,0.0,0.1765163242816925,0.0,0.011611987836658955,0.0009998491603625793,2
10176,node,7.739497184753418,0.002430038759484887,0.0,7.737067222595215,0.0,0.0009998469939605547,2
10177,graph,0.1552278846502304,0.0,0.15369108319282532,0.0,0.015368039719760418,0.0009998448152874694,2
10178,graph,0.13833653926849365,0.0,0.13681676983833313,0.0,0.01519768126308918,0.0009998426243433773,2
10179,graph,0.16121907532215118,0.0,0.1599007248878479,0.0,0.013183517381548882,0.0009998404211283324,2
10180,node,0.6407735347747803,0.0026769221294671297,0.0,0.6380966305732727,0.0,0.000999838205642389,2
10181,graph,0.24569690227508545,0.0,0.24467189610004425,0.0,0.010250029154121876,0.0009998359778856018,2
10182,graph,0.21340690553188324,0.0,0.21171686053276062,0.0,0.016900500282645226,0.0009998337378580259,2
10183,graph,0.2745385766029358,0.0,0.2730121612548828,0.0,0.015264248475432396,0.0009998314855597164,2
10184,node,1.2096402645111084,0.0012494656257331371,0.0,1.2083908319473267,0.0,0.0009998292209907288,2
10185,graph,0.1642368882894516,0.0,0.16297724843025208,0.0,0.012596439570188522,0.0009998269441511191,2
10186,graph,0.21341408789157867,0.0,0.21196015179157257,0.0,0.014539322815835476,0.0009998246550409436,2
10187,graph,0.13418450951576233,0.0,0.13310955464839935,0.0,0.010749494656920433,0.0009998223536602587,2
10188,node,1.3687845468521118,0.0019169616280123591,0.0,1.3668675422668457,0.0,0.0009998200400091212,2
10189,graph,0.16890089213848114,0.0,0.16785146296024323,0.0,0.010494308546185493,0.000999817714087588,2
10190,graph,0.14768263697624207,0.0,0.14626269042491913,0.0,0.014199526980519295,0.0009998153758957167,2
10191,graph,0.14474429190158844,0.0,0.14342808723449707,0.0,0.013161980547010899,0.0009998130254335648,2
10192,node,5.711899757385254,0.0013820708263665438,0.0,5.710517883300781,0.0,0.0009998106627011904,2
10193,graph,0.1655116081237793,0.0,0.16424939036369324,0.0,0.01262211985886097,0.0009998082876986518,2
10194,graph,0.2058389037847519,0.0,0.2043861597776413,0.0,0.014527457766234875,0.0009998059004260077,2
10195,graph,0.13855992257595062,0.0,0.13751119375228882,0.0,0.01048729196190834,0.000999803500883317,2
10196,node,3.8433427810668945,0.0014471864560618997,0.0,3.841895580291748,0.0,0.0009998010890706387,2
10197,graph,0.13926976919174194,0.0,0.13805055618286133,0.0,0.012192201800644398,0.0009997986649880324,2
10198,graph,0.244429811835289,0.0,0.243304044008255,0.0,0.011257750913500786,0.000999796228635558,2
10199,graph,0.1499198079109192,0.0,0.1487070918083191,0.0,0.012127136811614037,0.0009997937800132757,2
10200,node,2.1298134326934814,0.0022549701388925314,0.0,2.127558469772339,0.0,0.0009997913191212456,2
10201,graph,0.13304190337657928,0.0,0.1317933052778244,0.0,0.012486042454838753,0.0009997888459595285,2
10202,graph,0.13547970354557037,0.0,0.13422426581382751,0.0,0.01255443412810564,0.0009997863605281858,2
10203,graph,0.11462672054767609,0.0,0.11358611285686493,0.0,0.01040610484778881,0.0009997838628272783,2
10204,node,2.583237648010254,0.0018123526824638247,0.0,2.581425189971924,0.0,0.000999781352856868,2
10205,graph,0.23000502586364746,0.0,0.22871915996074677,0.0,0.012858614325523376,0.0009997788306170168,2
10206,graph,0.16402177512645721,0.0,0.16299664974212646,0.0,0.010251281782984734,0.0009997762961077867,2
10207,graph,0.14163388311862946,0.0,0.14033323526382446,0.0,0.01300643291324377,0.0009997737493292404,2
10208,node,2.5893375873565674,0.0010493678273633122,0.0,2.5882883071899414,0.0,0.0009997711902814406,2
10209,graph,0.16931161284446716,0.0,0.1683615744113922,0.0,0.009500388987362385,0.0009997686189644505,2
10210,graph,0.16456054151058197,0.0,0.16350707411766052,0.0,0.010534713044762611,0.0009997660353783337,2
10211,graph,0.1486227661371231,0.0,0.14736396074295044,0.0,0.012588085606694221,0.0009997634395231539,2
10212,node,1.319588303565979,0.0012924076290801167,0.0,1.3182958364486694,0.0,0.000999760831398975,2
10213,graph,0.18511830270290375,0.0,0.18394124507904053,0.0,0.011770584620535374,0.0009997582110058613,2
10214,graph,0.17965403199195862,0.0,0.17821729183197021,0.0,0.014367344789206982,0.0009997555783438777,2
10215,graph,0.11065506935119629,0.0,0.10939838737249374,0.0,0.012566828168928623,0.0009997529334130892,2
10216,node,0.7279382944107056,0.0008971964125521481,0.0,0.7270411252975464,0.0,0.000999750276213561,2
10217,graph,0.1449841856956482,0.0,0.14358936250209808,0.0,0.01394830085337162,0.0009997476067453584,2
10218,graph,0.14659272134304047,0.0,0.14502400159835815,0.0,0.015687137842178345,0.0009997449250085475,2
10219,graph,0.15567776560783386,0.0,0.15465332567691803,0.0,0.010244382545351982,0.0009997422310031945,2
10220,node,2.6402039527893066,0.0005534899537451565,0.0,2.639650344848633,0.0,0.0009997395247293658,2
10221,graph,0.2098042368888855,0.0,0.20840686559677124,0.0,0.013973671942949295,0.000999736806187128,2
10222,graph,0.1751844882965088,0.0,0.17400863766670227,0.0,0.011758478358387947,0.0009997340753765487,2
10223,graph,0.3307662308216095,0.0,0.32932257652282715,0.0,0.014436528086662292,0.0009997313322976946,2
10224,node,0.5163770914077759,0.001036550966091454,0.0,0.5153405666351318,0.0,0.0009997285769506336,2
10225,graph,0.23080852627754211,0.0,0.22947828471660614,0.0,0.013302485458552837,0.000999725809335434,2
10226,graph,0.15397414565086365,0.0,0.1527787297964096,0.0,0.011954168789088726,0.000999723029452164,2
10227,graph,0.14984294772148132,0.0,0.14855796098709106,0.0,0.012849835678935051,0.0009997202373008918,2
10228,node,0.37244006991386414,0.0007239874103106558,0.0,0.37171608209609985,0.0,0.0009997174328816867,2
10229,graph,0.18044550716876984,0.0,0.17938435077667236,0.0,0.010611508972942829,0.0009997146161946178,2
10230,graph,0.1425170749425888,0.0,0.1414467990398407,0.0,0.010702780447900295,0.0009997117872397544,2
10231,graph,0.14194321632385254,0.0,0.14050444960594177,0.0,0.014387626200914383,0.0009997089460171667,2
10232,node,1.1868371963500977,0.0014309968100860715,0.0,1.18540620803833,0.0,0.0009997060925269244,2
10233,graph,0.1639581173658371,0.0,0.162498340010643,0.0,0.01459778193384409,0.0009997032267690983,2
10234,graph,0.22068151831626892,0.0,0.21927645802497864,0.0,0.01405066903680563,0.0009997003487437588,2
10235,graph,0.1895139068365097,0.0,0.18825115263462067,0.0,0.012627535499632359,0.0009996974584509767,2
10236,node,0.7728649973869324,0.0015876474790275097,0.0,0.7712773680686951,0.0,0.0009996945558908238,2
10237,graph,0.13671498000621796,0.0,0.13544109463691711,0.0,0.012738867662847042,0.0009996916410633717,2
10238,graph,0.1623978465795517,0.0,0.1612064242362976,0.0,0.01191429328173399,0.000999688713968692,2
10239,graph,0.1555851846933365,0.0,0.15439534187316895,0.0,0.011898398399353027,0.0009996857746068571,2
10240,node,3.758007526397705,0.0012807827442884445,0.0,3.7567267417907715,0.0,0.0009996828229779395,2
10241,graph,0.1292915642261505,0.0,0.128203347325325,0.0,0.010882123373448849,0.000999679859082012,2
10242,graph,0.13380181789398193,0.0,0.13255932927131653,0.0,0.012424904853105545,0.0009996768829191479,2
10243,graph,0.7185728549957275,0.0,0.7173821926116943,0.0,0.011906836181879044,0.0009996738944894202,2
10244,node,0.3132885694503784,0.0020504100248217583,0.0,0.311238169670105,0.0,0.0009996708937929032,2
10245,graph,0.17832599580287933,0.0,0.1770845651626587,0.0,0.01241434458643198,0.0009996678808296706,2
10246,graph,0.15848791599273682,0.0,0.1573166400194168,0.0,0.011712765321135521,0.0009996648555997967,2
10247,graph,0.16445614397525787,0.0,0.1634170114994049,0.0,0.010391339659690857,0.0009996618181033563,2
10248,node,0.7203963994979858,0.0009233705932274461,0.0,0.7194730043411255,0.0,0.0009996587683404245,2
10249,graph,0.21000100672245026,0.0,0.20873984694480896,0.0,0.012611601501703262,0.0009996557063110762,2
10250,graph,0.15450355410575867,0.0,0.15345457196235657,0.0,0.010489821434020996,0.000999652632015387,2
10251,graph,0.1747843623161316,0.0,0.17333999276161194,0.0,0.014443667605519295,0.000999649545453433,2
10252,node,23.668127059936523,0.002691730158403516,0.0,23.665435791015625,0.0,0.0009996464466252902,2
10253,graph,0.1378602534532547,0.0,0.13672280311584473,0.0,0.011374515481293201,0.000999643335531035,2
10254,graph,0.16366122663021088,0.0,0.16229574382305145,0.0,0.0136548588052392,0.0009996402121707443,2
10255,graph,0.2152453362941742,0.0,0.21422919631004333,0.0,0.010161403566598892,0.000999637076544495,2
10256,node,0.8202795386314392,0.006597432307898998,0.0,0.8136820793151855,0.0,0.0009996339286523646,2
10257,graph,0.14540909230709076,0.0,0.14433246850967407,0.0,0.010766217485070229,0.000999630768494431,2
10258,graph,0.22840911149978638,0.0,0.22722560167312622,0.0,0.011835068464279175,0.0009996275960707714,2
10259,graph,0.13506577908992767,0.0,0.13393723964691162,0.0,0.011285336688160896,0.0009996244113814649,2
10260,node,2.192669153213501,0.00393799040466547,0.0,2.1887311935424805,0.0,0.00099962121442659,2
10261,graph,0.11574363708496094,0.0,0.11454673111438751,0.0,0.011969084851443768,0.000999618005206225,2
10262,graph,0.18316738307476044,0.0,0.18205755949020386,0.0,0.011098277755081654,0.0009996147837204497,2
10263,graph,0.19926825165748596,0.0,0.1978977620601654,0.0,0.013704853132367134,0.0009996115499693431,2
10264,node,1.5811574459075928,0.0018846590537577868,0.0,1.579272747039795,0.0,0.0009996083039529853,2
10265,graph,0.1428910344839096,0.0,0.14190132915973663,0.0,0.009897097945213318,0.0009996050456714564,2
10266,graph,0.19697526097297668,0.0,0.19562572240829468,0.0,0.013495391234755516,0.0009996017751248366,2
10267,graph,0.1343996673822403,0.0,0.13329865038394928,0.0,0.011010128073394299,0.0009995984923132069,2
10268,node,1.2539288997650146,0.0014009616570547223,0.0,1.2525279521942139,0.0,0.000999595197236648,2
10269,graph,0.24336032569408417,0.0,0.24221879243850708,0.0,0.011415326036512852,0.0009995918898952415,2
10270,graph,0.13937395811080933,0.0,0.13814374804496765,0.0,0.012302112765610218,0.0009995885702890686,2
10271,graph,0.14364467561244965,0.0,0.14230386912822723,0.0,0.013408001512289047,0.0009995852384182115,2
10272,node,2.700200080871582,0.0020179180428385735,0.0,2.6981821060180664,0.0,0.0009995818942827523,2
10273,graph,0.1755237877368927,0.0,0.1744920015335083,0.0,0.010317849926650524,0.0009995785378827734,2
10274,graph,0.2002037912607193,0.0,0.19869595766067505,0.0,0.01507831271737814,0.0009995751692183578,2
10275,graph,0.14582675695419312,0.0,0.1446620374917984,0.0,0.011647133156657219,0.0009995717882895886,2
10276,node,0.9528761506080627,0.001265472499653697,0.0,0.9516106843948364,0.0,0.0009995683950965492,2
10277,graph,0.15028852224349976,0.0,0.14915482699871063,0.0,0.011336879804730415,0.0009995649896393233,2
10278,graph,0.16016551852226257,0.0,0.15904128551483154,0.0,0.011242282576858997,0.0009995615719179949,2
10279,graph,0.1428452581167221,0.0,0.14164108037948608,0.0,0.012041748501360416,0.0009995581419326486,2
10280,node,5.905307292938232,0.001770555041730404,0.0,5.903536796569824,0.0,0.0009995546996833685,2
10281,graph,0.1881047934293747,0.0,0.18690919876098633,0.0,0.0119559271261096,0.0009995512451702402,2
10282,graph,0.22613565623760223,0.0,0.22489996254444122,0.0,0.012356937862932682,0.0009995477783933484,2
10283,graph,0.17364437878131866,0.0,0.17211240530014038,0.0,0.015319745056331158,0.0009995442993527789,2
10284,node,0.9320513010025024,0.000861062144394964,0.0,0.9311902523040771,0.0,0.0009995408080486173,2
10285,graph,0.1538977324962616,0.0,0.1524302363395691,0.0,0.014675034210085869,0.00099953730448095,2
10286,graph,0.15897300839424133,0.0,0.15780161321163177,0.0,0.011713915504515171,0.0009995337886498634,2
10287,graph,0.17618587613105774,0.0,0.1748986542224884,0.0,0.012872270308434963,0.0009995302605554442,2
10288,node,0.44689422845840454,0.0006796913221478462,0.0,0.4462145268917084,0.0,0.0009995267201977796,2
10289,graph,0.13536113500595093,0.0,0.13420814275741577,0.0,0.011529986746609211,0.0009995231675769566,2
10290,graph,0.1802617311477661,0.0,0.17872969806194305,0.0,0.015320323407649994,0.0009995196026930631,2
10291,graph,0.1375472992658615,0.0,0.1362667977809906,0.0,0.012805037200450897,0.0009995160255461871,2
10292,node,2.11246919631958,0.0005470342002809048,0.0,2.111922264099121,0.0,0.0009995124361364168,2
10293,graph,0.1628604680299759,0.0,0.16164284944534302,0.0,0.012176255695521832,0.0009995088344638408,2
10294,graph,0.11955060064792633,0.0,0.11813695728778839,0.0,0.014136426150798798,0.0009995052205285478,2
10295,graph,0.20221249759197235,0.0,0.20072543621063232,0.0,0.014870616607367992,0.0009995015943306271,2
10296,node,0.5042954683303833,0.0007501632208004594,0.0,0.5035452842712402,0.0,0.0009994979558701682,2
10297,graph,0.16235563158988953,0.0,0.1613025665283203,0.0,0.010530669242143631,0.0009994943051472608,2
10298,graph,0.24473869800567627,0.0,0.2429811954498291,0.0,0.017575062811374664,0.000999490642161995,2
10299,graph,0.12383542209863663,0.0,0.12274061888456345,0.0,0.01094801165163517,0.0009994869669144612,2
10300,node,0.4690484404563904,0.0007214233628474176,0.0,0.46832701563835144,0.0,0.00099948327940475,2
10301,graph,0.16501109302043915,0.0,0.1637854278087616,0.0,0.012256717309355736,0.0009994795796329527,2
10302,graph,0.139131560921669,0.0,0.13779258728027344,0.0,0.013389711268246174,0.0009994758675991602,2
10303,graph,0.1383381336927414,0.0,0.1370972841978073,0.0,0.01240844838321209,0.000999472143303464,2
10304,node,0.4603569209575653,0.000539001077413559,0.0,0.45981791615486145,0.0,0.0009994684067459565,2
10305,graph,0.20368525385856628,0.0,0.20237234234809875,0.0,0.01312914676964283,0.0009994646579267296,2
10306,graph,0.19066432118415833,0.0,0.18940246105194092,0.0,0.012618577107787132,0.0009994608968458758,2
10307,graph,0.16172246634960175,0.0,0.16058349609375,0.0,0.011389657855033875,0.000999457123503488,2
10308,node,1.6409955024719238,0.0005350650753825903,0.0,1.64046049118042,0.0,0.0009994533378996594,2
10309,graph,0.1327170431613922,0.0,0.1315285563468933,0.0,0.011884915642440319,0.000999449540034483,2
10310,graph,0.2135004848241806,0.0,0.2123103141784668,0.0,0.011901776306331158,0.0009994457299080527,2
10311,graph,0.13879068195819855,0.0,0.13752150535583496,0.0,0.012691795825958252,0.0009994419075204626,2
10312,node,1.7341978549957275,0.0005620188312605023,0.0,1.7336357831954956,0.0,0.0009994380728718072,2
10313,graph,0.19294309616088867,0.0,0.19169719517230988,0.0,0.012459032237529755,0.0009994342259621808,2
10314,graph,0.16564136743545532,0.0,0.1644621044397354,0.0,0.011792697943747044,0.0009994303667916783,2
10315,graph,0.14448073506355286,0.0,0.1433136761188507,0.0,0.011670640669763088,0.0009994264953603952,2
10316,node,2.678586006164551,0.00044728911598213017,0.0,2.6781387329101562,0.0,0.0009994226116684267,2
10317,graph,0.1876046061515808,0.0,0.18632054328918457,0.0,0.012840618379414082,0.0009994187157158687,2
10318,graph,0.18395236134529114,0.0,0.18271422386169434,0.0,0.012381307780742645,0.0009994148075028178,2
10319,graph,0.15344937145709991,0.0,0.1519259214401245,0.0,0.015234565362334251,0.0009994108870293697,2
10320,node,0.35026639699935913,0.00046323161222971976,0.0,0.3498031795024872,0.0,0.0009994069542956217,2
10321,graph,0.17491485178470612,0.0,0.17342707514762878,0.0,0.014877818524837494,0.0009994030093016706,2
10322,graph,0.1559671014547348,0.0,0.1547488421201706,0.0,0.012182625010609627,0.0009993990520476138,2
10323,graph,0.16876134276390076,0.0,0.16740268468856812,0.0,0.013586513698101044,0.0009993950825335487,2
10324,node,1.28484046459198,0.0005474913050420582,0.0,1.2842929363250732,0.0,0.0009993911007595735,2
10325,graph,0.1222141683101654,0.0,0.12087826430797577,0.0,0.013359016738831997,0.0009993871067257864,2
10326,graph,0.11993055790662766,0.0,0.11873412877321243,0.0,0.011964303441345692,0.000999383100432286,2
10327,graph,0.14642009139060974,0.0,0.14482028782367706,0.0,0.01599809154868126,0.0009993790818791709,2
10328,node,11.51522159576416,0.0005002166144549847,0.0,11.514720916748047,0.0,0.0009993750510665406,2
10329,graph,0.1393829733133316,0.0,0.13799962401390076,0.0,0.013833497650921345,0.0009993710079944944,2
10330,graph,0.16250312328338623,0.0,0.1613256335258484,0.0,0.011774887330830097,0.000999366952663132,2
10331,graph,0.12447874993085861,0.0,0.12313825637102127,0.0,0.013404970057308674,0.0009993628850725536,2
10332,node,1.910660743713379,0.0006923561450093985,0.0,1.909968376159668,0.0,0.0009993588052228592,2
10333,graph,0.21671366691589355,0.0,0.21521973609924316,0.0,0.014939292334020138,0.00099935471311415,2
10334,graph,0.16396132111549377,0.0,0.16275179386138916,0.0,0.012095273472368717,0.0009993506087465265,2
10335,graph,0.18711158633232117,0.0,0.18573009967803955,0.0,0.013814849779009819,0.0009993464921200903,2
10336,node,5.350085735321045,0.000570954114664346,0.0,5.349514961242676,0.0,0.0009993423632349428,2
10337,graph,0.14225415885448456,0.0,0.14097024500370026,0.0,0.012839102186262608,0.0009993382220911862,2
10338,graph,0.17124758660793304,0.0,0.17005017399787903,0.0,0.011974181979894638,0.0009993340686889223,2
10339,graph,0.14745894074440002,0.0,0.14604264497756958,0.0,0.014162983745336533,0.0009993299030282537,2
10340,node,1.5373554229736328,0.0005671667749993503,0.0,1.5367882251739502,0.0,0.000999325725109283,2
10341,graph,0.1887810230255127,0.0,0.1874925047159195,0.0,0.012885154224932194,0.0009993215349321136,2
10342,graph,0.1416906714439392,0.0,0.14049631357192993,0.0,0.011943590827286243,0.0009993173324968488,2
10343,graph,0.16062480211257935,0.0,0.1596687138080597,0.0,0.009560859762132168,0.0009993131178035921,2
10344,node,0.8944081664085388,0.0005650983075611293,0.0,0.8938430547714233,0.0,0.0009993088908524478,2
10345,graph,0.12111222743988037,0.0,0.11998514086008072,0.0,0.011270870454609394,0.0009993046516435199,2
10346,graph,0.12381128966808319,0.0,0.12265686690807343,0.0,0.01154419593513012,0.0009993004001769131,2
10347,graph,0.16755126416683197,0.0,0.16627821326255798,0.0,0.012730457819998264,0.0009992961364527324,2
10348,node,0.8537901043891907,0.0006405872409231961,0.0,0.8531495332717896,0.0,0.000999291860471083,2
10349,graph,0.17081035673618317,0.0,0.16962629556655884,0.0,0.011840653605759144,0.0009992875722320703,2
10350,graph,0.1355438232421875,0.0,0.13439051806926727,0.0,0.011533098295331001,0.0009992832717358002,2
10351,graph,0.17227588593959808,0.0,0.1711157262325287,0.0,0.011601551435887814,0.0009992789589823787,2
10352,node,0.6593815684318542,0.00048410589806735516,0.0,0.6588974595069885,0.0,0.0009992746339719122,2
10353,graph,0.15049909055233002,0.0,0.14934945106506348,0.0,0.011496379040181637,0.0009992702967045076,2
10354,graph,0.12035731226205826,0.0,0.11899659037590027,0.0,0.013607204891741276,0.0009992659471802718,2
10355,graph,0.14915478229522705,0.0,0.1479693055152893,0.0,0.011854764074087143,0.0009992615853993121,2
10356,node,1.909114956855774,0.0004902093787677586,0.0,1.9086247682571411,0.0,0.0009992572113617362,2
10357,graph,0.15718761086463928,0.0,0.15599429607391357,0.0,0.011933139525353909,0.000999252825067652,2
10358,graph,0.13979239761829376,0.0,0.1387764811515808,0.0,0.010159198194742203,0.0009992484265171678,2
10359,graph,0.15695397555828094,0.0,0.15554983913898468,0.0,0.014041335321962833,0.0009992440157103918,2
10360,node,0.8554624915122986,0.0003853722591884434,0.0,0.8550771474838257,0.0,0.0009992395926474332,2
10361,graph,0.14811959862709045,0.0,0.14696748554706573,0.0,0.011521188542246819,0.0009992351573284008,2
10362,graph,0.15089121460914612,0.0,0.14988082647323608,0.0,0.010103902779519558,0.0009992307097534043,2
10363,graph,0.16278213262557983,0.0,0.16163837909698486,0.0,0.01143750362098217,0.0009992262499225535,2
10364,node,0.12484265863895416,0.0006198876653797925,0.0,0.1242227703332901,0.0,0.0009992217778359582,2
10365,graph,0.11808090656995773,0.0,0.11688043177127838,0.0,0.012004752643406391,0.000999217293493729,2
10366,graph,0.196250781416893,0.0,0.19486820697784424,0.0,0.013825802132487297,0.0009992127968959763,2
10367,graph,0.12995216250419617,0.0,0.12874005734920502,0.0,0.012121046893298626,0.000999208288042811,2
10368,node,0.4976029098033905,0.00046409951755777,0.0,0.4971387982368469,0.0,0.0009992037669343447,2
10369,graph,0.1393612027168274,0.0,0.13791145384311676,0.0,0.01449745986610651,0.000999199233570689,2
10370,graph,0.1478101909160614,0.0,0.14668935537338257,0.0,0.0112083675339818,0.0009991946879519553,2
10371,graph,0.15060865879058838,0.0,0.14935702085494995,0.0,0.012516326270997524,0.000999190130078256,2
10372,node,0.9213645458221436,0.0005275964504107833,0.0,0.9208369255065918,0.0,0.0009991855599497034,2
10373,graph,0.13793067634105682,0.0,0.13685932755470276,0.0,0.010713552124798298,0.0009991809775664105,2
10374,graph,0.1438179463148117,0.0,0.14238056540489197,0.0,0.014373819343745708,0.0009991763829284904,2
10375,graph,0.14712095260620117,0.0,0.14578580856323242,0.0,0.01335140597075224,0.000999171776036056,2
10376,node,1.198365569114685,0.0006698350771330297,0.0,1.1976957321166992,0.0,0.0009991671568892213,2
10377,graph,0.1216878890991211,0.0,0.12042471766471863,0.0,0.012631682679057121,0.0009991625254881004,2
10378,graph,0.14730305969715118,0.0,0.1459764838218689,0.0,0.013265781104564667,0.0009991578818328076,2
10379,graph,0.232789546251297,0.0,0.23138564825057983,0.0,0.014038976281881332,0.0009991532259234573,2
10380,node,1.2103333473205566,0.0005108642508275807,0.0,1.2098225355148315,0.0,0.0009991485577601643,2
10381,graph,0.14825837314128876,0.0,0.14709502458572388,0.0,0.011633436195552349,0.000999143877343044,2
10382,graph,0.12991400063037872,0.0,0.12875930964946747,0.0,0.011546839959919453,0.0009991391846722118,2
10383,graph,0.13335537910461426,0.0,0.13212697207927704,0.0,0.0122841140255332,0.0009991344797477834,2
10384,node,1.0390527248382568,0.0004887524410150945,0.0,1.0385639667510986,0.0,0.000999129762569875,2
10385,graph,0.14047978818416595,0.0,0.13930556178092957,0.0,0.011742277070879936,0.0009991250331386028,2
10386,graph,0.1940983533859253,0.0,0.19281941652297974,0.0,0.01278933510184288,0.0009991202914540838,2
10387,graph,0.1453118473291397,0.0,0.14413589239120483,0.0,0.01175953634083271,0.0009991155375164349,2
10388,node,0.4304063320159912,0.00040303225978277624,0.0,0.43000328540802,0.0,0.000999110771325773,2
10389,graph,0.14611634612083435,0.0,0.14461874961853027,0.0,0.01497593242675066,0.0009991059928822165,2
10390,graph,0.280219703912735,0.0,0.27905893325805664,0.0,0.011607630178332329,0.0009991012021858827,2
10391,graph,0.11691560596227646,0.0,0.11585484445095062,0.0,0.01060764491558075,0.0009990963992368897,2
10392,node,0.6140047311782837,0.0005005470011383295,0.0,0.61350417137146,0.0,0.0009990915840353564,2
10393,graph,0.19447241723537445,0.0,0.19310565292835236,0.0,0.013667682185769081,0.0009990867565814014,2
10394,graph,0.26781997084617615,0.0,0.26629477739334106,0.0,0.015252030454576015,0.000999081916875144,2
10395,graph,0.20256417989730835,0.0,0.20125719904899597,0.0,0.01306978426873684,0.0009990770649167034,2
10396,node,1.7255221605300903,0.0004603159031830728,0.0,1.7250618934631348,0.0,0.0009990722007061994,2
10397,graph,0.21561767160892487,0.0,0.21437853574752808,0.0,0.012391366995871067,0.000999067324243752,2
10398,graph,0.1938399374485016,0.0,0.19228768348693848,0.0,0.015522540546953678,0.0009990624355294816,2
10399,graph,0.204693004488945,0.0,0.20344288647174835,0.0,0.01250117551535368,0.0009990575345635087,2
10400,node,0.6095013618469238,0.00045873067574575543,0.0,0.6090426445007324,0.0,0.0009990526213459543,2
10401,graph,0.1753324717283249,0.0,0.17392979562282562,0.0,0.014026762917637825,0.0009990476958769397,2
10402,graph,0.186613529920578,0.0,0.18541362881660461,0.0,0.011998993344604969,0.0009990427581565865,2
10403,graph,0.21631333231925964,0.0,0.21523746848106384,0.0,0.01075866911560297,0.0009990378081850162,2
10404,node,6.117480278015137,0.0004994331393390894,0.0,6.116981029510498,0.0,0.0009990328459623513,2
10405,graph,0.1620691567659378,0.0,0.16092173755168915,0.0,0.011474160477519035,0.0009990278714887139,2
10406,graph,0.16105563938617706,0.0,0.1597498655319214,0.0,0.013057708740234375,0.000999022884764227,2
10407,graph,0.15788866579532623,0.0,0.1566893756389618,0.0,0.01199291180819273,0.0009990178857890134,2
10408,node,1.5775623321533203,0.000571484153624624,0.0,1.5769908428192139,0.0,0.0009990128745631967,2
10409,graph,0.17130142450332642,0.0,0.1700645387172699,0.0,0.012368932366371155,0.0009990078510869005,2
10410,graph,0.2514776885509491,0.0,0.2500651478767395,0.0,0.014125344343483448,0.0009990028153602486,2
10411,graph,0.23328617215156555,0.0,0.2322341352701187,0.0,0.010520434007048607,0.0009989977673833656,2
10412,node,1.7802248001098633,0.000569549563806504,0.0,1.7796552181243896,0.0,0.0009989927071563755,2
10413,graph,0.1429908573627472,0.0,0.1417185366153717,0.0,0.012723245657980442,0.0009989876346794034,2
10414,graph,0.20723643898963928,0.0,0.20610085129737854,0.0,0.011355928145349026,0.0009989825499525746,2
10415,graph,0.17418140172958374,0.0,0.17285436391830444,0.0,0.01327044889330864,0.0009989774529760144,2
10416,node,1.3719666004180908,0.0005842603859491646,0.0,1.3713823556900024,0.0,0.0009989723437498488,2
10417,graph,0.18715305626392365,0.0,0.18576279282569885,0.0,0.01390258502215147,0.0009989672222742037,2
10418,graph,0.12163376808166504,0.0,0.1204075813293457,0.0,0.012261898256838322,0.0009989620885492055,2
10419,graph,0.16493400931358337,0.0,0.16369234025478363,0.0,0.012416684068739414,0.0009989569425749808,2
10420,node,1.651758074760437,0.0005362071678973734,0.0,1.6512218713760376,0.0,0.0009989517843516566,2
10421,graph,0.186203733086586,0.0,0.18443451821804047,0.0,0.017692135646939278,0.0009989466138793602,2
10422,graph,0.2475053369998932,0.0,0.24598656594753265,0.0,0.015187740325927734,0.000998941431158219,2
10423,graph,0.17255166172981262,0.0,0.1709711253643036,0.0,0.01580537110567093,0.0009989362361883612,2
10424,node,7.479139804840088,0.00041948494617827237,0.0,7.478720188140869,0.0,0.0009989310289699148,2
10425,graph,0.17374387383460999,0.0,0.17246147990226746,0.0,0.012823885306715965,0.0009989258095030084,2
10426,graph,0.1998234987258911,0.0,0.1984800398349762,0.0,0.013434653170406818,0.0009989205777877707,2
10427,graph,0.1466093510389328,0.0,0.14550477266311646,0.0,0.011045729741454124,0.0009989153338243306,2
10428,node,2.915807008743286,0.0013604784617200494,0.0,2.9144465923309326,0.0,0.0009989100776128176,2
10429,graph,0.1422404795885086,0.0,0.14099472761154175,0.0,0.01245748158544302,0.0009989048091533616,2
10430,graph,0.16070054471492767,0.0,0.15936678647994995,0.0,0.013337554410099983,0.0009988995284460924,2
10431,graph,0.14558327198028564,0.0,0.14441972970962524,0.0,0.011635471135377884,0.0009988942354911402,2
10432,node,13.459529876708984,0.0004265173338353634,0.0,13.45910358428955,0.0,0.000998888930288636,2
10433,graph,0.1408904641866684,0.0,0.13948729634284973,0.0,0.01403170544654131,0.0009988836128387102,2
10434,graph,0.1471850425004959,0.0,0.14603322744369507,0.0,0.011518132872879505,0.0009988782831414943,2
10435,graph,0.15188072621822357,0.0,0.1506122648715973,0.0,0.012684677727520466,0.00099887294119712,2
10436,node,1.3311097621917725,0.000526456453371793,0.0,1.3305833339691162,0.0,0.0009988675870057186,2
10437,graph,0.14193585515022278,0.0,0.14057624340057373,0.0,0.013596105389297009,0.0009988622205674227,2
10438,graph,0.16084221005439758,0.0,0.15973861515522003,0.0,0.011035907082259655,0.0009988568418823644,2
10439,graph,0.17906725406646729,0.0,0.17805913090705872,0.0,0.010081222280859947,0.0009988514509506764,2
10440,node,3.2227909564971924,0.0005018683150410652,0.0,3.2222890853881836,0.0,0.0009988460477724918,2
10441,graph,0.1268044412136078,0.0,0.12557873129844666,0.0,0.012257170863449574,0.000998840632347944,2
10442,graph,0.10417705774307251,0.0,0.10305838286876678,0.0,0.011186785064637661,0.0009988352046771665,2
10443,graph,0.15234902501106262,0.0,0.1512758880853653,0.0,0.01073134783655405,0.0009988297647602934,2
10444,node,11.181344032287598,0.0005081034614704549,0.0,11.180835723876953,0.0,0.0009988243125974587,2
10445,graph,0.1590043604373932,0.0,0.1576494723558426,0.0,0.01354888640344143,0.000998818848188797,2
10446,graph,0.13834726810455322,0.0,0.13713261485099792,0.0,0.012146600522100925,0.0009988133715344433,2
10447,graph,0.15964573621749878,0.0,0.15820710361003876,0.0,0.014386300928890705,0.0009988078826345325,2
10448,node,1.1084320545196533,0.0005740788183175027,0.0,1.1078579425811768,0.0,0.0009988023814891998,2
10449,graph,0.20565709471702576,0.0,0.20410051941871643,0.0,0.015565804205834866,0.0009987968680985817,2
10450,graph,0.14784367382526398,0.0,0.14651258289813995,0.0,0.013310889713466167,0.0009987913424628135,2
10451,graph,0.15170608460903168,0.0,0.15049651265144348,0.0,0.012095783837139606,0.000998785804582032,2
10452,node,1.2169890403747559,0.0004701818397734314,0.0,1.2165188789367676,0.0,0.0009987802544563736,2
10453,graph,0.18407991528511047,0.0,0.18273931741714478,0.0,0.013405916281044483,0.0009987746920859754,2
10454,graph,0.15683691203594208,0.0,0.15565699338912964,0.0,0.011799122206866741,0.0009987691174709744,2
10455,graph,0.15428514778614044,0.0,0.1531408280134201,0.0,0.011443204246461391,0.0009987635306115085,2
10456,node,1.4399948120117188,0.0005001578247174621,0.0,1.4394946098327637,0.0,0.0009987579315077152,2
10457,graph,0.16128325462341309,0.0,0.16012850403785706,0.0,0.011547495611011982,0.0009987523201597328,2
10458,graph,0.19498203694820404,0.0,0.19403338432312012,0.0,0.009486461989581585,0.0009987466965676998,2
10459,graph,0.13857807219028473,0.0,0.13694846630096436,0.0,0.01629604585468769,0.000998741060731755,2
10460,node,3.1438283920288086,0.0004515422915574163,0.0,3.1433768272399902,0.0,0.0009987354126520373,2
10461,graph,0.14720487594604492,0.0,0.14583788812160492,0.0,0.01366989966481924,0.0009987297523286862,2
10462,graph,0.1464059054851532,0.0,0.14470061659812927,0.0,0.01705295220017433,0.0009987240797618413,2
10463,graph,0.11876845359802246,0.0,0.11752904951572418,0.0,0.012394014745950699,0.0009987183949516426,2
10464,node,2.7926297187805176,0.00043531638220883906,0.0,2.792194366455078,0.0,0.0009987126978982302,2
10465,graph,0.13956941664218903,0.0,0.1380394995212555,0.0,0.015299214981496334,0.0009987069886017448,2
10466,graph,0.15061712265014648,0.0,0.14937953650951385,0.0,0.012375927530229092,0.0009987012670623272,2
10467,graph,0.14886124432086945,0.0,0.14773927628993988,0.0,0.011219654232263565,0.0009986955332801186,2
10468,node,1.3355803489685059,0.0005822940729558468,0.0,1.3349980115890503,0.0,0.0009986897872552609,2
10469,graph,0.11375052481889725,0.0,0.11221001297235489,0.0,0.015405094251036644,0.000998684028987895,2
10470,graph,0.14591264724731445,0.0,0.14426061511039734,0.0,0.016520382836461067,0.000998678258478164,2
10471,graph,0.15166662633419037,0.0,0.15049347281455994,0.0,0.011731569655239582,0.0009986724757262097,2
10472,node,2.5750629901885986,0.0005127629265189171,0.0,2.574550151824951,0.0,0.0009986666807321747,2
10473,graph,0.1846809834241867,0.0,0.1833183765411377,0.0,0.013626035302877426,0.0009986608734962022,2
10474,graph,0.14259715378284454,0.0,0.14145465195178986,0.0,0.011425073258578777,0.0009986550540184353,2
10475,graph,0.15015318989753723,0.0,0.14892250299453735,0.0,0.012306831777095795,0.0009986492222990178,2
10476,node,0.6880128979682922,0.0005999248242005706,0.0,0.6874129772186279,0.0,0.0009986433783380935,2
10477,graph,0.13502170145511627,0.0,0.13390719890594482,0.0,0.011145047843456268,0.0009986375221358065,2
10478,graph,0.16842864453792572,0.0,0.16688984632492065,0.0,0.015387930907309055,0.0009986316536923015,2
10479,graph,0.10514863580465317,0.0,0.10403216630220413,0.0,0.011164665222167969,0.000998625773007723,2
10480,node,1.0616590976715088,0.00044641245040111244,0.0,1.0612126588821411,0.0,0.0009986198800822166,2
10481,graph,0.14605657756328583,0.0,0.1450926959514618,0.0,0.009638816118240356,0.0009986139749159273,2
10482,graph,0.17375892400741577,0.0,0.17245426774024963,0.0,0.013046622276306152,0.0009986080575090008,2
10483,graph,0.197752445936203,0.0,0.19634675979614258,0.0,0.0140569182112813,0.0009986021278615832,2
10484,node,0.9813319444656372,0.0003939989546779543,0.0,0.9809379577636719,0.0,0.000998596185973821,2
10485,graph,0.12027835100889206,0.0,0.11870235204696655,0.0,0.015759995207190514,0.0009985902318458606,2
10486,graph,0.14136376976966858,0.0,0.14006035029888153,0.0,0.013034208677709103,0.0009985842654778487,2
10487,graph,0.15075647830963135,0.0,0.14924180507659912,0.0,0.015146673657000065,0.000998578286869933,2
10488,node,4.156737804412842,0.00044261495349928737,0.0,4.156295299530029,0.0,0.0009985722960222606,2
10489,graph,0.14868658781051636,0.0,0.14747749269008636,0.0,0.012090954929590225,0.0009985662929349794,2
10490,graph,0.17461811006069183,0.0,0.17339041829109192,0.0,0.01227694470435381,0.0009985602776082377,2
10491,graph,0.16208907961845398,0.0,0.1608646959066391,0.0,0.012243794277310371,0.0009985542500421838,2
10492,node,0.9934203028678894,0.0005190028459765017,0.0,0.9929013252258301,0.0,0.0009985482102369664,2
10493,graph,0.15954804420471191,0.0,0.15828123688697815,0.0,0.012668130919337273,0.0009985421581927348,2
10494,graph,0.17166271805763245,0.0,0.17055758833885193,0.0,0.0110513586550951,0.0009985360939096378,2
10495,graph,0.1616910696029663,0.0,0.16069532930850983,0.0,0.009957375004887581,0.0009985300173878256,2
10496,node,0.9836781620979309,0.0004111166635993868,0.0,0.983267068862915,0.0,0.0009985239286274478,2
10497,graph,0.13728067278862,0.0,0.13595429062843323,0.0,0.013263838365674019,0.0009985178276286546,2
10498,graph,0.11482832580804825,0.0,0.11364719271659851,0.0,0.01181134581565857,0.0009985117143915968,2
10499,graph,0.12625712156295776,0.0,0.1250022053718567,0.0,0.012549137696623802,0.0009985055889164252,2
10500,node,2.853245496749878,0.0004095235781278461,0.0,2.8528358936309814,0.0,0.0009984994512032906,2
10501,graph,0.15690870583057404,0.0,0.15564963221549988,0.0,0.012590686790645123,0.0009984933012523445,2
10502,graph,0.13985073566436768,0.0,0.13882717490196228,0.0,0.010235568508505821,0.000998487139063739,2
10503,graph,0.14718343317508698,0.0,0.14609603583812714,0.0,0.010874028317630291,0.0009984809646376258,2
10504,node,2.6529417037963867,0.0004895249148830771,0.0,2.652452230453491,0.0,0.0009984747779741576,2
10505,graph,0.1327303946018219,0.0,0.13163232803344727,0.0,0.010980679653584957,0.0009984685790734866,2
10506,graph,0.1943623125553131,0.0,0.19325841963291168,0.0,0.011038875207304955,0.0009984623679357661,2
10507,graph,0.13178890943527222,0.0,0.13056448101997375,0.0,0.012244300916790962,0.0009984561445611495,2
10508,node,1.6948760747909546,0.0004930633585900068,0.0,1.6943830251693726,0.0,0.00099844990894979,2
10509,graph,0.1629134565591812,0.0,0.16123875975608826,0.0,0.016747022047638893,0.0009984436611018414,2
10510,graph,0.16019490361213684,0.0,0.1586923897266388,0.0,0.01502513699233532,0.000998437401017458,2
10511,graph,0.19118578732013702,0.0,0.18992024660110474,0.0,0.012655451893806458,0.0009984311286967943,2
10512,node,3.0475456714630127,0.000491455546580255,0.0,3.0470542907714844,0.0,0.000998424844140005,2
10513,graph,0.11794816702604294,0.0,0.11687859147787094,0.0,0.010695748031139374,0.0009984185473472453,2
10514,graph,0.16029556095600128,0.0,0.15928037464618683,0.0,0.01015191338956356,0.0009984122383186705,2
10515,graph,0.12187301367521286,0.0,0.1206783652305603,0.0,0.011946507729589939,0.0009984059170544362,2
10516,node,49.1854362487793,0.00043103229836560786,0.0,49.18500518798828,0.0,0.0009983995835546983,2
10517,graph,0.12770895659923553,0.0,0.12643107771873474,0.0,0.012778794392943382,0.0009983932378196134,2
10518,graph,0.18356841802597046,0.0,0.18233324587345123,0.0,0.01235179416835308,0.0009983868798493377,2
10519,graph,0.23926499485969543,0.0,0.23742809891700745,0.0,0.018368912860751152,0.0009983805096440283,2
10520,node,0.8721140623092651,0.00038538858643732965,0.0,0.8717286586761475,0.0,0.0009983741272038423,2
10521,graph,0.29839131236076355,0.0,0.297244668006897,0.0,0.011466357856988907,0.0009983677325289373,2
10522,graph,0.15022122859954834,0.0,0.1488463580608368,0.0,0.01374864298850298,0.000998361325619471,2
10523,graph,0.20270700752735138,0.0,0.20123744010925293,0.0,0.014695743098855019,0.0009983549064756013,2
10524,node,0.8455744385719299,0.000562898232601583,0.0,0.8450115323066711,0.0,0.000998348475097487,2
10525,graph,0.15126226842403412,0.0,0.15000410377979279,0.0,0.012581709772348404,0.0009983420314852863,2
10526,graph,0.1470383256673813,0.0,0.14603832364082336,0.0,0.009999999776482582,0.0009983355756391585,2
10527,graph,0.131630539894104,0.0,0.13045501708984375,0.0,0.011755299754440784,0.0009983291075592628,2
10528,node,0.3356492221355438,0.0004095837939530611,0.0,0.3352396488189697,0.0,0.0009983226272457589,2
10529,graph,0.1704409420490265,0.0,0.16912385821342468,0.0,0.013170840218663216,0.0009983161346988065,2
10530,graph,0.1879376620054245,0.0,0.186630517244339,0.0,0.013071397319436073,0.000998309629918566,2
10531,graph,0.14525116980075836,0.0,0.1440151482820511,0.0,0.012360177002847195,0.000998303112905198,2
10532,node,1.2100924253463745,0.0004514767788350582,0.0,1.2096409797668457,0.0,0.0009982965836588629,2
10533,graph,0.18091857433319092,0.0,0.17980867624282837,0.0,0.011099014431238174,0.000998290042179722,2
10534,graph,0.16931851208209991,0.0,0.167829692363739,0.0,0.014888210222125053,0.0009982834884679367,2
10535,graph,0.2201257199048996,0.0,0.21877409517765045,0.0,0.013516262173652649,0.0009982769225236688,2
10536,node,0.37844318151474,0.001071085687726736,0.0,0.3773720860481262,0.0,0.00099827034434708,2
10537,graph,0.14056576788425446,0.0,0.13913065195083618,0.0,0.014351223595440388,0.000998263753938333,2
10538,graph,0.1387496292591095,0.0,0.13762857019901276,0.0,0.01121062133461237,0.0009982571512975903,2
10539,graph,0.1472964733839035,0.0,0.14613871276378632,0.0,0.011577636934816837,0.0009982505364250147,2
10540,node,0.660839319229126,0.0005067547899670899,0.0,0.6603325605392456,0.0,0.0009982439093207695,2
10541,graph,0.23747047781944275,0.0,0.23580247163772583,0.0,0.016680056229233742,0.0009982372699850184,2
10542,graph,0.13975821435451508,0.0,0.13808093965053558,0.0,0.01677273027598858,0.0009982306184179248,2
10543,graph,0.15644556283950806,0.0,0.15509551763534546,0.0,0.013500473462045193,0.000998223954619653,2
10544,node,0.9269244074821472,0.00035685268812812865,0.0,0.926567554473877,0.0,0.0009982172785903676,2
10545,graph,0.18941262364387512,0.0,0.18787160515785217,0.0,0.015410221181809902,0.000998210590330233,2
10546,graph,0.17241117358207703,0.0,0.17122237384319305,0.0,0.011888055130839348,0.0009982038898394146,2
10547,graph,0.20216019451618195,0.0,0.20100247859954834,0.0,0.011577198281884193,0.0009981971771180775,2
10548,node,11.93276309967041,0.00042201156611554325,0.0,11.932340621948242,0.0,0.0009981904521663874,2
10549,graph,0.17611904442310333,0.0,0.17468279600143433,0.0,0.014362510293722153,0.0009981837149845101,2
10550,graph,0.19197580218315125,0.0,0.19079867005348206,0.0,0.01177131850272417,0.000998176965572612,2
10551,graph,0.1730113923549652,0.0,0.17155471444129944,0.0,0.014566795900464058,0.0009981702039308597,2
10552,node,2.1778805255889893,0.000510953541379422,0.0,2.1773695945739746,0.0,0.0009981634300594198,2
10553,graph,0.18488451838493347,0.0,0.18356472253799438,0.0,0.013197938911616802,0.0009981566439584595,2
10554,graph,0.1504034548997879,0.0,0.14887157082557678,0.0,0.015318859368562698,0.0009981498456281463,2
10555,graph,0.17180684208869934,0.0,0.17051109671592712,0.0,0.012957435101270676,0.000998143035068648,2
10556,node,1.7934560775756836,0.0006095772259868681,0.0,1.792846441268921,0.0,0.0009981362122801327,2
10557,graph,0.12314169853925705,0.0,0.12194565683603287,0.0,0.011960439383983612,0.0009981293772627685,2
10558,graph,0.1606835424900055,0.0,0.15932635962963104,0.0,0.013571790419518948,0.000998122530016724,2
10559,graph,0.17773473262786865,0.0,0.17650994658470154,0.0,0.012247810140252113,0.0009981156705421686,2
10560,node,3.4311704635620117,0.0005534486845135689,0.0,3.430617094039917,0.0,0.0009981087988392711,2
10561,graph,0.137162446975708,0.0,0.13573670387268066,0.0,0.014257405884563923,0.0009981019149082012,2
10562,graph,0.13289527595043182,0.0,0.13176098465919495,0.0,0.011342883110046387,0.0009980950187491286,2
10563,graph,0.14706458151340485,0.0,0.1455657184123993,0.0,0.014988656155765057,0.000998088110362224,2
10564,node,0.7362260818481445,0.0005872251931577921,0.0,0.7356388568878174,0.0,0.000998081189747657,2
10565,graph,0.12024086713790894,0.0,0.11898429691791534,0.0,0.01256571989506483,0.0009980742569055993,2
10566,graph,0.16693341732025146,0.0,0.16544276475906372,0.0,0.014906519092619419,0.0009980673118362214,2
10567,graph,0.1426646113395691,0.0,0.14174622297286987,0.0,0.009183955378830433,0.0009980603545396947,2
10568,node,0.6418337225914001,0.0004908374976366758,0.0,0.6413428783416748,0.0,0.000998053385016191,2
10569,graph,0.23814848065376282,0.0,0.2370704710483551,0.0,0.01078010443598032,0.0009980464032658823,2
10570,graph,0.1407971829175949,0.0,0.13952095806598663,0.0,0.012762303464114666,0.0009980394092889405,2
10571,graph,0.16394788026809692,0.0,0.1627846658229828,0.0,0.01163215097039938,0.0009980324030855385,2
10572,node,1.1972249746322632,0.0003720484673976898,0.0,1.1968529224395752,0.0,0.000998025384655849,2
10573,graph,0.13637326657772064,0.0,0.13520735502243042,0.0,0.011659150011837482,0.0009980183540000457,2
10574,graph,0.2118166983127594,0.0,0.21017009019851685,0.0,0.016466042026877403,0.0009980113111183013,2
10575,graph,0.2205200493335724,0.0,0.21913006901741028,0.0,0.013899752870202065,0.00099800425601079,2
10576,node,0.19922633469104767,0.0004883236833848059,0.0,0.1987380087375641,0.0,0.000997997188677686,2
10577,graph,0.15371769666671753,0.0,0.1526654213666916,0.0,0.010522803291678429,0.0009979901091191632,2
10578,graph,0.2013475000858307,0.0,0.19996428489685059,0.0,0.013832101598381996,0.0009979830173353968,2
10579,graph,0.18305587768554688,0.0,0.18188300728797913,0.0,0.01172869186848402,0.0009979759133265614,2
10580,node,0.7497463226318359,0.0005425509880296886,0.0,0.7492038011550903,0.0,0.0009979687970928324,2
10581,graph,0.1406281441450119,0.0,0.1395043134689331,0.0,0.01123835053294897,0.0009979616686343854,2
10582,graph,0.16612739861011505,0.0,0.16491150856018066,0.0,0.012158931232988834,0.0009979545279513965,2
10583,graph,0.16496796905994415,0.0,0.16365525126457214,0.0,0.013127123937010765,0.0009979473750440415,2
10584,node,1.677499771118164,0.00044852049904875457,0.0,1.677051305770874,0.0,0.0009979402099124972,2
10585,graph,0.2407257854938507,0.0,0.23922529816627502,0.0,0.015004800632596016,0.0009979330325569403,2
10586,graph,0.17796474695205688,0.0,0.17659512162208557,0.0,0.013696296140551567,0.0009979258429775478,2
10587,graph,0.1343243271112442,0.0,0.13329875469207764,0.0,0.010255729779601097,0.0009979186411744974,2
10588,node,0.5907981395721436,0.0003904701443389058,0.0,0.59040766954422,0.0,0.0009979114271479663,2
10589,graph,0.14338922500610352,0.0,0.1419968605041504,0.0,0.01392367109656334,0.0009979042008981327,2
10590,graph,0.17172104120254517,0.0,0.17056483030319214,0.0,0.011562131345272064,0.0009978969624251752,2
10591,graph,0.14046695828437805,0.0,0.13923309743404388,0.0,0.012338674627244473,0.0009978897117292722,2
10592,node,1.0492749214172363,0.000452397478511557,0.0,1.0488225221633911,0.0,0.0009978824488106022,2
10593,graph,0.15915779769420624,0.0,0.1578993797302246,0.0,0.012584180571138859,0.000997875173669345,2
10594,graph,0.12336776405572891,0.0,0.12223213165998459,0.0,0.011356350034475327,0.00099786788630568,2
10595,graph,0.1378612518310547,0.0,0.13682439923286438,0.0,0.01036845427006483,0.0009978605867197868,2
10596,node,0.9086259603500366,0.0004919293569400907,0.0,0.9081340432167053,0.0,0.0009978532749118456,2
10597,graph,0.20578992366790771,0.0,0.20428931713104248,0.0,0.015006096102297306,0.000997845950882037,2
10598,graph,0.3052539825439453,0.0,0.30387794971466064,0.0,0.013760465197265148,0.0009978386146305414,2
10599,graph,0.17604219913482666,0.0,0.17489516735076904,0.0,0.011470292694866657,0.00099783126615754,2
10600,node,4.343873977661133,0.000488168909214437,0.0,4.343385696411133,0.0,0.000997823905463214,2
10601,graph,0.16446387767791748,0.0,0.16304975748062134,0.0,0.014141242951154709,0.000997816532547745,2
10602,graph,0.1467982977628708,0.0,0.14566034078598022,0.0,0.011379554867744446,0.000997809147411315,2
10603,graph,0.17482295632362366,0.0,0.173701673746109,0.0,0.011212817393243313,0.0009978017500541063,2
10604,node,2.891615390777588,0.00043039899901486933,0.0,2.8911850452423096,0.0,0.0009977943404763012,2
10605,graph,0.16836047172546387,0.0,0.16694959998130798,0.0,0.014108781702816486,0.000997786918678083,2
10606,graph,0.1559673547744751,0.0,0.15478546917438507,0.0,0.011818903498351574,0.0009977794846596341,2
10607,graph,0.16635949909687042,0.0,0.1653594970703125,0.0,0.009999999776482582,0.0009977720384211385,2
10608,node,1.1924108266830444,0.000492489489261061,0.0,1.1919183731079102,0.0,0.0009977645799627798,2
10609,graph,0.17994514107704163,0.0,0.1786840558052063,0.0,0.012610796838998795,0.000997757109284742,2
10610,graph,0.1445494443178177,0.0,0.14313927292823792,0.0,0.01410168968141079,0.0009977496263872093,2
10611,graph,0.1592455506324768,0.0,0.15784484148025513,0.0,0.014007050544023514,0.0009977421312703664,2
10612,node,0.5660683512687683,0.0004187388112768531,0.0,0.5656496286392212,0.0,0.0009977346239343984,2
10613,graph,0.19182588160037994,0.0,0.1905333697795868,0.0,0.012925183400511742,0.0009977271043794904,2
10614,graph,0.17288847267627716,0.0,0.1717698723077774,0.0,0.011185931041836739,0.000997719572605828,2
10615,graph,0.17302460968494415,0.0,0.17159177362918854,0.0,0.014328421093523502,0.0009977120286135967,2
10616,node,2.8507325649261475,0.0004355361743364483,0.0,2.850296974182129,0.0,0.0009977044724029831,2
10617,graph,0.16383697092533112,0.0,0.1625244915485382,0.0,0.013124722987413406,0.0009976969039741735,2
10618,graph,0.18392495810985565,0.0,0.18248550593852997,0.0,0.014394552446901798,0.0009976893233273544,2
10619,graph,0.15691611170768738,0.0,0.15571150183677673,0.0,0.012046091258525848,0.0009976817304627134,2
10620,node,0.781354546546936,0.0004546588461380452,0.0,0.7808998823165894,0.0,0.0009976741253804372,2
10621,graph,0.19070161879062653,0.0,0.1895257532596588,0.0,0.011758694425225258,0.000997666508080714,2
10622,graph,0.15686798095703125,0.0,0.1554703712463379,0.0,0.01397605612874031,0.0009976588785637313,2
10623,graph,0.16977624595165253,0.0,0.1685086190700531,0.0,0.01267633680254221,0.0009976512368296776,2
10624,node,0.845221996307373,0.000502231006976217,0.0,0.8447197675704956,0.0,0.0009976435828787415,2
10625,graph,0.23900499939918518,0.0,0.23767909407615662,0.0,0.013259118422865868,0.0009976359167111117,2
10626,graph,0.12138831615447998,0.0,0.12030573934316635,0.0,0.010825774632394314,0.0009976282383269775,2
10627,graph,0.13746611773967743,0.0,0.13639362156391144,0.0,0.010724940337240696,0.0009976205477265283,2
10628,node,1.4807286262512207,0.00039440198452211916,0.0,1.4803342819213867,0.0,0.0009976128449099538,2
10629,graph,0.15458561480045319,0.0,0.15323223173618317,0.0,0.01353379711508751,0.0009976051298774442,2
10630,graph,0.17657943069934845,0.0,0.17511063814163208,0.0,0.014687889255583286,0.0009975974026291896,2
10631,graph,0.14655493199825287,0.0,0.14522284269332886,0.0,0.013320865109562874,0.0009975896631653808,2
10632,node,0.6782391667366028,0.00038184673758223653,0.0,0.6778573393821716,0.0,0.0009975819114862088,2
10633,graph,0.15913733839988708,0.0,0.15783824026584625,0.0,0.012991015799343586,0.0009975741475918647,2
10634,graph,0.2551039159297943,0.0,0.2538739740848541,0.0,0.012299373745918274,0.0009975663714825403,2
10635,graph,0.2763456702232361,0.0,0.275241881608963,0.0,0.011037928983569145,0.0009975585831584275,2
10636,node,0.7285042405128479,0.0005003593396395445,0.0,0.7280038595199585,0.0,0.0009975507826197182,2
10637,graph,0.14997036755084991,0.0,0.14879517257213593,0.0,0.01175193302333355,0.0009975429698666051,2
10638,graph,0.291536808013916,0.0,0.2902589440345764,0.0,0.01277875155210495,0.0009975351448992809,2
10639,graph,0.2268878072500229,0.0,0.22539788484573364,0.0,0.014899205416440964,0.0009975273077179386,2
10640,node,1.2163058519363403,0.00041785172652453184,0.0,1.2158880233764648,0.0,0.0009975194583227715,2
10641,graph,0.2473623901605606,0.0,0.24611054360866547,0.0,0.012518508359789848,0.0009975115967139736,2
10642,graph,0.19822168350219727,0.0,0.19714972376823425,0.0,0.01071961410343647,0.0009975037228917387,2
10643,graph,0.2725909352302551,0.0,0.2714001536369324,0.0,0.011907953768968582,0.000997495836856261,2
10644,node,0.699428379535675,0.0004065610410179943,0.0,0.6990218162536621,0.0,0.0009974879386077354,2
10645,graph,0.17305630445480347,0.0,0.17179352045059204,0.0,0.012627814896404743,0.0009974800281463561,2
10646,graph,0.15948347747325897,0.0,0.15807032585144043,0.0,0.014131581410765648,0.0009974721054723191,2
10647,graph,0.16013187170028687,0.0,0.15792030096054077,0.0,0.02211572788655758,0.0009974641705858193,2
10648,node,0.39464160799980164,0.0005145974573679268,0.0,0.3941270112991333,0.0,0.0009974562234870527,2
10649,graph,0.2983337938785553,0.0,0.2971650958061218,0.0,0.011686882935464382,0.0009974482641762156,2
10650,graph,0.17877249419689178,0.0,0.17758139967918396,0.0,0.011910988949239254,0.000997440292653504,2
10651,graph,0.15054970979690552,0.0,0.14948740601539612,0.0,0.01062310766428709,0.0009974323089191146,2
10652,node,0.9941477179527283,0.00042191080865450203,0.0,0.9937258362770081,0.0,0.0009974243129732446,2
10653,graph,0.1311662346124649,0.0,0.1300611048936844,0.0,0.011051319539546967,0.000997416304816091,2
10654,graph,0.14400193095207214,0.0,0.14252793788909912,0.0,0.01473995577543974,0.000997408284447852,2
10655,graph,0.14014919102191925,0.0,0.13897962868213654,0.0,0.01169566810131073,0.000997400251868725,2
10656,node,1.9929076433181763,0.0003875320253428072,0.0,1.9925200939178467,0.0,0.0009973922070789082,2
10657,graph,0.14235617220401764,0.0,0.14091451466083527,0.0,0.014416530728340149,0.0009973841500786004,2
10658,graph,0.1441405862569809,0.0,0.14291216433048248,0.0,0.012284190393984318,0.000997376080868,2
10659,graph,0.14377716183662415,0.0,0.14275550842285156,0.0,0.010216577909886837,0.0009973679994473063,2
10660,node,3.4177749156951904,0.0003613834560383111,0.0,3.4174134731292725,0.0,0.000997359905816719,2
10661,graph,0.1332452893257141,0.0,0.13206355273723602,0.0,0.011817341670393944,0.0009973517999764374,2
10662,graph,0.14472638070583344,0.0,0.1435248851776123,0.0,0.012014955282211304,0.0009973436819266613,2
10663,graph,0.15208332240581512,0.0,0.15091101825237274,0.0,0.011723036877810955,0.0009973355516675916,2
10664,node,1.0900970697402954,0.0003923625044990331,0.0,1.0897047519683838,0.0,0.0009973274091994286,2
10665,graph,0.10679645091295242,0.0,0.10525146871805191,0.0,0.015449797734618187,0.0009973192545223732,2
10666,graph,0.14542120695114136,0.0,0.14383982121944427,0.0,0.015813831239938736,0.0009973110876366265,2
10667,graph,0.14858683943748474,0.0,0.1472885012626648,0.0,0.01298336498439312,0.0009973029085423905,2
10668,node,1.5840399265289307,0.0004880740598309785,0.0,1.5835518836975098,0.0,0.0009972947172398664,2
10669,graph,0.1293669492006302,0.0,0.12814989686012268,0.0,0.012170559726655483,0.0009972865137292566,2
10670,graph,0.1537243276834488,0.0,0.15240833163261414,0.0,0.013159945607185364,0.0009972782980107635,2
10671,graph,0.14331892132759094,0.0,0.14220184087753296,0.0,0.011170810088515282,0.00099727007008459,2
10672,node,0.7986092567443848,0.00041554984636604786,0.0,0.7981936931610107,0.0,0.0009972618299509389,2
10673,graph,0.13050714135169983,0.0,0.12931475043296814,0.0,0.011923973448574543,0.0009972535776100132,2
10674,graph,0.2702556252479553,0.0,0.2691032588481903,0.0,0.011523572728037834,0.0009972453130620172,2
10675,graph,0.15895827114582062,0.0,0.15771961212158203,0.0,0.012386555783450603,0.000997237036307154,2
10676,node,3.9336087703704834,0.0004293832171242684,0.0,3.9331793785095215,0.0,0.000997228747345629,2
10677,graph,0.14502374827861786,0.0,0.1439153403043747,0.0,0.011084015481173992,0.0009972204461776457,2
10678,graph,0.15780878067016602,0.0,0.15665340423583984,0.0,0.011553698219358921,0.000997212132803409,2
10679,graph,0.1507863998413086,0.0,0.14959391951560974,0.0,0.01192485447973013,0.0009972038072231246,2
10680,node,3.8783364295959473,0.0005140503053553402,0.0,3.8778223991394043,0.0,0.0009971954694369975,2
10681,graph,0.12365873157978058,0.0,0.12235923856496811,0.0,0.012994915246963501,0.0009971871194452333,2
10682,graph,0.11074686795473099,0.0,0.10950793325901031,0.0,0.012389359064400196,0.0009971787572480386,2
10683,graph,0.15602216124534607,0.0,0.15485316514968872,0.0,0.01168996561318636,0.000997170382845619,2
10684,node,1.1515250205993652,0.000492720166221261,0.0,1.1510323286056519,0.0,0.0009971619962381819,2
10685,graph,0.13416996598243713,0.0,0.1328614354133606,0.0,0.013085299171507359,0.0009971535974259336,2
10686,graph,0.14894221723079681,0.0,0.14769688248634338,0.0,0.012453331612050533,0.0009971451864090816,2
10687,graph,0.1169625073671341,0.0,0.11575251817703247,0.0,0.012099897488951683,0.0009971367631878333,2
10688,node,0.9576873183250427,0.0004889282281510532,0.0,0.9571983814239502,0.0,0.0009971283277623968,2
10689,graph,0.11184824258089066,0.0,0.11080744862556458,0.0,0.010407931171357632,0.0009971198801329798,2
10690,graph,0.15779545903205872,0.0,0.1567419022321701,0.0,0.010535597801208496,0.0009971114202997915,2
10691,graph,0.19065037369728088,0.0,0.1893729865550995,0.0,0.012773868627846241,0.0009971029482630398,2
10692,node,4.857908725738525,0.0004617013328243047,0.0,4.857447147369385,0.0,0.000997094464022934,2
10693,graph,0.14069291949272156,0.0,0.13957026600837708,0.0,0.011226489208638668,0.0009970859675796837,2
10694,graph,0.15253354609012604,0.0,0.15113374590873718,0.0,0.013998044654726982,0.0009970774589334983,2
10695,graph,0.16528412699699402,0.0,0.16370882093906403,0.0,0.01575312949717045,0.000997068938084588,2
10696,node,1.4131406545639038,0.0004710512002930045,0.0,1.4126696586608887,0.0,0.0009970604050331627,2
10697,graph,0.1319553554058075,0.0,0.13082322478294373,0.0,0.01132136583328247,0.000997051859779433,2
10698,graph,0.15375950932502747,0.0,0.15246015787124634,0.0,0.01299347635358572,0.00099704330232361,2
10699,graph,0.11879517883062363,0.0,0.11771080642938614,0.0,0.010843712836503983,0.0009970347326659047,2
10700,node,8.126164436340332,0.0004881099157501012,0.0,8.125676155090332,0.0,0.0009970261508065283,2
10701,graph,0.1492016762495041,0.0,0.14811226725578308,0.0,0.010894158855080605,0.000997017556745693,2
10702,graph,0.20816852152347565,0.0,0.20699232816696167,0.0,0.01176198199391365,0.0009970089504836104,2
10703,graph,0.23478750884532928,0.0,0.23364679515361786,0.0,0.011407086625695229,0.0009970003320204934,2
10704,node,1.3859306573867798,0.0003633860033005476,0.0,1.385567307472229,0.0,0.0009969917013565542,2
10705,graph,0.15859708189964294,0.0,0.15737655758857727,0.0,0.012205223552882671,0.0009969830584920058,2
10706,graph,0.15438023209571838,0.0,0.15321356058120728,0.0,0.011666673235595226,0.0009969744034270618,2
10707,graph,0.12981458008289337,0.0,0.12867535650730133,0.0,0.01139224786311388,0.0009969657361619353,2
10708,node,1.3240941762924194,0.0004586886498145759,0.0,1.323635458946228,0.0,0.0009969570566968403,2
10709,graph,0.1440911740064621,0.0,0.14293304085731506,0.0,0.01158126350492239,0.000996948365031991,2
10710,graph,0.16819022595882416,0.0,0.16685745120048523,0.0,0.013327675871551037,0.000996939661167602,2
10711,graph,0.1346854716539383,0.0,0.13335368037223816,0.0,0.013317875564098358,0.000996930945103888,2
10712,node,0.7989565134048462,0.00046071913675405085,0.0,0.7984957695007324,0.0,0.0009969222168410637,2
10713,graph,0.1715531349182129,0.0,0.1702585071325302,0.0,0.012946239672601223,0.000996913476379345,2
10714,graph,0.1529587209224701,0.0,0.15154996514320374,0.0,0.01408757921308279,0.0009969047237189472,2
10715,graph,0.12276773899793625,0.0,0.12161517143249512,0.0,0.011525704525411129,0.0009968959588600866,2
10716,node,6.673605442047119,0.00048301173956133425,0.0,6.673122406005859,0.0,0.000996887181802979,2
10717,graph,0.3590802550315857,0.0,0.35793012380599976,0.0,0.011501182802021503,0.0009968783925478413,2
10718,graph,0.17266927659511566,0.0,0.1712675392627716,0.0,0.014017409645020962,0.0009968695910948903,2
10719,graph,0.1556282788515091,0.0,0.1543160378932953,0.0,0.01312235090881586,0.000996860777444343,2
10720,node,1.760837197303772,0.00047070442815311253,0.0,1.760366439819336,0.0,0.0009968519515964173,2
10721,graph,0.17015311121940613,0.0,0.16894304752349854,0.0,0.012100663967430592,0.0009968431135513305,2
10722,graph,0.15772639214992523,0.0,0.15654805302619934,0.0,0.011783446185290813,0.0009968342633093008,2
10723,graph,0.12780436873435974,0.0,0.12675681710243225,0.0,0.010475448332726955,0.0009968254008705468,2
10724,node,1.2914217710494995,0.00029289242229424417,0.0,1.2911288738250732,0.0,0.0009968165262352869,2
10725,graph,0.15651139616966248,0.0,0.15547749400138855,0.0,0.010339081287384033,0.0009968076394037402,2
10726,graph,0.15730126202106476,0.0,0.15585732460021973,0.0,0.014439328573644161,0.000996798740376126,2
10727,graph,0.17984534800052643,0.0,0.17873775959014893,0.0,0.011075866408646107,0.0009967898291526635,2
10728,node,2.5648128986358643,0.00040249148150905967,0.0,2.564410448074341,0.0,0.000996780905733573,2
10729,graph,0.1703093945980072,0.0,0.1690056025981903,0.0,0.013037929311394691,0.0009967719701190747,2
10730,graph,0.18699876964092255,0.0,0.1856268346309662,0.0,0.0137193463742733,0.000996763022309389,2
10731,graph,0.22394239902496338,0.0,0.22280561923980713,0.0,0.011367766186594963,0.0009967540623047365,2
10732,node,1.487443447113037,0.0004091055307071656,0.0,1.4870343208312988,0.0,0.0009967450901053384,2
10733,graph,0.16291864216327667,0.0,0.1616503894329071,0.0,0.012682548724114895,0.0009967361057114162,2
10734,graph,0.14550158381462097,0.0,0.1442832201719284,0.0,0.012183629907667637,0.0009967271091231914,2
10735,graph,0.1378585547208786,0.0,0.13667479157447815,0.0,0.011837657541036606,0.000996718100340886,2
10736,node,1.0037612915039062,0.0005611511296592653,0.0,1.0032001733779907,0.0,0.0009967090793647222,2
10737,graph,0.14443036913871765,0.0,0.14330019056797028,0.0,0.011301860213279724,0.000996700046194923,2
10738,graph,0.1725054681301117,0.0,0.1707950085401535,0.0,0.017104562371969223,0.0009966910008317109,2
10739,graph,0.1583869904279709,0.0,0.15725018084049225,0.0,0.011368045583367348,0.000996681943275309,2
10740,node,1.4615740776062012,0.00037256148061715066,0.0,1.461201548576355,0.0,0.000996672873525941,2
10741,graph,0.1612115502357483,0.0,0.15981879830360413,0.0,0.013927542604506016,0.0009966637915838307,2
10742,graph,0.1990743726491928,0.0,0.19796109199523926,0.0,0.011132842861115932,0.0009966546974492022,2
10743,graph,0.1754617989063263,0.0,0.17418931424617767,0.0,0.012724840082228184,0.0009966455911222798,2
10744,node,0.9470648765563965,0.0005513196811079979,0.0,0.9465135335922241,0.0,0.000996636472603288,2
10745,graph,0.1405286341905594,0.0,0.13941776752471924,0.0,0.011108724400401115,0.0009966273418924524,2
10746,graph,0.13351161777973175,0.0,0.13220694661140442,0.0,0.013046752661466599,0.0009966181989899978,2
10747,graph,0.1094830334186554,0.0,0.10833145678043365,0.0,0.01151574868708849,0.0009966090438961498,2
10748,node,0.7778644561767578,0.00045797607162967324,0.0,0.7774064540863037,0.0,0.0009965998766111345,2
10749,graph,0.16311420500278473,0.0,0.16191086173057556,0.0,0.012033389881253242,0.000996590697135178,2
10750,graph,0.17126555740833282,0.0,0.170004740357399,0.0,0.01260821707546711,0.0009965815054685068,2
10751,graph,0.24661223590373993,0.0,0.24520468711853027,0.0,0.014075536280870438,0.0009965723016113475,2
10752,node,9.265816688537598,0.0005302936770021915,0.0,9.265286445617676,0.0,0.0009965630855639273,2
10753,graph,0.1548927277326584,0.0,0.15376541018486023,0.0,0.011273188516497612,0.0009965538573264738,2
10754,graph,0.2191780060529709,0.0,0.2178865522146225,0.0,0.012914595194160938,0.0009965446168992145,2
10755,graph,0.15133324265480042,0.0,0.15008999407291412,0.0,0.01243252120912075,0.0009965353642823775,2
10756,node,2.1048669815063477,0.0004565246927086264,0.0,2.104410409927368,0.0,0.0009965260994761911,2
10757,graph,0.2020038217306137,0.0,0.20064741373062134,0.0,0.013564111664891243,0.0009965168224808838,2
10758,graph,0.16172823309898376,0.0,0.16025035083293915,0.0,0.01477888785302639,0.0009965075332966846,2
10759,graph,0.17857155203819275,0.0,0.17709702253341675,0.0,0.014745322987437248,0.0009964982319238226,2
10760,node,1.0196863412857056,0.0004359192680567503,0.0,1.0192503929138184,0.0,0.0009964889183625273,2
10761,graph,0.12267357110977173,0.0,0.12136413156986237,0.0,0.013094421476125717,0.0009964795926130287,2
10762,graph,0.14844059944152832,0.0,0.14723247289657593,0.0,0.012081271037459373,0.0009964702546755569,2
10763,graph,0.16059908270835876,0.0,0.15923136472702026,0.0,0.013677198439836502,0.0009964609045503418,2
10764,node,17.522756576538086,0.00043132551945745945,0.0,17.52232551574707,0.0,0.0009964515422376148,2
10765,graph,0.21542848646640778,0.0,0.21405631303787231,0.0,0.013721787370741367,0.0009964421677376065,2
10766,graph,0.20367063581943512,0.0,0.20270845293998718,0.0,0.009621764533221722,0.0009964327810505482,2
10767,graph,0.14721480011940002,0.0,0.14590984582901,0.0,0.013049568980932236,0.0009964233821766718,2
10768,node,1.0508432388305664,0.00040775194065645337,0.0,1.0504355430603027,0.0,0.0009964139711162087,2
10769,graph,0.19038158655166626,0.0,0.18915823101997375,0.0,0.012233615852892399,0.0009964045478693916,2
10770,graph,0.14846831560134888,0.0,0.1469275951385498,0.0,0.015407253988087177,0.000996395112436453,2
10771,graph,0.1380762904882431,0.0,0.13705608248710632,0.0,0.010202128440141678,0.0009963856648176255,2
10772,node,1.278552770614624,0.00047884410014376044,0.0,1.2780739068984985,0.0,0.0009963762050131419,2
10773,graph,0.13394534587860107,0.0,0.13275982439517975,0.0,0.011855279095470905,0.0009963667330232361,2
10774,graph,0.19347935914993286,0.0,0.19239743053913116,0.0,0.01081929076462984,0.0009963572488481418,2
10775,graph,0.13356725871562958,0.0,0.13229957222938538,0.0,0.01267679687589407,0.0009963477524880927,2
10776,node,1.2792718410491943,0.00044574186904355884,0.0,1.278826117515564,0.0,0.0009963382439433235,2
10777,graph,0.1312805712223053,0.0,0.13003435730934143,0.0,0.012462199665606022,0.0009963287232140684,2
10778,graph,0.15671321749687195,0.0,0.1556091010570526,0.0,0.011041134595870972,0.0009963191903005627,2
10779,graph,0.12675175070762634,0.0,0.1256716549396515,0.0,0.010801008902490139,0.0009963096452030413,2
10780,node,0.7369169592857361,0.0007744477479718626,0.0,0.7361425161361694,0.0,0.0009963000879217396,2
10781,graph,0.3607976734638214,0.0,0.35990026593208313,0.0,0.00897411722689867,0.000996290518456894,2
10782,graph,0.14296939969062805,0.0,0.14170336723327637,0.0,0.012660286389291286,0.0009962809368087404,2
10783,graph,0.13076850771903992,0.0,0.12942540645599365,0.0,0.013430961407721043,0.000996271342977515,2
10784,node,0.7471298575401306,0.0004064238164573908,0.0,0.7467234134674072,0.0,0.0009962617369634547,2
10785,graph,0.12615685164928436,0.0,0.12495972961187363,0.0,0.01197125855833292,0.0009962521187667963,2
10786,graph,0.10083656013011932,0.0,0.09962617605924606,0.0,0.012103857472538948,0.0009962424883877773,2
10787,graph,0.13836276531219482,0.0,0.13717900216579437,0.0,0.011837676167488098,0.0009962328458266354,2
10788,node,0.5403959155082703,0.0004060952633153647,0.0,0.5399898290634155,0.0,0.0009962231910836082,2
10789,graph,0.20576594769954681,0.0,0.20446468889713287,0.0,0.013012652285397053,0.000996213524158934,2
10790,graph,0.14169685542583466,0.0,0.14063335955142975,0.0,0.010634972713887691,0.0009962038450528517,2
10791,graph,0.13075470924377441,0.0,0.1292775571346283,0.0,0.014771537855267525,0.0009961941537655998,2
10792,node,24.789955139160156,0.00037713267374783754,0.0,24.78957748413086,0.0,0.0009961844502974174,2
10793,graph,0.12311095744371414,0.0,0.12190594524145126,0.0,0.012050156481564045,0.000996174734648544,2
10794,graph,0.15582913160324097,0.0,0.1545957624912262,0.0,0.012333624064922333,0.0009961650068192197,2
10795,graph,0.20958931744098663,0.0,0.20824965834617615,0.0,0.013396577909588814,0.000996155266809684,2
10796,node,0.8986955881118774,0.00044990700553171337,0.0,0.8982456922531128,0.0,0.0009961455146201773,2
10797,graph,0.11850948631763458,0.0,0.11735263466835022,0.0,0.011568513698875904,0.0009961357502509404,2
10798,graph,0.1676657795906067,0.0,0.16647350788116455,0.0,0.011922776699066162,0.000996125973702214,2
10799,graph,0.14362435042858124,0.0,0.1425214409828186,0.0,0.011029034852981567,0.0009961161849742395,2
10800,node,1.2427220344543457,0.0003610531275626272,0.0,1.2423609495162964,0.0,0.0009961063840672583,2
10801,graph,0.13907340168952942,0.0,0.13782444596290588,0.0,0.01248962339013815,0.0009960965709815124,2
10802,graph,0.1956178843975067,0.0,0.1940225064754486,0.0,0.015953833237290382,0.0009960867457172438,2
10803,graph,0.1347295194864273,0.0,0.13325363397598267,0.0,0.014758842997252941,0.000996076908274695,2
10804,node,0.969938337802887,0.0005672529805451632,0.0,0.9693710803985596,0.0,0.000996067058654109,2
10805,graph,0.1644456386566162,0.0,0.1634630560874939,0.0,0.00982577819377184,0.0009960571968557282,2
10806,graph,0.12059009075164795,0.0,0.1192513182759285,0.0,0.013387736864387989,0.0009960473228797964,2
10807,graph,0.17925728857517242,0.0,0.17817813158035278,0.0,0.010791527107357979,0.000996037436726557,2
10808,node,1.2405880689620972,0.0003572165733203292,0.0,1.2402307987213135,0.0,0.000996027538396254,2
10809,graph,0.16162629425525665,0.0,0.160152867436409,0.0,0.014734286814928055,0.0009960176278891318,2
10810,graph,0.2832120656967163,0.0,0.2816872298717499,0.0,0.015248301438987255,0.0009960077052054348,2
10811,graph,0.12489009648561478,0.0,0.12355370819568634,0.0,0.013363865204155445,0.0009959977703454077,2
10812,node,1.5243644714355469,0.0004625241563189775,0.0,1.5239019393920898,0.0,0.0009959878233092958,2
10813,graph,0.1324055939912796,0.0,0.13099274039268494,0.0,0.014128487557172775,0.0009959778640973446,2
10814,graph,0.1591697782278061,0.0,0.1580422818660736,0.0,0.011275018565356731,0.0009959678927097995,2
10815,graph,0.14893168210983276,0.0,0.14797797799110413,0.0,0.009537077508866787,0.0009959579091469069,2
10816,node,1.6048479080200195,0.0004936298355460167,0.0,1.6043542623519897,0.0,0.0009959479134089128,2
10817,graph,0.12809395790100098,0.0,0.126966655254364,0.0,0.011273053474724293,0.0009959379054960643,2
10818,graph,0.12929049134254456,0.0,0.12812034785747528,0.0,0.011701507493853569,0.000995927885408608,2
10819,graph,0.1974555402994156,0.0,0.19607344269752502,0.0,0.013821019791066647,0.0009959178531467913,2
10820,node,2.3345067501068115,0.00041691274964250624,0.0,2.334089756011963,0.0,0.0009959078087108614,2
10821,graph,0.13776719570159912,0.0,0.13635802268981934,0.0,0.014091800898313522,0.0009958977521010665,2
10822,graph,0.14251047372817993,0.0,0.14138197898864746,0.0,0.01128487940877676,0.0009958876833176546,2
10823,graph,0.12681327760219574,0.0,0.125174418091774,0.0,0.01638861931860447,0.0009958776023608741,2
10824,node,2.3039767742156982,0.00036198575980961323,0.0,2.303614854812622,0.0,0.0009958675092309737,2
10825,graph,0.17291399836540222,0.0,0.17175105214118958,0.0,0.01162952184677124,0.0009958574039282027,2
10826,graph,0.16742873191833496,0.0,0.16620784997940063,0.0,0.012208857573568821,0.00099584728645281,2
10827,graph,0.12469117343425751,0.0,0.12359624356031418,0.0,0.010949332267045975,0.0009958371568050458,2
10828,node,2.527284860610962,0.0004916603211313486,0.0,2.5267932415008545,0.0,0.0009958270149851595,2
10829,graph,0.19060859084129333,0.0,0.18932904303073883,0.0,0.012795445509254932,0.0009958168609934016,2
10830,graph,0.12737977504730225,0.0,0.12599201500415802,0.0,0.013877643272280693,0.0009958066948300228,2
10831,graph,0.23145803809165955,0.0,0.23028382658958435,0.0,0.011742057278752327,0.0009957965164952736,2
10832,node,0.5711075663566589,0.0005885408609174192,0.0,0.5705190300941467,0.0,0.0009957863259894054,2
10833,graph,0.1491256058216095,0.0,0.14812025427818298,0.0,0.01005348190665245,0.0009957761233126696,2
10834,graph,0.14263620972633362,0.0,0.14129367470741272,0.0,0.013425275683403015,0.0009957659084653177,2
10835,graph,0.11666669696569443,0.0,0.11524947732686996,0.0,0.01417219452559948,0.000995755681447602,2
10836,node,0.6467491984367371,0.00043028860818594694,0.0,0.6463189125061035,0.0,0.0009957454422597747,2
10837,graph,0.12606768310070038,0.0,0.1248299703001976,0.0,0.012377138249576092,0.0009957351909020886,2
10838,graph,0.1600184589624405,0.0,0.15882252156734467,0.0,0.011959326453506947,0.0009957249273747964,2
10839,graph,0.11972439289093018,0.0,0.11844980716705322,0.0,0.012745890766382217,0.0009957146516781517,2
10840,node,1.618402123451233,0.00043237442150712013,0.0,1.6179697513580322,0.0,0.0009957043638124078,2
10841,graph,0.19542935490608215,0.0,0.19423499703407288,0.0,0.011943545192480087,0.0009956940637778184,2
10842,graph,0.16084863245487213,0.0,0.15951284766197205,0.0,0.013357873074710369,0.0009956837515746378,2
10843,graph,0.1675090193748474,0.0,0.1661810725927353,0.0,0.013279417529702187,0.0009956734272031204,2
10844,node,1.022868037223816,0.0004431702254805714,0.0,1.0224248170852661,0.0,0.0009956630906635213,2
10845,graph,0.13794802129268646,0.0,0.1365443766117096,0.0,0.014036490581929684,0.0009956527419560952,2
10846,graph,0.12429218739271164,0.0,0.1229773536324501,0.0,0.013148350641131401,0.0009956423810810974,2
10847,graph,0.11157655715942383,0.0,0.11046382784843445,0.0,0.011127288453280926,0.0009956320080387836,2
10848,node,1.9893864393234253,0.00047965688281692564,0.0,1.988906741142273,0.0,0.0009956216228294097,2
10849,graph,0.1161312609910965,0.0,0.11476557701826096,0.0,0.013656818307936192,0.0009956112254532322,2
10850,graph,0.14444155991077423,0.0,0.1431959867477417,0.0,0.012455770745873451,0.0009956008159105075,2
10851,graph,0.12731648981571198,0.0,0.12619855999946594,0.0,0.011179227381944656,0.0009955903942014924,2
10852,node,2.05393123626709,0.0004862887435592711,0.0,2.0534448623657227,0.0,0.0009955799603264441,2
10853,graph,0.16007070243358612,0.0,0.15883859992027283,0.0,0.012321069836616516,0.00099556951428562,2
10854,graph,0.11556828022003174,0.0,0.11422379314899445,0.0,0.01344489585608244,0.0009955590560792778,2
10855,graph,0.16307149827480316,0.0,0.16175273060798645,0.0,0.013187707401812077,0.0009955485857076757,2
10856,node,0.43597981333732605,0.0004965419066138566,0.0,0.43548327684402466,0.0,0.0009955381031710718,2
10857,graph,0.12817230820655823,0.0,0.12691864371299744,0.0,0.012536603957414627,0.000995527608469725,2
10858,graph,0.13099072873592377,0.0,0.1297254115343094,0.0,0.012653207406401634,0.0009955171016038942,2
10859,graph,0.11385160684585571,0.0,0.11259129643440247,0.0,0.012603108771145344,0.0009955065825738383,2
10860,node,1.2761369943618774,0.0006006095791235566,0.0,1.2755364179611206,0.0,0.000995496051379817,2
10861,graph,0.15880317986011505,0.0,0.1576395481824875,0.0,0.011636290699243546,0.0009954855080220907,2
10862,graph,0.13472718000411987,0.0,0.13334062695503235,0.0,0.013865494169294834,0.000995474952500919,2
10863,graph,0.10965099185705185,0.0,0.10856717824935913,0.0,0.010838154703378677,0.0009954643848165625,2
10864,node,2.526587963104248,0.00038547287113033235,0.0,2.526202440261841,0.0,0.0009954538049692819,2
10865,graph,0.12544457614421844,0.0,0.12421749532222748,0.0,0.012270820327103138,0.000995443212959338,2
10866,graph,0.15836049616336823,0.0,0.1571548730134964,0.0,0.012056254781782627,0.0009954326087869927,2
10867,graph,0.14272519946098328,0.0,0.14131727814674377,0.0,0.014079215005040169,0.0009954219924525074,2
10868,node,4.151240825653076,0.000670956214889884,0.0,4.150569915771484,0.0,0.000995411363956144,2
10869,graph,0.18035167455673218,0.0,0.178952157497406,0.0,0.013995192013680935,0.0009954007232981644,2
10870,graph,0.1644965261220932,0.0,0.16324174404144287,0.0,0.012547826394438744,0.0009953900704788318,2
10871,graph,0.14188478887081146,0.0,0.1408711075782776,0.0,0.010136759839951992,0.0009953794054984087,2
10872,node,4.2213263511657715,0.0004962602397426963,0.0,4.220829963684082,0.0,0.0009953687283571584,2
10873,graph,0.16960281133651733,0.0,0.16850170493125916,0.0,0.011011112481355667,0.0009953580390553443,2
10874,graph,0.12616269290447235,0.0,0.12479390949010849,0.0,0.013687866739928722,0.0009953473375932298,2
10875,graph,0.14565224945545197,0.0,0.14447623491287231,0.0,0.01176019012928009,0.0009953366239710793,2
10876,node,0.9525051116943359,0.0004261596186552197,0.0,0.9520789384841919,0.0,0.0009953258981891572,2
10877,graph,0.1986304372549057,0.0,0.1973521113395691,0.0,0.012783307582139969,0.0009953151602477282,2
10878,graph,0.15027163922786713,0.0,0.14867880940437317,0.0,0.01592833548784256,0.0009953044101470567,2
10879,graph,0.2869870960712433,0.0,0.28578507900238037,0.0,0.012020129710435867,0.0009952936478874086,2
10880,node,0.6011747121810913,0.0004993414040654898,0.0,0.6006753444671631,0.0,0.0009952828734690492,2
10881,graph,0.14186468720436096,0.0,0.140384703874588,0.0,0.014799906872212887,0.0009952720868922442,2
10882,graph,0.1380935162305832,0.0,0.1367616355419159,0.0,0.013318782672286034,0.0009952612881572599,2
10883,graph,0.14525531232357025,0.0,0.1438879668712616,0.0,0.01367346104234457,0.0009952504772643626,2
10884,node,2.314723253250122,0.0005086484597995877,0.0,2.3142147064208984,0.0,0.0009952396542138194,2
10885,graph,0.16107241809368134,0.0,0.15982288122177124,0.0,0.012495426461100578,0.000995228819005897,2
10886,graph,0.16937588155269623,0.0,0.16833820939064026,0.0,0.01037670113146305,0.000995217971640863,2
10887,graph,0.11903320252895355,0.0,0.11772607266902924,0.0,0.013071274384856224,0.000995207112118985,2
10888,node,2.76320743560791,0.0005096922977827489,0.0,2.762697696685791,0.0,0.0009951962404405306,2
10889,graph,0.1745164543390274,0.0,0.17311806976795197,0.0,0.013983787037432194,0.0009951853566057686,2
10890,graph,0.16142262518405914,0.0,0.16022083163261414,0.0,0.012017873115837574,0.0009951744606149669,2
10891,graph,0.12058177590370178,0.0,0.11945091187953949,0.0,0.011308619752526283,0.000995163552468395,2
10892,node,0.627212405204773,0.0005372109590098262,0.0,0.6266751885414124,0.0,0.0009951526321663215,2
10893,graph,0.1215553805232048,0.0,0.12037970125675201,0.0,0.011756774969398975,0.0009951416997090164,2
10894,graph,0.16342583298683167,0.0,0.16193698346614838,0.0,0.014888424426317215,0.000995130755096749,2
10895,graph,0.14653794467449188,0.0,0.1450396180152893,0.0,0.014983218163251877,0.0009951197983297895,2
10896,node,0.5295487642288208,0.0004727576160803437,0.0,0.5290759801864624,0.0,0.0009951088294084082,2
10897,graph,0.1727064698934555,0.0,0.17082920670509338,0.0,0.018772609531879425,0.0009950978483328759,2
10898,graph,0.14460808038711548,0.0,0.14311471581459045,0.0,0.014933588914573193,0.0009950868551034634,2
10899,graph,0.22548705339431763,0.0,0.22425884008407593,0.0,0.012282151728868484,0.000995075849720442,2
10900,node,1.3375211954116821,0.0005597274866886437,0.0,1.3369615077972412,0.0,0.0009950648321840833,2
10901,graph,0.11505429446697235,0.0,0.11375163495540619,0.0,0.013026618398725986,0.000995053802494659,2
10902,graph,0.1527864784002304,0.0,0.1514585167169571,0.0,0.013279552571475506,0.0009950427606524412,2
10903,graph,0.13462209701538086,0.0,0.13338354229927063,0.0,0.012385590001940727,0.0009950317066577026,2
10904,node,3.291276454925537,0.00040550416451878846,0.0,3.2908709049224854,0.0,0.0009950206405107158,2
10905,graph,0.21994933485984802,0.0,0.21848641335964203,0.0,0.014629277400672436,0.000995009562211754,2
10906,graph,0.13064421713352203,0.0,0.12952472269535065,0.0,0.011194877326488495,0.0009949984717610902,2
10907,graph,0.10204518586397171,0.0,0.1007024273276329,0.0,0.01342755276709795,0.0009949873691589984,2
10908,node,1.1181977987289429,0.0005075216176919639,0.0,1.1176903247833252,0.0,0.0009949762544057524,2
10909,graph,0.13956677913665771,0.0,0.13843584060668945,0.0,0.011309423483908176,0.0009949651275016264,2
10910,graph,0.16863296926021576,0.0,0.16760346293449402,0.0,0.010295135900378227,0.000994953988446895,2
10911,graph,0.1303251087665558,0.0,0.12918788194656372,0.0,0.011372311972081661,0.0009949428372418331,2
10912,node,1.3965259790420532,0.00044480213546194136,0.0,1.3960812091827393,0.0,0.0009949316738867156,2
10913,graph,0.14804404973983765,0.0,0.1467595100402832,0.0,0.01284539420157671,0.0009949204983818183,2
10914,graph,0.16217389702796936,0.0,0.16106390953063965,0.0,0.011099851690232754,0.0009949093107274169,2
10915,graph,0.19865968823432922,0.0,0.19755369424819946,0.0,0.011059957556426525,0.000994898110923787,2
10916,node,0.7238600850105286,0.0004111581656616181,0.0,0.7234489321708679,0.0,0.0009948868989712056,2
10917,graph,0.1414831429719925,0.0,0.14004002511501312,0.0,0.014431117102503777,0.0009948756748699489,2
10918,graph,0.1407107412815094,0.0,0.13965553045272827,0.0,0.01055208221077919,0.0009948644386202938,2
10919,graph,0.13001175224781036,0.0,0.12896482646465302,0.0,0.010469325818121433,0.0009948531902225178,2
10920,node,0.935741126537323,0.000465584103949368,0.0,0.9352755546569824,0.0,0.0009948419296768984,2
10921,graph,0.135476216673851,0.0,0.13445830345153809,0.0,0.010179133154451847,0.0009948306569837135,2
10922,graph,0.1450495570898056,0.0,0.14387884736061096,0.0,0.011707080528140068,0.0009948193721432408,2
10923,graph,0.17709772288799286,0.0,0.17589057981967926,0.0,0.012071466073393822,0.0009948080751557592,2
10924,node,1.0312995910644531,0.0003963624476455152,0.0,1.0309032201766968,0.0,0.0009947967660215472,2
10925,graph,0.14983755350112915,0.0,0.1483822762966156,0.0,0.014552752487361431,0.0009947854447408843,2
10926,graph,0.19712603092193604,0.0,0.19588901102542877,0.0,0.012370135635137558,0.0009947741113140493,2
10927,graph,0.15391072630882263,0.0,0.15242891013622284,0.0,0.01481818687170744,0.000994762765741322,2
10928,node,5.044731140136719,0.00038428683183155954,0.0,5.044346809387207,0.0,0.0009947514080229825,2
10929,graph,0.14513924717903137,0.0,0.14368151128292084,0.0,0.014577376656234264,0.0009947400381593106,2
10930,graph,0.19396322965621948,0.0,0.19286352396011353,0.0,0.010997080244123936,0.0009947286561505875,2
10931,graph,0.17350929975509644,0.0,0.1722373068332672,0.0,0.01271985936909914,0.0009947172619970933,2
10932,node,1.0981931686401367,0.0004577306972350925,0.0,1.0977354049682617,0.0,0.00099470585569911,2
10933,graph,0.10676437616348267,0.0,0.10565771162509918,0.0,0.011066637001931667,0.0009946944372569184,2
10934,graph,0.21114666759967804,0.0,0.20977550745010376,0.0,0.013711576350033283,0.0009946830066708003,2
10935,graph,0.1695638746023178,0.0,0.16831207275390625,0.0,0.012518089264631271,0.0009946715639410379,2
10936,node,3.2976582050323486,0.0006080120801925659,0.0,3.2970502376556396,0.0,0.0009946601090679136,2
10937,graph,0.12465405464172363,0.0,0.12368086725473404,0.0,0.00973190926015377,0.0009946486420517099,2
10938,graph,0.16491618752479553,0.0,0.1639024317264557,0.0,0.010137561708688736,0.0009946371628927096,2
10939,graph,0.15190920233726501,0.0,0.1509092003107071,0.0,0.009999999776482582,0.0009946256715911961,2
10940,node,0.48607614636421204,0.0004439276526682079,0.0,0.4856322109699249,0.0,0.0009946141681474532,2
10941,graph,0.14539460837841034,0.0,0.1436297595500946,0.0,0.01764855533838272,0.0009946026525617644,2
10942,graph,0.162753164768219,0.0,0.16147133708000183,0.0,0.012818326242268085,0.0009945911248344138,2
10943,graph,0.14658063650131226,0.0,0.14514890313148499,0.0,0.014317295514047146,0.000994579584965686,2
10944,node,0.9105726480484009,0.0005059942486695945,0.0,0.9100666642189026,0.0,0.0009945680329558656,2
10945,graph,0.1529713273048401,0.0,0.15175151824951172,0.0,0.012198145501315594,0.0009945564688052376,2
10946,graph,0.20634642243385315,0.0,0.20508399605751038,0.0,0.01262429915368557,0.0009945448925140876,2
10947,graph,0.139618918299675,0.0,0.13845424354076385,0.0,0.011646803468465805,0.0009945333040827012,2
10948,node,2.0490353107452393,0.000497017870657146,0.0,2.0485382080078125,0.0,0.000994521703511364,2
10949,graph,0.10995541512966156,0.0,0.10875492542982101,0.0,0.012004896998405457,0.0009945100908003626,2
10950,graph,0.18224771320819855,0.0,0.18110403418540955,0.0,0.011436788365244865,0.0009944984659499832,2
10951,graph,0.11931712180376053,0.0,0.11798477172851562,0.0,0.013323473744094372,0.000994486828960513,2
10952,node,2.8916211128234863,0.00036100950092077255,0.0,2.8912601470947266,0.0,0.0009944751798322388,2
10953,graph,0.1681547313928604,0.0,0.16679930686950684,0.0,0.013554207980632782,0.0009944635185654483,2
10954,graph,0.1281002163887024,0.0,0.12693056464195251,0.0,0.011696466244757175,0.000994451845160429,2
10955,graph,0.14692915976047516,0.0,0.14559337496757507,0.0,0.013357839547097683,0.000994440159617469,2
10956,node,0.8586496114730835,0.0004416855808813125,0.0,0.8582079410552979,0.0,0.000994428461936857,2
10957,graph,0.19050630927085876,0.0,0.18918552994728088,0.0,0.013207726180553436,0.0009944167521188808,2
10958,graph,0.13707509636878967,0.0,0.13600653409957886,0.0,0.010685662738978863,0.00099440503016383,2
10959,graph,0.14910165965557098,0.0,0.1479160189628601,0.0,0.011856362223625183,0.0009943932960719936,2
10960,node,1.5958315134048462,0.00042367554851807654,0.0,1.5954078435897827,0.0,0.0009943815498436614,2
10961,graph,0.12623223662376404,0.0,0.1251092255115509,0.0,0.011230085045099258,0.0009943697914791228,2
10962,graph,0.2955165207386017,0.0,0.29427623748779297,0.0,0.012402736581861973,0.0009943580209786681,2
10963,graph,0.1679919809103012,0.0,0.16674435138702393,0.0,0.012476224452257156,0.0009943462383425878,2
10964,node,1.3789921998977661,0.0005125147290527821,0.0,1.3784797191619873,0.0,0.0009943344435711726,2
10965,graph,0.14334456622600555,0.0,0.1421511471271515,0.0,0.011934204027056694,0.0009943226366647135,2
10966,graph,0.16691556572914124,0.0,0.1655236780643463,0.0,0.013918937183916569,0.0009943108176235019,2
10967,graph,0.1526307761669159,0.0,0.15148073434829712,0.0,0.011500343680381775,0.0009942989864478293,2
10968,node,0.4439051151275635,0.0005008673761039972,0.0,0.44340425729751587,0.0,0.0009942871431379875,2
10969,graph,0.1219685897231102,0.0,0.12078525125980377,0.0,0.011833383701741695,0.0009942752876942692,2
10970,graph,0.1585916429758072,0.0,0.15718942880630493,0.0,0.014022143557667732,0.0009942634201169662,2
10971,graph,0.16754823923110962,0.0,0.16646027565002441,0.0,0.01087971031665802,0.000994251540406372,2
10972,node,1.0176475048065186,0.000421244214521721,0.0,1.017226219177246,0.0,0.0009942396485627795,2
10973,graph,0.12993289530277252,0.0,0.12865489721298218,0.0,0.012779931537806988,0.000994227744586482,2
10974,graph,0.1588868647813797,0.0,0.15744033455848694,0.0,0.014465340413153172,0.0009942158284777733,2
10975,graph,0.18390360474586487,0.0,0.182378888130188,0.0,0.015247137285768986,0.0009942039002369474,2
10976,node,0.37252742052078247,0.0003794364456553012,0.0,0.37214797735214233,0.0,0.0009941919598642987,2
10977,graph,0.14832721650600433,0.0,0.14728960394859314,0.0,0.010376074351370335,0.0009941800073601217,2
10978,graph,0.1858152449131012,0.0,0.18476344645023346,0.0,0.010518047958612442,0.0009941680427247115,2
10979,graph,0.161604106426239,0.0,0.16025015711784363,0.0,0.013539468869566917,0.000994156065958363,2
10980,node,1.1222152709960938,0.0004382397164590657,0.0,1.121777057647705,0.0,0.0009941440770613718,2
10981,graph,0.11080043017864227,0.0,0.10961592197418213,0.0,0.011845086701214314,0.0009941320760340339,2
10982,graph,0.1458156853914261,0.0,0.14455612003803253,0.0,0.012595617212355137,0.0009941200628766453,2
10983,graph,0.19311298429965973,0.0,0.19196780025959015,0.0,0.011451835744082928,0.0009941080375895025,2
10984,node,0.4904250204563141,0.00034854328259825706,0.0,0.49007648229599,0.0,0.0009940960001729021,2
10985,graph,0.1846829652786255,0.0,0.18316617608070374,0.0,0.015167932026088238,0.0009940839506271412,2
10986,graph,0.16179117560386658,0.0,0.16052427887916565,0.0,0.012668895535171032,0.000994071888952517,2
10987,graph,0.13876213133335114,0.0,0.13769841194152832,0.0,0.010637223720550537,0.0009940598151493272,2
10988,node,6.773542881011963,0.0003707839932758361,0.0,6.773171901702881,0.0,0.0009940477292178698,2
10989,graph,0.15597259998321533,0.0,0.15467065572738647,0.0,0.013019376434385777,0.0009940356311584429,2
10990,graph,0.14834581315517426,0.0,0.1470617949962616,0.0,0.012840249575674534,0.0009940235209713448,2
10991,graph,0.13933542370796204,0.0,0.13799986243247986,0.0,0.01335560530424118,0.0009940113986568746,2
10992,node,1.5515060424804688,0.00043682727846316993,0.0,1.5510692596435547,0.0,0.0009939992642153314,2
10993,graph,0.12455492466688156,0.0,0.12330664694309235,0.0,0.01248278096318245,0.0009939871176470143,2
10994,graph,0.14008526504039764,0.0,0.1388453096151352,0.0,0.01239959429949522,0.0009939749589522233,2
10995,graph,0.1427554190158844,0.0,0.14172092080116272,0.0,0.010344990529119968,0.0009939627881312585,2
10996,node,0.2815627157688141,0.0005809958092868328,0.0,0.28098171949386597,0.0,0.00099395060518442,2
10997,graph,0.196940615773201,0.0,0.19569605588912964,0.0,0.012445613741874695,0.0009939384101120084,2
10998,graph,0.16707944869995117,0.0,0.16594548523426056,0.0,0.011339674703776836,0.0009939262029143245,2
10999,graph,0.15816658735275269,0.0,0.15698276460170746,0.0,0.011838185600936413,0.0009939139835916696,2
11000,node,0.9703463912010193,0.000508733035530895,0.0,0.9698376655578613,0.0,0.0009939017521443454,2
11001,graph,0.15691019594669342,0.0,0.15558747947216034,0.0,0.013227215968072414,0.0009938895085726536,2
11002,graph,0.14617708325386047,0.0,0.14476759731769562,0.0,0.014094918966293335,0.000993877252876896,2
11003,graph,0.15690959990024567,0.0,0.15565219521522522,0.0,0.01257401704788208,0.0009938649850573754,2
11004,node,3.2494704723358154,0.00042276130989193916,0.0,3.2490477561950684,0.0,0.0009938527051143943,2
11005,graph,0.13490435481071472,0.0,0.13329607248306274,0.0,0.016082758083939552,0.0009938404130482557,2
11006,graph,0.17961524426937103,0.0,0.17826463282108307,0.0,0.013506085611879826,0.000993828108859263,2
11007,graph,0.13428552448749542,0.0,0.13294948637485504,0.0,0.013360309414565563,0.0009938157925477196,2
11008,node,2.245856285095215,0.00043448794167488813,0.0,2.245421886444092,0.0,0.0009938034641139295,2
11009,graph,0.18130744993686676,0.0,0.18029507994651794,0.0,0.010123678483068943,0.0009937911235581968,2
11010,graph,0.2439642995595932,0.0,0.24296429753303528,0.0,0.009999999776482582,0.0009937787708808263,2
11011,graph,0.13224110007286072,0.0,0.13104087114334106,0.0,0.012002264149487019,0.0009937664060821222,2
11012,node,4.298616409301758,0.0003651395963970572,0.0,4.298251152038574,0.0,0.0009937540291623903,2
11013,graph,0.14917786419391632,0.0,0.14772436022758484,0.0,0.014534981921315193,0.0009937416401219355,2
11014,graph,0.17016611993312836,0.0,0.16901995241641998,0.0,0.011461748741567135,0.0009937292389610637,2
11015,graph,0.14362874627113342,0.0,0.14246603846549988,0.0,0.01162709016352892,0.000993716825680081,2
11016,node,3.646791696548462,0.0005010284949094057,0.0,3.6462907791137695,0.0,0.0009937044002792932,2
11017,graph,0.10379854589700699,0.0,0.10257159173488617,0.0,0.012269544415175915,0.0009936919627590074,2
11018,graph,0.17718015611171722,0.0,0.17594286799430847,0.0,0.012372833676636219,0.0009936795131195303,2
11019,graph,0.14783404767513275,0.0,0.14652808010578156,0.0,0.013059627264738083,0.000993667051361169,2
11020,node,27.503236770629883,0.0005098895053379238,0.0,27.502727508544922,0.0,0.000993654577484231,2
11021,graph,0.1361788958311081,0.0,0.1346566379070282,0.0,0.015222557820379734,0.0009936420914890241,2
11022,graph,0.12526574730873108,0.0,0.12371170520782471,0.0,0.0155404731631279,0.0009936295933758563,2
11023,graph,0.12213204801082611,0.0,0.12075307220220566,0.0,0.013789782300591469,0.0009936170831450362,2
11024,node,0.7383297681808472,0.0004858473257627338,0.0,0.737843930721283,0.0,0.0009936045607968724,2
11025,graph,0.14445477724075317,0.0,0.1433195173740387,0.0,0.011352586559951305,0.000993592026331674,2
11026,graph,0.11760552227497101,0.0,0.1163371354341507,0.0,0.012683899141848087,0.00099357947974975,2
11027,graph,0.15674199163913727,0.0,0.155373677611351,0.0,0.01368308998644352,0.00099356692105141,2
11028,node,2.623227834701538,0.0004024997469969094,0.0,2.6228253841400146,0.0,0.000993554350236964,2
11029,graph,0.14474435150623322,0.0,0.14364151656627655,0.0,0.01102836336940527,0.0009935417673067222,2
11030,graph,0.1362389177083969,0.0,0.13497450947761536,0.0,0.012644127011299133,0.000993529172260995,2
11031,graph,0.1202932596206665,0.0,0.11910267174243927,0.0,0.011905847117304802,0.0009935165651000929,2
11032,node,0.2648334503173828,0.0003329179889988154,0.0,0.26450052857398987,0.0,0.0009935039458243275,2
11033,graph,0.1022626981139183,0.0,0.10088184475898743,0.0,0.013808519579470158,0.0009934913144340099,2
11034,graph,0.1593528389930725,0.0,0.1582244634628296,0.0,0.011283757165074348,0.0009934786709294516,2
11035,graph,0.1300196498632431,0.0,0.1289144903421402,0.0,0.011051601730287075,0.0009934660153109649,2
11036,node,1.3031853437423706,0.0004779585578944534,0.0,1.3027074337005615,0.0,0.0009934533475788618,2
11037,graph,0.16112235188484192,0.0,0.15988722443580627,0.0,0.01235124096274376,0.000993440667733455,2
11038,graph,0.13106875121593475,0.0,0.1299138069152832,0.0,0.011549384333193302,0.0009934279757750574,2
11039,graph,0.21147096157073975,0.0,0.2103784680366516,0.0,0.010924914851784706,0.000993415271703982,2
11040,node,3.1525285243988037,0.00042561895679682493,0.0,3.1521029472351074,0.0,0.0009934025555205425,2
11041,graph,0.12132226675748825,0.0,0.12011758983135223,0.0,0.01204680185765028,0.0009933898272250523,2
11042,graph,0.14632312953472137,0.0,0.14492596685886383,0.0,0.013971654698252678,0.0009933770868178259,2
11043,graph,0.15586794912815094,0.0,0.15439064800739288,0.0,0.014772958122193813,0.0009933643342991774,2
11044,node,1.1954941749572754,0.00038369809044525027,0.0,1.1951104402542114,0.0,0.0009933515696694214,2
11045,graph,0.150691956281662,0.0,0.14929801225662231,0.0,0.013939459808170795,0.000993338792928873,2
11046,graph,0.11629307270050049,0.0,0.1151871532201767,0.0,0.011059178039431572,0.0009933260040778473,2
11047,graph,0.11991854012012482,0.0,0.11862197518348694,0.0,0.012965667061507702,0.00099331320311666,2
11048,node,1.7074390649795532,0.00046658297651447356,0.0,1.7069724798202515,0.0,0.000993300390045627,2
11049,graph,0.16180914640426636,0.0,0.16050046682357788,0.0,0.013086749240756035,0.0009932875648650643,2
11050,graph,0.13926783204078674,0.0,0.13819433748722076,0.0,0.010734989307820797,0.0009932747275752884,2
11051,graph,0.1315089613199234,0.0,0.13024432957172394,0.0,0.012646380811929703,0.0009932618781766161,2
11052,node,1.275635838508606,0.0004627852758858353,0.0,1.2751730680465698,0.0,0.0009932490166693643,2
11053,graph,0.1417500227689743,0.0,0.14062806963920593,0.0,0.011219469830393791,0.0009932361430538504,2
11054,graph,0.12577439844608307,0.0,0.12468457967042923,0.0,0.010898185893893242,0.0009932232573303921,2
11055,graph,0.1630641520023346,0.0,0.16190025210380554,0.0,0.011639060452580452,0.0009932103594993073,2
11056,node,3.0254907608032227,0.0004025269881822169,0.0,3.025088310241699,0.0,0.0009931974495609142,2
11057,graph,0.1225626990199089,0.0,0.12158606201410294,0.0,0.009766391478478909,0.0009931845275155315,2
11058,graph,0.1386074721813202,0.0,0.13729128241539001,0.0,0.013161884620785713,0.0009931715933634779,2
11059,graph,0.14494535326957703,0.0,0.14344561100006104,0.0,0.01499741431325674,0.0009931586471050727,2
11060,node,2.2376275062561035,0.0003316180664114654,0.0,2.2372958660125732,0.0,0.000993145688740635,2
11061,graph,0.16038945317268372,0.0,0.15907971560955048,0.0,0.013097343035042286,0.0009931327182704848,2
11062,graph,0.11686485260725021,0.0,0.11522041261196136,0.0,0.01644439436495304,0.0009931197356949422,2
11063,graph,0.11379219591617584,0.0,0.11222752928733826,0.0,0.015646696090698242,0.0009931067410143273,2
11064,node,5.177957057952881,0.00043208745773881674,0.0,5.177525043487549,0.0,0.000993093734228961,2
11065,graph,0.11799553036689758,0.0,0.11676030606031418,0.0,0.01235224585980177,0.000993080715339164,2
11066,graph,0.1335054188966751,0.0,0.13236042857170105,0.0,0.011449976824223995,0.0009930676843452576,2
11067,graph,0.2074972540140152,0.0,0.20643065869808197,0.0,0.010665936395525932,0.0009930546412475635,2
11068,node,2.727848529815674,0.0004982966929674149,0.0,2.7273502349853516,0.0,0.000993041586046403,2
11069,graph,0.16454772651195526,0.0,0.16320540010929108,0.0,0.013423268683254719,0.000993028518742099,2
11070,graph,0.15374891459941864,0.0,0.15255433320999146,0.0,0.011945771984755993,0.0009930154393349732,2
11071,graph,0.23314599692821503,0.0,0.2315608263015747,0.0,0.015851765871047974,0.0009930023478253488,2
11072,node,1.5102035999298096,0.0003782955463975668,0.0,1.509825348854065,0.0,0.0009929892442135486,2
11073,graph,0.17115606367588043,0.0,0.16997790336608887,0.0,0.011781668290495872,0.0009929761284998959,2
11074,graph,0.1612081676721573,0.0,0.15962642431259155,0.0,0.01581740193068981,0.0009929630006847144,2
11075,graph,0.14627400040626526,0.0,0.14485403895378113,0.0,0.014199650846421719,0.0009929498607683278,2
11076,node,0.9085952639579773,0.00041288239299319685,0.0,0.9081823825836182,0.0,0.0009929367087510607,2
11077,graph,0.18761104345321655,0.0,0.1865234524011612,0.0,0.010875924490392208,0.0009929235446332373,2
11078,graph,0.1146787777543068,0.0,0.11344140768051147,0.0,0.012373730540275574,0.0009929103684151828,2
11079,graph,0.12156707048416138,0.0,0.12033747881650925,0.0,0.012295915745198727,0.0009928971800972218,2
11080,node,2.775951385498047,0.0003652377054095268,0.0,2.7755861282348633,0.0,0.0009928839796796802,2
11081,graph,nan,0.0,0.11552750319242477,0.0,0.013807179406285286,0.0009928707671628834,3
11082,graph,nan,0.0,0.9546971321105957,0.0,0.7160565257072449,0.0009928575425471576,3
11083,graph,nan,0.0,1.0463433265686035,0.0,0.709186851978302,0.0009928443058328288,3
11084,node,nan,0.0005330670974217355,0.0,5.554210662841797,0.0,0.0009928310570202236,3
11085,graph,nan,0.0,0.8514590859413147,0.0,0.740184485912323,0.0009999866367140437,2
11086,graph,0.18222665786743164,0.0,0.18107275664806366,0.0,0.011538953520357609,0.00099997326738033,2
11087,graph,0.13232968747615814,0.0,0.13102948665618896,0.0,0.013001938350498676,0.0009999598858615286,2
11088,node,0.4567650556564331,0.005255269818007946,0.0,0.4515097737312317,0.0,0.0009999464921579696,2
11089,graph,0.2278052121400833,0.0,0.22635585069656372,0.0,0.01449364610016346,0.0009999330862699835,2
11090,graph,0.2169407159090042,0.0,0.21543505787849426,0.0,0.015056518837809563,0.0009999196681979012,2
11091,graph,0.11926551163196564,0.0,0.11783456802368164,0.0,0.014309446327388287,0.0009999062379420535,2
11092,node,0.9814574122428894,0.005664634518325329,0.0,0.9757927656173706,0.0,0.0009998927955027722,2
11093,graph,0.15045182406902313,0.0,0.14934979379177094,0.0,0.011020306497812271,0.0009998793408803885,2
11094,graph,0.1794068068265915,0.0,0.17824283242225647,0.0,0.01163975428789854,0.0009998658740752347,2
11095,graph,0.366753488779068,0.0,0.3652140498161316,0.0,0.015394376590847969,0.000999852395087643,2
11096,node,0.4119361340999603,0.004597048740833998,0.0,0.40733909606933594,0.0,0.000999838903917946,2
11097,graph,0.2739732563495636,0.0,0.272664874792099,0.0,0.01308391522616148,0.0009998254005664767,2
11098,graph,0.17512276768684387,0.0,0.17362254858016968,0.0,0.015002120286226273,0.000999811885033568,2
11099,graph,0.15815620124340057,0.0,0.15671971440315247,0.0,0.014364928938448429,0.0009997983573195536,2
11100,node,2.941681385040283,0.002089814282953739,0.0,2.939591646194458,0.0,0.0009997848174247673,2
11101,graph,0.15481476485729218,0.0,0.1532089114189148,0.0,0.016058562323451042,0.000999771265349543,2
11102,graph,0.16199128329753876,0.0,0.16070690751075745,0.0,0.012843728065490723,0.000999757701094215,2
11103,graph,0.14431792497634888,0.0,0.14287027716636658,0.0,0.01447650883346796,0.0009997441246591184,2
11104,node,3.651531934738159,0.0047195227816700935,0.0,3.6468124389648438,0.0,0.000999730536044588,2
11105,graph,0.19430497288703918,0.0,0.1931711733341217,0.0,0.011337949894368649,0.0009997169352509588,2
11106,graph,0.12586434185504913,0.0,0.12449902296066284,0.0,0.01365320198237896,0.000999703322278567,2
11107,graph,0.1409834921360016,0.0,0.1398008018732071,0.0,0.011826857924461365,0.0009996896971277477,2
11108,node,0.9506468772888184,0.007511276286095381,0.0,0.9431356191635132,0.0,0.0009996760597988377,2
11109,graph,0.12392829358577728,0.0,0.12268170714378357,0.0,0.012465856969356537,0.0009996624102921732,2
11110,graph,0.23679357767105103,0.0,0.2354278862476349,0.0,0.013656854629516602,0.0009996487486080912,2
11111,graph,0.16233035922050476,0.0,0.1612122654914856,0.0,0.011180867440998554,0.0009996350747469285,2
11112,node,1.8295077085494995,0.010100697167217731,0.0,1.8194069862365723,0.0,0.0009996213887090227,2
11113,graph,0.16065146028995514,0.0,0.1594420224428177,0.0,0.012094344012439251,0.0009996076904947116,2
11114,graph,0.15604476630687714,0.0,0.1548529863357544,0.0,0.011917761527001858,0.0009995939801043328,2
11115,graph,0.12887516617774963,0.0,0.12728716433048248,0.0,0.01588006503880024,0.0009995802575382248,2
11116,node,1.1664620637893677,0.005550565663725138,0.0,1.1609114408493042,0.0,0.0009995665227967264,2
11117,graph,0.2061525583267212,0.0,0.20455408096313477,0.0,0.01598476432263851,0.0009995527758801762,2
11118,graph,0.1608063131570816,0.0,0.1593758761882782,0.0,0.01430432964116335,0.0009995390167889136,2
11119,graph,0.14548614621162415,0.0,0.14443495869636536,0.0,0.010511854663491249,0.000999525245523278,2
11120,node,0.5501147508621216,0.0028287393506616354,0.0,0.5472860336303711,0.0,0.000999511462083609,2
11121,graph,0.14186708629131317,0.0,0.1407122164964676,0.0,0.011548626236617565,0.000999497666470247,2
11122,graph,0.14665186405181885,0.0,0.14536863565444946,0.0,0.01283221784979105,0.0009994838586835323,2
11123,graph,0.16291305422782898,0.0,0.1617586314678192,0.0,0.011544293724000454,0.0009994700387238055,2
11124,node,1.0877983570098877,0.0017186161130666733,0.0,1.086079716682434,0.0,0.0009994562065914077,2
11125,graph,0.13759475946426392,0.0,0.1365073174238205,0.0,0.010874426923692226,0.0009994423622866802,2
11126,graph,0.1835150420665741,0.0,0.182297021150589,0.0,0.01218028087168932,0.0009994285058099646,2
11127,graph,0.2359975278377533,0.0,0.23480921983718872,0.0,0.011883063241839409,0.0009994146371616027,2
11128,node,0.8456519246101379,0.0011022777762264013,0.0,0.8445496559143066,0.0,0.0009994007563419367,2
11129,graph,0.13337409496307373,0.0,0.132246732711792,0.0,0.011273586191236973,0.000999386863351309,2
11130,graph,0.21572645008563995,0.0,0.21455077826976776,0.0,0.011756773106753826,0.0009993729581900628,2
11131,graph,0.14029043912887573,0.0,0.13898023962974548,0.0,0.01310199499130249,0.0009993590408585407,2
11132,node,4.1790690422058105,0.0014087359886616468,0.0,4.1776604652404785,0.0,0.0009993451113570863,2
11133,graph,0.17404717206954956,0.0,0.17277154326438904,0.0,0.012756221927702427,0.0009993311696860434,2
11134,graph,0.17361101508140564,0.0,0.17216961085796356,0.0,0.014414033852517605,0.000999317215845756,2
11135,graph,0.1782686412334442,0.0,0.17697998881340027,0.0,0.01288647297769785,0.000999303249836568,2
11136,node,41.15119934082031,0.001545691629871726,0.0,41.149654388427734,0.0,0.0009992892716588246,2
11137,graph,0.26839083433151245,0.0,0.2666115462779999,0.0,0.01779274269938469,0.0009992752813128703,2
11138,graph,0.16194909811019897,0.0,0.1608159840106964,0.0,0.011331209912896156,0.0009992612787990505,2
11139,graph,0.20674338936805725,0.0,0.20511507987976074,0.0,0.016283052042126656,0.0009992472641177103,2
11140,node,1.319968581199646,0.0014978687977418303,0.0,1.3184707164764404,0.0,0.000999233237269196,2
11141,graph,0.19538192451000214,0.0,0.1941228061914444,0.0,0.012591232545673847,0.0009992191982538534,2
11142,graph,0.16150444746017456,0.0,0.1602085381746292,0.0,0.012959162704646587,0.0009992051470720292,2
11143,graph,0.1965050995349884,0.0,0.19531525671482086,0.0,0.011898376978933811,0.00099919108372407,2
11144,node,1.673037052154541,0.001765983528457582,0.0,1.6712710857391357,0.0,0.0009991770082103224,2
11145,graph,0.18284595012664795,0.0,0.18178614974021912,0.0,0.010597937740385532,0.000999162920531134,2
11146,graph,0.13360296189785004,0.0,0.132338285446167,0.0,0.012646816670894623,0.0009991488206868525,2
11147,graph,0.15136922895908356,0.0,0.15031614899635315,0.0,0.010530871339142323,0.0009991347086778255,2
11148,node,4.500821113586426,0.0019053776049986482,0.0,4.498915672302246,0.0,0.0009991205845044015,2
11149,graph,0.1563153862953186,0.0,0.15516331791877747,0.0,0.011520680971443653,0.000999106448166929,2
11150,graph,0.1506752222776413,0.0,0.14922776818275452,0.0,0.014474513940513134,0.0009990922996657564,2
11151,graph,0.18301865458488464,0.0,0.18164724111557007,0.0,0.013714105822145939,0.0009990781390012335,2
11152,node,0.7364897131919861,0.0025063271168619394,0.0,0.7339833974838257,0.0,0.000999063966173709,2
11153,graph,0.22884231805801392,0.0,0.2275821566581726,0.0,0.012601588852703571,0.000999049781183533,2
11154,graph,0.1673572063446045,0.0,0.16616907715797424,0.0,0.011881302110850811,0.0009990355840310554,2
11155,graph,0.1343424916267395,0.0,0.1329583078622818,0.0,0.013841794803738594,0.0009990213747166265,2
11156,node,1.8808021545410156,0.0027634575963020325,0.0,1.8780386447906494,0.0,0.000999007153240597,2
11157,graph,0.16849933564662933,0.0,0.16731032729148865,0.0,0.011890153400599957,0.0009989929196033175,2
11158,graph,0.19166533648967743,0.0,0.19038011133670807,0.0,0.012852209620177746,0.0009989786738051395,2
11159,graph,0.20270992815494537,0.0,0.2016555666923523,0.0,0.010543621145188808,0.0009989644158464143,2
11160,node,1.118725061416626,0.006220795214176178,0.0,1.112504243850708,0.0,0.0009989501457274938,2
11161,graph,0.25833022594451904,0.0,0.2569500207901001,0.0,0.01380214188247919,0.00099893586344873,2
11162,graph,0.18386691808700562,0.0,0.18266066908836365,0.0,0.012062481604516506,0.0009989215690104757,2
11163,graph,0.13292832672595978,0.0,0.13179486989974976,0.0,0.011334595270454884,0.000998907262413083,2
11164,node,1.1582369804382324,0.004131070803850889,0.0,1.1541059017181396,0.0,0.0009988929436569054,2
11165,graph,0.15206433832645416,0.0,0.15108168125152588,0.0,0.009826544672250748,0.000998878612742296,2
11166,graph,0.14213323593139648,0.0,0.14107532799243927,0.0,0.01057902816683054,0.0009988642696696084,2
11167,graph,0.1604091078042984,0.0,0.15892601013183594,0.0,0.014830922707915306,0.0009988499144391965,2
11168,node,3.121164083480835,0.0022340165451169014,0.0,3.1189301013946533,0.0,0.0009988355470514146,2
11169,graph,0.20364388823509216,0.0,0.2023906409740448,0.0,0.01253241952508688,0.0009988211675066169,2
11170,graph,0.1807897388935089,0.0,0.17925526201725006,0.0,0.015344828367233276,0.0009988067758051585,2
11171,graph,0.13523609936237335,0.0,0.13385045528411865,0.0,0.0138563746586442,0.0009987923719473942,2
11172,node,0.49511733651161194,0.002863616216927767,0.0,0.49225372076034546,0.0,0.0009987779559336798,2
11173,graph,0.2129412442445755,0.0,0.2115846574306488,0.0,0.013565914705395699,0.0009987635277643708,2
11174,graph,0.22877752780914307,0.0,0.22753217816352844,0.0,0.01245351042598486,0.0009987490874398231,2
11175,graph,0.13563327491283417,0.0,0.13435640931129456,0.0,0.012768636457622051,0.0009987346349603933,2
11176,node,1.601668119430542,0.0016622749390080571,0.0,1.600005865097046,0.0,0.0009987201703264377,2
11177,graph,0.12591905891895294,0.0,0.12473694980144501,0.0,0.011821073479950428,0.0009987056935383133,2
11178,graph,0.156862273812294,0.0,0.1555294543504715,0.0,0.013328216038644314,0.0009986912045963775,2
11179,graph,0.15465717017650604,0.0,0.15328538417816162,0.0,0.013717882335186005,0.0009986767035009875,2
11180,node,0.654217541217804,0.001749798539094627,0.0,0.6524677276611328,0.0,0.0009986621902525015,2
11181,graph,0.19501791894435883,0.0,0.19379907846450806,0.0,0.012188343331217766,0.000998647664851277,2
11182,graph,0.16635701060295105,0.0,0.16519472002983093,0.0,0.011622910387814045,0.0009986331272976727,2
11183,graph,0.15676133334636688,0.0,0.15544942021369934,0.0,0.013119162060320377,0.0009986185775920475,2
11184,node,1.492483139038086,0.0028076430317014456,0.0,1.489675521850586,0.0,0.00099860401573476,2
11185,graph,0.18959537148475647,0.0,0.1884569674730301,0.0,0.011384095996618271,0.0009985894417261698,2
11186,graph,0.367792010307312,0.0,0.36651137471199036,0.0,0.012806450948119164,0.0009985748555666363,2
11187,graph,0.15738151967525482,0.0,0.1560852825641632,0.0,0.012962346896529198,0.0009985602572565196,2
11188,node,0.7083157896995544,0.0013629025779664516,0.0,0.7069528698921204,0.0,0.0009985456467961798,2
11189,graph,0.1502857506275177,0.0,0.14888516068458557,0.0,0.014005854725837708,0.0009985310241859774,2
11190,graph,0.21206338703632355,0.0,0.2106655389070511,0.0,0.013978449627757072,0.0009985163894262734,2
11191,graph,0.13340385258197784,0.0,0.13203105330467224,0.0,0.0137279462069273,0.0009985017425174286,2
11192,node,0.7860385179519653,0.001108574797399342,0.0,0.7849299311637878,0.0,0.0009984870834598043,2
11193,graph,0.14639103412628174,0.0,0.14505517482757568,0.0,0.013358624652028084,0.0009984724122537624,2
11194,graph,0.1701497733592987,0.0,0.16890689730644226,0.0,0.012428736314177513,0.0009984577288996651,2
11195,graph,0.1706506460905075,0.0,0.16974158585071564,0.0,0.009090529754757881,0.0009984430333978744,2
11196,node,0.4939884841442108,0.0009784679859876633,0.0,0.493010014295578,0.0,0.0009984283257487533,2
11197,graph,0.14781439304351807,0.0,0.14658123254776,0.0,0.012331635691225529,0.0009984136059526642,2
11198,graph,0.12856857478618622,0.0,0.12742678821086884,0.0,0.011417907662689686,0.0009983988740099703,2
11199,graph,0.15991543233394623,0.0,0.15863960981369019,0.0,0.012758179567754269,0.0009983841299210355,2
11200,node,1.5198172330856323,0.0011101510608568788,0.0,1.518707036972046,0.0,0.0009983693736862233,2
11201,graph,0.17722612619400024,0.0,0.17584995925426483,0.0,0.013761653564870358,0.0009983546053058978,2
11202,graph,0.11522915214300156,0.0,0.11393525451421738,0.0,0.012938950210809708,0.0009983398247804234,2
11203,graph,0.11962419748306274,0.0,0.11822620034217834,0.0,0.013979952782392502,0.000998325032110165,2
11204,node,0.5318255424499512,0.0016714640660211444,0.0,0.5301540493965149,0.0,0.0009983102272954876,2
11205,graph,0.1405596137046814,0.0,0.1393958032131195,0.0,0.011638054624199867,0.0009982954103367563,2
11206,graph,0.16046878695487976,0.0,0.1591622680425644,0.0,0.013065139763057232,0.0009982805812343367,2
11207,graph,0.17122381925582886,0.0,0.1699695885181427,0.0,0.01254235953092575,0.0009982657399885946,2
11208,node,0.7589068412780762,0.0013042395003139973,0.0,0.7576025724411011,0.0,0.0009982508865998966,2
11209,graph,0.21756719052791595,0.0,0.21656718850135803,0.0,0.009999999776482582,0.0009982360210686087,2
11210,graph,0.14829139411449432,0.0,0.1471964418888092,0.0,0.010949489660561085,0.000998221143395098,2
11211,graph,0.1261010766029358,0.0,0.12502539157867432,0.0,0.010756834410130978,0.0009982062535797314,2
11212,node,1.01059091091156,0.0008686701767146587,0.0,1.0097222328186035,0.0,0.0009981913516228765,2
11213,graph,0.1763828843832016,0.0,0.17523249983787537,0.0,0.011503782123327255,0.0009981764375249008,2
11214,graph,0.16269855201244354,0.0,0.16152332723140717,0.0,0.011752231046557426,0.0009981615112861725,2
11215,graph,0.17348259687423706,0.0,0.17234984040260315,0.0,0.011327607557177544,0.0009981465729070598,2
11216,node,3.5851707458496094,0.0006054668920114636,0.0,3.5845651626586914,0.0,0.0009981316223879313,2
11217,graph,0.13464480638504028,0.0,0.13350754976272583,0.0,0.011372528970241547,0.000998116659729156,2
11218,graph,0.2449190467596054,0.0,0.2434116154909134,0.0,0.015074364840984344,0.0009981016849311027,2
11219,graph,0.20524591207504272,0.0,0.2038474678993225,0.0,0.013984451070427895,0.000998086697994141,2
11220,node,1.504202961921692,0.0006595367449335754,0.0,1.5035433769226074,0.0,0.000998071698918641,2
11221,graph,0.14896990358829498,0.0,0.14762882888317108,0.0,0.013410708867013454,0.0009980566877049724,2
11222,graph,0.21770872175693512,0.0,0.21672315895557404,0.0,0.009855588898062706,0.000998041664353506,2
11223,graph,0.17143140733242035,0.0,0.16996335983276367,0.0,0.014680404216051102,0.0009980266288646125,2
11224,node,4.3185343742370605,0.0005984384333714843,0.0,4.317935943603516,0.0,0.0009980115812386623,2
11225,graph,0.17293542623519897,0.0,0.17154577374458313,0.0,0.013896595686674118,0.0009979965214760272,2
11226,graph,0.2537560760974884,0.0,0.25252729654312134,0.0,0.012287778779864311,0.0009979814495770785,2
11227,graph,0.1457880139350891,0.0,0.14447441697120667,0.0,0.013136017136275768,0.0009979663655421884,2
11228,node,1.2010751962661743,0.0008861857932060957,0.0,1.2001889944076538,0.0,0.0009979512693717287,2
11229,graph,0.15125124156475067,0.0,0.15005488693714142,0.0,0.011963586322963238,0.0009979361610660722,2
11230,graph,0.16156230866909027,0.0,0.1604202389717102,0.0,0.011420685797929764,0.0009979210406255916,2
11231,graph,0.13294614851474762,0.0,0.13187459111213684,0.0,0.01071555819362402,0.00099790590805066,2
11232,node,1.5855567455291748,0.0007855891017243266,0.0,1.5847711563110352,0.0,0.0009978907633416505,2
11233,graph,0.13212618231773376,0.0,0.13083750009536743,0.0,0.012886797077953815,0.000997875606498937,2
11234,graph,0.14828439056873322,0.0,0.14700743556022644,0.0,0.012769555673003197,0.0009978604375228937,2
11235,graph,0.163361057639122,0.0,0.1619403064250946,0.0,0.014207491651177406,0.0009978452564138947,2
11236,node,0.8722673058509827,0.0007313796668313444,0.0,0.8715358972549438,0.0,0.0009978300631723145,2
11237,graph,0.2522851526737213,0.0,0.25116413831710815,0.0,0.011210170574486256,0.000997814857798528,2
11238,graph,0.1781320571899414,0.0,0.17696942389011383,0.0,0.011626374907791615,0.0009977996402929104,2
11239,graph,0.16509215533733368,0.0,0.16400936245918274,0.0,0.010827898979187012,0.000997784410655837,2
11240,node,0.8492799997329712,0.0005005246493965387,0.0,0.8487794995307922,0.0,0.0009977691688876841,2
11241,graph,0.138062983751297,0.0,0.13687235116958618,0.0,0.011906393803656101,0.0009977539149888272,2
11242,graph,0.2036760300397873,0.0,0.2023252248764038,0.0,0.01350798923522234,0.0009977386489596432,2
11243,graph,0.1447468101978302,0.0,0.1433878093957901,0.0,0.013590037822723389,0.0009977233708005082,2
11244,node,2.063014268875122,0.0005816537886857986,0.0,2.0624325275421143,0.0,0.0009977080805117994,2
11245,graph,0.12286049127578735,0.0,0.12162892520427704,0.0,0.012315631844103336,0.0009976927780938941,2
11246,graph,0.16518287360668182,0.0,0.16370540857315063,0.0,0.01477458793669939,0.00099767746354717,2
11247,graph,0.17559564113616943,0.0,0.17448049783706665,0.0,0.011151507496833801,0.000997662136872005,2
11248,node,3.5263733863830566,0.0006934637785889208,0.0,3.52567982673645,0.0,0.000997646798068777,2
11249,graph,0.17468664050102234,0.0,0.1733342558145523,0.0,0.013523904606699944,0.0009976314471378646,2
11250,graph,0.15542975068092346,0.0,0.15412411093711853,0.0,0.013056444935500622,0.0009976160840796467,2
11251,graph,0.16831502318382263,0.0,0.16700005531311035,0.0,0.013149713166058064,0.0009976007088945023,2
11252,node,0.6312810778617859,0.0008888981537893414,0.0,0.6303921937942505,0.0,0.0009975853215828106,2
11253,graph,0.15257768332958221,0.0,0.15136994421482086,0.0,0.012077421881258488,0.0009975699221449513,2
11254,graph,0.17449723184108734,0.0,0.17330417037010193,0.0,0.011930558830499649,0.0009975545105813046,2
11255,graph,0.166758731007576,0.0,0.165620818734169,0.0,0.011379140429198742,0.0009975390868922505,2
11256,node,0.36368054151535034,0.0007169396267272532,0.0,0.36296358704566956,0.0,0.0009975236510781698,2
11257,graph,0.17231300473213196,0.0,0.17091281712055206,0.0,0.014001945964992046,0.0009975082031394432,2
11258,graph,0.13051676750183105,0.0,0.1292308270931244,0.0,0.012859444133937359,0.000997492743076452,2
11259,graph,0.16749581694602966,0.0,0.16619464755058289,0.0,0.013011622242629528,0.0009974772708895773,2
11260,node,0.7633969187736511,0.0005583828315138817,0.0,0.7628385424613953,0.0,0.0009974617865792013,2
11261,graph,0.1753852665424347,0.0,0.17415043711662292,0.0,0.012348253279924393,0.000997446290145706,2
11262,graph,0.13778124749660492,0.0,0.13664279878139496,0.0,0.011384439654648304,0.0009974307815894736,2
11263,graph,0.1567893922328949,0.0,0.1553424447774887,0.0,0.014469420537352562,0.0009974152609108868,2
11264,node,3.774782419204712,0.001272365334443748,0.0,3.773509979248047,0.0,0.0009973997281103285,2
11265,graph,0.12353667616844177,0.0,0.12231843918561935,0.0,0.01218237355351448,0.000997384183188182,2
11266,graph,0.1389184445142746,0.0,0.13762331008911133,0.0,0.01295130979269743,0.0009973686261448309,2
11267,graph,0.12938909232616425,0.0,0.12826412916183472,0.0,0.011249621398746967,0.0009973530569806592,2
11268,node,0.6671395301818848,0.0011792847653850913,0.0,0.6659602522850037,0.0,0.0009973374756960507,2
11269,graph,0.12290998548269272,0.0,0.12166449427604675,0.0,0.012454946525394917,0.0009973218822913901,2
11270,graph,0.1246025487780571,0.0,0.12362176179885864,0.0,0.009807886555790901,0.000997306276767062,2
11271,graph,0.1265343874692917,0.0,0.1253272145986557,0.0,0.012071745470166206,0.0009972906591234516,2
11272,node,3.312375783920288,0.0009933797409757972,0.0,3.311382293701172,0.0,0.0009972750293609442,2
11273,graph,0.13282640278339386,0.0,0.13148009777069092,0.0,0.013463017530739307,0.0009972593874799252,2
11274,graph,0.21007296442985535,0.0,0.20866577327251434,0.0,0.014071882702410221,0.0009972437334807812,2
11275,graph,0.1336662322282791,0.0,0.13265559077262878,0.0,0.010106456466019154,0.0009972280673638978,2
11276,node,1.1996194124221802,0.0005274612922221422,0.0,1.199091911315918,0.0,0.0009972123891296618,2
11277,graph,0.12268558889627457,0.0,0.12157026678323746,0.0,0.01115324441343546,0.0009971966987784601,2
11278,graph,0.12801341712474823,0.0,0.12678396701812744,0.0,0.012294570915400982,0.0009971809963106796,2
11279,graph,0.13273455202579498,0.0,0.13159774243831635,0.0,0.011368121951818466,0.000997165281726708,2
11280,node,0.9298025369644165,0.0006313800113275647,0.0,0.9291711449623108,0.0,0.000997149555026933,2
11281,graph,0.2310650795698166,0.0,0.22982293367385864,0.0,0.01242140308022499,0.0009971338162117426,2
11282,graph,0.1502721607685089,0.0,0.14897532761096954,0.0,0.012968301773071289,0.000997118065281525,2
11283,graph,0.14165098965168,0.0,0.14028307795524597,0.0,0.013679170049726963,0.000997102302236669,2
11284,node,0.8363714814186096,0.0007627909653820097,0.0,0.8356086611747742,0.0,0.0009970865270775638,2
11285,graph,0.23381376266479492,0.0,0.23260970413684845,0.0,0.012040595524013042,0.000997070739804598,2
11286,graph,0.13928622007369995,0.0,0.13808657228946686,0.0,0.011996535584330559,0.0009970549404181616,2
11287,graph,0.12384766340255737,0.0,0.12285134196281433,0.0,0.009963249787688255,0.0009970391289186443,2
11288,node,0.6135909557342529,0.00047624058788642287,0.0,0.6131147146224976,0.0,0.0009970233053064363,2
11289,graph,0.1418122947216034,0.0,0.14056336879730225,0.0,0.012489230372011662,0.000997007469581928,2
11290,graph,0.15005464851856232,0.0,0.14891751110553741,0.0,0.011371382512152195,0.0009969916217455101,2
11291,graph,0.22709864377975464,0.0,0.2257879227399826,0.0,0.013107232749462128,0.0009969757617975736,2
11292,node,47.689727783203125,0.0007876779418438673,0.0,47.688941955566406,0.0,0.0009969598897385098,2
11293,graph,0.16045059263706207,0.0,0.1590597927570343,0.0,0.013907973654568195,0.0009969440055687105,2
11294,graph,0.16914711892604828,0.0,0.168073832988739,0.0,0.01073283888399601,0.0009969281092885674,2
11295,graph,0.13457806408405304,0.0,0.13335788249969482,0.0,0.012201748788356781,0.000996912200898473,2
11296,node,1.1796921491622925,0.0010088307317346334,0.0,1.1786832809448242,0.0,0.0009968962803988196,2
11297,graph,0.129163458943367,0.0,0.12770238518714905,0.0,0.01461070030927658,0.00099688034779,2
11298,graph,0.23179863393306732,0.0,0.2304702252149582,0.0,0.013284033164381981,0.0009968644030724076,2
11299,graph,0.13681498169898987,0.0,0.1354450285434723,0.0,0.01369953528046608,0.0009968484462464355,2
11300,node,2.496730089187622,0.0009158302564173937,0.0,2.495814323425293,0.0,0.0009968324773124775,2
11301,graph,0.14002221822738647,0.0,0.1385684311389923,0.0,0.01453789696097374,0.000996816496270928,2
11302,graph,0.1805296242237091,0.0,0.17920629680156708,0.0,0.013233277946710587,0.0009968005031221806,2
11303,graph,0.14999230206012726,0.0,0.148847758769989,0.0,0.011445492506027222,0.0009967844978666304,2
11304,node,0.8366478085517883,0.0006798062822781503,0.0,0.835968017578125,0.0,0.0009967684805046724,2
11305,graph,0.17279654741287231,0.0,0.17151464521884918,0.0,0.012819088064134121,0.0009967524510367015,2
11306,graph,0.15064403414726257,0.0,0.1493435800075531,0.0,0.013004496693611145,0.0009967364094631134,2
11307,graph,0.13204768300056458,0.0,0.13071474432945251,0.0,0.01332942582666874,0.0009967203557843037,2
11308,node,0.28443101048469543,0.0008130689384415746,0.0,0.28361794352531433,0.0,0.0009967042900006688,2
11309,graph,0.18009328842163086,0.0,0.17866428196430206,0.0,0.01429010834544897,0.000996688212112605,2
11310,graph,0.14103469252586365,0.0,0.13989707827568054,0.0,0.01137614343315363,0.000996672122120509,2
11311,graph,0.1475699245929718,0.0,0.14640024304389954,0.0,0.011696843430399895,0.0009966560200247777,2
11312,node,2.4347991943359375,0.0006338110542856157,0.0,2.4341654777526855,0.0,0.0009966399058258084,2
11313,graph,0.20732581615447998,0.0,0.20599153637886047,0.0,0.013342807069420815,0.0009966237795239988,2
11314,graph,0.15725992619991302,0.0,0.15598975121974945,0.0,0.012701699510216713,0.0009966076411197467,2
11315,graph,0.12521277368068695,0.0,0.12384701520204544,0.0,0.013657617382705212,0.0009965914906134505,2
11316,node,1.5582771301269531,0.0005896162474527955,0.0,1.557687520980835,0.0,0.0009965753280055088,2
11317,graph,0.17509327828884125,0.0,0.17385916411876678,0.0,0.012341145426034927,0.00099655915329632,2
11318,graph,0.16390393674373627,0.0,0.16260766983032227,0.0,0.012962679378688335,0.0009965429664862834,2
11319,graph,0.13340245187282562,0.0,0.13197490572929382,0.0,0.01427545491605997,0.0009965267675757982,2
11320,node,0.9690341949462891,0.0006134269060567021,0.0,0.9684207439422607,0.0,0.0009965105565652643,2
11321,graph,0.1896556168794632,0.0,0.18831536173820496,0.0,0.013402617536485195,0.0009964943334550818,2
11322,graph,0.15593300759792328,0.0,0.15458926558494568,0.0,0.013437366113066673,0.0009964780982456508,2
11323,graph,0.13327844440937042,0.0,0.13204768300056458,0.0,0.012307552620768547,0.000996461850937372,2
11324,node,4.405007362365723,0.0008279046160168946,0.0,4.404179573059082,0.0,0.000996445591530646,2
11325,graph,0.1391243040561676,0.0,0.13767531514167786,0.0,0.014489877037703991,0.0009964293200258744,2
11326,graph,0.1723070591688156,0.0,0.17098723351955414,0.0,0.0131983058527112,0.0009964130364234585,2
11327,graph,0.1662546843290329,0.0,0.1650215983390808,0.0,0.012330870144069195,0.0009963967407237999,2
11328,node,1.071197271347046,0.0006540932809002697,0.0,1.0705431699752808,0.0,0.0009963804329273008,2
11329,graph,0.218673974275589,0.0,0.21753844618797302,0.0,0.01135528739541769,0.0009963641130343638,2
11330,graph,0.15589039027690887,0.0,0.15471573173999786,0.0,0.011746521107852459,0.0009963477810453914,2
11331,graph,0.16618353128433228,0.0,0.1650938093662262,0.0,0.010897190310060978,0.0009963314369607864,2
11332,node,2.5802557468414307,0.0006152238347567618,0.0,2.5796406269073486,0.0,0.0009963150807809525,2
11333,graph,0.24929441511631012,0.0,0.24809008836746216,0.0,0.012043309397995472,0.0009962987125062927,2
11334,graph,0.15915115177631378,0.0,0.15794958174228668,0.0,0.0120156928896904,0.0009962823321372114,2
11335,graph,0.12440550327301025,0.0,0.12331611663103104,0.0,0.01089385338127613,0.0009962659396741125,2
11336,node,1.3583369255065918,0.0007229949114844203,0.0,1.3576139211654663,0.0,0.0009962495351174005,2
11337,graph,0.19935519993305206,0.0,0.19791382551193237,0.0,0.014413812197744846,0.0009962331184674802,2
11338,graph,0.1554405689239502,0.0,0.15390728414058685,0.0,0.015332827344536781,0.0009962166897247568,2
11339,graph,0.14190655946731567,0.0,0.14094248414039612,0.0,0.009640781208872795,0.0009962002488896355,2
11340,node,0.597837507724762,0.0006238821661099792,0.0,0.597213625907898,0.0,0.000996183795962522,2
11341,graph,0.13043160736560822,0.0,0.12926357984542847,0.0,0.011680308729410172,0.000996167330943822,2
11342,graph,0.14203116297721863,0.0,0.1405925154685974,0.0,0.014386498369276524,0.0009961508538339423,2
11343,graph,0.11640960723161697,0.0,0.11531046777963638,0.0,0.010991365648806095,0.000996134364633289,2
11344,node,3.059666872024536,0.0004478842602111399,0.0,3.0592188835144043,0.0,0.000996117863342269,2
11345,graph,0.12528976798057556,0.0,0.12396080791950226,0.0,0.013289596885442734,0.0009961013499612897,2
11346,graph,0.16232433915138245,0.0,0.1612435281276703,0.0,0.010808059945702553,0.0009960848244907584,2
11347,graph,0.12889806926250458,0.0,0.12779240310192108,0.0,0.0110566271468997,0.000996068286931083,2
11348,node,0.4708390533924103,0.0005160580039955676,0.0,0.47032299637794495,0.0,0.000996051737282671,2
11349,graph,0.13356487452983856,0.0,0.13244958221912384,0.0,0.011152884922921658,0.0009960351755459317,2
11350,graph,0.13048122823238373,0.0,0.1292579025030136,0.0,0.01223321445286274,0.0009960186017212728,2
11351,graph,0.14840559661388397,0.0,0.1470630019903183,0.0,0.013425929471850395,0.000996002015809104,2
11352,node,45.67506408691406,0.000504968804307282,0.0,45.674560546875,0.0,0.0009959854178098338,2
11353,graph,0.1268046796321869,0.0,0.12560929358005524,0.0,0.011953802779316902,0.0009959688077238724,2
11354,graph,0.15449553728103638,0.0,0.15335866808891296,0.0,0.011368638835847378,0.0009959521855516292,2
11355,graph,0.1206735149025917,0.0,0.11955146491527557,0.0,0.011220524087548256,0.0009959355512935146,2
11356,node,0.8188232779502869,0.0005428839940577745,0.0,0.8182803988456726,0.0,0.000995918904949939,2
11357,graph,0.11011473834514618,0.0,0.10913196206092834,0.0,0.009827748872339725,0.000995902246521313,2
11358,graph,0.12840406596660614,0.0,0.12719884514808655,0.0,0.012052166275680065,0.0009958855760080476,2
11359,graph,0.1845051348209381,0.0,0.1834210455417633,0.0,0.010840950533747673,0.0009958688934105543,2
11360,node,1.1778806447982788,0.0006342795095406473,0.0,1.177246332168579,0.0,0.0009958521987292446,2
11361,graph,0.25686126947402954,0.0,0.2558445930480957,0.0,0.010166654363274574,0.0009958354919645306,2
11362,graph,0.12496339529752731,0.0,0.12365500628948212,0.0,0.013083867728710175,0.0009958187731168243,2
11363,graph,0.16162124276161194,0.0,0.16048112511634827,0.0,0.011401109397411346,0.0009958020421865384,2
11364,node,0.4467574656009674,0.0005204521003179252,0.0,0.4462370276451111,0.0,0.0009957852991740856,2
11365,graph,0.1743202805519104,0.0,0.17290449142456055,0.0,0.01415794063359499,0.000995768544079879,2
11366,graph,0.13654762506484985,0.0,0.13540804386138916,0.0,0.011395828798413277,0.0009957517769043323,2
11367,graph,0.12679100036621094,0.0,0.12542873620986938,0.0,0.0136226462200284,0.0009957349976478587,2
11368,node,6.012172698974609,0.0005208735819905996,0.0,6.011651992797852,0.0,0.0009957182063108725,2
11369,graph,0.1464158594608307,0.0,0.14531102776527405,0.0,0.011048359796404839,0.000995701402893788,2
11370,graph,0.1426202654838562,0.0,0.14135989546775818,0.0,0.012603645212948322,0.00099568458739702,2
11371,graph,0.14658893644809723,0.0,0.1453394889831543,0.0,0.012494517490267754,0.0009956677598209833,2
11372,node,1.6917808055877686,0.0005767996190115809,0.0,1.6912039518356323,0.0,0.0009956509201660927,2
11373,graph,0.11527920514345169,0.0,0.11408139765262604,0.0,0.011978082358837128,0.0009956340684327642,2
11374,graph,0.1601540893316269,0.0,0.15888944268226624,0.0,0.012646446004509926,0.0009956172046214134,2
11375,graph,0.12709929049015045,0.0,0.12548735737800598,0.0,0.016119346022605896,0.0009956003287324565,2
11376,node,1.3585551977157593,0.0005162685993127525,0.0,1.3580389022827148,0.0,0.0009955834407663097,2
11377,graph,0.12842310965061188,0.0,0.12700290977954865,0.0,0.014202026650309563,0.00099556654072339,2
11378,graph,0.1306174099445343,0.0,0.12937213480472565,0.0,0.012452678754925728,0.000995549628604114,2
11379,graph,0.12093699723482132,0.0,0.11978618055582047,0.0,0.01150814350694418,0.0009955327044088992,2
11380,node,0.8531119227409363,0.00043136862223036587,0.0,0.8526805639266968,0.0,0.0009955157681381633,2
11381,graph,0.13257509469985962,0.0,0.13109679520130157,0.0,0.014783008955419064,0.0009954988197923241,2
11382,graph,0.13789406418800354,0.0,0.136788472533226,0.0,0.011055943556129932,0.0009954818593717997,2
11383,graph,0.18222881853580475,0.0,0.18070314824581146,0.0,0.015256750397384167,0.0009954648868770086,2
11384,node,29.57704734802246,0.0006003450835123658,0.0,29.576446533203125,0.0,0.0009954479023083697,2
11385,graph,0.14211000502109528,0.0,0.1409011036157608,0.0,0.012088984251022339,0.000995430905666302,2
11386,graph,0.1312563419342041,0.0,0.13008686900138855,0.0,0.011694793589413166,0.0009954138969512248,2
11387,graph,0.13953477144241333,0.0,0.1381722092628479,0.0,0.013625563122332096,0.000995396876163558,2
11388,node,0.6465279459953308,0.0005261071491986513,0.0,0.6460018157958984,0.0,0.0009953798433037211,2
11389,graph,0.10299410670995712,0.0,0.10179431736469269,0.0,0.01199786551296711,0.0009953627983721347,2
11390,graph,0.1531943678855896,0.0,0.1517057567834854,0.0,0.014886151999235153,0.0009953457413692196,2
11391,graph,0.13051080703735352,0.0,0.12940630316734314,0.0,0.011044993996620178,0.0009953286722953964,2
11392,node,0.853635847568512,0.0005977656110189855,0.0,0.8530380725860596,0.0,0.0009953115911510862,2
11393,graph,0.15589576959609985,0.0,0.15438225865364075,0.0,0.015135059133172035,0.0009952944979367104,2
11394,graph,0.13312192261219025,0.0,0.13186974823474884,0.0,0.01252170279622078,0.0009952773926526909,2
11395,graph,0.13983884453773499,0.0,0.13866454362869263,0.0,0.01174304448068142,0.0009952602752994499,2
11396,node,1.0621415376663208,0.0005466176080517471,0.0,1.0615949630737305,0.0,0.0009952431458774096,2
11397,graph,0.22080156207084656,0.0,0.21965864300727844,0.0,0.011429152451455593,0.0009952260043869926,2
11398,graph,0.1518707573413849,0.0,0.15070316195487976,0.0,0.01167591568082571,0.0009952088508286218,2
11399,graph,0.12861792743206024,0.0,0.12725305557250977,0.0,0.013648786582052708,0.0009951916852027206,2
11400,node,0.5645962357521057,0.0005498297978192568,0.0,0.5640463829040527,0.0,0.0009951745075097126,2
11401,graph,0.18951091170310974,0.0,0.18837258219718933,0.0,0.011383354663848877,0.0009951573177500216,2
11402,graph,0.18720822036266327,0.0,0.18600648641586304,0.0,0.012017284519970417,0.0009951401159240716,2
11403,graph,0.15972420573234558,0.0,0.15828876197338104,0.0,0.014354380778968334,0.0009951229020322872,2
11404,node,1.4480199813842773,0.0006067805225029588,0.0,1.4474132061004639,0.0,0.0009951056760750929,2
11405,graph,0.2196592092514038,0.0,0.21821290254592896,0.0,0.014463132247328758,0.000995088438052914,2
11406,graph,0.28386199474334717,0.0,0.2827708125114441,0.0,0.010911792516708374,0.0009950711879661753,2
11407,graph,0.19204960763454437,0.0,0.19082798063755035,0.0,0.012216252274811268,0.0009950539258153034,2
11408,node,3.3344953060150146,0.0004620469990186393,0.0,3.334033250808716,0.0,0.0009950366516007234,2
11409,graph,0.13738393783569336,0.0,0.13628187775611877,0.0,0.011020587757229805,0.0009950193653228618,2
11410,graph,0.2243185192346573,0.0,0.22284919023513794,0.0,0.014693303033709526,0.0009950020669821453,2
11411,graph,0.12288010865449905,0.0,0.12180701643228531,0.0,0.010730952955782413,0.0009949847565790004,2
11412,node,2.2905588150024414,0.0005991047946736217,0.0,2.289959669113159,0.0,0.0009949674341138545,2
11413,graph,0.13389429450035095,0.0,0.13262903690338135,0.0,0.012652609497308731,0.0009949500995871346,2
11414,graph,0.1863478571176529,0.0,0.18487383425235748,0.0,0.014740199781954288,0.0009949327529992689,2
11415,graph,0.1373746544122696,0.0,0.13635675609111786,0.0,0.010179044678807259,0.000994915394350685,2
11416,node,1.4895119667053223,0.0005722703062929213,0.0,1.488939642906189,0.0,0.0009948980236418115,2
11417,graph,0.12130174040794373,0.0,0.12015028297901154,0.0,0.01151458453387022,0.000994880640873077,2
11418,graph,0.14851725101470947,0.0,0.14738914370536804,0.0,0.011281144805252552,0.00099486324604491,2
11419,graph,0.17235159873962402,0.0,0.17120742797851562,0.0,0.011441711336374283,0.0009948458391577403,2
11420,node,0.758182942867279,0.0006511635147035122,0.0,0.7575317621231079,0.0,0.000994828420211997,2
11421,graph,0.16068534553050995,0.0,0.1594882309436798,0.0,0.01197114959359169,0.00099481098920811,2
11422,graph,0.20840321481227875,0.0,0.2070874720811844,0.0,0.013157395645976067,0.0009947935461465094,2
11423,graph,0.14567071199417114,0.0,0.14443984627723694,0.0,0.012308606877923012,0.0009947760910276255,2
11424,node,1.4411691427230835,0.0005204798653721809,0.0,1.4406486749649048,0.0,0.0009947586238518893,2
11425,graph,0.15887990593910217,0.0,0.15762737393379211,0.0,0.012525247409939766,0.0009947411446197313,2
11426,graph,0.19359003007411957,0.0,0.19222915172576904,0.0,0.013608844019472599,0.0009947236533315832,2
11427,graph,0.14479891955852509,0.0,0.14345918595790863,0.0,0.013397391885519028,0.0009947061499878764,2
11428,node,2.7792887687683105,0.00043377134716138244,0.0,2.778855085372925,0.0,0.0009946886345890429,2
11429,graph,0.16234047710895538,0.0,0.16119897365570068,0.0,0.011415091343224049,0.0009946711071355146,2
11430,graph,0.1966238021850586,0.0,0.19554302096366882,0.0,0.01080783549696207,0.0009946535676277242,2
11431,graph,0.17772513628005981,0.0,0.1759854257106781,0.0,0.017397068440914154,0.0009946360160661043,2
11432,node,2.469202995300293,0.00045785264228470623,0.0,2.468745231628418,0.0,0.0009946184524510882,2
11433,graph,0.22771398723125458,0.0,0.22654259204864502,0.0,0.011713945306837559,0.000994600876783109,2
11434,graph,0.20238414406776428,0.0,0.20103468000888824,0.0,0.013494608923792839,0.0009945832890626007,2
11435,graph,0.20783594250679016,0.0,0.20645546913146973,0.0,0.013804735615849495,0.000994565689289997,2
11436,node,1.2356629371643066,0.0006763009005226195,0.0,1.234986662864685,0.0,0.0009945480774657322,2
11437,graph,0.1611756533384323,0.0,0.16011786460876465,0.0,0.010577824898064137,0.0009945304535902409,2
11438,graph,0.17497122287750244,0.0,0.17368610203266144,0.0,0.012851175852119923,0.000994512817663958,2
11439,graph,0.14654667675495148,0.0,0.14521154761314392,0.0,0.013351364061236382,0.0009944951696873184,2
11440,node,0.3219267427921295,0.0005077612586319447,0.0,0.32141897082328796,0.0,0.0009944775096607577,2
11441,graph,0.1530689299106598,0.0,0.1517602652311325,0.0,0.013086579740047455,0.000994459837584712,2
11442,graph,0.15213130414485931,0.0,0.15074586868286133,0.0,0.013854325748980045,0.0009944421534596169,2
11443,graph,0.17436805367469788,0.0,0.17291295528411865,0.0,0.014550984837114811,0.0009944244572859086,2
11444,node,0.8213656544685364,0.00032764262869022787,0.0,0.821038007736206,0.0,0.0009944067490640241,2
11445,graph,0.16360925137996674,0.0,0.162257581949234,0.0,0.013516661711037159,0.0009943890287944003,2
11446,graph,0.14928962290287018,0.0,0.1479690670967102,0.0,0.013205511495471,0.0009943712964774743,2
11447,graph,0.16464214026927948,0.0,0.1633499264717102,0.0,0.01292214822024107,0.0009943535521136837,2
11448,node,1.4815765619277954,0.000334660813678056,0.0,1.4812419414520264,0.0,0.0009943357957034663,2
11449,graph,0.1617949903011322,0.0,0.16061604022979736,0.0,0.011789485812187195,0.0009943180272472603,2
11450,graph,0.12447518110275269,0.0,0.12298258394002914,0.0,0.014925975352525711,0.000994300246745504,2
11451,graph,0.1311740130186081,0.0,0.12979616224765778,0.0,0.013778538443148136,0.0009942824541986361,2
11452,node,9.682945251464844,0.0006036185077391565,0.0,9.682341575622559,0.0,0.0009942646496070957,2
11453,graph,0.15515479445457458,0.0,0.1537940949201584,0.0,0.013607003726065159,0.0009942468329713222,2
11454,graph,0.1616462916135788,0.0,0.16056214272975922,0.0,0.01084155309945345,0.000994229004291755,2
11455,graph,0.1283653974533081,0.0,0.12694966793060303,0.0,0.0141572505235672,0.000994211163568834,2
11456,node,0.5496767163276672,0.000625736138317734,0.0,0.5490509867668152,0.0,0.0009941933108029996,2
11457,graph,0.12854157388210297,0.0,0.12765076756477356,0.0,0.008908058516681194,0.0009941754459946923,2
11458,graph,0.19975438714027405,0.0,0.1984504610300064,0.0,0.013039223849773407,0.0009941575691443526,2
11459,graph,0.20722199976444244,0.0,0.20585446059703827,0.0,0.013675381429493427,0.0009941396802524219,2
11460,node,2.967151165008545,0.0005708264070563018,0.0,2.966580390930176,0.0,0.0009941217793193414,2
11461,graph,0.15286149084568024,0.0,0.15166038274765015,0.0,0.01201110240072012,0.000994103866345553,2
11462,graph,0.14595232903957367,0.0,0.14472094178199768,0.0,0.012313904240727425,0.0009940859413314984,2
11463,graph,0.13952025771141052,0.0,0.13829877972602844,0.0,0.012214777991175652,0.00099406800427762,2
11464,node,13.724323272705078,0.0005625072517432272,0.0,13.723760604858398,0.0,0.0009940500551843606,2
11465,graph,0.14526933431625366,0.0,0.14389708638191223,0.0,0.013722417876124382,0.0009940320940521627,2
11466,graph,0.13897931575775146,0.0,0.13797980546951294,0.0,0.009995031170547009,0.0009940141208814699,2
11467,graph,0.15980206429958344,0.0,0.1584886610507965,0.0,0.013134012930095196,0.000993996135672725,2
11468,node,1.016252875328064,0.0005864083068445325,0.0,1.0156664848327637,0.0,0.0009939781384263725,2
11469,graph,0.16300450265407562,0.0,0.1616610884666443,0.0,0.013434099033474922,0.000993960129142856,2
11470,graph,0.14561355113983154,0.0,0.14438481628894806,0.0,0.012287397868931293,0.0009939421078226202,2
11471,graph,0.18073666095733643,0.0,0.17953285574913025,0.0,0.012037993408739567,0.0009939240744661095,2
11472,node,4.3856706619262695,0.0004742618475575,0.0,4.385196208953857,0.0,0.0009939060290737691,2
11473,graph,0.11293952912092209,0.0,0.11188523471355438,0.0,0.010542964562773705,0.0009938879716460437,2
11474,graph,0.1759834736585617,0.0,0.17486336827278137,0.0,0.011200985871255398,0.0009938699021833795,2
11475,graph,0.14217960834503174,0.0,0.14087828993797302,0.0,0.013013217598199844,0.0009938518206862221,2
11476,node,5.415334224700928,0.000535535451490432,0.0,5.414798736572266,0.0,0.0009938337271550176,2
11477,graph,0.12159934639930725,0.0,0.12021578848361969,0.0,0.013835557736456394,0.0009938156215902124,2
11478,graph,0.1563739776611328,0.0,0.15502209961414337,0.0,0.013518799096345901,0.0009937975039922534,2
11479,graph,0.18567630648612976,0.0,0.1844830960035324,0.0,0.011932147666811943,0.0009937793743615875,2
11480,node,0.9823612570762634,0.0005281667108647525,0.0,0.9818331003189087,0.0,0.0009937612326986621,2
11481,graph,0.1675221174955368,0.0,0.1664244383573532,0.0,0.010976863093674183,0.0009937430790039248,2
11482,graph,0.1694364845752716,0.0,0.16834315657615662,0.0,0.010933222249150276,0.0009937249132778235,2
11483,graph,0.1765470951795578,0.0,0.17540651559829712,0.0,0.011405793949961662,0.0009937067355208064,2
11484,node,2.1042985916137695,0.0006019086576998234,0.0,2.103696584701538,0.0,0.000993688545733322,2
11485,graph,0.1264887899160385,0.0,0.12528815865516663,0.0,0.012006261385977268,0.000993670343915819,2
11486,graph,0.1560267210006714,0.0,0.15504641830921173,0.0,0.009803037159144878,0.000993652130068747,2
11487,graph,0.1541479229927063,0.0,0.1528252512216568,0.0,0.01322675310075283,0.000993633904192555,2
11488,node,1.1265712976455688,0.0005780738429166377,0.0,1.125993251800537,0.0,0.000993615666287693,2
11489,graph,0.13092747330665588,0.0,0.12969958782196045,0.0,0.012278854846954346,0.0009935974163546107,2
11490,graph,0.15611520409584045,0.0,0.15489503741264343,0.0,0.01220165565609932,0.0009935791543937585,2
11491,graph,0.13194169104099274,0.0,0.13066184520721436,0.0,0.012798428535461426,0.000993560880405587,2
11492,node,0.7431548237800598,0.0004483784141484648,0.0,0.7427064180374146,0.0,0.0009935425943905472,2
11493,graph,0.17849335074424744,0.0,0.17726726830005646,0.0,0.01226089708507061,0.0009935242963490902,2
11494,graph,0.12232828885316849,0.0,0.1212005615234375,0.0,0.01127725001424551,0.0009935059862816672,2
11495,graph,0.16969849169254303,0.0,0.16850754618644714,0.0,0.011909493245184422,0.0009934876641887304,2
11496,node,1.2705965042114258,0.00043780519627034664,0.0,1.2701586484909058,0.0,0.0009934693300707317,2
11497,graph,0.20570950210094452,0.0,0.2042723298072815,0.0,0.014371783472597599,0.0009934509839281235,2
11498,graph,0.12225618958473206,0.0,0.12093231081962585,0.0,0.01323880534619093,0.0009934326257613586,2
11499,graph,0.09956618398427963,0.0,0.09842702746391296,0.0,0.01139157172292471,0.0009934142555708897,2
11500,node,0.5727800726890564,0.0012115270365029573,0.0,0.5715685486793518,0.0,0.0009933958733571702,2
11501,graph,0.1940806806087494,0.0,0.1927732229232788,0.0,0.013074507005512714,0.0009933774791206537,2
11502,graph,0.12887828052043915,0.0,0.12750694155693054,0.0,0.01371343620121479,0.000993359072861794,2
11503,graph,0.17655421793460846,0.0,0.17540070414543152,0.0,0.011535177007317543,0.0009933406545810453,2
11504,node,1.3170571327209473,0.0004877770261373371,0.0,1.3165693283081055,0.0,0.000993322224278862,2
11505,graph,0.1635296791791916,0.0,0.16220134496688843,0.0,0.013283299282193184,0.000993303781955699,2
11506,graph,0.12387900799512863,0.0,0.12259042263031006,0.0,0.012885847128927708,0.0009932853276120113,2
11507,graph,0.1544727385044098,0.0,0.15322378277778625,0.0,0.01248958334326744,0.0009932668612482542,2
11508,node,5.646187782287598,0.0005912422202527523,0.0,5.645596504211426,0.0,0.0009932483828648832,2
11509,graph,0.12586070597171783,0.0,0.1245691180229187,0.0,0.012915868312120438,0.0009932298924623542,2
11510,graph,0.13235463201999664,0.0,0.13099679350852966,0.0,0.013578427955508232,0.0009932113900411239,2
11511,graph,0.16570861637592316,0.0,0.16448050737380981,0.0,0.012281153351068497,0.0009931928756016484,2
11512,node,1.3491630554199219,0.001418280298821628,0.0,1.3477448225021362,0.0,0.0009931743491443847,2
11513,graph,0.16956724226474762,0.0,0.16825467348098755,0.0,0.01312567200511694,0.0009931558106697899,2
11514,graph,0.13467061519622803,0.0,0.13310277462005615,0.0,0.01567838154733181,0.0009931372601783212,2
11515,graph,0.12474814057350159,0.0,0.12337790429592133,0.0,0.01370235811918974,0.0009931186976704367,2
11516,node,0.7226250767707825,0.0006362049025483429,0.0,0.72198885679245,0.0,0.000993100123146594,2
11517,graph,0.13459020853042603,0.0,0.133395254611969,0.0,0.011949573643505573,0.0009930815366072517,2
11518,graph,0.18995173275470734,0.0,0.18865400552749634,0.0,0.012977272272109985,0.0009930629380528683,2
11519,graph,0.1361285001039505,0.0,0.1345198154449463,0.0,0.016086775809526443,0.0009930443274839028,2
11520,node,1.6357914209365845,0.00044114122283644974,0.0,1.635350227355957,0.0,0.0009930257049008144,2
11521,graph,0.15682528913021088,0.0,0.1553543359041214,0.0,0.014709494076669216,0.0009930070703040624,2
11522,graph,0.15369410812854767,0.0,0.15250806510448456,0.0,0.011860393919050694,0.000992988423694107,2
11523,graph,0.18553848564624786,0.0,0.18426351249217987,0.0,0.012749758549034595,0.0009929697650714077,2
11524,node,8.564851760864258,0.0004720839497167617,0.0,8.564379692077637,0.0,0.0009929510944364252,2
11525,graph,0.15803703665733337,0.0,0.156730055809021,0.0,0.013069778680801392,0.0009929324117896202,2
11526,graph,0.1617569774389267,0.0,0.16038067638874054,0.0,0.013763049617409706,0.0009929137171314536,2
11527,graph,0.09765761345624924,0.0,0.09645621478557587,0.0,0.012013969011604786,0.0009928950104623867,2
11528,node,0.9552608132362366,0.0005866335122846067,0.0,0.9546741843223572,0.0,0.000992876291782881,2
11529,graph,0.15106961131095886,0.0,0.14991402626037598,0.0,0.011555914767086506,0.0009928575610933985,2
11530,graph,0.1440960019826889,0.0,0.1427765190601349,0.0,0.013194764964282513,0.0009928388183944013,2
11531,graph,0.17895062267780304,0.0,0.17740115523338318,0.0,0.01549474522471428,0.000992820063686352,2
11532,node,1.2269631624221802,0.00043641962110996246,0.0,1.2265267372131348,0.0,0.000992801296969713,2
11533,graph,0.1883932203054428,0.0,0.18686704337596893,0.0,0.015261737629771233,0.0009927825182449476,2
11534,graph,0.12729571759700775,0.0,0.1261080503463745,0.0,0.011876660399138927,0.0009927637275125192,2
11535,graph,0.1353268176317215,0.0,0.1340697556734085,0.0,0.012570591643452644,0.0009927449247728911,2
11536,node,0.2386886179447174,0.00039994376129470766,0.0,0.23828867077827454,0.0,0.0009927261100265276,2
11537,graph,0.15675410628318787,0.0,0.1554105132818222,0.0,0.013435990549623966,0.0009927072832738928,2
11538,graph,0.21662937104701996,0.0,0.21547675132751465,0.0,0.01152616087347269,0.0009926884445154514,2
11539,graph,0.14654166996479034,0.0,0.1452678143978119,0.0,0.01273861713707447,0.000992669593751668,2
11540,node,0.7131127119064331,0.00042898504761978984,0.0,0.7126837372779846,0.0,0.0009926507309830077,2
11541,graph,0.19379732012748718,0.0,0.1925903558731079,0.0,0.01206959504634142,0.0009926318562099362,2
11542,graph,0.16987840831279755,0.0,0.16874629259109497,0.0,0.01132110133767128,0.0009926129694329188,2
11543,graph,0.16588665544986725,0.0,0.16482430696487427,0.0,0.010623435489833355,0.0009925940706524221,2
11544,node,0.4749750792980194,0.0005262049962766469,0.0,0.4744488596916199,0.0,0.000992575159868912,2
11545,graph,0.1577501893043518,0.0,0.15658104419708252,0.0,0.011691410094499588,0.000992556237082855,2
11546,graph,0.15268805623054504,0.0,0.15155260264873505,0.0,0.011354544200003147,0.0009925373022947183,2
11547,graph,0.12777899205684662,0.0,0.12663611769676208,0.0,0.01142875850200653,0.0009925183555049687,2
11548,node,0.8752995729446411,0.000517959357239306,0.0,0.874781608581543,0.0,0.0009924993967140743,2
11549,graph,0.1680857241153717,0.0,0.16694219410419464,0.0,0.011435253545641899,0.0009924804259225026,2
11550,graph,0.15216968953609467,0.0,0.1510455161333084,0.0,0.011241666041314602,0.0009924614431307214,2
11551,graph,0.12100255489349365,0.0,0.11988286674022675,0.0,0.01119686383754015,0.0009924424483391994,2
11552,node,0.638390302658081,0.000502075650729239,0.0,0.6378882527351379,0.0,0.0009924234415484051,2
11553,graph,0.14588166773319244,0.0,0.14489047229290009,0.0,0.009911959990859032,0.0009924044227588077,2
11554,graph,0.14620853960514069,0.0,0.14472514390945435,0.0,0.014834001660346985,0.0009923853919708763,2
11555,graph,0.1365262269973755,0.0,0.13519828021526337,0.0,0.013279443606734276,0.0009923663491850805,2
11556,node,0.29950106143951416,0.0005470660398714244,0.0,0.2989540100097656,0.0,0.0009923472944018902,2
11557,graph,0.12226255983114243,0.0,0.12114524841308594,0.0,0.011173142120242119,0.0009923282276217756,2
11558,graph,0.13316452503204346,0.0,0.13184432685375214,0.0,0.013201999478042126,0.000992309148845207,2
11559,graph,0.1484421342611313,0.0,0.14730355143547058,0.0,0.01138585340231657,0.0009922900580726552,2
11560,node,1.0584979057312012,0.0004892479628324509,0.0,1.0580086708068848,0.0,0.0009922709553045912,2
11561,graph,0.133642315864563,0.0,0.1324053853750229,0.0,0.012369374744594097,0.0009922518405414867,2
11562,graph,0.18441438674926758,0.0,0.18330201506614685,0.0,0.011123733595013618,0.0009922327137838129,2
11563,graph,0.20778252184391022,0.0,0.2064475566148758,0.0,0.013349704444408417,0.0009922135750320418,2
11564,node,6.272253036499023,0.0003412378136999905,0.0,6.27191162109375,0.0,0.0009921944242866456,2
11565,graph,0.16957010328769684,0.0,0.16821950674057007,0.0,0.013505973853170872,0.0009921752615480973,2
11566,graph,0.17213763296604156,0.0,0.17093393206596375,0.0,0.012036941014230251,0.0009921560868168691,2
11567,graph,0.13115167617797852,0.0,0.13009580969810486,0.0,0.01055861171334982,0.0009921369000934343,2
11568,node,2.8348703384399414,0.0005506250890903175,0.0,2.834319829940796,0.0,0.0009921177013782665,2
11569,graph,0.12181753665208817,0.0,0.12061823904514313,0.0,0.011992971412837505,0.0009920984906718394,2
11570,graph,0.17866750061511993,0.0,0.1772913932800293,0.0,0.013761037029325962,0.0009920792679746267,2
11571,graph,0.1282086819410324,0.0,0.12713932991027832,0.0,0.010693524032831192,0.0009920600332871032,2
11572,node,1.6539664268493652,0.0003686482086777687,0.0,1.6535978317260742,0.0,0.000992040786609743,2
11573,graph,0.12062297761440277,0.0,0.11951839178800583,0.0,0.011045851744711399,0.0009920215279430214,2
11574,graph,0.1329077184200287,0.0,0.13169649243354797,0.0,0.012112210504710674,0.0009920022572874132,2
11575,graph,0.19259263575077057,0.0,0.19101417064666748,0.0,0.015784699469804764,0.0009919829746433942,2
11576,node,1.3085602521896362,0.0005308255203999579,0.0,1.3080294132232666,0.0,0.00099196368001144,2
11577,graph,0.16859379410743713,0.0,0.16736644506454468,0.0,0.012273495085537434,0.0009919443733920267,2
11578,graph,0.1680191308259964,0.0,0.16656789183616638,0.0,0.01451234519481659,0.0009919250547856307,2
11579,graph,0.14846642315387726,0.0,0.1475149542093277,0.0,0.009514625184237957,0.0009919057241927287,2
11580,node,2.0523815155029297,0.00044328373041935265,0.0,2.05193829536438,0.0,0.0009918863816137976,2
11581,graph,0.11781246960163116,0.0,0.11654062569141388,0.0,0.01271840464323759,0.0009918670270493148,2
11582,graph,0.22317951917648315,0.0,0.22197824716567993,0.0,0.012012762948870659,0.0009918476604997577,2
11583,graph,0.1384592354297638,0.0,0.1371079683303833,0.0,0.013512629084289074,0.000991828281965604,2
11584,node,2.1854348182678223,0.0005562282749451697,0.0,2.1848785877227783,0.0,0.0009918088914473325,2
11585,graph,0.17269481718540192,0.0,0.1716441512107849,0.0,0.010506696067750454,0.0009917894889454207,2
11586,graph,0.1350632756948471,0.0,0.13383778929710388,0.0,0.012254908680915833,0.000991770074460348,2
11587,graph,0.17968444526195526,0.0,0.17858606576919556,0.0,0.010983791202306747,0.0009917506479925932,2
11588,node,0.9286015033721924,0.000486451608594507,0.0,0.9281150698661804,0.0,0.0009917312095426357,2
11589,graph,0.15738271176815033,0.0,0.15623855590820312,0.0,0.011441516689956188,0.0009917117591109552,2
11590,graph,0.22230061888694763,0.0,0.22085373103618622,0.0,0.014468892477452755,0.0009916922966980313,2
11591,graph,0.17849242687225342,0.0,0.17710378766059875,0.0,0.013886403292417526,0.0009916728223043447,2
11592,node,3.1097018718719482,0.0003988817916251719,0.0,3.1093029975891113,0.0,0.0009916533359303756,2
11593,graph,0.13346922397613525,0.0,0.1322975754737854,0.0,0.011716507375240326,0.0009916338375766049,2
11594,graph,0.14103898406028748,0.0,0.13981400430202484,0.0,0.01224985346198082,0.0009916143272435136,2
11595,graph,0.15616142749786377,0.0,0.15503880381584167,0.0,0.011226236820220947,0.0009915948049315831,2
11596,node,3.290105104446411,0.0004938515485264361,0.0,3.289611339569092,0.0,0.0009915752706412954,2
11597,graph,0.17692263424396515,0.0,0.1756940335035324,0.0,0.012286008335649967,0.000991555724373132,2
11598,graph,0.13761043548583984,0.0,0.1363539695739746,0.0,0.012564701959490776,0.0009915361661275758,2
11599,graph,0.2169049084186554,0.0,0.21561595797538757,0.0,0.012889526784420013,0.0009915165959051087,2
11600,node,0.7958743572235107,0.0004819550667889416,0.0,0.7953923940658569,0.0,0.000991497013706214,2
11601,graph,0.1739150583744049,0.0,0.17270463705062866,0.0,0.012104209512472153,0.0009914774195313746,2
11602,graph,0.13865506649017334,0.0,0.13728633522987366,0.0,0.013687308877706528,0.0009914578133810741,2
11603,graph,0.1343553513288498,0.0,0.13316710293293,0.0,0.01188245601952076,0.0009914381952557966,2
11604,node,1.5585836172103882,0.0003773429780267179,0.0,1.55820631980896,0.0,0.0009914185651560257,2
11605,graph,0.17701567709445953,0.0,0.1758572906255722,0.0,0.011583792977035046,0.000991398923082246,2
11606,graph,0.13021749258041382,0.0,0.128886878490448,0.0,0.013306109234690666,0.0009913792690349418,2
11607,graph,0.14151285588741302,0.0,0.14015594124794006,0.0,0.01356908492743969,0.0009913596030145984,2
11608,node,0.42751961946487427,0.0005331027787178755,0.0,0.4269865155220032,0.0,0.0009913399250217009,2
11609,graph,0.1317763328552246,0.0,0.1307188719511032,0.0,0.01057453453540802,0.0009913202350567349,2
11610,graph,0.13399766385555267,0.0,0.13271303474903107,0.0,0.012846250087022781,0.000991300533120186,2
11611,graph,0.20370271801948547,0.0,0.20243707299232483,0.0,0.012656460516154766,0.0009912808192125409,2
11612,node,1.8655973672866821,0.00045054362271912396,0.0,1.8651468753814697,0.0,0.0009912610933342854,2
11613,graph,0.17771869897842407,0.0,0.17646461725234985,0.0,0.012540795840322971,0.0009912413554859067,2
11614,graph,0.1666651964187622,0.0,0.16523540019989014,0.0,0.01429795753210783,0.0009912216056678915,2
11615,graph,0.16225989162921906,0.0,0.16118890047073364,0.0,0.010709920898079872,0.0009912018438807272,2
11616,node,1.148125410079956,0.0004177481750957668,0.0,1.1477077007293701,0.0,0.0009911820701249013,2
11617,graph,0.16470055282115936,0.0,0.16335174441337585,0.0,0.013488109223544598,0.0009911622844009018,2
11618,graph,0.14701300859451294,0.0,0.14558973908424377,0.0,0.014232691377401352,0.000991142486709217,2
11619,graph,0.15199992060661316,0.0,0.15066373348236084,0.0,0.013361877761781216,0.000991122677050335,2
11620,node,11.159512519836426,0.0004282778245396912,0.0,11.15908432006836,0.0,0.000991102855424745,2
11621,graph,0.13161371648311615,0.0,0.13058121502399445,0.0,0.010324984788894653,0.0009910830218329359,2
11622,graph,0.16103480756282806,0.0,0.1596953421831131,0.0,0.013394654728472233,0.000991063176275397,2
11623,graph,0.15127015113830566,0.0,0.1500975489616394,0.0,0.011725972406566143,0.000991043318752618,2
11624,node,0.9415411353111267,0.0005566485342569649,0.0,0.9409844875335693,0.0,0.0009910234492650893,2
11625,graph,0.13584330677986145,0.0,0.1346866935491562,0.0,0.011566114611923695,0.0009910035678133006,2
11626,graph,0.12812647223472595,0.0,0.1268237978219986,0.0,0.013026761822402477,0.0009909836743977427,2
11627,graph,0.19827699661254883,0.0,0.19695666432380676,0.0,0.013203306123614311,0.0009909637690189062,2
11628,node,0.5768330693244934,0.0006092587718740106,0.0,0.5762237906455994,0.0,0.0009909438516772825,2
11629,graph,0.13710959255695343,0.0,0.1356675624847412,0.0,0.014420236460864544,0.0009909239223733631,2
11630,graph,0.16627933084964752,0.0,0.1650092452764511,0.0,0.01270082127302885,0.0009909039811076396,2
11631,graph,0.23917731642723083,0.0,0.23770268261432648,0.0,0.014746351167559624,0.0009908840278806041,2
11632,node,1.13173246383667,0.0004223063588142395,0.0,1.1313101053237915,0.0,0.000990864062692749,2
11633,graph,0.1474347561597824,0.0,0.1461654007434845,0.0,0.012693490833044052,0.0009908440855445665,2
11634,graph,0.12446431815624237,0.0,0.12328173220157623,0.0,0.011825880967080593,0.00099082409643655,2
11635,graph,0.15097542107105255,0.0,0.1497819870710373,0.0,0.011934320442378521,0.0009908040953691924,2
11636,node,3.3439650535583496,0.0004518202622421086,0.0,3.343513250350952,0.0,0.0009907840823429874,2
11637,graph,0.12503786385059357,0.0,0.123842254281044,0.0,0.01195603795349598,0.0009907640573584289,2
11638,graph,0.12376298010349274,0.0,0.12236061692237854,0.0,0.014023659750819206,0.0009907440204160107,2
11639,graph,0.15574733912944794,0.0,0.1542849838733673,0.0,0.014623548835515976,0.0009907239715162273,2
11640,node,0.5303958654403687,0.0004820668837055564,0.0,0.5299137830734253,0.0,0.0009907039106595735,2
11641,graph,0.22163747251033783,0.0,0.220406174659729,0.0,0.012313039973378181,0.0009906838378465441,2
11642,graph,0.15728554129600525,0.0,0.1560925394296646,0.0,0.0119300102815032,0.0009906637530776345,2
11643,graph,0.1515171378850937,0.0,0.1501571238040924,0.0,0.013600201345980167,0.00099064365635334,2
11644,node,1.8516815900802612,0.00034460212918929756,0.0,1.85133695602417,0.0,0.000990623547674157,2
11645,graph,0.12153878808021545,0.0,0.12030190229415894,0.0,0.012368885800242424,0.0009906034270405813,2
11646,graph,0.12095042318105698,0.0,0.1198669895529747,0.0,0.01083436794579029,0.0009905832944531094,2
11647,graph,0.11975058913230896,0.0,0.11841052025556564,0.0,0.013400720432400703,0.0009905631499122383,2
11648,node,0.5295900106430054,0.00047260659630410373,0.0,0.5291174054145813,0.0,0.0009905429934184647,2
11649,graph,0.15428735315799713,0.0,0.15328875184059143,0.0,0.009986058808863163,0.000990522824972286,2
11650,graph,0.12971770763397217,0.0,0.1286148726940155,0.0,0.0110283512622118,0.0009905026445741999,2
11651,graph,0.1479918658733368,0.0,0.14681395888328552,0.0,0.01177904848009348,0.0009904824522247043,2
11652,node,0.661209762096405,0.000537008629180491,0.0,0.6606727242469788,0.0,0.0009904622479242975,2
11653,graph,0.1462494134902954,0.0,0.14507554471492767,0.0,0.011738650500774384,0.0009904420316734779,2
11654,graph,0.1315326690673828,0.0,0.13040412962436676,0.0,0.011285321786999702,0.0009904218034727445,2
11655,graph,0.12597063183784485,0.0,0.12485061585903168,0.0,0.011200089007616043,0.0009904015633225962,2
11656,node,7.380890846252441,0.0004966538981534541,0.0,7.380393981933594,0.0,0.0009903813112235324,2
11657,graph,0.12039778381586075,0.0,0.119269460439682,0.0,0.011283203028142452,0.0009903610471760531,2
11658,graph,0.1215524896979332,0.0,0.12043602764606476,0.0,0.011164641007781029,0.000990340771180658,2
11659,graph,0.1306653916835785,0.0,0.12951406836509705,0.0,0.011513269506394863,0.0009903204832378478,2
11660,node,1.6068364381790161,0.0005341928917914629,0.0,1.606302261352539,0.0,0.0009903001833481227,2
11661,graph,0.13118676841259003,0.0,0.13006244599819183,0.0,0.011243271641433239,0.0009902798715119834,2
11662,graph,0.13260041177272797,0.0,0.1312749981880188,0.0,0.013254114426672459,0.0009902595477299314,2
11663,graph,0.161540225148201,0.0,0.1602667272090912,0.0,0.01273497473448515,0.000990239212002468,2
11664,node,3.5521934032440186,0.0006221943767741323,0.0,3.5515711307525635,0.0,0.0009902188643300953,2
11665,graph,0.1517348438501358,0.0,0.15042744576931,0.0,0.013073991984128952,0.0009901985047133153,2
11666,graph,0.14548712968826294,0.0,0.14425373077392578,0.0,0.012334044091403484,0.00099017813315263,2
11667,graph,0.152968168258667,0.0,0.1518700122833252,0.0,0.010981512255966663,0.0009901577496485422,2
11668,node,2.2238948345184326,0.00039694414590485394,0.0,2.2234978675842285,0.0,0.0009901373542015551,2
11669,graph,0.13330751657485962,0.0,0.13238345086574554,0.0,0.009240644983947277,0.0009901169468121717,2
11670,graph,0.2716570496559143,0.0,0.27057188749313354,0.0,0.010851521044969559,0.0009900965274808953,2
11671,graph,0.15489016473293304,0.0,0.15354931354522705,0.0,0.013408529572188854,0.0009900760962082299,2
11672,node,6.260824680328369,0.0006224699900485575,0.0,6.260202407836914,0.0,0.0009900556529946797,2
11673,graph,0.19690407812595367,0.0,0.1955510675907135,0.0,0.013530067168176174,0.0009900351978407492,2
11674,graph,0.15719686448574066,0.0,0.15614929795265198,0.0,0.010475699789822102,0.0009900147307469432,2
11675,graph,0.131647989153862,0.0,0.1304807960987091,0.0,0.01167197898030281,0.0009899942517137665,2
11676,node,4.230338096618652,0.0004794927954208106,0.0,4.2298583984375,0.0,0.0009899737607417243,2
11677,graph,0.11785297840833664,0.0,0.11632378399372101,0.0,0.015291956253349781,0.0009899532578313223,2
11678,graph,0.15295438468456268,0.0,0.151691734790802,0.0,0.012626479379832745,0.0009899327429830664,2
11679,graph,0.12336457520723343,0.0,0.12227429449558258,0.0,0.010902777314186096,0.0009899122161974628,2
11680,node,3.3905365467071533,0.0005292044370435178,0.0,3.390007257461548,0.0,0.000989891677475018,2
11681,graph,0.13845506310462952,0.0,0.13727088272571564,0.0,0.01184175070375204,0.000989871126816239,2
11682,graph,0.14380952715873718,0.0,0.14251458644866943,0.0,0.012949442490935326,0.000989850564221632,2
11683,graph,0.17268003523349762,0.0,0.1709417998790741,0.0,0.01738232560455799,0.0009898299896917056,2
11684,node,9.786985397338867,0.0004925203393213451,0.0,9.786493301391602,0.0,0.0009898094032269665,2
11685,graph,0.15678022801876068,0.0,0.15524446964263916,0.0,0.015357560478150845,0.000989788804827923,2
11686,graph,0.1403121054172516,0.0,0.13896170258522034,0.0,0.013504012487828732,0.0009897681944950835,2
11687,graph,0.14565509557724,0.0,0.1445487141609192,0.0,0.011063886806368828,0.0009897475722289563,2
11688,node,1.7903283834457397,0.0011705359211191535,0.0,1.7891578674316406,0.0,0.0009897269380300501,2
11689,graph,0.16155457496643066,0.0,0.16052408516407013,0.0,0.010304941795766354,0.0009897062918988743,2
11690,graph,0.12338963150978088,0.0,0.12207312881946564,0.0,0.013165001757442951,0.0009896856338359383,2
11691,graph,0.17404495179653168,0.0,0.17280659079551697,0.0,0.012383611872792244,0.0009896649638417518,2
11692,node,62.40316390991211,0.002098072785884142,0.0,62.401065826416016,0.0,0.0009896442819168248,2
11693,graph,0.14883452653884888,0.0,0.14747832715511322,0.0,0.013561919331550598,0.0009896235880616675,2
11694,graph,0.2194533348083496,0.0,0.21819612383842468,0.0,0.012572037987411022,0.0009896028822767905,2
11695,graph,0.1537383496761322,0.0,0.15222576260566711,0.0,0.015125827863812447,0.000989582164562705,2
11696,node,3.530294179916382,0.0023782202042639256,0.0,3.5279159545898438,0.0,0.0009895614349199218,2
11697,graph,0.16724762320518494,0.0,0.16598695516586304,0.0,0.012606737203896046,0.0009895406933489528,2
11698,graph,0.11073184758424759,0.0,0.10970748960971832,0.0,0.010243574157357216,0.0009895199398503092,2
11699,graph,0.15422505140304565,0.0,0.15308091044425964,0.0,0.011441431008279324,0.0009894991744245035,2
11700,node,3.7364490032196045,0.0035230498760938644,0.0,3.7329258918762207,0.0,0.0009894783970720482,2
11701,graph,0.1359512209892273,0.0,0.13474240899085999,0.0,0.012088188901543617,0.0009894576077934553,2
11702,graph,0.15523211658000946,0.0,0.15379299223423004,0.0,0.014391183853149414,0.0009894368065892385,2
11703,graph,0.1421046257019043,0.0,0.14070600271224976,0.0,0.013986222445964813,0.0009894159934599107,2
11704,node,3.2693817615509033,0.0020556114614009857,0.0,3.2673261165618896,0.0,0.0009893951684059855,2
11705,graph,0.20993123948574066,0.0,0.2086319774389267,0.0,0.012992686592042446,0.0009893743314279765,2
11706,graph,0.15417934954166412,0.0,0.15291407704353333,0.0,0.012652653269469738,0.0009893534825263983,2
11707,graph,0.1505529284477234,0.0,0.1489267200231552,0.0,0.016262037679553032,0.000989332621701765,2
11708,node,3.6141197681427,0.004913610406219959,0.0,3.609206199645996,0.0,0.0009893117489545916,2
11709,graph,0.17148953676223755,0.0,0.1703852117061615,0.0,0.011043199338018894,0.0009892908642853927,2
11710,graph,0.1415882408618927,0.0,0.14019815623760223,0.0,0.013900780119001865,0.0009892699676946838,2
11711,graph,0.17229339480400085,0.0,0.1711306869983673,0.0,0.011627011001110077,0.0009892490591829806,2
11712,node,1.0963785648345947,0.0007270489004440606,0.0,1.0956515073776245,0.0,0.0009892281387507988,2
11713,graph,0.19239048659801483,0.0,0.19148951768875122,0.0,0.009009637869894505,0.0009892072063986547,2
11714,graph,0.17410194873809814,0.0,0.1730094701051712,0.0,0.010924787260591984,0.0009891862621270648,2
11715,graph,0.17253348231315613,0.0,0.1710662841796875,0.0,0.014671910554170609,0.000989165305936546,2
11716,node,1.805999517440796,0.0007176094804890454,0.0,1.8052818775177002,0.0,0.000989144337827615,2
11717,graph,0.15655069053173065,0.0,0.15532802045345306,0.0,0.012226731516420841,0.0009891233578007898,2
11718,graph,0.16997963190078735,0.0,0.16851219534873962,0.0,0.014674332924187183,0.0009891023658565874,2
11719,graph,0.1567564755678177,0.0,0.15543895959854126,0.0,0.013175117783248425,0.0009890813619955262,2
11720,node,1.150865077972412,0.0004211694176774472,0.0,1.1504439115524292,0.0,0.000989060346218124,2
11721,graph,0.14729098975658417,0.0,0.1462949812412262,0.0,0.00996004045009613,0.0009890393185248997,2
11722,graph,0.1574922800064087,0.0,0.1563582420349121,0.0,0.011340418830513954,0.0009890182789163721,2
11723,graph,0.1388123482465744,0.0,0.13752096891403198,0.0,0.012913844548165798,0.0009889972273930605,2
11724,node,0.16457392275333405,0.0006798385875299573,0.0,0.16389408707618713,0.0,0.0009889761639554839,2
11725,graph,0.1467672735452652,0.0,0.14548569917678833,0.0,0.012815809808671474,0.0009889550886041621,2
11726,graph,0.15996153652668,0.0,0.15892094373703003,0.0,0.010405899956822395,0.0009889340013396154,2
11727,graph,0.1257784068584442,0.0,0.12447645515203476,0.0,0.013019537553191185,0.000988912902162364,2
11728,node,1.4614125490188599,0.0004397893790155649,0.0,1.460972785949707,0.0,0.0009888917910729283,2
11729,graph,0.12475430220365524,0.0,0.12336806952953339,0.0,0.013862299732863903,0.0009888706680718294,2
11730,graph,0.15163637697696686,0.0,0.15035583078861237,0.0,0.012805403210222721,0.0009888495331595883,2
11731,graph,0.1448020040988922,0.0,0.14337150752544403,0.0,0.014305012300610542,0.000988828386336727,2
11732,node,1.616821527481079,0.0008924570283852518,0.0,1.615929126739502,0.0,0.0009888072276037665,2
11733,graph,0.12213567644357681,0.0,0.12091705203056335,0.0,0.012186273001134396,0.0009887860569612295,2
11734,graph,0.14065799117088318,0.0,0.1392681896686554,0.0,0.013898085802793503,0.0009887648744096383,2
11735,graph,0.12011905759572983,0.0,0.1184135377407074,0.0,0.01705518737435341,0.0009887436799495151,2
11736,node,2.347517251968384,0.0010918217012658715,0.0,2.3464255332946777,0.0,0.0009887224735813833,2
11737,graph,0.1439189612865448,0.0,0.14286117255687714,0.0,0.010577892884612083,0.000988701255305766,2
11738,graph,0.2152247130870819,0.0,0.2138897329568863,0.0,0.01334981620311737,0.0009886800251231868,2
11739,graph,0.1552177369594574,0.0,0.1537379026412964,0.0,0.014798348769545555,0.0009886587830341695,2
11740,node,0.943386971950531,0.0007184268324635923,0.0,0.9426685571670532,0.0,0.0009886375290392379,2
11741,graph,0.11530740559101105,0.0,0.11415348201990128,0.0,0.011539220809936523,0.000988616263138917,2
11742,graph,0.1205933541059494,0.0,0.1192067340016365,0.0,0.013866227120161057,0.000988594985333731,2
11743,graph,0.14072628319263458,0.0,0.13933023810386658,0.0,0.013960389420390129,0.0009885736956242053,2
11744,node,1.7814770936965942,0.0005858780350536108,0.0,1.7808911800384521,0.0,0.0009885523940108651,2
11745,graph,0.11374877393245697,0.0,0.11258314549922943,0.0,0.011656306684017181,0.0009885310804942358,2
11746,graph,0.13197572529315948,0.0,0.13092315196990967,0.0,0.010525686666369438,0.0009885097550748434,2
11747,graph,0.11089428514242172,0.0,0.10973068326711655,0.0,0.011635985225439072,0.0009884884177532142,2
11748,node,0.8034454584121704,0.000867020629812032,0.0,0.8025784492492676,0.0,0.0009884670685298747,2
11749,graph,0.13654398918151855,0.0,0.13515643775463104,0.0,0.013875516131520271,0.0009884457074053514,2
11750,graph,0.10660796612501144,0.0,0.10543179512023926,0.0,0.011761713773012161,0.0009884243343801717,2
11751,graph,0.13515955209732056,0.0,0.13394343852996826,0.0,0.012161166407167912,0.0009884029494548626,2
11752,node,0.4739895761013031,0.0006814739317633212,0.0,0.47330811619758606,0.0,0.000988381552629952,2
11753,graph,0.14429232478141785,0.0,0.14327755570411682,0.0,0.010147647932171822,0.0009883601439059678,2
11754,graph,0.1643463522195816,0.0,0.1629161834716797,0.0,0.014301653020083904,0.0009883387232834382,2
11755,graph,0.14654572308063507,0.0,0.1450362503528595,0.0,0.015094779431819916,0.0009883172907628917,2
11756,node,4.05307674407959,0.0005558297270908952,0.0,4.052520751953125,0.0,0.0009882958463448572,2
11757,graph,0.1624763309955597,0.0,0.16130395233631134,0.0,0.011723745614290237,0.000988274390029864,2
11758,graph,0.12481217831373215,0.0,0.12355227768421173,0.0,0.012598996050655842,0.000988252921818441,2
11759,graph,0.17334440350532532,0.0,0.17208273708820343,0.0,0.012616729363799095,0.0009882314417111182,2
11760,node,2.0014545917510986,0.00048542956938035786,0.0,2.000969171524048,0.0,0.0009882099497084257,2
11761,graph,0.20153078436851501,0.0,0.20022991299629211,0.0,0.01300878170877695,0.000988188445810894,2
11762,graph,0.17095591127872467,0.0,0.16969013214111328,0.0,0.012657768093049526,0.000988166930019053,2
11763,graph,0.19366046786308289,0.0,0.19234693050384521,0.0,0.013135366141796112,0.000988145402333434,2
11764,node,2.8272855281829834,0.00045693028368987143,0.0,2.8268284797668457,0.0,0.0009881238627545686,2
11765,graph,0.17735520005226135,0.0,0.17632557451725006,0.0,0.010296273045241833,0.0009881023112829875,2
11766,graph,0.17568793892860413,0.0,0.17454352974891663,0.0,0.011444149538874626,0.0009880807479192228,2
11767,graph,0.12922652065753937,0.0,0.12809203565120697,0.0,0.011344868689775467,0.0009880591726638065,2
11768,node,2.7660579681396484,0.0005387234268710017,0.0,2.765519142150879,0.0,0.000988037585517271,2
11769,graph,0.1328790783882141,0.0,0.13161295652389526,0.0,0.012661195360124111,0.000988015986480149,2
11770,graph,0.17690253257751465,0.0,0.17546433210372925,0.0,0.01438198983669281,0.0009879943755529733,2
11771,graph,0.14275437593460083,0.0,0.14158156514167786,0.0,0.01172805204987526,0.0009879727527362771,2
11772,node,1.1737885475158691,0.000492564809974283,0.0,1.1732959747314453,0.0,0.0009879511180305941,2
11773,graph,0.17107422649860382,0.0,0.16960904002189636,0.0,0.014651896432042122,0.000987929471436458,2
11774,graph,0.16757461428642273,0.0,0.16620634496212006,0.0,0.013682721182703972,0.0009879078129544031,2
11775,graph,0.12027226388454437,0.0,0.11880557984113693,0.0,0.014666838571429253,0.0009878861425849635,2
11776,node,3.388698101043701,0.000530881981831044,0.0,3.388167142868042,0.0,0.000987864460328674,2
11777,graph,0.16270668804645538,0.0,0.1615748256444931,0.0,0.011318585835397243,0.0009878427661860697,2
11778,graph,0.23653045296669006,0.0,0.2351197600364685,0.0,0.014106939546763897,0.000987821060157686,2
11779,graph,0.14820325374603271,0.0,0.14662335813045502,0.0,0.015799030661582947,0.000987799342244058,2
11780,node,1.4149866104125977,0.0005235854769125581,0.0,1.4144630432128906,0.0,0.000987777612445722,2
11781,graph,0.12092430889606476,0.0,0.11979120969772339,0.0,0.011331021785736084,0.000987755870763214,2
11782,graph,0.14789089560508728,0.0,0.14672783017158508,0.0,0.011630671098828316,0.0009877341171970705,2
11783,graph,0.1479332000017166,0.0,0.14659182727336884,0.0,0.013413672335445881,0.000987712351747828,2
11784,node,2.462332248687744,0.0006016194238327444,0.0,2.461730718612671,0.0,0.000987690574416024,2
11785,graph,0.371261328458786,0.0,0.3701498210430145,0.0,0.011115176603198051,0.0009876687852021953,2
11786,graph,0.19359755516052246,0.0,0.19207271933555603,0.0,0.015248415991663933,0.00098764698410688,2
11787,graph,0.1638731211423874,0.0,0.16255241632461548,0.0,0.013207118958234787,0.0009876251711306158,2
11788,node,1.5120524168014526,0.0004403625207487494,0.0,1.511612057685852,0.0,0.000987603346273941,2
11789,graph,0.13300246000289917,0.0,0.13188767433166504,0.0,0.011147896759212017,0.000987581509537394,2
11790,graph,0.19060231745243073,0.0,0.18923258781433105,0.0,0.013697274960577488,0.0009875596609215137,2
11791,graph,0.12176085263490677,0.0,0.12071597576141357,0.0,0.010448792949318886,0.000987537800426839,2
11792,node,1.6892571449279785,0.0005211286479607224,0.0,1.6887359619140625,0.0,0.0009875159280539098,2
11793,graph,0.16422118246555328,0.0,0.16275888681411743,0.0,0.014622890390455723,0.000987494043803265,2
11794,graph,0.1415163278579712,0.0,0.14006242156028748,0.0,0.014539058320224285,0.000987472147675445,2
11795,graph,0.16086412966251373,0.0,0.15958921611309052,0.0,0.012749144807457924,0.0009874502396709903,2
11796,node,1.7287180423736572,0.0003820450510829687,0.0,1.728335976600647,0.0,0.0009874283197904411,2
11797,graph,0.15742827951908112,0.0,0.15619713068008423,0.0,0.012311472557485104,0.0009874063880343383,2
11798,graph,0.20899154245853424,0.0,0.20799492299556732,0.0,0.009966249577701092,0.0009873844444032232,2
11799,graph,0.12516959011554718,0.0,0.12404323369264603,0.0,0.011263493448495865,0.000987362488897637,2
11800,node,0.8734790086746216,0.0004476402828004211,0.0,0.8730313777923584,0.0,0.0009873405215181216,2
11801,graph,0.1908608376979828,0.0,0.1895505040884018,0.0,0.013103349134325981,0.000987318542265219,2
11802,graph,0.1489063799381256,0.0,0.14766377210617065,0.0,0.012426040135324001,0.0009872965511394717,2
11803,graph,0.17040909826755524,0.0,0.16925263404846191,0.0,0.01156462449580431,0.0009872745481414218,2
11804,node,0.6606433391571045,0.0004799859889317304,0.0,0.6601633429527283,0.0,0.0009872525332716127,2
11805,graph,0.16481629014015198,0.0,0.16371476650238037,0.0,0.011015301570296288,0.0009872305065305874,2
11806,graph,0.14770735800266266,0.0,0.14603868126869202,0.0,0.01668674126267433,0.0009872084679188895,2
11807,graph,0.13654838502407074,0.0,0.13527518510818481,0.0,0.012731941416859627,0.0009871864174370627,2
11808,node,3.346336841583252,0.00046071712858974934,0.0,3.3458762168884277,0.0,0.000987164355085651,2
11809,graph,0.14348548650741577,0.0,0.142287939786911,0.0,0.011975493282079697,0.0009871422808651986,2
11810,graph,0.19647149741649628,0.0,0.19513168931007385,0.0,0.013398043811321259,0.0009871201947762507,2
11811,graph,0.241393581032753,0.0,0.23990529775619507,0.0,0.014882863499224186,0.0009870980968193516,2
11812,node,1.8481322526931763,0.0004911799915134907,0.0,1.847641110420227,0.0,0.0009870759869950471,2
11813,graph,0.11988615989685059,0.0,0.11842601746320724,0.0,0.014601440168917179,0.0009870538653038827,2
11814,graph,0.1983432173728943,0.0,0.19699272513389587,0.0,0.01350489817559719,0.000987031731746404,2
11815,graph,0.12454035133123398,0.0,0.12368950247764587,0.0,0.008508500643074512,0.000987009586323157,2
11816,node,2.53352952003479,0.0003636337351053953,0.0,2.53316593170166,0.0,0.0009869874290346884,2
11817,graph,0.12781213223934174,0.0,0.12628687918186188,0.0,0.015252540819346905,0.0009869652598815447,2
11818,graph,0.1251249611377716,0.0,0.12405312061309814,0.0,0.010718423873186111,0.0009869430788642729,2
11819,graph,0.129458948969841,0.0,0.12824833393096924,0.0,0.012106120586395264,0.0009869208859834206,2
11820,node,1.132491946220398,0.00043855555122718215,0.0,1.1320533752441406,0.0,0.000986898681239535,2
11821,graph,0.14756585657596588,0.0,0.14634065330028534,0.0,0.012252038344740868,0.0009868764646331642,2
11822,graph,0.21298010647296906,0.0,0.21168369054794312,0.0,0.01296416949480772,0.0009868542361648565,2
11823,graph,0.1299029439687729,0.0,0.12874403595924377,0.0,0.011589058674871922,0.00098683199583516,2
11824,node,1.6284544467926025,0.0004803940246347338,0.0,1.627974033355713,0.0,0.000986809743644624,2
11825,graph,0.18368610739707947,0.0,0.1826244294643402,0.0,0.010616776533424854,0.000986787479593797,2
11826,graph,0.15589460730552673,0.0,0.1548660546541214,0.0,0.01028560008853674,0.0009867652036832286,2
11827,graph,0.19444598257541656,0.0,0.19305674731731415,0.0,0.013892392627894878,0.0009867429159134684,2
11828,node,0.7942490577697754,0.00047374822315759957,0.0,0.7937753200531006,0.0,0.0009867206162850663,2
11829,graph,0.25719019770622253,0.0,0.2562534511089325,0.0,0.009367326274514198,0.0009866983047985725,2
11830,graph,0.13759469985961914,0.0,0.13642582297325134,0.0,0.011688766069710255,0.0009866759814545374,2
11831,graph,0.1788051873445511,0.0,0.17734050750732422,0.0,0.014646768569946289,0.0009866536462535124,2
11832,node,0.9591739177703857,0.000491748854983598,0.0,0.9586821794509888,0.0,0.000986631299196048,2
11833,graph,0.13467642664909363,0.0,0.1334487497806549,0.0,0.012276777997612953,0.0009866089402826956,2
11834,graph,0.1728413701057434,0.0,0.17158746719360352,0.0,0.012539062649011612,0.0009865865695140072,2
11835,graph,0.15427573025226593,0.0,0.15318505465984344,0.0,0.010906766168773174,0.0009865641868905344,2
11836,node,1.051498293876648,0.00043901585740968585,0.0,1.0510592460632324,0.0,0.0009865417924128299,2
11837,graph,0.14465674757957458,0.0,0.14333482086658478,0.0,0.013219211250543594,0.0009865193860814458,2
11838,graph,0.16308100521564484,0.0,0.16179227828979492,0.0,0.012887207791209221,0.0009864969678969355,2
11839,graph,0.1470465213060379,0.0,0.1457487791776657,0.0,0.012977389618754387,0.0009864745378598517,2
11840,node,0.19054746627807617,0.0004149530141148716,0.0,0.1901325136423111,0.0,0.000986452095970748,2
11841,graph,0.15400376915931702,0.0,0.15268002450466156,0.0,0.013237378560006618,0.000986429642230178,2
11842,graph,0.13104602694511414,0.0,0.1296403706073761,0.0,0.014056500978767872,0.0009864071766386958,2
11843,graph,0.18188105523586273,0.0,0.18036723136901855,0.0,0.015138184651732445,0.0009863846991968559,2
11844,node,1.4998434782028198,0.00042667501838877797,0.0,1.4994168281555176,0.0,0.0009863622099052127,2
11845,graph,0.17570562660694122,0.0,0.17460425198078156,0.0,0.011013777926564217,0.0009863397087643212,2
11846,graph,0.1517990380525589,0.0,0.15044499933719635,0.0,0.013540352694690228,0.0009863171957747365,2
11847,graph,0.15717236697673798,0.0,0.15601801872253418,0.0,0.011543492786586285,0.0009862946709370143,2
11848,node,0.7683062553405762,0.0005850805900990963,0.0,0.7677211761474609,0.0,0.00098627213425171,2
11849,graph,0.12703663110733032,0.0,0.12529510259628296,0.0,0.017415272071957588,0.0009862495857193801,2
11850,graph,0.1517801731824875,0.0,0.15051785111427307,0.0,0.012623218819499016,0.0009862270253405807,2
11851,graph,0.20359472930431366,0.0,0.20239806175231934,0.0,0.011966717429459095,0.0009862044531158685,2
11852,node,1.0249743461608887,0.0003418577543925494,0.0,1.024632453918457,0.0,0.0009861818690458004,2
11853,graph,0.15272390842437744,0.0,0.1513037234544754,0.0,0.014201788231730461,0.0009861592731309338,2
11854,graph,0.1227027028799057,0.0,0.12136135995388031,0.0,0.013413399457931519,0.000986136665371826,2
11855,graph,0.19778655469417572,0.0,0.19653598964214325,0.0,0.012505612336099148,0.0009861140457690352,2
11856,node,3.26285457611084,0.00038718050927855074,0.0,3.262467384338379,0.0,0.0009860914143231191,2
11857,graph,0.24822725355625153,0.0,0.24671094119548798,0.0,0.015163051895797253,0.0009860687710346364,2
11858,graph,0.14397074282169342,0.0,0.14287476241588593,0.0,0.010959804058074951,0.0009860461159041454,2
11859,graph,0.12508226931095123,0.0,0.12369139492511749,0.0,0.01390870288014412,0.0009860234489322056,2
11860,node,1.9725322723388672,0.0005009385640732944,0.0,1.9720313549041748,0.0,0.000986000770119376,2
11861,graph,0.14731112122535706,0.0,0.14613528549671173,0.0,0.011758431792259216,0.0009859780794662161,2
11862,graph,0.19739224016666412,0.0,0.1959804743528366,0.0,0.0141177112236619,0.000985955376973286,2
11863,graph,0.12243464589118958,0.0,0.12125443667173386,0.0,0.011802074499428272,0.0009859326626411459,2
11864,node,1.4939345121383667,0.0005014142370782793,0.0,1.4934331178665161,0.0,0.000985909936470356,2
11865,graph,0.19404566287994385,0.0,0.19266977906227112,0.0,0.013758904300630093,0.000985887198461477,2
11866,graph,0.13334086537361145,0.0,0.13208240270614624,0.0,0.01258466113358736,0.0009858644486150704,2
11867,graph,0.1392238885164261,0.0,0.13799399137496948,0.0,0.01229893509298563,0.0009858416869316972,2
11868,node,3.8784332275390625,0.0003362017741892487,0.0,3.8780970573425293,0.0,0.0009858189134119189,2
11869,graph,0.16250820457935333,0.0,0.16131937503814697,0.0,0.011888287030160427,0.0009857961280562977,2
11870,graph,0.17154616117477417,0.0,0.1702226996421814,0.0,0.013234566897153854,0.0009857733308653955,2
11871,graph,0.17334139347076416,0.0,0.17195352911949158,0.0,0.0138787142932415,0.000985750521839775,2
11872,node,0.9156360030174255,0.0005266604712232947,0.0,0.9151093363761902,0.0,0.0009857277009799991,2
11873,graph,0.1310943216085434,0.0,0.1296820044517517,0.0,0.014123099856078625,0.0009857048682866308,2
11874,graph,0.17175568640232086,0.0,0.17062807083129883,0.0,0.01127613801509142,0.0009856820237602332,2
11875,graph,0.12641941010951996,0.0,0.1252787858247757,0.0,0.011406172066926956,0.0009856591674013702,2
11876,node,0.7684239745140076,0.0004955321783199906,0.0,0.767928421497345,0.0,0.000985636299210606,2
11877,graph,0.18934078514575958,0.0,0.18792763352394104,0.0,0.014131497591733932,0.0009856134191885044,2
11878,graph,0.27249762415885925,0.0,0.2707011103630066,0.0,0.01796516217291355,0.0009855905273356302,2
11879,graph,0.12731419503688812,0.0,0.12606298923492432,0.0,0.012512092478573322,0.0009855676236525481,2
11880,node,1.5058380365371704,0.0004130681627430022,0.0,1.505424976348877,0.0,0.0009855447081398233,2
11881,graph,0.1508626937866211,0.0,0.14957210421562195,0.0,0.012905970215797424,0.0009855217807980211,2
11882,graph,0.2645605206489563,0.0,0.26337793469429016,0.0,0.011825797148048878,0.0009854988416277074,2
11883,graph,0.19531141221523285,0.0,0.19412262737751007,0.0,0.011887887492775917,0.0009854758906294482,2
11884,node,10.623517990112305,0.0008719972684048116,0.0,10.62264633178711,0.0,0.0009854529278038096,2
11885,graph,0.1439628154039383,0.0,0.14266984164714813,0.0,0.012929780408740044,0.0009854299531513585,2
11886,graph,0.19484888017177582,0.0,0.19338923692703247,0.0,0.014596383087337017,0.0009854069666726617,2
11887,graph,0.2231871336698532,0.0,0.2218688577413559,0.0,0.013182765804231167,0.000985383968368286,2
11888,node,5.4304375648498535,0.0007185923750512302,0.0,5.429718971252441,0.0,0.0009853609582387993,2
11889,graph,0.1523667871952057,0.0,0.15118786692619324,0.0,0.011789173819124699,0.0009853379362847689,2
11890,graph,0.17181843519210815,0.0,0.17059285938739777,0.0,0.0122557133436203,0.0009853149025067633,2
11891,graph,0.12868161499500275,0.0,0.12774889171123505,0.0,0.009327257983386517,0.0009852918569053506,2
11892,node,2.1304373741149902,0.0005417415522970259,0.0,2.1298956871032715,0.0,0.0009852687994810995,2
11893,graph,0.1542312055826187,0.0,0.15280364453792572,0.0,0.014275683090090752,0.0009852457302345788,2
11894,graph,0.17131264507770538,0.0,0.17031237483024597,0.0,0.010002734139561653,0.0009852226491663576,2
11895,graph,0.17649303376674652,0.0,0.17508526146411896,0.0,0.014077727682888508,0.0009851995562770058,2
11896,node,0.7546849846839905,0.0005274157738313079,0.0,0.754157543182373,0.0,0.0009851764515670931,2
11897,graph,0.14500752091407776,0.0,0.14375120401382446,0.0,0.012563107535243034,0.0009851533350371893,2
11898,graph,0.18430772423744202,0.0,0.18306595087051392,0.0,0.01241766195744276,0.000985130206687865,2
11899,graph,0.17160585522651672,0.0,0.1702362596988678,0.0,0.013695978559553623,0.0009851070665196908,2
11900,node,1.4920833110809326,0.000587626826018095,0.0,1.4914957284927368,0.0,0.0009850839145332376,2
11901,graph,0.26182323694229126,0.0,0.26070675253868103,0.0,0.011164986528456211,0.000985060750729077,2
11902,graph,0.09766222536563873,0.0,0.09614082425832748,0.0,0.015214004553854465,0.0009850375751077802,2
11903,graph,0.2279670238494873,0.0,0.22639232873916626,0.0,0.01574692502617836,0.0009850143876699192,2
11904,node,0.5122603178024292,0.0004998918739147484,0.0,0.511760413646698,0.0,0.000984991188416066,2
11905,graph,0.1630697399377823,0.0,0.16192150115966797,0.0,0.011482353322207928,0.000984967977346793,2
11906,graph,0.18273288011550903,0.0,0.18135640025138855,0.0,0.013764867559075356,0.0009849447544626729,2
11907,graph,0.1333058476448059,0.0,0.13198323547840118,0.0,0.01322614774107933,0.0009849215197642789,2
11908,node,5.463225364685059,0.0005304650403559208,0.0,5.462695121765137,0.0,0.000984898273252184,2
11909,graph,0.15346963703632355,0.0,0.15231823921203613,0.0,0.011513914912939072,0.000984875014926962,2
11910,graph,0.21597141027450562,0.0,0.21486882865428925,0.0,0.011025824584066868,0.0009848517447891868,2
11911,graph,0.1223689392209053,0.0,0.12091237306594849,0.0,0.014565674588084221,0.0009848284628394327,2
11912,node,1.3142368793487549,0.0005083315772935748,0.0,1.3137285709381104,0.0,0.0009848051690782738,2
11913,graph,0.1450829803943634,0.0,0.14382658898830414,0.0,0.012563974596560001,0.000984781863506285,2
11914,graph,0.15001247823238373,0.0,0.14894896745681763,0.0,0.010635173879563808,0.0009847585461240415,2
11915,graph,0.13952697813510895,0.0,0.1380484700202942,0.0,0.01478514913469553,0.0009847352169321181,2
11916,node,2.576793909072876,0.0005089617916382849,0.0,2.576284885406494,0.0,0.000984711875931091,2
11917,graph,0.11039699614048004,0.0,0.10923384875059128,0.0,0.011631502769887447,0.000984688523121536,2
11918,graph,0.14960643649101257,0.0,0.14866694808006287,0.0,0.009394839406013489,0.0009846651585040291,2
11919,graph,0.11944296211004257,0.0,0.11827728152275085,0.0,0.011656786315143108,0.000984641782079147,2
11920,node,5.464261531829834,0.0006479385192506015,0.0,5.463613510131836,0.0,0.0009846183938474664,2
11921,graph,0.15949273109436035,0.0,0.15814189612865448,0.0,0.013508389703929424,0.0009845949938095645,2
11922,graph,0.1532111018896103,0.0,0.15209507942199707,0.0,0.011160289868712425,0.0009845715819660186,2
11923,graph,0.13829444348812103,0.0,0.1369263380765915,0.0,0.013680984266102314,0.000984548158317406,2
11924,node,12.311545372009277,0.0032492203172296286,0.0,12.308296203613281,0.0,0.0009845247228643052,2
11925,graph,0.16745218634605408,0.0,0.16602352261543274,0.0,0.01428659912198782,0.0009845012756072942,2
11926,graph,0.13907629251480103,0.0,0.13789746165275574,0.0,0.011788292787969112,0.0009844778165469517,2
11927,graph,0.11147326231002808,0.0,0.11001060903072357,0.0,0.01462650764733553,0.0009844543456838562,2
11928,node,0.5631799101829529,0.0004100227088201791,0.0,0.562769889831543,0.0,0.000984430863018587,2
11929,graph,0.14203816652297974,0.0,0.14059686660766602,0.0,0.014412974938750267,0.0009844073685517237,2
11930,graph,0.11749472469091415,0.0,0.11607089638710022,0.0,0.014238308183848858,0.000984383862283846,2
11931,graph,0.2372754067182541,0.0,0.23614390194416046,0.0,0.011315052397549152,0.0009843603442155338,2
11932,node,1.003380298614502,0.0003816467069555074,0.0,1.00299870967865,0.0,0.000984336814347367,2
11933,graph,0.12565912306308746,0.0,0.12462802231311798,0.0,0.010310984216630459,0.0009843132726799265,2
11934,graph,0.18703113496303558,0.0,0.18578097224235535,0.0,0.01250169612467289,0.0009842897192137935,2
11935,graph,0.16368889808654785,0.0,0.1622583270072937,0.0,0.014305748976767063,0.0009842661539495486,2
11936,node,4.269696235656738,0.00045705397496931255,0.0,4.2692389488220215,0.0,0.0009842425768877734,2
11937,graph,0.14677751064300537,0.0,0.14571022987365723,0.0,0.010672738775610924,0.0009842189880290499,2
11938,graph,0.23995932936668396,0.0,0.23851345479488373,0.0,0.014458678662776947,0.0009841953873739597,2
11939,graph,0.11972177773714066,0.0,0.11837641894817352,0.0,0.013453598134219646,0.0009841717749230854,2
11940,node,0.31101125478744507,0.000455130182672292,0.0,0.3105561137199402,0.0,0.0009841481506770097,2
11941,graph,0.1478484570980072,0.0,0.14681227505207062,0.0,0.010361775755882263,0.0009841245146363154,2
11942,graph,0.13570545613765717,0.0,0.1344342678785324,0.0,0.012711861170828342,0.0009841008668015857,2
11943,graph,0.14109843969345093,0.0,0.1399635374546051,0.0,0.011349087581038475,0.000984077207173404,2
11944,node,0.432926744222641,0.0005349895800463855,0.0,0.4323917627334595,0.0,0.000984053535752354,2
11945,graph,0.14004115760326385,0.0,0.13867487013339996,0.0,0.0136628532782197,0.0009840298525390203,2
11946,graph,0.15989753603935242,0.0,0.1585969626903534,0.0,0.013005764223635197,0.0009840061575339867,2
11947,graph,0.18240287899971008,0.0,0.1812204122543335,0.0,0.011824728921055794,0.000983982450737838,2
11948,node,1.517848014831543,0.0007987477001734078,0.0,1.5170493125915527,0.0,0.000983958732151159,2
11949,graph,0.13813774287700653,0.0,0.13703885674476624,0.0,0.010988852940499783,0.0009839350017745354,2
11950,graph,0.11362338066101074,0.0,0.11217697709798813,0.0,0.014464056119322777,0.0009839112596085524,2
11951,graph,0.17673762142658234,0.0,0.17555661499500275,0.0,0.01181009504944086,0.0009838875056537957,2
11952,node,0.7502289414405823,0.0009469837532378733,0.0,0.7492819428443909,0.0,0.0009838637399108515,2
11953,graph,0.15140658617019653,0.0,0.15014678239822388,0.0,0.012598064728081226,0.0009838399623803063,2
11954,graph,0.16977046430110931,0.0,0.16832616925239563,0.0,0.014442943036556244,0.0009838161730627468,2
11955,graph,0.15737368166446686,0.0,0.15633171796798706,0.0,0.010419664904475212,0.0009837923719587598,2
11956,node,1.4680806398391724,0.0004061855433974415,0.0,1.4676744937896729,0.0,0.0009837685590689327,2
11957,graph,0.12636208534240723,0.0,0.12496121227741241,0.0,0.014008795842528343,0.000983744734393853,2
11958,graph,0.14213165640830994,0.0,0.14088162779808044,0.0,0.012500226497650146,0.0009837208979341088,2
11959,graph,0.17558494210243225,0.0,0.17452684044837952,0.0,0.010581009089946747,0.0009836970496902879,2
11960,node,3.1874330043792725,0.0005837077624164522,0.0,3.186849355697632,0.0,0.0009836731896629787,2
11961,graph,0.16142788529396057,0.0,0.1600608378648758,0.0,0.013670476153492928,0.0009836493178527702,2
11962,graph,0.13732877373695374,0.0,0.13611561059951782,0.0,0.01213169563561678,0.0009836254342602514,2
11963,graph,0.14965462684631348,0.0,0.14829522371292114,0.0,0.013594058342278004,0.0009836015388860113,2
11964,node,2.137507200241089,0.0010119781363755465,0.0,2.1364951133728027,0.0,0.0009835776317306398,2
11965,graph,0.16175787150859833,0.0,0.16040490567684174,0.0,0.013529612682759762,0.0009835537127947267,2
11966,graph,0.16558317840099335,0.0,0.16448238492012024,0.0,0.011007968336343765,0.000983529782078862,2
11967,graph,0.15297596156597137,0.0,0.15178966522216797,0.0,0.01186290755867958,0.0009835058395836365,2
11968,node,4.004851818084717,0.0010454991133883595,0.0,4.003806114196777,0.0,0.0009834818853096407,2
11969,graph,0.1416812390089035,0.0,0.1406228095293045,0.0,0.010584329254925251,0.0009834579192574656,2
11970,graph,0.13584372401237488,0.0,0.1345764845609665,0.0,0.012672409415245056,0.0009834339414277029,2
11971,graph,0.15421290695667267,0.0,0.15260940790176392,0.0,0.01603502593934536,0.0009834099518209439,2
11972,node,33.12953567504883,0.0009591199923306704,0.0,33.128578186035156,0.0,0.0009833859504377806,2
11973,graph,0.15396879613399506,0.0,0.15256312489509583,0.0,0.01405671052634716,0.0009833619372788052,2
11974,graph,0.16596642136573792,0.0,0.16480493545532227,0.0,0.011614899151027203,0.0009833379123446104,2
11975,graph,0.17610062658786774,0.0,0.1747608482837677,0.0,0.01339778769761324,0.0009833138756357887,2
11976,node,3.6842870712280273,0.0010014738654717803,0.0,3.683285713195801,0.0,0.0009832898271529332,2
11977,graph,0.15810777246952057,0.0,0.15694329142570496,0.0,0.011644811369478703,0.0009832657668966374,2
11978,graph,0.16561470925807953,0.0,0.16433334350585938,0.0,0.0128136882558465,0.000983241694867495,2
11979,graph,0.1452300101518631,0.0,0.14402291178703308,0.0,0.012071053497493267,0.0009832176110660998,2
11980,node,0.6009127497673035,0.0006635196041315794,0.0,0.6002492308616638,0.0,0.0009831935154930463,2
11981,graph,0.13191381096839905,0.0,0.13064390420913696,0.0,0.012699000537395477,0.0009831694081489288,2
11982,graph,0.12999780476093292,0.0,0.12878836691379547,0.0,0.012094413861632347,0.0009831452890343422,2
11983,graph,0.13737480342388153,0.0,0.13572144508361816,0.0,0.01653352938592434,0.0009831211581498816,2
11984,node,1.6684379577636719,0.0005690525867976248,0.0,1.6678688526153564,0.0,0.0009830970154961424,2
11985,graph,0.12087101489305496,0.0,0.11956971883773804,0.0,0.013012973591685295,0.0009830728610737203,2
11986,graph,0.1781284064054489,0.0,0.17691943049430847,0.0,0.012089807540178299,0.0009830486948832113,2
11987,graph,0.12559039890766144,0.0,0.12405368685722351,0.0,0.01536715030670166,0.0009830245169252117,2
11988,node,2.9504523277282715,0.0003685821720864624,0.0,2.9500837326049805,0.0,0.000983000327200318,2
11989,graph,0.17184816300868988,0.0,0.17033499479293823,0.0,0.015131629072129726,0.0009829761257091271,2
11990,graph,0.1322547197341919,0.0,0.13095730543136597,0.0,0.012974211946129799,0.0009829519124522363,2
11991,graph,0.19741417467594147,0.0,0.19614975154399872,0.0,0.012644191272556782,0.0009829276874302427,2
11992,node,0.8405135273933411,0.0005548646440729499,0.0,0.839958667755127,0.0,0.0009829034506437441,2
11993,graph,0.1139519214630127,0.0,0.11275473982095718,0.0,0.011971835978329182,0.0009828792020933391,2
11994,graph,0.13313351571559906,0.0,0.13180524110794067,0.0,0.013282708823680878,0.000982854941779625,2
11995,graph,0.14235788583755493,0.0,0.14125776290893555,0.0,0.011001302860677242,0.0009828306697032012,2
11996,node,2.149869918823242,0.0005100491689518094,0.0,2.149359941482544,0.0,0.0009828063858646663,2
11997,graph,0.1079738661646843,0.0,0.1068173348903656,0.0,0.01156530249863863,0.0009827820902646195,2
11998,graph,0.120914526283741,0.0,0.11964012682437897,0.0,0.012744015082716942,0.0009827577829036602,2
11999,graph,0.12454017996788025,0.0,0.12311677634716034,0.0,0.014234027825295925,0.0009827334637823883,2
12000,node,0.7431538105010986,0.00048578548012301326,0.0,0.7426680326461792,0.0,0.0009827091329014037,2
12001,graph,0.13706545531749725,0.0,0.13603834807872772,0.0,0.010271100327372551,0.0009826847902613069,2
12002,graph,0.11511435359716415,0.0,0.11382253468036652,0.0,0.012918212451040745,0.0009826604358626984,2
12003,graph,0.17869111895561218,0.0,0.1775345504283905,0.0,0.011565632186830044,0.0009826360697061793,2
12004,node,2.656771659851074,0.0003934220294468105,0.0,2.6563782691955566,0.0,0.0009826116917923506,2
12005,graph,0.1026955246925354,0.0,0.10153842717409134,0.0,0.011570945382118225,0.000982587302121814,2
12006,graph,0.18018604815006256,0.0,0.178819477558136,0.0,0.013665711507201195,0.0009825629006951712,2
12007,graph,0.15427280962467194,0.0,0.15292726457118988,0.0,0.013455437496304512,0.0009825384875130241,2
12008,node,14.619964599609375,0.000373877672245726,0.0,14.619590759277344,0.0,0.0009825140625759755,2
12009,graph,0.12971273064613342,0.0,0.1284034252166748,0.0,0.01309299934655428,0.0009824896258846276,2
12010,graph,0.12764427065849304,0.0,0.12663599848747253,0.0,0.010082738474011421,0.0009824651774395835,2
12011,graph,0.1220620796084404,0.0,0.12077532708644867,0.0,0.012867535464465618,0.0009824407172414466,2
12012,node,0.3466835916042328,0.000573202152736485,0.0,0.34611040353775024,0.0,0.0009824162452908203,2
12013,graph,0.14067551493644714,0.0,0.13931071758270264,0.0,0.013647983781993389,0.0009823917615883085,2
12014,graph,0.11237478256225586,0.0,0.11131058633327484,0.0,0.010641971603035927,0.000982367266134515,2
12015,graph,0.18924471735954285,0.0,0.18818680942058563,0.0,0.010579097084701061,0.0009823427589300447,2
12016,node,0.6044726967811584,0.000496745458804071,0.0,0.6039759516716003,0.0,0.000982318239975502,2
12017,graph,0.10374810546636581,0.0,0.10272703319787979,0.0,0.010210711508989334,0.0009822937092714918,2
12018,graph,0.1334284096956253,0.0,0.13206979632377625,0.0,0.01358609925955534,0.0009822691668186195,2
12019,graph,0.10602396726608276,0.0,0.1049840897321701,0.0,0.010398800484836102,0.0009822446126174905,2
12020,node,1.3372825384140015,0.0004544903349597007,0.0,1.3368279933929443,0.0,0.000982220046668711,2
12021,graph,0.13437673449516296,0.0,0.13291484117507935,0.0,0.014619006775319576,0.000982195468972887,2
12022,graph,0.20376844704151154,0.0,0.20261777937412262,0.0,0.011506742797791958,0.0009821708795306249,2
12023,graph,0.19164639711380005,0.0,0.19025254249572754,0.0,0.01393861509859562,0.0009821462783425312,2
12024,node,6.862302780151367,0.0005514234071597457,0.0,6.861751556396484,0.0,0.0009821216654092133,2
12025,graph,0.1642768234014511,0.0,0.16303329169750214,0.0,0.012435381300747395,0.0009820970407312783,2
12026,graph,0.14612938463687897,0.0,0.1447940468788147,0.0,0.013353366404771805,0.0009820724043093337,2
12027,graph,0.1771438866853714,0.0,0.17590083181858063,0.0,0.012430528178811073,0.0009820477561439875,2
12028,node,1.2069896459579468,0.0005976577522233129,0.0,1.2063919305801392,0.0,0.000982023096235848,2
12029,graph,0.15526743233203888,0.0,0.15394192934036255,0.0,0.013255100697278976,0.0009819984245855234,2
12030,graph,0.12927553057670593,0.0,0.12815693020820618,0.0,0.011186043731868267,0.0009819737411936225,2
12031,graph,0.13560515642166138,0.0,0.13445225358009338,0.0,0.011528953909873962,0.0009819490460607544,2
12032,node,2.1277031898498535,0.0007204698049463332,0.0,2.1269826889038086,0.0,0.0009819243391875284,2
12033,graph,0.14805366098880768,0.0,0.14689423143863678,0.0,0.011594323441386223,0.0009818996205745543,2
12034,graph,0.1363234668970108,0.0,0.13491573929786682,0.0,0.014077302999794483,0.0009818748902224415,2
12035,graph,0.1660086065530777,0.0,0.16480109095573425,0.0,0.012075144797563553,0.000981850148131801,2
12036,node,0.6214683055877686,0.0006813069339841604,0.0,0.6207870244979858,0.0,0.0009818253943032424,2
12037,graph,0.1485070139169693,0.0,0.14731502532958984,0.0,0.011919821612536907,0.000981800628737377,2
12038,graph,0.11116649210453033,0.0,0.10971702635288239,0.0,0.014494680799543858,0.000981775851434816,2
12039,graph,0.12751729786396027,0.0,0.12635605037212372,0.0,0.011612460017204285,0.0009817510623961704,2
12040,node,12.404901504516602,0.00036993841058574617,0.0,12.404531478881836,0.0,0.000981726261622052,2
12041,graph,0.15219849348068237,0.0,0.1510382890701294,0.0,0.011602086946368217,0.0009817014491130727,2
12042,graph,0.19247740507125854,0.0,0.19123691320419312,0.0,0.012404941953718662,0.0009816766248698446,2
12043,graph,0.123122937977314,0.0,0.12183038890361786,0.0,0.012925510294735432,0.0009816517888929805,2
12044,node,0.8445329070091248,0.00047061266377568245,0.0,0.8440622687339783,0.0,0.000981626941183093,2
12045,graph,0.1602284163236618,0.0,0.15883740782737732,0.0,0.013910048641264439,0.000981602081740795,2
12046,graph,0.1425529271364212,0.0,0.1414039134979248,0.0,0.011490155942738056,0.0009815772105667003,2
12047,graph,0.10232682526111603,0.0,0.10119881480932236,0.0,0.011280089616775513,0.0009815523276614224,2
12048,node,0.7266720533370972,0.0005120104178786278,0.0,0.7261600494384766,0.0,0.0009815274330255753,2
12049,graph,0.1320159137248993,0.0,0.13088275492191315,0.0,0.011331586167216301,0.000981502526659773,2
12050,graph,0.1187603697180748,0.0,0.11769716441631317,0.0,0.010632071644067764,0.0009814776085646305,2
12051,graph,0.11772912740707397,0.0,0.11659496277570724,0.0,0.011341631412506104,0.0009814526787407622,2
12052,node,0.5016391277313232,0.0006363990833051503,0.0,0.5010027289390564,0.0,0.0009814277371887835,2
12053,graph,0.11386174708604813,0.0,0.11248079687356949,0.0,0.01380948070436716,0.0009814027839093098,2
12054,graph,0.13472889363765717,0.0,0.13377882540225983,0.0,0.009500632993876934,0.0009813778189029564,2
12055,graph,0.1581907719373703,0.0,0.15707366168498993,0.0,0.011171167716383934,0.0009813528421703398,2
12056,node,4.244564056396484,0.0005515668308362365,0.0,4.244012355804443,0.0,0.0009813278537120758,2
12057,graph,0.1774825155735016,0.0,0.1763332039117813,0.0,0.011493110097944736,0.0009813028535287814,2
12058,graph,0.1352194994688034,0.0,0.13385289907455444,0.0,0.013665949925780296,0.0009812778416210732,2
12059,graph,0.09627845138311386,0.0,0.09496136009693146,0.0,0.01317087933421135,0.0009812528179895684,2
12060,node,11.731354713439941,0.0005340458592399955,0.0,11.730820655822754,0.0,0.0009812277826348845,2
12061,graph,0.12817010283470154,0.0,0.12699511647224426,0.0,0.01174985896795988,0.0009812027355576393,2
12062,graph,0.13678677380084991,0.0,0.13545233011245728,0.0,0.013344408944249153,0.0009811776767584507,2
12063,graph,0.15004998445510864,0.0,0.148842453956604,0.0,0.012075318023562431,0.0009811526062379367,2
12064,node,1.0486871004104614,0.0005174332181923091,0.0,1.0481696128845215,0.0,0.0009811275239967163,2
12065,graph,0.21219389140605927,0.0,0.2109570950269699,0.0,0.012367990799248219,0.0009811024300354085,2
12066,graph,0.1418628841638565,0.0,0.1408325433731079,0.0,0.010303431190550327,0.000981077324354632,2
12067,graph,0.1198730617761612,0.0,0.1186276450753212,0.0,0.012454203329980373,0.0009810522069550066,2
12068,node,0.5048098564147949,0.0005451262113638222,0.0,0.5042647123336792,0.0,0.0009810270778371519,2
12069,graph,0.17344482243061066,0.0,0.17218320071697235,0.0,0.012616265565156937,0.0009810019370016878,2
12070,graph,0.14224524796009064,0.0,0.1411384642124176,0.0,0.011067894287407398,0.000980976784449235,2
12071,graph,0.18211838603019714,0.0,0.18099364638328552,0.0,0.011247328482568264,0.0009809516201804138,2
12072,node,0.3491310775279999,0.00047150670434348285,0.0,0.34865957498550415,0.0,0.0009809264441958453,2
12073,graph,0.11776993423700333,0.0,0.11660811305046082,0.0,0.011618235148489475,0.0009809012564961504,2
12074,graph,0.12836569547653198,0.0,0.1268845945596695,0.0,0.014810988679528236,0.000980876057081951,2
12075,graph,0.12462867051362991,0.0,0.12343764305114746,0.0,0.011910307221114635,0.0009808508459538687,2
12076,node,1.831458330154419,0.00040697745862416923,0.0,1.8310513496398926,0.0,0.0009808256231125256,2
12077,graph,0.12439785897731781,0.0,0.12303829938173294,0.0,0.013595608994364738,0.0009808003885585438,2
12078,graph,0.1048509031534195,0.0,0.10373865067958832,0.0,0.011122538708150387,0.0009807751422925462,2
12079,graph,0.13978545367717743,0.0,0.1384527087211609,0.0,0.013327469117939472,0.0009807498843151556,2
12080,node,1.7439652681350708,0.00042634803685359657,0.0,1.7435389757156372,0.0,0.0009807246146269952,2
12081,graph,0.1284932643175125,0.0,0.1271803081035614,0.0,0.01312953233718872,0.0009806993332286886,2
12082,graph,0.15151968598365784,0.0,0.1502450704574585,0.0,0.012746153399348259,0.0009806740401208595,2
12083,graph,0.1942836195230484,0.0,0.19301553070545197,0.0,0.012680958956480026,0.000980648735304132,2
12084,node,7.571096420288086,0.0005130328354425728,0.0,7.570583343505859,0.0,0.0009806234187791306,2
12085,graph,0.1107165515422821,0.0,0.10932490229606628,0.0,0.013916480354964733,0.00098059809054648,2
12086,graph,nan,0.0,0.13347946107387543,0.0,0.014213894493877888,0.0009805727506068049,3
12087,graph,nan,0.0,1.069805383682251,0.0,0.7002276182174683,0.0009805473989607306,3
12088,node,nan,0.0003749313182197511,0.0,4.780014514923096,0.0,0.0009805220356088825,3
12089,graph,nan,0.0,0.716821551322937,0.0,0.7186868786811829,0.0009804966605518868,3
12090,graph,nan,0.0,0.9394894242286682,0.0,0.7450506687164307,0.000982683688561516,2
12091,graph,0.205418661236763,0.0,0.2041696012020111,0.0,0.012490597553551197,0.000982658232491188,2
12092,node,0.5357489585876465,0.0004551418242044747,0.0,0.5352938175201416,0.0,0.0009826327646910479,2
12093,graph,0.32683998346328735,0.0,0.32567471265792847,0.0,0.011652673594653606,0.0009826072851617238,2
12094,graph,0.1441284716129303,0.0,0.1428050994873047,0.0,0.013233675621449947,0.0009825817939038447,2
12095,graph,0.14560209214687347,0.0,0.14397946000099182,0.0,0.016226360574364662,0.0009825562909180395,2
12096,node,9.291498184204102,0.0004964381805621088,0.0,9.291001319885254,0.0,0.0009825307762049375,2
12097,graph,0.13916906714439392,0.0,0.13793356716632843,0.0,0.012355008162558079,0.000982505249765168,2
12098,graph,0.15285532176494598,0.0,0.15153369307518005,0.0,0.013216352090239525,0.0009824797115993611,2
12099,graph,0.1253429353237152,0.0,0.12400088459253311,0.0,0.013420464470982552,0.0009824541617081467,2
12100,node,0.6149232983589172,0.0006069773226045072,0.0,0.6143163442611694,0.0,0.0009824286000921553,2
12101,graph,0.10522808134555817,0.0,0.10395084321498871,0.0,0.012772366404533386,0.0009824030267520179,2
12102,graph,0.13053421676158905,0.0,0.12928931415081024,0.0,0.012449066154658794,0.0009823774416883651,2
12103,graph,0.1353757381439209,0.0,0.1340026706457138,0.0,0.013730633072555065,0.0009823518449018284,2
12104,node,2.03369402885437,0.0005033249035477638,0.0,2.0331907272338867,0.0,0.0009823262363930394,2
12105,graph,0.11920134723186493,0.0,0.11817850172519684,0.0,0.010228456929326057,0.0009823006161626296,2
12106,graph,0.13380521535873413,0.0,0.13261553645133972,0.0,0.011896793730556965,0.0009822749842112316,2
12107,graph,0.16195526719093323,0.0,0.1608331948518753,0.0,0.011220702901482582,0.0009822493405394776,2
12108,node,1.4015480279922485,0.0005086726741865277,0.0,1.4010393619537354,0.0,0.0009822236851480006,2
12109,graph,0.1533714383840561,0.0,0.15219876170158386,0.0,0.011726776137948036,0.0009821980180374332,2
12110,graph,0.20178274810314178,0.0,0.20044347643852234,0.0,0.013392680324614048,0.000982172339208409,2
12111,graph,0.11769761890172958,0.0,0.11626419425010681,0.0,0.014334212988615036,0.0009821466486615617,2
12112,node,2.104093313217163,0.0004832409613300115,0.0,2.103610038757324,0.0,0.000982120946397525,2
12113,graph,0.14121204614639282,0.0,0.1400945484638214,0.0,0.0111750029027462,0.000982095232416933,2
12114,graph,0.1499938815832138,0.0,0.1487421989440918,0.0,0.012516841292381287,0.0009820695067204203,2
12115,graph,0.10881028324365616,0.0,0.10761429369449615,0.0,0.011959878727793694,0.0009820437693086217,2
12116,node,0.37425515055656433,0.0005244221538305283,0.0,0.37373071908950806,0.0,0.0009820180201821722,2
12117,graph,0.14391052722930908,0.0,0.14263290166854858,0.0,0.012776315212249756,0.000981992259341707,2
12118,graph,0.13777579367160797,0.0,0.13663345575332642,0.0,0.011423405259847641,0.000981966486787862,2
12119,graph,0.18082161247730255,0.0,0.17946818470954895,0.0,0.013534264639019966,0.0009819407025212729,2
12120,node,2.9209163188934326,0.0005251503316685557,0.0,2.920391082763672,0.0,0.000981914906542576,2
12121,graph,0.11912206560373306,0.0,0.1179114505648613,0.0,0.012106126174330711,0.0009818890988524075,2
12122,graph,0.1142762079834938,0.0,0.11296027153730392,0.0,0.013159400783479214,0.0009818632794514044,2
12123,graph,0.21220576763153076,0.0,0.21110990643501282,0.0,0.010958579368889332,0.0009818374483402039,2
12124,node,1.6508067846298218,0.0004438570758793503,0.0,1.6503629684448242,0.0,0.0009818116055194434,2
12125,graph,0.14454257488250732,0.0,0.1434670388698578,0.0,0.010755317285656929,0.0009817857509897602,2
12126,graph,0.13032160699367523,0.0,0.12901806831359863,0.0,0.013035386800765991,0.0009817598847517925,2
12127,graph,0.1541571319103241,0.0,0.15279807150363922,0.0,0.013590564019978046,0.0009817340068061784,2
12128,node,0.8291158676147461,0.0004377695149742067,0.0,0.8286780714988708,0.0,0.0009817081171535566,2
12129,graph,0.18975333869457245,0.0,0.18857097625732422,0.0,0.011823570355772972,0.0009816822157945658,2
12130,graph,0.20234739780426025,0.0,0.20111814141273499,0.0,0.01229254249483347,0.000981656302729845,2
12131,graph,0.16391706466674805,0.0,0.1629990041255951,0.0,0.009180530905723572,0.0009816303779600333,2
12132,node,2.1546666622161865,0.0004546674608718604,0.0,2.15421199798584,0.0,0.000981604441485771,2
12133,graph,0.23767486214637756,0.0,0.2367296814918518,0.0,0.009451794438064098,0.0009815784933076977,2
12134,graph,0.20282790064811707,0.0,0.20160579681396484,0.0,0.012220990844070911,0.0009815525334264537,2
12135,graph,0.14556756615638733,0.0,0.14423134922981262,0.0,0.013362131081521511,0.0009815265618426795,2
12136,node,2.216921806335449,0.0005358984926715493,0.0,2.216385841369629,0.0,0.000981500578557016,2
12137,graph,0.17134113609790802,0.0,0.17026376724243164,0.0,0.010773710906505585,0.000981474583570104,2
12138,graph,0.18599262833595276,0.0,0.18465964496135712,0.0,0.013329851441085339,0.0009814485768825855,2
12139,graph,0.1499975323677063,0.0,0.14884988963603973,0.0,0.01147643942385912,0.000981422558495102,2
12140,node,5.91304874420166,0.0003999141335953027,0.0,5.912648677825928,0.0,0.000981396528408295,2
12141,graph,0.14163650572299957,0.0,0.140568345785141,0.0,0.0106815742328763,0.0009813704866228072,2
12142,graph,0.14594922959804535,0.0,0.14454437792301178,0.0,0.014048459008336067,0.000981344433139281,2
12143,graph,0.13164150714874268,0.0,0.13020989298820496,0.0,0.014316190034151077,0.0009813183679583594,2
12144,node,2.877182960510254,0.00033522385638207197,0.0,2.876847743988037,0.0,0.0009812922910806853,2
12145,graph,0.16957201063632965,0.0,0.16829457879066467,0.0,0.012774254195392132,0.0009812662025069025,2
12146,graph,0.1309824287891388,0.0,0.12999966740608215,0.0,0.00982759427279234,0.0009812401022376543,2
12147,graph,0.1596069633960724,0.0,0.15832245349884033,0.0,0.012845172546803951,0.0009812139902735848,2
12148,node,1.1463533639907837,0.000575528887566179,0.0,1.1457778215408325,0.0,0.0009811878666153384,2
12149,graph,0.146283358335495,0.0,0.14517013728618622,0.0,0.011132273823022842,0.0009811617312635596,2
12150,graph,0.137762650847435,0.0,0.13622578978538513,0.0,0.015368561260402203,0.0009811355842188933,2
12151,graph,0.15855929255485535,0.0,0.15713228285312653,0.0,0.01427006721496582,0.0009811094254819847,2
12152,node,1.9950850009918213,0.0005306806997396052,0.0,1.9945542812347412,0.0,0.0009810832550534792,2
12153,graph,0.15862102806568146,0.0,0.1574075073003769,0.0,0.01213520485907793,0.0009810570729340226,2
12154,graph,0.1704963743686676,0.0,0.16938310861587524,0.0,0.011132645420730114,0.0009810308791242607,2
12155,graph,0.11994283646345139,0.0,0.11848978698253632,0.0,0.014530467800796032,0.00098100467362484,2
12156,node,1.0722508430480957,0.00045953996595926583,0.0,1.0717912912368774,0.0,0.000980978456436407,2
12157,graph,0.1311880499124527,0.0,0.12994956970214844,0.0,0.012384803965687752,0.0009809522275596087,2
12158,graph,0.2464733123779297,0.0,0.24501994252204895,0.0,0.014533674344420433,0.000980925986995092,2
12159,graph,0.10422333329916,0.0,0.10302819311618805,0.0,0.011951365508139133,0.0009808997347435049,2
12160,node,1.063607931137085,0.00045186441275291145,0.0,1.063156008720398,0.0,0.0009808734708054946,2
12161,graph,0.13280367851257324,0.0,0.13136886060237885,0.0,0.014348204247653484,0.0009808471951817093,2
12162,graph,0.15511584281921387,0.0,0.15392538905143738,0.0,0.011904518119990826,0.0009808209078727974,2
12163,graph,0.14710824191570282,0.0,0.14595258235931396,0.0,0.011556634679436684,0.0009807946088794073,2
12164,node,0.8756191730499268,0.00046669438597746193,0.0,0.8751524686813354,0.0,0.0009807682982021883,2
12165,graph,0.13664649426937103,0.0,0.13531947135925293,0.0,0.013270257040858269,0.0009807419758417894,2
12166,graph,0.12644770741462708,0.0,0.1252407431602478,0.0,0.01206966582685709,0.00098071564179886,2
12167,graph,0.15439409017562866,0.0,0.1530725657939911,0.0,0.013215296901762486,0.00098068929607405,2
12168,node,1.8033157587051392,0.0003999271721113473,0.0,1.8029158115386963,0.0,0.0009806629386680092,2
12169,graph,0.20545776188373566,0.0,0.2040139138698578,0.0,0.014438549987971783,0.0009806365695813881,2
12170,graph,0.15307238698005676,0.0,0.15195833146572113,0.0,0.011140520684421062,0.0009806101888148373,2
12171,graph,0.13181431591510773,0.0,0.13024815917015076,0.0,0.015661589801311493,0.0009805837963690078,2
12172,node,1.4503333568572998,0.0005013392074033618,0.0,1.4498319625854492,0.0,0.0009805573922445506,2
12173,graph,0.12705634534358978,0.0,0.1259218156337738,0.0,0.011345366016030312,0.0009805309764421176,2
12174,graph,0.14197871088981628,0.0,0.14070339500904083,0.0,0.012753229588270187,0.00098050454896236,2
12175,graph,0.23920810222625732,0.0,0.23786093294620514,0.0,0.013471715152263641,0.0009804781098059305,2
12176,node,2.2976479530334473,0.0005307788960635662,0.0,2.297117233276367,0.0,0.0009804516589734813,2
12177,graph,0.11117731034755707,0.0,0.10995347797870636,0.0,0.01223831344395876,0.0009804251964656647,2
12178,graph,0.14407899975776672,0.0,0.14251956343650818,0.0,0.015594309195876122,0.000980398722283134,2
12179,graph,0.12182360887527466,0.0,0.12055112421512604,0.0,0.012724844738841057,0.0009803722364265424,2
12180,node,0.32493311166763306,0.00033502542646601796,0.0,0.3245980739593506,0.0,0.0009803457388965432,2
12181,graph,0.16970013082027435,0.0,0.16861578822135925,0.0,0.01084342785179615,0.0009803192296937904,2
12182,graph,0.12447711080312729,0.0,0.12332399934530258,0.0,0.011531097814440727,0.0009802927088189378,2
12183,graph,0.16973412036895752,0.0,0.16851510107517242,0.0,0.012190248817205429,0.00098026617627264,2
12184,node,1.1468526124954224,0.0004042011860292405,0.0,1.1464483737945557,0.0,0.0009802396320555517,2
12185,graph,0.12781788408756256,0.0,0.12649308145046234,0.0,0.013247963972389698,0.0009802130761683277,2
12186,graph,0.18581150472164154,0.0,0.18452021479606628,0.0,0.012912913225591183,0.0009801865086116232,2
12187,graph,0.14329281449317932,0.0,0.14204677939414978,0.0,0.012460312806069851,0.0009801599293860939,2
12188,node,11.979734420776367,0.00046181431389413774,0.0,11.979272842407227,0.0,0.0009801333384923956,2
12189,graph,0.11381740123033524,0.0,0.11269518733024597,0.0,0.011222106404602528,0.0009801067359311844,2
12190,graph,0.12908710539340973,0.0,0.12792295217514038,0.0,0.011641528457403183,0.0009800801217031167,2
12191,graph,0.13260653614997864,0.0,0.13129889965057373,0.0,0.013076378963887691,0.0009800534958088489,2
12192,node,2.615403652191162,0.00040469999657943845,0.0,2.6149990558624268,0.0,0.0009800268582490384,2
12193,graph,0.17822439968585968,0.0,0.17701667547225952,0.0,0.012077310122549534,0.000980000209024342,2
12194,graph,0.12762156128883362,0.0,0.12658607959747314,0.0,0.010354790836572647,0.0009799735481354178,2
12195,graph,0.1504044532775879,0.0,0.14940445125102997,0.0,0.009999999776482582,0.0009799468755829232,2
12196,node,2.015610456466675,0.000505204254295677,0.0,2.0151052474975586,0.0,0.0009799201913675165,2
12197,graph,0.19739985466003418,0.0,0.19629573822021484,0.0,0.011041173711419106,0.000979893495489856,2
12198,graph,0.16926181316375732,0.0,0.1680164337158203,0.0,0.012453741393983364,0.0009798667879506006,2
12199,graph,0.1479339301586151,0.0,0.14647144079208374,0.0,0.0146249458193779,0.000979840068750409,2
12200,node,2.7493388652801514,0.0004360555612947792,0.0,2.7489027976989746,0.0,0.0009798133378899408,2
12201,graph,0.15916702151298523,0.0,0.1577886939048767,0.0,0.013783225789666176,0.0009797865953698555,2
12202,graph,0.12645718455314636,0.0,0.12502077221870422,0.0,0.014364078640937805,0.0009797598411908125,2
12203,graph,0.1386517584323883,0.0,0.137393981218338,0.0,0.012577783316373825,0.0009797330753534724,2
12204,node,2.223421335220337,0.0005028125015087426,0.0,2.2229185104370117,0.0,0.0009797062978584954,2
12205,graph,0.15346209704875946,0.0,0.15227536857128143,0.0,0.011867286637425423,0.0009796795087065422,2
12206,graph,0.11647415161132812,0.0,0.11516118049621582,0.0,0.013129712082445621,0.0009796527078982738,2
12207,graph,0.11413506418466568,0.0,0.11296121776103973,0.0,0.011738480068743229,0.0009796258954343517,2
12208,node,0.8641434907913208,0.0004451700660865754,0.0,0.8636983036994934,0.0,0.0009795990713154373,2
12209,graph,0.13643236458301544,0.0,0.13525322079658508,0.0,0.011791431345045567,0.0009795722355421925,2
12210,graph,0.11498915404081345,0.0,0.11395510286092758,0.0,0.010340502485632896,0.0009795453881152793,2
12211,graph,0.22077621519565582,0.0,0.2195722609758377,0.0,0.012039560824632645,0.0009795185290353604,2
12212,node,0.6778585910797119,0.0004901107749901712,0.0,0.6773684620857239,0.0,0.0009794916583030983,2
12213,graph,0.1790207028388977,0.0,0.17776399850845337,0.0,0.01256703119724989,0.0009794647759191562,2
12214,graph,0.18532773852348328,0.0,0.1841610074043274,0.0,0.011667277663946152,0.000979437881884197,2
12215,graph,0.15936169028282166,0.0,0.15809975564479828,0.0,0.012619387358427048,0.000979410976198885,2
12216,node,0.7438263893127441,0.0004157337825745344,0.0,0.7434106469154358,0.0,0.0009793840588638834,2
12217,graph,0.14511269330978394,0.0,0.14393489062786102,0.0,0.011778009124100208,0.0009793571298798566,2
12218,graph,0.17247417569160461,0.0,0.17177219688892365,0.0,0.007019847631454468,0.000979330189247469,2
12219,graph,0.17003133893013,0.0,0.16876301169395447,0.0,0.012683290988206863,0.0009793032369673855,2
12220,node,0.9464786052703857,0.0004415279545355588,0.0,0.9460370540618896,0.0,0.000979276273040271,2
12221,graph,0.2011951357126236,0.0,0.19970642030239105,0.0,0.014887196943163872,0.0009792492974667907,2
12222,graph,0.14663471281528473,0.0,0.14549389481544495,0.0,0.011408143676817417,0.0009792223102476104,2
12223,graph,0.1845858097076416,0.0,0.18320520222187042,0.0,0.013806089758872986,0.000979195311383396,2
12224,node,0.9756523966789246,0.00048203280312009156,0.0,0.975170373916626,0.0,0.0009791683008748137,2
12225,graph,0.17848525941371918,0.0,0.17723731696605682,0.0,0.01247948594391346,0.0009791412787225294,2
12226,graph,0.1497761756181717,0.0,0.14851263165473938,0.0,0.012635376304388046,0.0009791142449272106,2
12227,graph,0.1463066041469574,0.0,0.14514943957328796,0.0,0.011571601033210754,0.0009790871994895239,2
12228,node,0.6337693929672241,0.0004230075574014336,0.0,0.6333463788032532,0.0,0.0009790601424101365,2
12229,graph,0.1733769029378891,0.0,0.17223012447357178,0.0,0.011467822827398777,0.0009790330736897165,2
12230,graph,0.1733720451593399,0.0,0.17210188508033752,0.0,0.012701558880507946,0.0009790059933289313,2
12231,graph,0.11961457878351212,0.0,0.11839137226343155,0.0,0.012232043780386448,0.0009789789013284493,2
12232,node,1.126395344734192,0.00047350669046863914,0.0,1.1259218454360962,0.0,0.000978951797688939,2
12233,graph,0.15771663188934326,0.0,0.1563732922077179,0.0,0.013433431275188923,0.000978924682411069,2
12234,graph,0.12148356437683105,0.0,0.12020985037088394,0.0,0.012737142853438854,0.0009788975554955086,2
12235,graph,0.1549353301525116,0.0,0.15347987413406372,0.0,0.014554599300026894,0.000978870416942927,2
12236,node,0.8751271367073059,0.0006637417827732861,0.0,0.8744633793830872,0.0,0.0009788432667539938,2
12237,graph,0.1343824565410614,0.0,0.13323289155960083,0.0,0.011495718732476234,0.000978816104929379,2
12238,graph,0.24129274487495422,0.0,0.2397766262292862,0.0,0.015161221846938133,0.0009787889314697526,2
12239,graph,0.18313513696193695,0.0,0.1823330819606781,0.0,0.008020603097975254,0.0009787617463757853,2
12240,node,1.4617228507995605,0.0004442211356945336,0.0,1.4612786769866943,0.0,0.0009787345496481475,2
12241,graph,0.14105087518692017,0.0,0.1399916112422943,0.0,0.010592705570161343,0.0009787073412875107,2
12242,graph,0.11840442568063736,0.0,0.11741474270820618,0.0,0.00989681575447321,0.000978680121294546,2
12243,graph,0.14648902416229248,0.0,0.1452336609363556,0.0,0.012553569860756397,0.0009786528896699252,2
12244,node,1.5588823556900024,0.00038723129546269774,0.0,1.5584951639175415,0.0,0.0009786256464143198,2
12245,graph,0.1371510922908783,0.0,0.13575085997581482,0.0,0.01400226540863514,0.0009785983915284024,2
12246,graph,0.17849817872047424,0.0,0.1773119568824768,0.0,0.011862232349812984,0.0009785711250128453,2
12247,graph,0.16033004224300385,0.0,0.159365713596344,0.0,0.009643243625760078,0.0009785438468683215,2
12248,node,1.5440973043441772,0.0004898883635178208,0.0,1.543607473373413,0.0,0.0009785165570955039,2
12249,graph,0.11708204448223114,0.0,0.11587734520435333,0.0,0.012047022581100464,0.0009784892556950657,2
12250,graph,0.15429319441318512,0.0,0.153103768825531,0.0,0.011894328519701958,0.0009784619426676808,2
12251,graph,0.1996036022901535,0.0,0.19807656109333038,0.0,0.015270373784005642,0.000978434618014023,2
12252,node,1.5333253145217896,0.00046003045281395316,0.0,1.532865285873413,0.0,0.0009784072817347663,2
12253,graph,0.15894952416419983,0.0,0.15781158208847046,0.0,0.011379467323422432,0.0009783799338305857,2
12254,graph,0.17565160989761353,0.0,0.17464782297611237,0.0,0.010037834756076336,0.0009783525743021556,2
12255,graph,0.1261686086654663,0.0,0.12480157613754272,0.0,0.013670389540493488,0.0009783252031501512,2
12256,node,10.305872917175293,0.0004883306683041155,0.0,10.305384635925293,0.0,0.0009782978203752477,2
12257,graph,0.14632122218608856,0.0,0.14501824975013733,0.0,0.013029728084802628,0.0009782704259781209,2
12258,graph,0.1511620432138443,0.0,0.14988529682159424,0.0,0.012767508625984192,0.0009782430199594466,2
12259,graph,0.22943595051765442,0.0,0.22824285924434662,0.0,0.011930842883884907,0.0009782156023199011,2
12260,node,3.1532320976257324,0.0005340971983969212,0.0,3.152698040008545,0.0,0.000978188173060161,2
12261,graph,0.1315162032842636,0.0,0.13033637404441833,0.0,0.011798219755291939,0.0009781607321809032,2
12262,graph,0.1511376053094864,0.0,0.15013760328292847,0.0,0.009999999776482582,0.0009781332796828044,2
12263,graph,0.1348099410533905,0.0,0.13354511559009552,0.0,0.012648203410208225,0.0009781058155665422,2
12264,node,1.7817902565002441,0.0005426820716820657,0.0,1.781247615814209,0.0,0.0009780783398327941,2
12265,graph,0.3045663833618164,0.0,0.303191602230072,0.0,0.013747901655733585,0.0009780508524822383,2
12266,graph,0.17121602594852448,0.0,0.17001751065254211,0.0,0.011985128745436668,0.0009780233535155527,2
12267,graph,0.18144385516643524,0.0,0.18029828369617462,0.0,0.011455724015831947,0.000977995842933416,2
12268,node,1.1708968877792358,0.00044711524969898164,0.0,1.1704497337341309,0.0,0.0009779683207365069,2
12269,graph,0.16351348161697388,0.0,0.1619713008403778,0.0,0.015421750955283642,0.0009779407869255046,2
12270,graph,0.19820687174797058,0.0,0.19681057333946228,0.0,0.013962929137051105,0.0009779132415010884,2
12271,graph,0.15070408582687378,0.0,0.14942963421344757,0.0,0.012744495645165443,0.000977885684463938,2
12272,node,1.010058879852295,0.0005281792837195098,0.0,1.0095306634902954,0.0,0.0009778581158147333,2
12273,graph,0.19873136281967163,0.0,0.19738930463790894,0.0,0.013420511968433857,0.0009778305355541545,2
12274,graph,0.15151572227478027,0.0,0.15035390853881836,0.0,0.011618192307651043,0.000977802943682882,2
12275,graph,0.17855310440063477,0.0,0.17725715041160583,0.0,0.012959543615579605,0.0009777753402015969,2
12276,node,0.7744812369346619,0.00044154346687719226,0.0,0.7740396857261658,0.0,0.00097774772511098,2
12277,graph,0.12888452410697937,0.0,0.12757755815982819,0.0,0.01306973397731781,0.000977720098411713,2
12278,graph,0.11362788826227188,0.0,0.11252277344465256,0.0,0.011051123961806297,0.0009776924601044776,2
12279,graph,0.14012037217617035,0.0,0.13903217017650604,0.0,0.010882029309868813,0.000977664810189955,2
12280,node,1.1696282625198364,0.00039165475754998624,0.0,1.169236660003662,0.0,0.0009776371486688283,2
12281,graph,0.1416163444519043,0.0,0.14051814377307892,0.0,0.010981978848576546,0.0009776094755417795,2
12282,graph,0.11641593277454376,0.0,0.11524941027164459,0.0,0.011665239930152893,0.0009775817908094918,2
12283,graph,0.16796362400054932,0.0,0.1666538417339325,0.0,0.013097887858748436,0.000977554094472648,2
12284,node,0.9459398984909058,0.0007184608257375658,0.0,0.9452214241027832,0.0,0.0009775263865319315,2
12285,graph,0.11934880912303925,0.0,0.11806803196668625,0.0,0.012807803228497505,0.000977498666988026,2
12286,graph,0.1179337203502655,0.0,0.11672022193670273,0.0,0.012135020457208157,0.0009774709358416156,2
12287,graph,0.14190584421157837,0.0,0.1406627893447876,0.0,0.012430522590875626,0.0009774431930933845,2
12288,node,0.7953473925590515,0.0004681373538915068,0.0,0.7948792576789856,0.0,0.000977415438744017,2
12289,graph,0.1626831591129303,0.0,0.1613549143075943,0.0,0.013282439671456814,0.000977387672794198,2
12290,graph,0.1323651224374771,0.0,0.131121426820755,0.0,0.012436962686479092,0.0009773598952446127,2
12291,graph,0.11957110464572906,0.0,0.11847984790802002,0.0,0.01091255433857441,0.0009773321060959465,2
12292,node,7.469418525695801,0.00037984977825544775,0.0,7.469038486480713,0.0,0.000977304305348885,2
12293,graph,0.11865583062171936,0.0,0.11746629327535629,0.0,0.011895406991243362,0.0009772764930041143,2
12294,graph,0.14265024662017822,0.0,0.14140281081199646,0.0,0.012474383227527142,0.0009772486690623205,2
12295,graph,0.1461370438337326,0.0,0.14487680792808533,0.0,0.012602310627698898,0.00097722083352419,2
12296,node,0.5421881675720215,0.000425598380388692,0.0,0.5417625904083252,0.0,0.0009771929863904097,2
12297,graph,0.2979770302772522,0.0,0.2966001629829407,0.0,0.013768613338470459,0.0009771651276616667,2
12298,graph,0.1912320852279663,0.0,0.19007214903831482,0.0,0.011599316261708736,0.0009771372573386485,2
12299,graph,0.13714106380939484,0.0,0.1361021101474762,0.0,0.010389558970928192,0.000977109375422043,2
12300,node,0.4780406057834625,0.00037237166543491185,0.0,0.47766822576522827,0.0,0.0009770814819125373,2
12301,graph,0.13520589470863342,0.0,0.13374902307987213,0.0,0.014568641781806946,0.0009770535768108205,2
12302,graph,0.17295460402965546,0.0,0.17128770053386688,0.0,0.016668999567627907,0.000977025660117581,2
12303,graph,0.12785348296165466,0.0,0.1264628916978836,0.0,0.013905961997807026,0.0009769977318335073,2
12304,node,0.6929262280464172,0.00047832512063905597,0.0,0.6924479007720947,0.0,0.0009769697919592886,2
12305,graph,0.11515581607818604,0.0,0.11399197578430176,0.0,0.011638420633971691,0.0009769418404956143,2
12306,graph,0.18529030680656433,0.0,0.18392713367938995,0.0,0.013631667010486126,0.0009769138774431742,2
12307,graph,0.11901333183050156,0.0,0.11784670501947403,0.0,0.011666297912597656,0.0009768859028026582,2
12308,node,3.990962266921997,0.0004496800247579813,0.0,3.9905126094818115,0.0,0.0009768579165747567,2
12309,graph,0.1581650823354721,0.0,0.1569865643978119,0.0,0.01178517285734415,0.0009768299187601598,2
12310,graph,0.19114740192890167,0.0,0.19000357389450073,0.0,0.011438209563493729,0.0009768019093595588,2
12311,graph,0.13875706493854523,0.0,0.13757850229740143,0.0,0.011785568669438362,0.0009767738883736444,2
12312,node,0.46291831135749817,0.00046025923802517354,0.0,0.4624580442905426,0.0,0.0009767458558031083,2
12313,graph,0.19624200463294983,0.0,0.19495871663093567,0.0,0.012832852080464363,0.000976717811648642,2
12314,graph,0.17310607433319092,0.0,0.17169508337974548,0.0,0.01410998310893774,0.0009766897559109376,2
12315,graph,0.14823921024799347,0.0,0.14700141549110413,0.0,0.01237794104963541,0.000976661688590687,2
12316,node,0.7398266792297363,0.0004284096066839993,0.0,0.7393982410430908,0.0,0.0009766336096885832,2
12317,graph,0.11332054436206818,0.0,0.11217775195837021,0.0,0.011427931487560272,0.0009766055192053187,2
12318,graph,0.15597008168697357,0.0,0.1548968255519867,0.0,0.01073259674012661,0.0009765774171415866,2
12319,graph,0.16797836124897003,0.0,0.16673779487609863,0.0,0.012405595742166042,0.0009765493034980808,2
12320,node,1.2199820280075073,0.0004251947975717485,0.0,1.2195568084716797,0.0,0.0009765211782754944,2
12321,graph,0.15273399651050568,0.0,0.15134447813034058,0.0,0.01389516331255436,0.0009764930414745217,2
12322,graph,0.16168582439422607,0.0,0.160524383187294,0.0,0.011614365503191948,0.0009764648930958567,2
12323,graph,0.1451583057641983,0.0,0.1438310146331787,0.0,0.013272847048938274,0.000976436733140194,2
12324,node,0.8534500598907471,0.0004596798389684409,0.0,0.8529903888702393,0.0,0.0009764085616082285,2
12325,graph,0.10313370823860168,0.0,0.10202656686306,0.0,0.011071433313190937,0.0009763803785006551,2
12326,graph,0.13281790912151337,0.0,0.13144342601299286,0.0,0.013744811527431011,0.0009763521838181696,2
12327,graph,0.12433516979217529,0.0,0.12341392040252686,0.0,0.00921251717954874,0.0009763239775614673,2
12328,node,6.594545364379883,0.0009048943757079542,0.0,6.593640327453613,0.0,0.0009762957597312442,2
12329,graph,0.15745799243450165,0.0,0.15618306398391724,0.0,0.012749239802360535,0.0009762675303281967,2
12330,graph,0.1856897473335266,0.0,0.18438972532749176,0.0,0.0130001874640584,0.0009762392893530212,2
12331,graph,0.1341143399477005,0.0,0.13276778161525726,0.0,0.013465545140206814,0.0009762110368064146,2
12332,node,1.3895561695098877,0.0004307851195335388,0.0,1.3891253471374512,0.0,0.0009761827726890741,2
12333,graph,0.17184700071811676,0.0,0.17019158601760864,0.0,0.016554171219468117,0.000976154497001697,2
12334,graph,0.17198863625526428,0.0,0.17062558233737946,0.0,0.013630506582558155,0.0009761262097449808,2
12335,graph,0.1493348926305771,0.0,0.1481202393770218,0.0,0.012146485038101673,0.0009760979109196236,2
12336,node,0.5291345715522766,0.0004088242130819708,0.0,0.5287257432937622,0.0,0.0009760696005263236,2
12337,graph,0.21024028956890106,0.0,0.2087167650461197,0.0,0.015235207974910736,0.0009760412785657796,2
12338,graph,0.16101236641407013,0.0,0.1599443256855011,0.0,0.010680432431399822,0.00097601294503869,2
12339,graph,0.1461612582206726,0.0,0.1449543684720993,0.0,0.012068958021700382,0.0009759845999457542,2
12340,node,5.481204509735107,0.0004061176732648164,0.0,5.480798244476318,0.0,0.0009759562432876714,2
12341,graph,0.15033560991287231,0.0,0.14930158853530884,0.0,0.01034015603363514,0.0009759278750651414,2
12342,graph,0.14406754076480865,0.0,0.14287176728248596,0.0,0.011957723647356033,0.000975899495278864,2
12343,graph,0.27204033732414246,0.0,0.27076226472854614,0.0,0.012780753895640373,0.0009758711039295397,2
12344,node,1.8362361192703247,0.0004582130641210824,0.0,1.8357778787612915,0.0,0.000975842701017869,2
12345,graph,0.13721810281276703,0.0,0.13598185777664185,0.0,0.012362519279122353,0.0009758142865445525,2
12346,graph,0.15587593615055084,0.0,0.15461768209934235,0.0,0.012582548893988132,0.0009757858605102915,2
12347,graph,0.17023272812366486,0.0,0.1687583327293396,0.0,0.014744018204510212,0.0009757574229157871,2
12348,node,4.70197868347168,0.00040596170583739877,0.0,4.701572895050049,0.0,0.0009757289737617413,2
12349,graph,0.15674830973148346,0.0,0.15557560324668884,0.0,0.011727013625204563,0.0009757005130488559,2
12350,graph,0.15298977494239807,0.0,0.151803120970726,0.0,0.011866559274494648,0.0009756720407778333,2
12351,graph,0.11764854192733765,0.0,0.11652451753616333,0.0,0.01124027743935585,0.0009756435569493755,2
12352,node,0.3601752519607544,0.0005580754368565977,0.0,0.3596171736717224,0.0,0.0009756150615641859,2
12353,graph,0.1741623878479004,0.0,0.17302647233009338,0.0,0.011359107680618763,0.0009755865546229674,2
12354,graph,0.181992769241333,0.0,0.1802556961774826,0.0,0.017370758578181267,0.0009755580361264232,2
12355,graph,0.14949451386928558,0.0,0.14847807586193085,0.0,0.010164421983063221,0.0009755295060752573,2
12356,node,0.35889914631843567,0.0003563445352483541,0.0,0.358542799949646,0.0,0.0009755009644701733,2
12357,graph,0.13271044194698334,0.0,0.13135075569152832,0.0,0.013596794568002224,0.0009754724113118758,2
12358,graph,0.19320325553417206,0.0,0.1919107735157013,0.0,0.012924841605126858,0.0009754438466010691,2
12359,graph,0.14510998129844666,0.0,0.1436435580253601,0.0,0.014664175920188427,0.0009754152703384579,2
12360,node,0.27024972438812256,0.0003835597017314285,0.0,0.2698661684989929,0.0,0.0009753866825247475,2
12361,graph,0.20076677203178406,0.0,0.19970595836639404,0.0,0.01060811709612608,0.0009753580831606435,2
12362,graph,0.20148532092571259,0.0,0.20014581084251404,0.0,0.013395060785114765,0.0009753294722468509,2
12363,graph,0.1534976065158844,0.0,0.1523474156856537,0.0,0.011501887813210487,0.0009753008497840761,2
12364,node,0.4906506836414337,0.0003703070688061416,0.0,0.4902803897857666,0.0,0.0009752722157730253,2
12365,graph,0.24060188233852386,0.0,0.2392905354499817,0.0,0.013113529421389103,0.0009752435702144051,2
12366,graph,0.20816460251808167,0.0,0.20698082447052002,0.0,0.011837841011583805,0.000975214913108922,2
12367,graph,0.19314007461071014,0.0,0.192066490650177,0.0,0.010735802352428436,0.0009751862444572834,2
12368,node,2.225391387939453,0.0004669169138651341,0.0,2.2249245643615723,0.0,0.0009751575642601963,2
12369,graph,0.18325085937976837,0.0,0.1820574849843979,0.0,0.011933796107769012,0.0009751288725183687,2
12370,graph,0.15883876383304596,0.0,0.1576770395040512,0.0,0.01161719299852848,0.0009751001692325084,2
12371,graph,0.11789731681346893,0.0,0.11624108254909515,0.0,0.016562355682253838,0.0009750714544033236,2
12372,node,1.6722692251205444,0.00043727573938667774,0.0,1.6718319654464722,0.0,0.0009750427280315228,2
12373,graph,0.13068583607673645,0.0,0.12930651009082794,0.0,0.013793312944471836,0.000975013990117815,2
12374,graph,0.10556963086128235,0.0,0.1044432520866394,0.0,0.011263755150139332,0.000974985240662909,2
12375,graph,0.15833890438079834,0.0,0.15711519122123718,0.0,0.01223710272461176,0.0009749564796675145,2
12376,node,3.462332010269165,0.0013565946137532592,0.0,3.460975408554077,0.0,0.0009749277071323407,2
12377,graph,0.1466934084892273,0.0,0.14534299075603485,0.0,0.01350424624979496,0.0009748989230580979,2
12378,graph,0.14867231249809265,0.0,0.14737729728221893,0.0,0.01295022014528513,0.0009748701274454962,2
12379,graph,0.12288576364517212,0.0,0.12160763144493103,0.0,0.012781343422830105,0.000974841320295246,2
12380,node,1.7133514881134033,0.00038675693213008344,0.0,1.7129647731781006,0.0,0.0009748125016080583,2
12381,graph,0.1331232190132141,0.0,0.13191816210746765,0.0,0.0120505690574646,0.0009747836713846441,2
12382,graph,0.14053787291049957,0.0,0.13926199078559875,0.0,0.012758860364556313,0.0009747548296257145,2
12383,graph,0.16883645951747894,0.0,0.16749435663223267,0.0,0.013421094045042992,0.0009747259763319815,2
12384,node,2.1838948726654053,0.00035111125907860696,0.0,2.1835436820983887,0.0,0.0009746971115041568,2
12385,graph,0.1564253270626068,0.0,0.15521544218063354,0.0,0.012098917737603188,0.0009746682351429527,2
12386,graph,0.15461750328540802,0.0,0.1534004509449005,0.0,0.012170489877462387,0.0009746393472490816,2
12387,graph,0.13735656440258026,0.0,0.13589246571063995,0.0,0.014640996232628822,0.0009746104478232566,2
12388,node,1.6122349500656128,0.0004138595249969512,0.0,1.6118210554122925,0.0,0.0009745815368661903,2
12389,graph,0.14041768014431,0.0,0.13882464170455933,0.0,0.015930311754345894,0.0009745526143785963,2
12390,graph,0.1310463547706604,0.0,0.12994270026683807,0.0,0.011036609299480915,0.0009745236803611883,2
12391,graph,0.14893509447574615,0.0,0.1475948989391327,0.0,0.013401968404650688,0.0009744947348146801,2
12392,node,2.9668033123016357,0.0005666511133313179,0.0,2.9662365913391113,0.0,0.0009744657777397861,2
12393,graph,0.14000855386257172,0.0,0.1384846568107605,0.0,0.015238907188177109,0.0009744368091372204,2
12394,graph,0.15279477834701538,0.0,0.15165218710899353,0.0,0.011425952427089214,0.0009744078290076982,2
12395,graph,0.13421355187892914,0.0,0.13301104307174683,0.0,0.01202502939850092,0.0009743788373519342,2
12396,node,0.9710971117019653,0.0003825317253358662,0.0,0.9707145690917969,0.0,0.0009743498341706439,2
12397,graph,0.17403174936771393,0.0,0.17274734377861023,0.0,0.012844123877584934,0.000974320819464543,2
12398,graph,0.12449581176042557,0.0,0.12345383316278458,0.0,0.010419781319797039,0.0009742917932343473,2
12399,graph,0.11051135510206223,0.0,0.10904604196548462,0.0,0.014653141610324383,0.000974262755480773,2
12400,node,5.786253929138184,0.0004052988369949162,0.0,5.785848617553711,0.0,0.0009742337062045366,2
12401,graph,0.207177072763443,0.0,0.20606781542301178,0.0,0.011092578992247581,0.0009742046454063549,2
12402,graph,0.1477949470281601,0.0,0.14631466567516327,0.0,0.014802796766161919,0.0009741755730869447,2
12403,graph,0.12023361772298813,0.0,0.1187930703163147,0.0,0.014405452646315098,0.0009741464892470238,2
12404,node,3.0621376037597656,0.00040769745828583837,0.0,3.061729907989502,0.0,0.0009741173938873095,2
12405,graph,0.11153418570756912,0.0,0.11021594703197479,0.0,0.013182394206523895,0.0009740882870085197,2
12406,graph,0.14010773599147797,0.0,0.1384846270084381,0.0,0.016231106594204903,0.0009740591686113726,2
12407,graph,0.1315496563911438,0.0,0.13025034964084625,0.0,0.012993080541491508,0.0009740300386965866,2
12408,node,2.0016424655914307,0.0003780433034989983,0.0,2.0012643337249756,0.0,0.0009740008972648807,2
12409,graph,0.13952775299549103,0.0,0.13830548524856567,0.0,0.012222735211253166,0.000973971744316974,2
12410,graph,0.1140439361333847,0.0,0.11295628547668457,0.0,0.010876495391130447,0.0009739425798535854,2
12411,graph,0.13102123141288757,0.0,0.12989363074302673,0.0,0.01127606350928545,0.0009739134038754345,2
12412,node,0.6949067711830139,0.0004745226469822228,0.0,0.694432258605957,0.0,0.0009738842163832417,2
12413,graph,0.1754632145166397,0.0,0.1740736961364746,0.0,0.013895142823457718,0.0009738550173777269,2
12414,graph,0.11866642534732819,0.0,0.11728450655937195,0.0,0.013819200918078423,0.0009738258068596103,2
12415,graph,0.1370377093553543,0.0,0.13568715751171112,0.0,0.01350551936775446,0.0009737965848296131,2
12416,node,1.8304251432418823,0.00045712702558375895,0.0,1.829967975616455,0.0,0.0009737673512884558,2
12417,graph,0.15103158354759216,0.0,0.14949209988117218,0.0,0.015394900925457478,0.0009737381062368603,2
12418,graph,0.13765087723731995,0.0,0.1364700198173523,0.0,0.011808608658611774,0.0009737088496755477,2
12419,graph,0.13941515982151031,0.0,0.13841775059700012,0.0,0.009974140673875809,0.0009736795816052402,2
12420,node,1.0801299810409546,0.0004918568301945925,0.0,1.079638123512268,0.0,0.0009736503020266597,2
12421,graph,0.14208431541919708,0.0,0.1408829540014267,0.0,0.012013585306704044,0.0009736210109405289,2
12422,graph,0.12203706800937653,0.0,0.1207638531923294,0.0,0.012732171453535557,0.0009735917083475704,2
12423,graph,0.1406359225511551,0.0,0.1395266354084015,0.0,0.011092931032180786,0.0009735623942485072,2
12424,node,16.358413696289062,0.0003975596628151834,0.0,16.358016967773438,0.0,0.0009735330686440626,2
12425,graph,0.12748388946056366,0.0,0.12606622278690338,0.0,0.014176663011312485,0.0009735037315349602,2
12426,graph,0.14108139276504517,0.0,0.14010563492774963,0.0,0.009757591411471367,0.0009734743829219239,2
12427,graph,0.16570504009723663,0.0,0.1644430309534073,0.0,0.01262014638632536,0.0009734450228056777,2
12428,node,0.4429759979248047,0.00036723053199239075,0.0,0.4426087737083435,0.0,0.0009734156511869462,2
12429,graph,0.14918509125709534,0.0,0.14801199734210968,0.0,0.011730902828276157,0.0009733862680664543,2
12430,graph,0.13358543813228607,0.0,0.13239234685897827,0.0,0.011930961161851883,0.0009733568734449263,2
12431,graph,0.1553196758031845,0.0,0.15387623012065887,0.0,0.014434512704610825,0.0009733274673230882,2
12432,node,1.405892014503479,0.00047957096830941737,0.0,1.4054124355316162,0.0,0.0009732980497016652,2
12433,graph,0.11203192174434662,0.0,0.11086901277303696,0.0,0.011629101820290089,0.0009732686205813833,2
12434,graph,0.12491044402122498,0.0,0.12344019114971161,0.0,0.014702510088682175,0.0009732391799629686,2
12435,graph,0.1307801753282547,0.0,0.1294402927160263,0.0,0.013398892246186733,0.0009732097278471475,2
12436,node,0.9070831537246704,0.0004579915839713067,0.0,0.9066251516342163,0.0,0.0009731802642346468,2
12437,graph,0.10860095918178558,0.0,0.10741926729679108,0.0,0.011816894635558128,0.0009731507891261933,2
12438,graph,0.1844259798526764,0.0,0.18309703469276428,0.0,0.01328944694250822,0.0009731213025225144,2
12439,graph,0.1333943009376526,0.0,0.13221028447151184,0.0,0.01184019073843956,0.0009730918044243376,2
12440,node,0.31969982385635376,0.00043425930198282003,0.0,0.31926557421684265,0.0,0.0009730622948323908,2
12441,graph,0.13801008462905884,0.0,0.13676947355270386,0.0,0.01240615826100111,0.0009730327737474022,2
12442,graph,0.17181004583835602,0.0,0.1703542172908783,0.0,0.014558290131390095,0.0009730032411701,2
12443,graph,0.13781742751598358,0.0,0.13646981120109558,0.0,0.01347621250897646,0.0009729736971012128,2
12444,node,0.8892115354537964,0.00046775941154919565,0.0,0.8887437582015991,0.0,0.0009729441415414698,2
12445,graph,0.11698958277702332,0.0,0.11574044078588486,0.0,0.01249144971370697,0.0009729145744916004,2
12446,graph,0.1253269761800766,0.0,0.12412020564079285,0.0,0.012067756615579128,0.0009728849959523338,2
12447,graph,0.14759674668312073,0.0,0.14646923542022705,0.0,0.011275154538452625,0.0009728554059243998,2
12448,node,5.3740034103393555,0.00042037563980557024,0.0,5.37358283996582,0.0,0.0009728258044085287,2
12449,graph,0.15131588280200958,0.0,0.14993998408317566,0.0,0.013758957386016846,0.0009727961914054509,2
12450,graph,0.16281887888908386,0.0,0.1616273671388626,0.0,0.011915061622858047,0.0009727665669158972,2
12451,graph,0.14580126106739044,0.0,0.14480125904083252,0.0,0.009999999776482582,0.0009727369309405981,2
12452,node,1.718530297279358,0.00046289394958876073,0.0,1.7180674076080322,0.0,0.0009727072834802852,2
12453,graph,0.1154341921210289,0.0,0.1141742616891861,0.0,0.012599273584783077,0.00097267762453569,2
12454,graph,0.1276950240135193,0.0,0.12631812691688538,0.0,0.013769010081887245,0.0009726479541075443,2
12455,graph,0.1782829314470291,0.0,0.17722217738628387,0.0,0.010607563890516758,0.0009726182721965799,2
12456,node,1.391743540763855,0.00048177159624174237,0.0,1.3912618160247803,0.0,0.0009725885788035297,2
12457,graph,0.09920469671487808,0.0,0.09798751026391983,0.0,0.012171873822808266,0.0009725588739291258,2
12458,graph,0.11928683519363403,0.0,0.1181526631116867,0.0,0.011341746896505356,0.0009725291575741014,2
12459,graph,0.1263430267572403,0.0,0.12483467906713486,0.0,0.015083476901054382,0.0009724994297391898,2
12460,node,1.9157243967056274,0.0003861005825456232,0.0,1.9153382778167725,0.0,0.0009724696904251244,2
12461,graph,0.13797813653945923,0.0,0.13654333353042603,0.0,0.014348036609590054,0.0009724399396326389,2
12462,graph,0.1753866970539093,0.0,0.1741253286600113,0.0,0.01261367741972208,0.0009724101773624676,2
12463,graph,0.13835763931274414,0.0,0.13722959160804749,0.0,0.011280405335128307,0.0009723804036153447,2
12464,node,0.46318313479423523,0.0004347774083726108,0.0,0.46274834871292114,0.0,0.000972350618392005,2
12465,graph,0.11545982956886292,0.0,0.11396634578704834,0.0,0.014934844337403774,0.000972320821693183,2
12466,graph,0.16309694945812225,0.0,0.16220924258232117,0.0,0.008877009153366089,0.0009722910135196145,2
12467,graph,0.17457620799541473,0.0,0.17342430353164673,0.0,0.011519014835357666,0.0009722611938720345,2
12468,node,2.109278440475464,0.0003899357689078897,0.0,2.1088883876800537,0.0,0.000972231362751179,2
12469,graph,0.11760242283344269,0.0,0.11650064587593079,0.0,0.011017782613635063,0.000972201520157784,2
12470,graph,0.12162645161151886,0.0,0.12030363827943802,0.0,0.013228119350969791,0.0009721716660925858,2
12471,graph,0.12831993401050568,0.0,0.12696677446365356,0.0,0.013531570322811604,0.0009721418005563211,2
12472,node,0.43321362137794495,0.0003860036958940327,0.0,0.4328276216983795,0.0,0.0009721119235497267,2
12473,graph,0.22008825838565826,0.0,0.21882574260234833,0.0,0.012625201605260372,0.00097208203507354,2
12474,graph,0.09977331757545471,0.0,0.09870566427707672,0.0,0.010676555335521698,0.0009720521351284982,2
12475,graph,0.13033752143383026,0.0,0.12918153405189514,0.0,0.01155992690473795,0.0009720222237153392,2
12476,node,1.8619434833526611,0.00041852457798086107,0.0,1.8615249395370483,0.0,0.0009719923008348009,2
12477,graph,0.14674612879753113,0.0,0.1454032063484192,0.0,0.013429169543087482,0.000971962366487622,2
12478,graph,0.13363632559776306,0.0,0.13202384114265442,0.0,0.016124902293086052,0.0009719324206745406,2
12479,graph,0.1171984001994133,0.0,0.11594242602586746,0.0,0.012559720315039158,0.0009719024633962957,2
12480,node,0.6863160133361816,0.000407605868531391,0.0,0.6859084367752075,0.0,0.0009718724946536268,2
12481,graph,0.13481605052947998,0.0,0.13371452689170837,0.0,0.0110152717679739,0.0009718425144472729,2
12482,graph,0.11430086195468903,0.0,0.11324998736381531,0.0,0.010508730076253414,0.000971812522777974,2
12483,graph,0.1806543469429016,0.0,0.17926105856895447,0.0,0.01393281202763319,0.0009717825196464702,2
12484,node,0.8617811799049377,0.0003862146695610136,0.0,0.8613949418067932,0.0,0.0009717525050535016,2
12485,graph,0.20344839990139008,0.0,0.2020651400089264,0.0,0.013832654803991318,0.0009717224789998087,2
12486,graph,0.12373438477516174,0.0,0.12270347774028778,0.0,0.010309088043868542,0.0009716924414861326,2
12487,graph,0.1500605344772339,0.0,0.14879575371742249,0.0,0.01264780480414629,0.0009716623925132144,2
12488,node,0.4835951030254364,0.0003947859804611653,0.0,0.4832003116607666,0.0,0.0009716323320817955,2
12489,graph,0.14263510704040527,0.0,0.1413668841123581,0.0,0.012682170607149601,0.0009716022601926176,2
12490,graph,0.1052122488617897,0.0,0.10376375168561935,0.0,0.014484980143606663,0.0009715721768464226,2
12491,graph,0.1287878006696701,0.0,0.12754273414611816,0.0,0.012450731359422207,0.000971542082043953,2
12492,node,2.512275218963623,0.0003936477587558329,0.0,2.5118815898895264,0.0,0.000971511975785951,2
12493,graph,0.17431485652923584,0.0,0.17295922338962555,0.0,0.013556275516748428,0.0009714818580731599,2
12494,graph,0.19504912197589874,0.0,0.19394153356552124,0.0,0.011075923219323158,0.0009714517289063225,2
12495,graph,0.1408931165933609,0.0,0.13937458395957947,0.0,0.015185288153588772,0.0009714215882861822,2
12496,node,1.5769526958465576,0.0005042575648985803,0.0,1.5764484405517578,0.0,0.0009713914362134829,2
12497,graph,0.19801633059978485,0.0,0.19659757614135742,0.0,0.014187549240887165,0.0009713612726889684,2
12498,graph,0.20348332822322845,0.0,0.2022891342639923,0.0,0.011941983364522457,0.0009713310977133831,2
12499,graph,0.12379749119281769,0.0,0.12253933399915695,0.0,0.012581604532897472,0.0009713009112874714,2
12500,node,1.7421592473983765,0.0004672326904255897,0.0,1.741692066192627,0.0,0.0009712707134119782,2
12501,graph,0.17342129349708557,0.0,0.17229264974594116,0.0,0.011286416091024876,0.0009712405040876485,2
12502,graph,0.17932265996932983,0.0,0.17781218886375427,0.0,0.015104640275239944,0.0009712102833152277,2
12503,graph,0.13980993628501892,0.0,0.13857078552246094,0.0,0.012391451746225357,0.0009711800510954617,2
12504,node,1.2216442823410034,0.0005247003864496946,0.0,1.2211195230484009,0.0,0.0009711498074290963,2
12505,graph,0.18187609314918518,0.0,0.18051399290561676,0.0,0.013620981946587563,0.0009711195523168776,2
12506,graph,0.18557175993919373,0.0,0.18445278704166412,0.0,0.011189659126102924,0.0009710892857595523,2
12507,graph,0.15048272907733917,0.0,0.14931529760360718,0.0,0.011674286797642708,0.000971059007757867,2
12508,node,5.708538055419922,0.0005319570773281157,0.0,5.708005905151367,0.0,0.0009710287183125689,2
12509,graph,0.17322063446044922,0.0,0.17179185152053833,0.0,0.014287831261754036,0.0009709984174244054,2
12510,graph,0.143165722489357,0.0,0.14192834496498108,0.0,0.012373794801533222,0.0009709681050941244,2
12511,graph,0.14096948504447937,0.0,0.13991136848926544,0.0,0.010581200011074543,0.0009709377813224731,2
12512,node,7.744950771331787,0.0005342921940609813,0.0,7.7444167137146,0.0,0.0009709074461102003,2
12513,graph,0.15107259154319763,0.0,0.14972183108329773,0.0,0.013507647439837456,0.0009708770994580544,2
12514,graph,0.15328529477119446,0.0,0.15204644203186035,0.0,0.012388591654598713,0.0009708467413667843,2
12515,graph,0.13214530050754547,0.0,0.13095973432064056,0.0,0.01185569353401661,0.0009708163718371387,2
12516,node,0.5922130346298218,0.0004306953342165798,0.0,0.5917823314666748,0.0,0.000970785990869867,2
12517,graph,0.15243978798389435,0.0,0.15132425725460052,0.0,0.011155287735164165,0.0009707555984657189,2
12518,graph,0.17177754640579224,0.0,0.17054203152656555,0.0,0.01235509105026722,0.0009707251946254445,2
12519,graph,0.14880156517028809,0.0,0.14779353141784668,0.0,0.010080398991703987,0.0009706947793497938,2
12520,node,1.518696904182434,0.00045484135625883937,0.0,1.5182421207427979,0.0,0.0009706643526395171,2
12521,graph,0.14313101768493652,0.0,0.1418098509311676,0.0,0.013211664743721485,0.0009706339144953655,2
12522,graph,0.15007318556308746,0.0,0.14845812320709229,0.0,0.016150640323758125,0.0009706034649180899,2
12523,graph,0.14369085431098938,0.0,0.14253681898117065,0.0,0.011540370993316174,0.0009705730039084414,2
12524,node,2.087449073791504,0.0004351652751211077,0.0,2.0870139598846436,0.0,0.0009705425314671717,2
12525,graph,0.1382308006286621,0.0,0.1369653344154358,0.0,0.012654732912778854,0.000970512047595033,2
12526,graph,0.12239870429039001,0.0,0.12110738456249237,0.0,0.012913205660879612,0.0009704815522927771,2
12527,graph,0.16374896466732025,0.0,0.16252338886260986,0.0,0.012255807407200336,0.0009704510455611565,2
12528,node,1.0139373540878296,0.00040462659671902657,0.0,1.0135327577590942,0.0,0.0009704205274009241,2
12529,graph,0.13238942623138428,0.0,0.13120776414871216,0.0,0.011816668324172497,0.0009703899978128327,2
12530,graph,0.16982245445251465,0.0,0.16841672360897064,0.0,0.01405737828463316,0.0009703594567976356,2
12531,graph,0.1273505836725235,0.0,0.12611380219459534,0.0,0.012367748655378819,0.0009703289043560863,2
12532,node,0.3475668728351593,0.0004842474590986967,0.0,0.34708261489868164,0.0,0.0009702983404889391,2
12533,graph,0.10146204382181168,0.0,0.1001543402671814,0.0,0.013077029958367348,0.0009702677651969476,2
12534,graph,0.11018497496843338,0.0,0.10903869569301605,0.0,0.011462807655334473,0.0009702371784808666,2
12535,graph,0.14046861231327057,0.0,0.1394961178302765,0.0,0.009724926203489304,0.0009702065803414505,2
12536,node,0.9585452675819397,0.0005145020550116897,0.0,0.9580307602882385,0.0,0.0009701759707794544,2
12537,graph,0.21710669994354248,0.0,0.2157021164894104,0.0,0.01404589507728815,0.0009701453497956337,2
12538,graph,0.12368851900100708,0.0,0.12272247672080994,0.0,0.00966039951890707,0.0009701147173907437,2
12539,graph,0.12627005577087402,0.0,0.12480548769235611,0.0,0.014645736664533615,0.0009700840735655403,2
12540,node,1.7493476867675781,0.0005007266299799085,0.0,1.7488470077514648,0.0,0.0009700534183207798,2
12541,graph,0.1323976218700409,0.0,0.13103576004505157,0.0,0.013618545606732368,0.0009700227516572182,2
12542,graph,0.17025572061538696,0.0,0.16920578479766846,0.0,0.010499372147023678,0.0009699920735756125,2
12543,graph,0.13688455522060394,0.0,0.1357332170009613,0.0,0.011513328179717064,0.0009699613840767195,2
12544,node,1.3359001874923706,0.0004480985808186233,0.0,1.3354520797729492,0.0,0.0009699306831612966,2
12545,graph,0.1518295407295227,0.0,0.15063224732875824,0.0,0.011972985230386257,0.0009698999708301011,2
12546,graph,0.14151278138160706,0.0,0.14054018259048462,0.0,0.009725934825837612,0.0009698692470838909,2
12547,graph,0.12466566264629364,0.0,0.12340646982192993,0.0,0.012591899372637272,0.0009698385119234241,2
12548,node,0.7491474151611328,0.0005008001462556422,0.0,0.74864661693573,0.0,0.000969807765349459,2
12549,graph,0.1524069756269455,0.0,0.1510532796382904,0.0,0.013536952435970306,0.0009697770073627544,2
12550,graph,0.1631854623556137,0.0,0.16210567951202393,0.0,0.010797800496220589,0.0009697462379640689,2
12551,graph,0.1112184152007103,0.0,0.11007384955883026,0.0,0.011445624753832817,0.000969715457154162,2
12552,node,1.3661874532699585,0.0003837614494841546,0.0,1.3658037185668945,0.0,0.000969684664933793,2
12553,graph,0.15227782726287842,0.0,0.15110930800437927,0.0,0.011685134842991829,0.0009696538613037218,2
12554,graph,0.1291911005973816,0.0,0.12813468277454376,0.0,0.010564149357378483,0.0009696230462647086,2
12555,graph,0.13439355790615082,0.0,0.13333660364151,0.0,0.010569503530859947,0.0009695922198175135,2
12556,node,10.854368209838867,0.00048360435175709426,0.0,10.85388469696045,0.0,0.000969561381962897,2
12557,graph,0.13575083017349243,0.0,0.13448646664619446,0.0,0.01264365203678608,0.0009695305327016201,2
12558,graph,0.13424113392829895,0.0,0.13303057849407196,0.0,0.012105605565011501,0.0009694996720344442,2
12559,graph,0.12120461463928223,0.0,0.11993726342916489,0.0,0.012673541903495789,0.0009694687999621305,2
12560,node,1.0557667016983032,0.00048477185191586614,0.0,1.0552818775177002,0.0,0.0009694379164854408,2
12561,graph,0.13165846467018127,0.0,0.13033649325370789,0.0,0.01321973092854023,0.0009694070216051372,2
12562,graph,0.13397912681102753,0.0,0.13286297023296356,0.0,0.011161635629832745,0.0009693761153219818,2
12563,graph,0.13884451985359192,0.0,0.13778617978096008,0.0,0.010583428665995598,0.0009693451976367373,2
12564,node,2.942006826400757,0.0003916232381016016,0.0,2.941615104675293,0.0,0.0009693142685501667,2
12565,graph,0.12480166554450989,0.0,0.12356893718242645,0.0,0.012327246367931366,0.0009692833280630329,2
12566,graph,0.09928508847951889,0.0,0.09796568751335144,0.0,0.01319400779902935,0.0009692523761760995,2
12567,graph,0.12879177927970886,0.0,0.12758931517601013,0.0,0.012024630792438984,0.0009692214128901301,2
12568,node,2.6158254146575928,0.0005312084103934467,0.0,2.6152942180633545,0.0,0.0009691904382058888,2
12569,graph,0.20111648738384247,0.0,0.19926124811172485,0.0,0.018552424386143684,0.0009691594521241397,2
12570,graph,0.15245281159877777,0.0,0.15119828283786774,0.0,0.012545338831841946,0.0009691284546456475,2
12571,graph,0.12106567621231079,0.0,0.11987774074077606,0.0,0.01187938079237938,0.0009690974457711771,2
12572,node,4.847306728363037,0.00044434316805563867,0.0,4.846862316131592,0.0,0.0009690664255014934,2
12573,graph,0.21199055016040802,0.0,0.21102546155452728,0.0,0.009650956839323044,0.0009690353938373617,2
12574,graph,0.1499088853597641,0.0,0.14868980646133423,0.0,0.012190735898911953,0.0009690043507795482,2
12575,graph,0.22462469339370728,0.0,0.2234162986278534,0.0,0.012084015645086765,0.0009689732963288184,2
12576,node,1.0235927104949951,0.0005205270717851818,0.0,1.0230722427368164,0.0,0.0009689422304859386,2
12577,graph,0.13448385894298553,0.0,0.13320821523666382,0.0,0.01275645662099123,0.0009689111532516756,2
12578,graph,0.1525430977344513,0.0,0.15137343108654022,0.0,0.01169672328978777,0.0009688800646267958,2
12579,graph,0.19249911606311798,0.0,0.19115310907363892,0.0,0.013460048474371433,0.0009688489646120665,2
12580,node,0.8535689115524292,0.0004923420492559671,0.0,0.8530765771865845,0.0,0.0009688178532082552,2
12581,graph,0.12222474813461304,0.0,0.12101272493600845,0.0,0.012120210565626621,0.0009687867304161292,2
12582,graph,0.1571873426437378,0.0,0.15598127245903015,0.0,0.01206063013523817,0.0009687555962364565,2
12583,graph,0.11345013976097107,0.0,0.11228296160697937,0.0,0.01167181134223938,0.0009687244506700056,2
12584,node,2.071876287460327,0.00035386221134103835,0.0,2.0715224742889404,0.0,0.0009686932937175448,2
12585,graph,0.13751579821109772,0.0,0.13626980781555176,0.0,0.012459944002330303,0.0009686621253798428,2
12586,graph,0.10498775541782379,0.0,0.1037331223487854,0.0,0.01254633255302906,0.0009686309456576688,2
12587,graph,0.12866057455539703,0.0,0.1276358962059021,0.0,0.010246767662465572,0.0009685997545517918,2
12588,node,0.920059859752655,0.0004192209744360298,0.0,0.9196406602859497,0.0,0.0009685685520629819,2
12589,graph,0.11014054715633392,0.0,0.10879706591367722,0.0,0.013434801250696182,0.0009685373381920086,2
12590,graph,0.15208935737609863,0.0,0.150794118642807,0.0,0.012952446937561035,0.0009685061129396422,2
12591,graph,0.1687328815460205,0.0,0.1679127812385559,0.0,0.008200962096452713,0.0009684748763066533,2
12592,node,0.6297616362571716,0.0005230366950854659,0.0,0.6292386054992676,0.0,0.0009684436282938123,2
12593,graph,0.15067154169082642,0.0,0.14951053261756897,0.0,0.011610019020736217,0.0009684123689018906,2
12594,graph,0.1423673778772354,0.0,0.14119434356689453,0.0,0.011730403639376163,0.0009683810981316592,2
12595,graph,0.12942475080490112,0.0,0.12805144488811493,0.0,0.013733042404055595,0.0009683498159838898,2
12596,node,1.772447943687439,0.0004190363979432732,0.0,1.772028923034668,0.0,0.0009683185224593541,2
12597,graph,0.15219973027706146,0.0,0.1510525792837143,0.0,0.011471552774310112,0.0009682872175588244,2
12598,graph,0.17464062571525574,0.0,0.17341625690460205,0.0,0.012243730016052723,0.0009682559012830731,2
12599,graph,0.09911023825407028,0.0,0.09796888381242752,0.0,0.011413557454943657,0.0009682245736328729,2
12600,node,0.7648959755897522,0.00040537898894399405,0.0,0.7644906044006348,0.0,0.0009681932346089968,2
12601,graph,0.14171257615089417,0.0,0.14052316546440125,0.0,0.011894073337316513,0.0009681618842122179,2
12602,graph,0.13593077659606934,0.0,0.1344369649887085,0.0,0.01493810024112463,0.0009681305224433101,2
12603,graph,0.1291331648826599,0.0,0.1277359127998352,0.0,0.013972532004117966,0.0009680991493030467,2
12604,node,1.4620758295059204,0.0005361366784200072,0.0,1.4615397453308105,0.0,0.0009680677647922023,2
12605,graph,0.15345963835716248,0.0,0.1524013876914978,0.0,0.010582497343420982,0.0009680363689115511,2
12606,graph,0.14639736711978912,0.0,0.14505982398986816,0.0,0.013375414535403252,0.0009680049616618676,2
12607,graph,0.12176468223333359,0.0,0.12054493278265,0.0,0.012197477743029594,0.0009679735430439269,2
12608,node,1.9619921445846558,0.0004096832126379013,0.0,1.9615824222564697,0.0,0.0009679421130585041,2
12609,graph,0.1096520647406578,0.0,0.10818405449390411,0.0,0.014680104330182076,0.000967910671706375,2
12610,graph,0.13396906852722168,0.0,0.13300451636314392,0.0,0.009645565412938595,0.000967879218988315,2
12611,graph,0.13476942479610443,0.0,0.1333341896533966,0.0,0.014352421276271343,0.0009678477549051005,2
12612,node,0.6929153203964233,0.0005027987062931061,0.0,0.6924124956130981,0.0,0.0009678162794575076,2
12613,graph,0.11938977986574173,0.0,0.11822158098220825,0.0,0.011681975796818733,0.0009677847926463132,2
12614,graph,0.1525174379348755,0.0,0.1509438455104828,0.0,0.01573597453534603,0.0009677532944722938,2
12615,graph,0.1727932095527649,0.0,0.17150060832500458,0.0,0.012926064431667328,0.000967721784936227,2
12616,node,6.325677394866943,0.00044653823715634644,0.0,6.325231075286865,0.0,0.0009676902640388898,2
12617,graph,0.18094243109226227,0.0,0.17949369549751282,0.0,0.014487390406429768,0.0009676587317810605,2
12618,graph,0.1344185322523117,0.0,0.13316991925239563,0.0,0.012486083433032036,0.0009676271881635167,2
12619,graph,0.13305944204330444,0.0,0.13184645771980286,0.0,0.01212978083640337,0.0009675956331870368,2
12620,node,0.36435893177986145,0.0003727342700585723,0.0,0.36398619413375854,0.0,0.0009675640668523995,2
12621,graph,0.11781106144189835,0.0,0.1166134923696518,0.0,0.01197568979114294,0.0009675324891603838,2
12622,graph,0.1712268590927124,0.0,0.17022478580474854,0.0,0.010020739398896694,0.0009675009001117685,2
12623,graph,0.12730193138122559,0.0,0.1261647641658783,0.0,0.011371718719601631,0.0009674692997073332,2
12624,node,1.2596945762634277,0.0004772030224557966,0.0,1.259217381477356,0.0,0.0009674376879478576,2
12625,graph,0.11923211812973022,0.0,0.11805388331413269,0.0,0.011782348155975342,0.0009674060648341217,2
12626,graph,0.17716172337532043,0.0,0.1757444590330124,0.0,0.014172589406371117,0.0009673744303669056,2
12627,graph,0.13912537693977356,0.0,0.13787595927715302,0.0,0.012494103983044624,0.00096734278454699,2
12628,node,0.3809734582901001,0.0004173982597421855,0.0,0.38055604696273804,0.0,0.000967311127375156,2
12629,graph,0.1175825223326683,0.0,0.11635055392980576,0.0,0.012319659814238548,0.0009672794588521843,2
12630,graph,0.2565349042415619,0.0,0.25527942180633545,0.0,0.012554926797747612,0.0009672477789788564,2
12631,graph,0.1249343529343605,0.0,0.1238241195678711,0.0,0.011102361604571342,0.000967216087755954,2
12632,node,2.224787950515747,0.0004706246836576611,0.0,2.2243173122406006,0.0,0.0009671843851842592,2
12633,graph,0.16471897065639496,0.0,0.1632850617170334,0.0,0.014339097775518894,0.0009671526712645538,2
12634,graph,0.1278817355632782,0.0,0.1265643835067749,0.0,0.013173484243452549,0.000967120945997621,2
12635,graph,0.15870873630046844,0.0,0.15759402513504028,0.0,0.01114706415683031,0.0009670892093842429,2
12636,node,1.5527592897415161,0.000502020469866693,0.0,1.5522572994232178,0.0,0.0009670574614252031,2
12637,graph,0.1239326149225235,0.0,0.12288632988929749,0.0,0.010462845675647259,0.0009670257021212844,2
12638,graph,0.2121911197900772,0.0,0.2111911177635193,0.0,0.009999999776482582,0.0009669939314732708,2
12639,graph,0.1330190747976303,0.0,0.13185089826583862,0.0,0.01168171875178814,0.0009669621494819462,2
12640,node,3.153338670730591,0.0003919531300198287,0.0,3.152946710586548,0.0,0.0009669303561480947,2
12641,graph,0.17540302872657776,0.0,0.17419907450675964,0.0,0.01203955989331007,0.0009668985514725009,2
12642,graph,0.11469428986310959,0.0,0.11342892050743103,0.0,0.012653684243559837,0.0009668667354559493,2
12643,graph,0.11556290090084076,0.0,0.11436191201210022,0.0,0.012009863741695881,0.000966834908099225,2
12644,node,2.9183080196380615,0.000481760420370847,0.0,2.9178261756896973,0.0,0.0009668030694031135,2
12645,graph,0.18361420929431915,0.0,0.18190288543701172,0.0,0.017113203182816505,0.0009667712193684005,2
12646,graph,0.15186487138271332,0.0,0.15071432292461395,0.0,0.01150548830628395,0.0009667393579958713,2
12647,graph,0.1373925656080246,0.0,0.13631916046142578,0.0,0.010734112933278084,0.0009667074852863126,2
12648,node,2.0907275676727295,0.0004013025027234107,0.0,2.0903263092041016,0.0,0.0009666756012405106,2
12649,graph,0.14977921545505524,0.0,0.14868995547294617,0.0,0.010892599821090698,0.000966643705859252,2
12650,graph,0.13701359927654266,0.0,0.13586509227752686,0.0,0.011485033668577671,0.0009666117991433238,2
12651,graph,0.14730551838874817,0.0,0.14608442783355713,0.0,0.012210847809910774,0.0009665798810935132,2
12652,node,0.5997907519340515,0.0003303948906250298,0.0,0.5994603633880615,0.0,0.0009665479517106078,2
12653,graph,0.1420477330684662,0.0,0.14070799946784973,0.0,0.013397324830293655,0.0009665160109953954,2
12654,graph,0.1609075367450714,0.0,0.15954428911209106,0.0,0.013632506132125854,0.0009664840589486643,2
12655,graph,0.11576909571886063,0.0,0.11451022326946259,0.0,0.012588731944561005,0.0009664520955712027,2
12656,node,15.0498685836792,0.00035571830812841654,0.0,15.04951286315918,0.0,0.0009664201208637994,2
12657,graph,0.11932307481765747,0.0,0.11814336478710175,0.0,0.01179709006100893,0.0009663881348272431,2
12658,graph,0.24001692235469818,0.0,0.23858730494976044,0.0,0.014296233654022217,0.0009663561374623232,2
12659,graph,0.12780970335006714,0.0,0.12659838795661926,0.0,0.012113221921026707,0.0009663241287698292,2
12660,node,0.7530348300933838,0.00046815499081276357,0.0,0.7525666952133179,0.0,0.0009662921087505509,2
12661,graph,0.12956684827804565,0.0,0.12829899787902832,0.0,0.012678449973464012,0.0009662600774052783,2
12662,graph,0.2004164457321167,0.0,0.1990097463130951,0.0,0.014066951349377632,0.0009662280347348017,2
12663,graph,0.13073650002479553,0.0,0.12946319580078125,0.0,0.012733008712530136,0.0009661959807399119,2
12664,node,0.884894073009491,0.0005087936297059059,0.0,0.8843852877616882,0.0,0.0009661639154213995,2
12665,graph,0.15127870440483093,0.0,0.1496226042509079,0.0,0.016560934484004974,0.0009661318387800561,2
12666,graph,0.14754171669483185,0.0,0.1461900919675827,0.0,0.013516273349523544,0.0009660997508166728,2
12667,graph,0.152508944272995,0.0,0.15129153430461884,0.0,0.012174103409051895,0.0009660676515320416,2
12668,node,0.36987218260765076,0.0004105317057110369,0.0,0.36946165561676025,0.0,0.0009660355409269542,2
12669,graph,0.1377699077129364,0.0,0.13649436831474304,0.0,0.012755450792610645,0.000966003419002203,2
12670,graph,0.11439606547355652,0.0,0.11313000321388245,0.0,0.012660629115998745,0.000965971285758581,2
12671,graph,0.182045117020607,0.0,0.18069776892662048,0.0,0.013473523780703545,0.0009659391411968805,2
12672,node,2.2489395141601562,0.00033227819949388504,0.0,2.2486071586608887,0.0,0.000965906985317895,2
12673,graph,0.18209390342235565,0.0,0.1806439757347107,0.0,0.014499279670417309,0.0009658748181224176,2
12674,graph,0.12741020321846008,0.0,0.12618273496627808,0.0,0.012274755164980888,0.0009658426396112422,2
12675,graph,0.17362409830093384,0.0,0.17236822843551636,0.0,0.012558753602206707,0.0009658104497851628,2
12676,node,3.4293770790100098,0.00034795122337527573,0.0,3.4290292263031006,0.0,0.0009657782486449735,2
12677,graph,0.14594678580760956,0.0,0.14474162459373474,0.0,0.01205165684223175,0.0009657460361914688,2
12678,graph,0.1230720728635788,0.0,0.12154538929462433,0.0,0.015266857109963894,0.0009657138124254439,2
12679,graph,0.12686151266098022,0.0,0.12563586235046387,0.0,0.012256448157131672,0.0009656815773476934,2
12680,node,4.601210117340088,0.00047456673928536475,0.0,4.600735664367676,0.0,0.0009656493309590129,2
12681,graph,0.15731023252010345,0.0,0.155889093875885,0.0,0.01421138271689415,0.0009656170732601981,2
12682,graph,0.14632076025009155,0.0,0.14509081840515137,0.0,0.012299410998821259,0.0009655848042520449,2
12683,graph,0.12327609211206436,0.0,0.1222858726978302,0.0,0.009902157820761204,0.0009655525239353493,2
12684,node,0.5652101039886475,0.0004374557756818831,0.0,0.5647726655006409,0.0,0.0009655202323109079,2
12685,graph,0.1887528896331787,0.0,0.1874212622642517,0.0,0.01331621129065752,0.0009654879293795177,2
12686,graph,0.14411111176013947,0.0,0.14290526509284973,0.0,0.012058479711413383,0.0009654556151419754,2
12687,graph,0.1506100594997406,0.0,0.14948588609695435,0.0,0.011241751722991467,0.0009654232895990785,2
12688,node,0.6553426384925842,0.0004120786034036428,0.0,0.6549305319786072,0.0,0.0009653909527516246,2
12689,graph,0.12662899494171143,0.0,0.12533970177173615,0.0,0.012892869301140308,0.0009653586046004117,2
12690,graph,0.17239196598529816,0.0,0.17135408520698547,0.0,0.010378875769674778,0.0009653262451462376,2
12691,graph,0.18233436346054077,0.0,0.18129105865955353,0.0,0.010433081537485123,0.0009652938743899011,2
12692,node,39.92880630493164,0.00048344855895265937,0.0,39.928321838378906,0.0,0.0009652614923322006,2
12693,graph,0.13382281363010406,0.0,0.13242630660533905,0.0,0.013965004123747349,0.0009652290989739353,2
12694,graph,0.11446847021579742,0.0,0.11318902671337128,0.0,0.012794454582035542,0.0009651966943159046,2
12695,graph,0.1268654465675354,0.0,0.12568339705467224,0.0,0.011820456944406033,0.0009651642783589078,2
12696,node,1.0634480714797974,0.00037659742520190775,0.0,1.0630714893341064,0.0,0.0009651318511037447,2
12697,graph,0.142141193151474,0.0,0.1407899558544159,0.0,0.013512366451323032,0.0009650994125512157,2
12698,graph,0.13444386422634125,0.0,0.132944718003273,0.0,0.014991519041359425,0.0009650669627021209,2
12699,graph,0.11020724475383759,0.0,0.10907351970672607,0.0,0.0113372802734375,0.0009650345015572611,2
12700,node,2.5349504947662354,0.00047761580208316445,0.0,2.534472942352295,0.0,0.0009650020291174374,2
12701,graph,0.12028384953737259,0.0,0.11888338625431061,0.0,0.014004601165652275,0.0009649695453834507,2
12702,graph,0.15219248831272125,0.0,0.15066853165626526,0.0,0.015239588916301727,0.0009649370503561028,2
12703,graph,0.10980293154716492,0.0,0.10867317765951157,0.0,0.011297557502985,0.0009649045440361953,2
12704,node,1.3314398527145386,0.00038210966158658266,0.0,1.3310577869415283,0.0,0.0009648720264245304,2
12705,graph,0.12273971736431122,0.0,0.12159901112318039,0.0,0.011407027952373028,0.0009648394975219102,2
12706,graph,0.1317751556634903,0.0,0.1305180788040161,0.0,0.012570745311677456,0.0009648069573291375,2
12707,graph,0.12788064777851105,0.0,0.12671412527561188,0.0,0.01166526973247528,0.0009647744058470152,2
12708,node,2.6153554916381836,0.0005704897339455783,0.0,2.6147849559783936,0.0,0.0009647418430763464,2
12709,graph,0.1415989249944687,0.0,0.14029937982559204,0.0,0.012995517812669277,0.0009647092690179347,2
12710,graph,0.13700926303863525,0.0,0.13569079339504242,0.0,0.01318475604057312,0.0009646766836725836,2
12711,graph,0.19925419986248016,0.0,0.19792215526103973,0.0,0.013320441357791424,0.0009646440870410974,2
12712,node,0.9487720131874084,0.0005499519756995142,0.0,0.9482220411300659,0.0,0.0009646114791242801,2
12713,graph,0.1100464016199112,0.0,0.1089107096195221,0.0,0.01135694608092308,0.0009645788599229364,2
12714,graph,0.1288156658411026,0.0,0.12746840715408325,0.0,0.013472655788064003,0.0009645462294378711,2
12715,graph,0.14347511529922485,0.0,0.14198854565620422,0.0,0.014865719713270664,0.0009645135876698894,2
12716,node,4.485063552856445,0.0005302891368046403,0.0,4.484533309936523,0.0,0.0009644809346197966,2
12717,graph,0.14065204560756683,0.0,0.1394824981689453,0.0,0.011695482768118382,0.0009644482702883986,2
12718,graph,0.11600573360919952,0.0,0.11443008482456207,0.0,0.015756508335471153,0.0009644155946765011,2
12719,graph,0.1069779098033905,0.0,0.10582496225833893,0.0,0.011529508978128433,0.0009643829077849105,2
12720,node,0.3886781632900238,0.00040577034815214574,0.0,0.38827240467071533,0.0,0.0009643502096144332,2
12721,graph,0.1462235003709793,0.0,0.14504963159561157,0.0,0.01173868402838707,0.0009643175001658761,2
12722,graph,0.20522291958332062,0.0,0.20380684733390808,0.0,0.014160649850964546,0.0009642847794400463,2
12723,graph,0.21068596839904785,0.0,0.20954376459121704,0.0,0.01142201665788889,0.000964252047437751,2
12724,node,7.115043640136719,0.0003515697899274528,0.0,7.114692211151123,0.0,0.0009642193041597979,2
12725,graph,0.13128231465816498,0.0,0.13015727698802948,0.0,0.011250360868871212,0.000964186549606995,2
12726,graph,0.1996850222349167,0.0,0.1984025537967682,0.0,0.012824682518839836,0.0009641537837801504,2
12727,graph,0.13094684481620789,0.0,0.12975327670574188,0.0,0.01193573884665966,0.0009641210066800726,2
12728,node,1.8365768194198608,0.00037516001611948013,0.0,1.8362016677856445,0.0,0.0009640882183075703,2
12729,graph,0.1534833163022995,0.0,0.1521623581647873,0.0,0.013209576718509197,0.0009640554186634524,2
12730,graph,0.15242208540439606,0.0,0.15095646679401398,0.0,0.0146561861038208,0.0009640226077485285,2
12731,graph,0.12971366941928864,0.0,0.12853413820266724,0.0,0.011795248836278915,0.0009639897855636079,2
12732,node,3.3358380794525146,0.00044370669638738036,0.0,3.3353943824768066,0.0,0.0009639569521095006,2
12733,graph,0.10705677419900894,0.0,0.10597265511751175,0.0,0.010841196402907372,0.0009639241073870167,2
12734,graph,0.13334237039089203,0.0,0.13222941756248474,0.0,0.011129545047879219,0.0009638912513969666,2
12735,graph,0.26551440358161926,0.0,0.264131635427475,0.0,0.013827560469508171,0.0009638583841401611,2
12736,node,0.7322953343391418,0.0004883143701590598,0.0,0.7318069934844971,0.0,0.0009638255056174111,2
12737,graph,0.11488378793001175,0.0,0.11358046531677246,0.0,0.013033212162554264,0.0009637926158295278,2
12738,graph,0.14843468368053436,0.0,0.14698925614356995,0.0,0.014454339630901814,0.0009637597147773226,2
12739,graph,0.1591086983680725,0.0,0.1579146385192871,0.0,0.011940613389015198,0.0009637268024616076,2
12740,node,3.293390989303589,0.0005172773380763829,0.0,3.2928736209869385,0.0,0.0009636938788831946,2
12741,graph,0.1303495168685913,0.0,0.12880954146385193,0.0,0.015399707481265068,0.0009636609440428961,2
12742,graph,0.13674776256084442,0.0,0.13534288108348846,0.0,0.014048773795366287,0.0009636279979415247,2
12743,graph,0.1492052972316742,0.0,0.1480359584093094,0.0,0.011693346314132214,0.0009635950405798933,2
12744,node,3.4222707748413086,0.0004837007145397365,0.0,3.4217870235443115,0.0,0.0009635620719588153,2
12745,graph,0.1386096328496933,0.0,0.1373717486858368,0.0,0.012378866784274578,0.0009635290920791039,2
12746,graph,0.12081938982009888,0.0,0.11957104504108429,0.0,0.012483419850468636,0.0009634961009415728,2
12747,graph,0.16677801311016083,0.0,0.165512353181839,0.0,0.012656601145863533,0.0009634630985470362,2
12748,node,1.6121835708618164,0.00035963699338026345,0.0,1.6118239164352417,0.0,0.0009634300848963086,2
12749,graph,0.09789703786373138,0.0,0.09667098522186279,0.0,0.012260522693395615,0.000963397059990204,2
12750,graph,0.14730168879032135,0.0,0.145862877368927,0.0,0.014388074167072773,0.0009633640238295378,2
12751,graph,0.14121977984905243,0.0,0.14014998078346252,0.0,0.01069798693060875,0.0009633309764151247,2
12752,node,0.5205573439598083,0.0004507823323365301,0.0,0.5201065540313721,0.0,0.0009632979177477804,2
12753,graph,0.12382251024246216,0.0,0.12213648855686188,0.0,0.016860222443938255,0.0009632648478283205,2
12754,graph,0.14635635912418365,0.0,0.14516288042068481,0.0,0.01193473394960165,0.000963231766657561,2
12755,graph,0.1300603747367859,0.0,0.1288335621356964,0.0,0.01226808037608862,0.0009631986742363181,2
12756,node,1.6159747838974,0.00041004340164363384,0.0,1.6155647039413452,0.0,0.0009631655705654085,2
12757,graph,0.16452635824680328,0.0,0.16316354274749756,0.0,0.013628186658024788,0.0009631324556456488,2
12758,graph,0.13328632712364197,0.0,0.13189110159873962,0.0,0.013952191919088364,0.000963099329477856,2
12759,graph,0.1534755527973175,0.0,0.15207980573177338,0.0,0.013957459479570389,0.0009630661920628478,2
12760,node,3.976092576980591,0.0004446730890776962,0.0,3.9756479263305664,0.0,0.0009630330434014416,2
12761,graph,0.16100487112998962,0.0,0.15961509943008423,0.0,0.013897773809731007,0.0009629998834944554,2
12762,graph,0.16286703944206238,0.0,0.16165614128112793,0.0,0.012108996510505676,0.0009629667123427072,2
12763,graph,0.14159661531448364,0.0,0.1403266340494156,0.0,0.012699817307293415,0.0009629335299470155,2
12764,node,2.6251566410064697,0.0005306419916450977,0.0,2.6246259212493896,0.0,0.0009629003363081993,2
12765,graph,0.12987791001796722,0.0,0.12868309020996094,0.0,0.011948203667998314,0.0009628671314270773,2
12766,graph,0.2392013818025589,0.0,0.23769468069076538,0.0,0.015067027881741524,0.0009628339153044691,2
12767,graph,0.15094275772571564,0.0,0.14965364336967468,0.0,0.012891075573861599,0.000962800687941194,2
12768,node,14.590025901794434,0.0006096856668591499,0.0,14.58941650390625,0.0,0.0009627674493380721,2
12769,graph,0.1376838982105255,0.0,0.1364063024520874,0.0,0.012775914743542671,0.0009627341994959234,2
12770,graph,0.13469833135604858,0.0,0.13338232040405273,0.0,0.013160099275410175,0.0009627009384155682,2
12771,graph,0.16443945467472076,0.0,0.16307610273361206,0.0,0.013633527792990208,0.0009626676660978273,2
12772,node,14.866315841674805,0.00043068238301202655,0.0,14.865884780883789,0.0,0.0009626343825435218,2
12773,graph,0.13856598734855652,0.0,0.1367657482624054,0.0,0.018002411350607872,0.0009626010877534728,2
12774,graph,0.14081543684005737,0.0,0.1397848129272461,0.0,0.01030623447149992,0.0009625677817285017,2
12775,graph,0.13230887055397034,0.0,0.13100695610046387,0.0,0.013019116595387459,0.0009625344644694305,2
12776,node,1.2302565574645996,0.000559786451049149,0.0,1.2296967506408691,0.0,0.0009625011359770811,2
12777,graph,0.1458643227815628,0.0,0.14450760185718536,0.0,0.013567160815000534,0.0009624677962522759,2
12778,graph,0.1758199781179428,0.0,0.17445364594459534,0.0,0.01366333942860365,0.0009624344452958375,2
12779,graph,0.17864952981472015,0.0,0.1772911250591278,0.0,0.013584088534116745,0.000962401083108589,2
12780,node,1.6414951086044312,0.0004316016857046634,0.0,1.6410634517669678,0.0,0.0009623677096913532,2
12781,graph,0.12073460221290588,0.0,0.1195165365934372,0.0,0.01218063198029995,0.0009623343250449541,2
12782,graph,0.10968432575464249,0.0,0.10830849409103394,0.0,0.013758327811956406,0.0009623009291702149,2
12783,graph,0.14583662152290344,0.0,0.14467526972293854,0.0,0.011613456532359123,0.00096226752206796,2
12784,node,2.6697638034820557,0.0003417779225856066,0.0,2.669421911239624,0.0,0.0009622341037390133,2
12785,graph,0.2222430557012558,0.0,0.22095352411270142,0.0,0.012895305640995502,0.0009622006741841996,2
12786,graph,0.11205054819583893,0.0,0.11070011556148529,0.0,0.013504298403859138,0.0009621672334043439,2
12787,graph,0.11725188046693802,0.0,0.11608366668224335,0.0,0.011682133190333843,0.000962133781400271,2
12788,node,6.276898384094238,0.00042851504986174405,0.0,6.276469707489014,0.0,0.0009621003181728067,2
12789,graph,0.20798496901988983,0.0,0.20636387169361115,0.0,0.01621101051568985,0.0009620668437227761,2
12790,graph,0.20502960681915283,0.0,0.20376375317573547,0.0,0.012658525258302689,0.0009620333580510055,2
12791,graph,0.10844694077968597,0.0,0.10720537602901459,0.0,0.01241567824035883,0.000961999861158321,2
12792,node,0.139837846159935,0.00047532908502034843,0.0,0.13936251401901245,0.0,0.0009619663530455494,2
12793,graph,0.11872066557407379,0.0,0.11733394861221313,0.0,0.013867156580090523,0.0009619328337135173,2
12794,graph,0.14604251086711884,0.0,0.14498992264270782,0.0,0.010525884106755257,0.0009618993031630515,2
12795,graph,0.1607813984155655,0.0,0.15948837995529175,0.0,0.012930185534060001,0.0009618657613949798,2
12796,node,2.163179397583008,0.00039183348417282104,0.0,2.162787675857544,0.0,0.0009618322084101294,2
12797,graph,0.1316554844379425,0.0,0.13030464947223663,0.0,0.013508307747542858,0.0009617986442093284,2
12798,graph,0.10753200948238373,0.0,0.10612466931343079,0.0,0.01407338585704565,0.000961765068793405,2
12799,graph,0.12745432555675507,0.0,0.12619948387145996,0.0,0.012548358179628849,0.0009617314821631874,2
12800,node,0.9494351744651794,0.00044815847650170326,0.0,0.9489870071411133,0.0,0.0009616978843195045,2
12801,graph,0.1199721023440361,0.0,0.11877001076936722,0.0,0.012020917609333992,0.0009616642752631854,2
12802,graph,0.13738998770713806,0.0,0.1361481100320816,0.0,0.012418723665177822,0.0009616306549950592,2
12803,graph,0.1337210237979889,0.0,0.13248251378536224,0.0,0.012385103851556778,0.0009615970235159553,2
12804,node,0.8778701424598694,0.0005722927744500339,0.0,0.8772978782653809,0.0,0.0009615633808267039,2
12805,graph,0.1161918193101883,0.0,0.11484326422214508,0.0,0.013485577888786793,0.0009615297269281348,2
12806,graph,0.1112113893032074,0.0,0.11003544181585312,0.0,0.01175951212644577,0.0009614960618210785,2
12807,graph,0.1452041119337082,0.0,0.1438610553741455,0.0,0.013430525548756123,0.0009614623855063657,2
12808,node,3.064863681793213,0.0003953385748900473,0.0,3.0644683837890625,0.0,0.0009614286979848271,2
12809,graph,0.2631056308746338,0.0,0.26173701882362366,0.0,0.013686206191778183,0.0009613949992572944,2
12810,graph,0.12090512365102768,0.0,0.11973872780799866,0.0,0.01166392583400011,0.0009613612893245984,2
12811,graph,0.16689157485961914,0.0,0.16551154851913452,0.0,0.013800208456814289,0.0009613275681875714,2
12812,node,2.881145715713501,0.0004993426846340299,0.0,2.8806464672088623,0.0,0.0009612938358470453,2
12813,graph,0.16318625211715698,0.0,0.16180196404457092,0.0,0.013842882588505745,0.0009612600923038524,2
12814,graph,0.19786600768566132,0.0,0.19635125994682312,0.0,0.015147496946156025,0.0009612263375588251,2
12815,graph,0.11670079082250595,0.0,0.11529950797557831,0.0,0.014012831263244152,0.0009611925716127965,2
12816,node,1.344933271408081,0.0004591921460814774,0.0,1.3444740772247314,0.0,0.0009611587944665995,2
12817,graph,0.1445026993751526,0.0,0.14344626665115356,0.0,0.010564370080828667,0.0009611250061210679,2
12818,graph,0.13607439398765564,0.0,0.1348351240158081,0.0,0.012392686679959297,0.0009610912065770351,2
12819,graph,0.10680405795574188,0.0,0.10571925342082977,0.0,0.010848050005733967,0.0009610573958353351,2
12820,node,0.884610116481781,0.0004189278115518391,0.0,0.8841912150382996,0.0,0.0009610235738968021,2
12821,graph,0.1456163227558136,0.0,0.14420084655284882,0.0,0.014154751785099506,0.000960989740762271,2
12822,graph,0.11091369390487671,0.0,0.10976759344339371,0.0,0.011461025103926659,0.000960955896432576,2
12823,graph,0.15321974456310272,0.0,0.15189878642559052,0.0,0.013209574855864048,0.0009609220409085525,2
12824,node,3.41439151763916,0.0004931025905534625,0.0,3.413898468017578,0.0,0.000960888174191036,2
12825,graph,0.14402881264686584,0.0,0.14278694987297058,0.0,0.012418699450790882,0.0009608542962808619,2
12826,graph,0.16708685457706451,0.0,0.16598239541053772,0.0,0.01104466151446104,0.0009608204071788662,2
12827,graph,0.17997032403945923,0.0,0.1786683201789856,0.0,0.01302002277225256,0.0009607865068858849,2
12828,node,0.3888564705848694,0.0003454416582826525,0.0,0.3885110318660736,0.0,0.0009607525954027547,2
12829,graph,0.23736676573753357,0.0,0.23621974885463715,0.0,0.011470234952867031,0.0009607186727303123,2
12830,graph,0.15296387672424316,0.0,0.15171954035758972,0.0,0.012443327344954014,0.0009606847388693945,2
12831,graph,0.12433865666389465,0.0,0.12260329723358154,0.0,0.01735360361635685,0.0009606507938208389,2
12832,node,0.5590260028839111,0.0005089181941002607,0.0,0.5585170984268188,0.0,0.0009606168375854827,2
12833,graph,0.13786420226097107,0.0,0.1367344856262207,0.0,0.011297149583697319,0.0009605828701641641,2
12834,graph,0.14984899759292603,0.0,0.14855051040649414,0.0,0.012984927743673325,0.000960548891557721,2
12835,graph,0.20134419202804565,0.0,0.20022499561309814,0.0,0.01119198277592659,0.0009605149017669918,2
12836,node,2.371952772140503,0.0005451273755170405,0.0,2.3714077472686768,0.0,0.000960480900792815,2
12837,graph,0.14135639369487762,0.0,0.13990893959999084,0.0,0.014474470168352127,0.0009604468886360299,2
12838,graph,0.19966399669647217,0.0,0.19830019772052765,0.0,0.013637987896800041,0.0009604128652974754,2
12839,graph,0.12466976791620255,0.0,0.12353542447090149,0.0,0.011343424208462238,0.0009603788307779912,2
12840,node,0.5879296064376831,0.00048073125071823597,0.0,0.5874488949775696,0.0,0.0009603447850784173,2
12841,graph,0.15785492956638336,0.0,0.15653955936431885,0.0,0.01315369177609682,0.0009603107281995932,2
12842,graph,0.13547761738300323,0.0,0.13393788039684296,0.0,0.015397375449538231,0.0009602766601423594,2
12843,graph,0.19937127828598022,0.0,0.19816137850284576,0.0,0.012098980136215687,0.0009602425809075567,2
12844,node,6.5352373123168945,0.0004152533656451851,0.0,6.5348219871521,0.0,0.0009602084904960259,2
12845,graph,0.12509095668792725,0.0,0.12415660172700882,0.0,0.00934353657066822,0.000960174388908608,2
12846,graph,0.1289997696876526,0.0,0.12781083583831787,0.0,0.011889318004250526,0.0009601402761461445,2
12847,graph,0.11935842037200928,0.0,0.11822483688592911,0.0,0.011335806921124458,0.0009601061522094771,2
12848,node,2.5052199363708496,0.00036611483665183187,0.0,2.5048537254333496,0.0,0.0009600720170994477,2
12849,graph,0.159905344247818,0.0,0.15867945551872253,0.0,0.012258834205567837,0.0009600378708168988,2
12850,graph,0.1941041350364685,0.0,0.19270239770412445,0.0,0.014017417095601559,0.0009600037133626728,2
12851,graph,0.12208880484104156,0.0,0.12071846425533295,0.0,0.013703377917408943,0.0009599695447376123,2
12852,node,0.9185662865638733,0.0005034820060245693,0.0,0.9180628061294556,0.0,0.0009599353649425606,2
12853,graph,0.13476954400539398,0.0,0.13351128995418549,0.0,0.012582567520439625,0.0009599011739783609,2
12854,graph,0.19480425119400024,0.0,0.19348391890525818,0.0,0.013203281909227371,0.0009598669718458571,2
12855,graph,0.21101617813110352,0.0,0.21001242101192474,0.0,0.010037641040980816,0.0009598327585458927,2
12856,node,3.491708278656006,0.0004304231551941484,0.0,3.4912779331207275,0.0,0.0009597985340793122,2
12857,graph,0.16083788871765137,0.0,0.15945203602313995,0.0,0.013858601450920105,0.0009597642984469601,2
12858,graph,0.12192917615175247,0.0,0.12062999606132507,0.0,0.012991783209145069,0.0009597300516496807,2
12859,graph,0.16914382576942444,0.0,0.16815686225891113,0.0,0.009869593195617199,0.0009596957936883195,2
12860,node,0.190922811627388,0.0004722844751086086,0.0,0.1904505342245102,0.0,0.0009596615245637216,2
12861,graph,0.11113312095403671,0.0,0.10997945815324783,0.0,0.011536600068211555,0.0009596272442767324,2
12862,graph,0.11585519462823868,0.0,0.11441102623939514,0.0,0.014441661536693573,0.000959592952828198,2
12863,graph,0.11784300953149796,0.0,0.116511769592762,0.0,0.013312430121004581,0.0009595586502189643,2
12864,node,0.5783059597015381,0.00041367197991348803,0.0,0.5778923034667969,0.0,0.0009595243364498775,2
12865,graph,0.11218254268169403,0.0,0.11100766062736511,0.0,0.011748852208256721,0.0009594900115217848,2
12866,graph,0.11763274669647217,0.0,0.11646202206611633,0.0,0.011707218363881111,0.0009594556754355329,2
12867,graph,0.12549644708633423,0.0,0.12437105923891068,0.0,0.01125382725149393,0.0009594213281919687,2
12868,node,10.605504035949707,0.00046809445484541357,0.0,10.605035781860352,0.0,0.0009593869697919401,2
12869,graph,0.13183599710464478,0.0,0.1307743638753891,0.0,0.010616363026201725,0.0009593526002362945,2
12870,graph,0.10703594237565994,0.0,0.10586652159690857,0.0,0.011694202199578285,0.0009593182195258803,2
12871,graph,0.10179116576910019,0.0,0.10048361122608185,0.0,0.01307551097124815,0.0009592838276615458,2
12872,node,1.0031541585922241,0.00046865540207363665,0.0,1.002685546875,0.0,0.0009592494246441392,2
12873,graph,0.12296636402606964,0.0,0.12175948172807693,0.0,0.012068799696862698,0.0009592150104745095,2
12874,graph,0.12520475685596466,0.0,0.12414226680994034,0.0,0.010624960064888,0.0009591805851535062,2
12875,graph,0.13469232618808746,0.0,0.13360249996185303,0.0,0.010898229666054249,0.0009591461486819782,2
12876,node,3.408900260925293,0.0004201920237392187,0.0,3.408480167388916,0.0,0.0009591117010607755,2
12877,graph,0.1209859624505043,0.0,0.11955951154232025,0.0,0.014264504425227642,0.000959077242290748,2
12878,graph,0.12108949571847916,0.0,0.12000418454408646,0.0,0.010853121988475323,0.000959042772372746,2
12879,graph,0.1412249356508255,0.0,0.1401437520980835,0.0,0.010811867192387581,0.0009590082913076198,2
12880,node,0.25033241510391235,0.0005145774339325726,0.0,0.2498178482055664,0.0,0.0009589737990962204,2
12881,graph,0.128112331032753,0.0,0.12672007083892822,0.0,0.013922557234764099,0.0009589392957393987,2
12882,graph,0.1242840513586998,0.0,0.12303157895803452,0.0,0.012524730525910854,0.000958904781238006,2
12883,graph,0.121945321559906,0.0,0.12067058682441711,0.0,0.012747327797114849,0.0009588702555928943,2
12884,node,0.8087466359138489,0.0004409438406582922,0.0,0.8083056807518005,0.0,0.000958835718804915,2
12885,graph,0.11530368030071259,0.0,0.11409571766853333,0.0,0.012079632841050625,0.0009588011708749207,2
12886,graph,0.1391710638999939,0.0,0.1378941535949707,0.0,0.012769038788974285,0.0009587666118037634,2
12887,graph,0.12645018100738525,0.0,0.12526249885559082,0.0,0.011876878328621387,0.0009587320415922959,2
12888,node,0.9790642857551575,0.0004455728631000966,0.0,0.9786187410354614,0.0,0.0009586974602413714,2
12889,graph,0.10632230341434479,0.0,0.10548464953899384,0.0,0.008376534096896648,0.0009586628677518431,2
12890,graph,0.1350557953119278,0.0,0.13394229114055634,0.0,0.011135045439004898,0.0009586282641245644,2
12891,graph,0.12328799068927765,0.0,0.12196100503206253,0.0,0.013269846327602863,0.0009585936493603894,2
12892,node,0.3438712954521179,0.0005191846285015345,0.0,0.3433521091938019,0.0,0.000958559023460172,2
12893,graph,0.11946175992488861,0.0,0.11815567314624786,0.0,0.013060830533504486,0.0009585243864247664,2
12894,graph,0.12109231948852539,0.0,0.12002186477184296,0.0,0.010704522021114826,0.0009584897382550274,2
12895,graph,0.11047102510929108,0.0,0.10931508988142014,0.0,0.011559341102838516,0.00095845507895181,2
12896,node,0.7706931233406067,0.00048239267198368907,0.0,0.7702107429504395,0.0,0.0009584204085159692,2
12897,graph,0.11427769064903259,0.0,0.11318736523389816,0.0,0.010903229005634785,0.0009583857269483605,2
12898,graph,0.11177580803632736,0.0,0.11059126257896423,0.0,0.011845432221889496,0.0009583510342498398,2
12899,graph,0.11138647049665451,0.0,0.11023000627756119,0.0,0.011564667336642742,0.0009583163304212628,2
12900,node,1.812565565109253,0.0006309521268121898,0.0,1.8119345903396606,0.0,0.0009582816154634861,2
12901,graph,0.11835163831710815,0.0,0.11701180785894394,0.0,0.013398278504610062,0.0009582468893773662,2
12902,graph,0.10550272464752197,0.0,0.10420536249876022,0.0,0.012973634526133537,0.0009582121521637597,2
12903,graph,0.12574097514152527,0.0,0.12419624626636505,0.0,0.015447218902409077,0.0009581774038235239,2
12904,node,4.276187419891357,0.0006742225959897041,0.0,4.275513172149658,0.0,0.0009581426443575163,2
12905,graph,0.12771737575531006,0.0,0.12658238410949707,0.0,0.011349990963935852,0.0009581078737665942,2
12906,graph,0.141181081533432,0.0,0.13975229859352112,0.0,0.014287754893302917,0.0009580730920516157,2
12907,graph,0.1369951218366623,0.0,0.1357995569705963,0.0,0.011955611407756805,0.0009580382992134391,2
12908,node,1.6793098449707031,0.0006227569538168609,0.0,1.6786870956420898,0.0,0.0009580034952529228,2
12909,graph,0.14117009937763214,0.0,0.13963697850704193,0.0,0.015331201255321503,0.0009579686801709256,2
12910,graph,0.13318902254104614,0.0,0.13201621174812317,0.0,0.011728126555681229,0.0009579338539683064,2
12911,graph,0.1131567731499672,0.0,0.11198904365301132,0.0,0.01167730800807476,0.0009578990166459248,2
12912,node,1.527839183807373,0.0004366291977930814,0.0,1.5274025201797485,0.0,0.00095786416820464,2
12913,graph,0.13267147541046143,0.0,0.13140404224395752,0.0,0.012674362398684025,0.0009578293086453121,2
12914,graph,0.12659195065498352,0.0,0.12542584538459778,0.0,0.011661124415695667,0.0009577944379688011,2
12915,graph,0.19985823333263397,0.0,0.19850373268127441,0.0,0.013545054011046886,0.0009577595561759673,2
12916,node,0.5113454461097717,0.0004080949875060469,0.0,0.5109373331069946,0.0,0.0009577246632676718,2
12917,graph,0.1240805983543396,0.0,0.12296443432569504,0.0,0.011161615140736103,0.000957689759244775,2
12918,graph,0.1180664449930191,0.0,0.1169423833489418,0.0,0.011240629479289055,0.0009576548441081385,2
12919,graph,0.1275104135274887,0.0,0.12604862451553345,0.0,0.014617904089391232,0.0009576199178586238,2
12920,node,1.317275881767273,0.0004932346637360752,0.0,1.3167825937271118,0.0,0.0009575849804970924,2
12921,graph,0.13290585577487946,0.0,0.13154345750808716,0.0,0.013624012470245361,0.0009575500320244065,2
12922,graph,0.11559262871742249,0.0,0.11432457715272903,0.0,0.012680510990321636,0.0009575150724414285,2
12923,graph,0.12765100598335266,0.0,0.12620094418525696,0.0,0.014500669203698635,0.0009574801017490209,2
12924,node,4.776991844177246,0.00038053662865422666,0.0,4.776611328125,0.0,0.0009574451199480466,2
12925,graph,0.11555436253547668,0.0,0.11412918567657471,0.0,0.014251782558858395,0.0009574101270393686,2
12926,graph,0.11698619276285172,0.0,0.11566920578479767,0.0,0.013169841840863228,0.0009573751230238504,2
12927,graph,0.21893024444580078,0.0,0.2177581787109375,0.0,0.011720621027052402,0.0009573401079023559,2
12928,node,2.8693923950195312,0.0007345782942138612,0.0,2.8686578273773193,0.0,0.0009573050816757488,2
12929,graph,0.11781344562768936,0.0,0.11652283370494843,0.0,0.012906106188893318,0.0009572700443448934,2
12930,graph,0.13746950030326843,0.0,0.1361958086490631,0.0,0.012736976146697998,0.0009572349959106542,2
12931,graph,0.1679849922657013,0.0,0.166391521692276,0.0,0.015934709459543228,0.0009571999363738961,2
12932,node,4.649433135986328,0.0006245645345188677,0.0,4.648808479309082,0.0,0.0009571648657354841,2
12933,graph,0.1449517160654068,0.0,0.14352232217788696,0.0,0.014293866232037544,0.0009571297839962836,2
12934,graph,0.1855100393295288,0.0,0.18421068787574768,0.0,0.01299358531832695,0.0009570946911571601,2
12935,graph,0.13905096054077148,0.0,0.13795994222164154,0.0,0.010910145938396454,0.0009570595872189794,2
12936,node,1.8871181011199951,0.0004830821417272091,0.0,1.8866350650787354,0.0,0.0009570244721826077,2
12937,graph,0.181477889418602,0.0,0.18028628826141357,0.0,0.011916069313883781,0.0009569893460489116,2
12938,graph,0.14131158590316772,0.0,0.14001964032649994,0.0,0.012919401749968529,0.0009569542088187577,2
12939,graph,0.15312300622463226,0.0,0.15179461240768433,0.0,0.013283956795930862,0.0009569190604930129,2
12940,node,0.48132291436195374,0.0005898037343285978,0.0,0.48073309659957886,0.0,0.0009568839010725445,2
12941,graph,0.12005490064620972,0.0,0.11855410784482956,0.0,0.015007893554866314,0.0009568487305582202,2
12942,graph,0.1382954716682434,0.0,0.1368575096130371,0.0,0.014379548840224743,0.0009568135489509076,2
12943,graph,0.14422015845775604,0.0,0.14265817403793335,0.0,0.015619910322129726,0.0009567783562514748,2
12944,node,0.8773660659790039,0.0008562683360651135,0.0,0.8765097856521606,0.0,0.00095674315246079,2
12945,graph,0.1401747316122055,0.0,0.13904526829719543,0.0,0.01129459124058485,0.0009567079375797223,2
12946,graph,0.09840377420186996,0.0,0.09721904993057251,0.0,0.011847221292555332,0.00095667271160914,2
12947,graph,0.11970602720975876,0.0,0.11846959590911865,0.0,0.012364302761852741,0.0009566374745499126,2
12948,node,1.1317265033721924,0.000519872410222888,0.0,1.1312066316604614,0.0,0.0009566022264029094,2
12949,graph,0.1489725112915039,0.0,0.14763110876083374,0.0,0.01341406162828207,0.0009565669671690002,2
12950,graph,0.18798238039016724,0.0,0.18648585677146912,0.0,0.014965202659368515,0.0009565316968490551,2
12951,graph,0.1250053197145462,0.0,0.12374156713485718,0.0,0.01263746153563261,0.000956496415443944,2
12952,node,2.2357521057128906,0.0005603543249890208,0.0,2.235191822052002,0.0,0.0009564611229545379,2
12953,graph,0.12513801455497742,0.0,0.12394179403781891,0.0,0.011962254531681538,0.0009564258193817073,2
12954,graph,0.11511074751615524,0.0,0.1138620674610138,0.0,0.012486808001995087,0.0009563905047263233,2
12955,graph,0.10366212576627731,0.0,0.10252811759710312,0.0,0.011340071447193623,0.0009563551789892574,2
12956,node,0.6745886206626892,0.0006754412897862494,0.0,0.6739131808280945,0.0,0.0009563198421713811,2
12957,graph,0.1797347515821457,0.0,0.1784868687391281,0.0,0.012478871271014214,0.0009562844942735663,2
12958,graph,0.11609777808189392,0.0,0.11462048441171646,0.0,0.01477295346558094,0.0009562491352966851,2
12959,graph,0.11941369622945786,0.0,0.11810507625341415,0.0,0.013086189515888691,0.0009562137652416102,2
12960,node,6.824552059173584,0.0005603935569524765,0.0,6.823991775512695,0.0,0.0009561783841092143,2
12961,graph,0.16297601163387299,0.0,0.16181489825248718,0.0,0.011611182242631912,0.0009561429919003701,2
12962,graph,0.12749984860420227,0.0,0.12615129351615906,0.0,0.013485586270689964,0.0009561075886159511,2
12963,graph,0.10493513941764832,0.0,0.1035614162683487,0.0,0.013737252913415432,0.0009560721742568308,2
12964,node,0.793716549873352,0.0004939747741445899,0.0,0.7932225465774536,0.0,0.000956036748823883,2
12965,graph,0.11944818496704102,0.0,0.11796228587627411,0.0,0.01485898345708847,0.0009560013123179816,2
12966,graph,0.10941169410943985,0.0,0.10803018510341644,0.0,0.01381511427462101,0.0009559658647400015,2
12967,graph,0.10601476579904556,0.0,0.10431274026632309,0.0,0.01702023670077324,0.0009559304060908167,2
12968,node,0.5854734182357788,0.0004267767071723938,0.0,0.585046648979187,0.0,0.0009558949363713025,2
12969,graph,0.12350351363420486,0.0,0.12202320992946625,0.0,0.014803009107708931,0.0009558594555823339,2
12970,graph,0.14406345784664154,0.0,0.14297643303871155,0.0,0.010870281606912613,0.0009558239637247865,2
12971,graph,0.15984660387039185,0.0,0.15871873497962952,0.0,0.011278626509010792,0.0009557884607995358,2
12972,node,0.4148549735546112,0.0004591405449900776,0.0,0.41439583897590637,0.0,0.000955752946807458,2
12973,graph,0.10886842012405396,0.0,0.10751301050186157,0.0,0.013554127886891365,0.0009557174217494295,2
12974,graph,0.1482069194316864,0.0,0.14705482125282288,0.0,0.011520985513925552,0.0009556818856263264,2
12975,graph,0.1395576447248459,0.0,0.1382123827934265,0.0,0.01345263235270977,0.0009556463384390259,2
12976,node,0.3089655637741089,0.0004412834532558918,0.0,0.3085242807865143,0.0,0.000955610780188405,2
12977,graph,0.11616015434265137,0.0,0.11494137346744537,0.0,0.012187779881060123,0.0009555752108753409,2
12978,graph,0.084621362388134,0.0,0.08308061957359314,0.0,0.01540746446698904,0.0009555396305007116,2
12979,graph,0.13298387825489044,0.0,0.13167214393615723,0.0,0.013117383234202862,0.0009555040390653946,2
12980,node,12.81164264678955,0.000577202532440424,0.0,12.811065673828125,0.0,0.0009554684365702684,2
12981,graph,0.22082403302192688,0.0,0.2192803919315338,0.0,0.0154364462941885,0.0009554328230162114,2
12982,graph,0.12060204148292542,0.0,0.11944450438022614,0.0,0.011575400829315186,0.0009553971984041019,2
12983,graph,0.10576016455888748,0.0,0.10450008511543274,0.0,0.012600820511579514,0.0009553615627348195,2
12984,node,0.6929511427879333,0.000527336960658431,0.0,0.6924238204956055,0.0,0.0009553259160092432,2
12985,graph,0.14889061450958252,0.0,0.14757059514522552,0.0,0.013200122863054276,0.0009552902582282527,2
12986,graph,0.1803525686264038,0.0,0.1791563481092453,0.0,0.01196223497390747,0.0009552545893927275,2
12987,graph,0.09229447692632675,0.0,0.09095427393913269,0.0,0.01340204942971468,0.0009552189095035481,2
12988,node,5.334798812866211,0.00046712084440514445,0.0,5.334331512451172,0.0,0.0009551832185615947,2
12989,graph,0.16260507702827454,0.0,0.16124041378498077,0.0,0.013646634295582771,0.0009551475165677476,2
12990,graph,0.2363644242286682,0.0,0.23516976833343506,0.0,0.011946562677621841,0.0009551118035228883,2
12991,graph,0.15166115760803223,0.0,0.15045204758644104,0.0,0.012091116979718208,0.0009550760794278977,2
