step,task_type,total_loss,node_loss,graph_loss,energy_loss,physics_loss,lr,phase
12000,node,1.8287683725357056,0.0003904935729224235,0.0,1.8283778429031372,0.0,0.0009999999938623398,3
12001,graph,0.1349235326051712,0.0,0.12317046523094177,0.0,0.011753062717616558,0.0009999999754493592,3
12002,graph,0.11782782524824142,0.0,0.1067870557308197,0.0,0.011040770448744297,0.0009999999447610588,3
12003,graph,0.16972622275352478,0.0,0.1552489995956421,0.0,0.014477225951850414,0.0009999999017974391,3
12004,node,0.34416985511779785,0.0010681761195883155,0.0,0.3431016802787781,0.0,0.0009999998465585018,3
12005,graph,0.1499113291501999,0.0,0.13476012647151947,0.0,0.015151208266615868,0.0009999997790442476,3
12006,graph,0.24239495396614075,0.0,0.22873973846435547,0.0,0.013655221089720726,0.0009999996992546786,3
12007,graph,0.1394307017326355,0.0,0.1279980093240738,0.0,0.011432699859142303,0.0009999996071897966,3
12008,node,1.0337592363357544,0.0005165158654563129,0.0,1.0332427024841309,0.0,0.0009999995028496036,3
12009,graph,0.18251419067382812,0.0,0.17224930226802826,0.0,0.010264885611832142,0.0009999993862341025,3
12010,graph,0.1433853805065155,0.0,0.1309761106967926,0.0,0.012409275397658348,0.000999999257343296,3
12011,graph,0.14028075337409973,0.0,0.12701928615570068,0.0,0.013261469081044197,0.0009999991161771876,3
12012,node,67.21923828125,0.0006244092364795506,0.0,67.21861267089844,0.0,0.0009999989627357804,3
12013,graph,0.13960620760917664,0.0,0.12659569084644318,0.0,0.013010523281991482,0.0009999987970190783,3
12014,graph,0.14193931221961975,0.0,0.13170218467712402,0.0,0.010237123817205429,0.0009999986190270857,3
12015,graph,0.17991124093532562,0.0,0.16793999075889587,0.0,0.011971253901720047,0.0009999984287598063,3
12016,node,2.9616150856018066,0.0010472837602719665,0.0,2.9605677127838135,0.0,0.0009999982262172454,3
12017,graph,0.12822163105010986,0.0,0.11810551583766937,0.0,0.01011611521244049,0.0009999980113994079,3
12018,graph,0.15484513342380524,0.0,0.14135746657848358,0.0,0.013487670570611954,0.0009999977843062988,3
12019,graph,0.14011631906032562,0.0,0.1289237141609192,0.0,0.011192603036761284,0.0009999975449379243,3
12020,node,0.837894856929779,0.0012890090001747012,0.0,0.8366058468818665,0.0,0.0009999972932942895,3
12021,graph,0.13002698123455048,0.0,0.11434419453144073,0.0,0.015682782977819443,0.0009999970293754013,3
12022,graph,0.1362181007862091,0.0,0.1252613067626953,0.0,0.010956787504255772,0.0009999967531812658,3
12023,graph,0.1299230456352234,0.0,0.11869080364704132,0.0,0.011232241988182068,0.00099999646471189,3
12024,node,1.2062503099441528,0.0007678717956878245,0.0,1.2054824829101562,0.0,0.0009999961639672811,3
12025,graph,0.13929638266563416,0.0,0.12617796659469604,0.0,0.013118420727550983,0.0009999958509474465,3
12026,graph,0.13049565255641937,0.0,0.11824116855859756,0.0,0.01225447840988636,0.0009999955256523936,3
12027,graph,0.13091935217380524,0.0,0.11655323207378387,0.0,0.014366124756634235,0.0009999951880821306,3
12028,node,1.607551097869873,0.0005881316028535366,0.0,1.6069629192352295,0.0,0.000999994838236666,3
12029,graph,0.1500127613544464,0.0,0.1369699239730835,0.0,0.013042841106653214,0.0009999944761160083,3
12030,graph,0.11556027829647064,0.0,0.10202610492706299,0.0,0.013534173369407654,0.0009999941017201663,3
12031,graph,0.12763939797878265,0.0,0.11405427753925323,0.0,0.013585126958787441,0.0009999937150491495,3
12032,node,1.4994146823883057,0.0005025475984439254,0.0,1.4989120960235596,0.0,0.0009999933161029674,3
12033,graph,0.12003616988658905,0.0,0.10742852091789246,0.0,0.012607652693986893,0.0009999929048816298,3
12034,graph,0.13128700852394104,0.0,0.11756548285484314,0.0,0.013721532188355923,0.000999992481385147,3
12035,graph,0.1549646258354187,0.0,0.1429588794708252,0.0,0.012005738914012909,0.000999992045613529,3
12036,node,0.47658801078796387,0.00048666688962839544,0.0,0.4761013388633728,0.0,0.0009999915975667868,3
12037,graph,0.12595951557159424,0.0,0.11314007639884949,0.0,0.012819445692002773,0.0009999911372449316,3
12038,graph,0.17957298457622528,0.0,0.1669313609600067,0.0,0.012641625478863716,0.0009999906646479745,3
12039,graph,0.12331696599721909,0.0,0.1123751550912857,0.0,0.010941809043288231,0.0009999901797759273,3
12040,node,17.275836944580078,0.000406030158046633,0.0,17.27543067932129,0.0,0.000999989682628802,3
12041,graph,0.14077632129192352,0.0,0.12913936376571655,0.0,0.011636961251497269,0.000999989173206611,3
12042,graph,0.14458204805850983,0.0,0.1339656412601471,0.0,0.010616408661007881,0.0009999886515093663,3
12043,graph,0.11343678832054138,0.0,0.10042303800582886,0.0,0.013013746589422226,0.0009999881175370815,3
12044,node,0.37472739815711975,0.000581109372433275,0.0,0.3741462826728821,0.0,0.0009999875712897693,3
12045,graph,0.12095312029123306,0.0,0.11044664680957794,0.0,0.010506474412977695,0.0009999870127674435,3
12046,graph,0.1200692430138588,0.0,0.10516630858182907,0.0,0.014902934432029724,0.0009999864419701174,3
12047,graph,0.12225615978240967,0.0,0.10918714851140976,0.0,0.01306900754570961,0.0009999858588978056,3
12048,node,2.3515326976776123,0.0005171903758309782,0.0,2.351015567779541,0.0,0.000999985263550522,3
12049,graph,0.10458800941705704,0.0,0.091586172580719,0.0,0.013001837767660618,0.0009999846559282817,3
12050,graph,0.12643161416053772,0.0,0.1132051944732666,0.0,0.013226417824625969,0.0009999840360310995,3
12051,graph,0.12306474149227142,0.0,0.11127837002277374,0.0,0.011786367744207382,0.0009999834038589908,3
12052,node,3.8243567943573,0.0005343311349861324,0.0,3.823822498321533,0.0,0.0009999827594119712,3
12053,graph,0.1473618596792221,0.0,0.13599327206611633,0.0,0.011368587613105774,0.0009999821026900565,3
12054,graph,0.13393253087997437,0.0,0.12020248919725418,0.0,0.013730049133300781,0.000999981433693263,3
12055,graph,0.1266876757144928,0.0,0.11437907814979553,0.0,0.012308604083955288,0.0009999807524216071,3
12056,node,0.8971996307373047,0.0005747369141317904,0.0,0.8966249227523804,0.0,0.0009999800588751057,3
12057,graph,0.120353102684021,0.0,0.1104097068309784,0.0,0.009943397715687752,0.000999979353053776,3
12058,graph,0.11510401219129562,0.0,0.10322989523410797,0.0,0.011874119751155376,0.000999978634957635,3
12059,graph,0.13733536005020142,0.0,0.12668249011039734,0.0,0.010652875527739525,0.0009999779045867009,3
12060,node,7.456599235534668,0.0005351449945010245,0.0,7.456064224243164,0.0,0.0009999771619409916,3
12061,graph,0.13617132604122162,0.0,0.1270158290863037,0.0,0.00915549136698246,0.0009999764070205252,3
12062,graph,0.1738748848438263,0.0,0.15746280550956726,0.0,0.016412079334259033,0.0009999756398253205,3
12063,graph,0.14795252680778503,0.0,0.13622313737869263,0.0,0.011729385703802109,0.0009999748603553966,3
12064,node,0.8900507688522339,0.0005708865937776864,0.0,0.8894798755645752,0.0,0.0009999740686107725,3
12065,graph,0.11665408313274384,0.0,0.10518133640289307,0.0,0.011472746729850769,0.0009999732645914678,3
12066,graph,0.12966130673885345,0.0,0.11558061838150024,0.0,0.014080691151320934,0.0009999724482975022,3
12067,graph,0.12588968873023987,0.0,0.11133984476327896,0.0,0.01454984676092863,0.0009999716197288961,3
12068,node,1.6223394870758057,0.00040153181180357933,0.0,1.6219379901885986,0.0,0.0009999707788856697,3
12069,graph,0.14733219146728516,0.0,0.13562411069869995,0.0,0.011708074249327183,0.000999969925767844,3
12070,graph,0.1581697314977646,0.0,0.1471128761768341,0.0,0.011056861840188503,0.0009999690603754397,3
12071,graph,0.13217443227767944,0.0,0.12012998759746552,0.0,0.012044442817568779,0.0009999681827084785,3
12072,node,1.1491976976394653,0.000515335937961936,0.0,1.1486823558807373,0.0,0.000999967292766982,3
12073,graph,0.11835631728172302,0.0,0.10641171038150787,0.0,0.011944605968892574,0.0009999663905509717,3
12074,graph,0.16343939304351807,0.0,0.14706823229789734,0.0,0.016371160745620728,0.0009999654760604704,3
12075,graph,0.13789749145507812,0.0,0.12259377539157867,0.0,0.015303714200854301,0.0009999645492955007,3
12076,node,1.57851243019104,0.0004649379989132285,0.0,1.578047513961792,0.0,0.000999963610256085,3
12077,graph,0.10864482820034027,0.0,0.0978255346417427,0.0,0.010819289833307266,0.0009999626589422468,3
12078,graph,0.10683521628379822,0.0,0.09435701370239258,0.0,0.012478206306695938,0.0009999616953540096,3
12079,graph,0.12195771932601929,0.0,0.10956212878227234,0.0,0.012395592406392097,0.000999960719491397,3
12080,node,1.2682013511657715,0.0005601212033070624,0.0,1.2676411867141724,0.0,0.000999959731354433,3
12081,graph,0.15272723138332367,0.0,0.13806591928005219,0.0,0.014661318622529507,0.0009999587309431424,3
12082,graph,0.14669904112815857,0.0,0.13521818816661835,0.0,0.011480857618153095,0.0009999577182575495,3
12083,graph,0.13444919884204865,0.0,0.12185408174991608,0.0,0.012595121748745441,0.0009999566932976794,3
12084,node,0.8614581823348999,0.00047138985246419907,0.0,0.8609867691993713,0.0,0.0009999556560635575,3
12085,graph,0.13882532715797424,0.0,0.12774808704853058,0.0,0.011077246628701687,0.0009999546065552092,3
12086,graph,0.12742911279201508,0.0,0.11597014963626862,0.0,0.01145896315574646,0.0009999535447726604,3
12087,graph,0.12152212113142014,0.0,0.1105368509888649,0.0,0.010985267348587513,0.0009999524707159375,3
12088,node,0.6514977812767029,0.0004577629151754081,0.0,0.6510400176048279,0.0,0.000999951384385067,3
12089,graph,0.1655079573392868,0.0,0.15455344319343567,0.0,0.01095451321452856,0.0009999502857800755,3
12090,graph,0.10560142993927002,0.0,0.09429273754358292,0.0,0.011308691464364529,0.0009999491749009902,3
12091,graph,0.1277654767036438,0.0,0.11378437280654907,0.0,0.01398109644651413,0.0009999480517478385,3
12092,node,1.2104716300964355,0.00039747939445078373,0.0,1.2100741863250732,0.0,0.000999946916320648,3
12093,graph,0.14061756432056427,0.0,0.1280035823583603,0.0,0.012613978236913681,0.000999945768619447,3
12094,graph,0.11930722743272781,0.0,0.10770377516746521,0.0,0.011603453196585178,0.0009999446086442637,3
12095,graph,0.1340678483247757,0.0,0.11959299445152283,0.0,0.014474858529865742,0.0009999434363951265,3
12096,node,2.0002779960632324,0.0004267822077963501,0.0,1.999851107597351,0.0,0.0009999422518720646,3
12097,graph,0.10608343780040741,0.0,0.09460653364658356,0.0,0.011476904153823853,0.0009999410550751073,3
12098,graph,0.13472618162631989,0.0,0.1229325532913208,0.0,0.011793632991611958,0.0009999398460042838,3
12099,graph,0.13500522077083588,0.0,0.1236654669046402,0.0,0.011339760385453701,0.000999938624659624,3
12100,node,0.4353262782096863,0.0005025087739340961,0.0,0.43482378125190735,0.0,0.0009999373910411582,3
12101,graph,0.11523100733757019,0.0,0.10232411324977875,0.0,0.012906896881759167,0.0009999361451489169,3
12102,graph,0.141336590051651,0.0,0.12832345068454742,0.0,0.013013145886361599,0.0009999348869829305,3
12103,graph,0.17912228405475616,0.0,0.16541194915771484,0.0,0.01371033675968647,0.0009999336165432305,3
12104,node,0.6865209937095642,0.00045537695405073464,0.0,0.6860656142234802,0.0,0.000999932333829848,3
12105,graph,0.09706118702888489,0.0,0.08536839485168457,0.0,0.011692790314555168,0.0009999310388428143,3
12106,graph,0.15220917761325836,0.0,0.1397431492805481,0.0,0.012466028332710266,0.000999929731582162,3
12107,graph,0.1398402750492096,0.0,0.12652045488357544,0.0,0.013319815509021282,0.0009999284120479229,3
12108,node,0.33504006266593933,0.0004381024045869708,0.0,0.3346019685268402,0.0,0.0009999270802401297,3
12109,graph,0.13732224702835083,0.0,0.12657172977924347,0.0,0.010750510729849339,0.0009999257361588154,3
12110,graph,0.16713838279247284,0.0,0.15523654222488403,0.0,0.011901834048330784,0.000999924379804013,3
12111,graph,0.12189997732639313,0.0,0.10887429863214493,0.0,0.013025674968957901,0.000999923011175756,3
12112,node,1.214996337890625,0.0005170312942937016,0.0,1.2144793272018433,0.0,0.0009999216302740783,3
12113,graph,0.15596644580364227,0.0,0.14186322689056396,0.0,0.014103212393820286,0.0009999202370990137,3
12114,graph,0.14421194791793823,0.0,0.13274621963500977,0.0,0.011465728282928467,0.0009999188316505967,3
12115,graph,0.13013580441474915,0.0,0.11590505391359329,0.0,0.014230749569833279,0.0009999174139288622,3
12116,node,0.8807092308998108,0.0004158245283178985,0.0,0.8802934288978577,0.0,0.0009999159839338449,3
12117,graph,0.1301211267709732,0.0,0.11935748159885406,0.0,0.010763650760054588,0.00099991454166558,3
12118,graph,0.15929163992404938,0.0,0.14755889773368835,0.0,0.011732739396393299,0.0009999130871241033,3
12119,graph,0.15561582148075104,0.0,0.14000765979290009,0.0,0.0156081672757864,0.0009999116203094508,3
12120,node,0.8942554593086243,0.0005656180437654257,0.0,0.8936898708343506,0.0,0.0009999101412216584,3
12121,graph,0.1676008552312851,0.0,0.1565907597541809,0.0,0.011010092683136463,0.0009999086498607627,3
12122,graph,0.12287279963493347,0.0,0.1096155196428299,0.0,0.013257276266813278,0.0009999071462268006,3
12123,graph,0.15451930463314056,0.0,0.1416560709476471,0.0,0.012863235548138618,0.000999905630319809,3
12124,node,0.6665431261062622,0.0004497985646594316,0.0,0.6660933494567871,0.0,0.0009999041021398257,3
12125,graph,0.13025864958763123,0.0,0.11637631803750992,0.0,0.01388232596218586,0.000999902561686888,3
12126,graph,0.12078409641981125,0.0,0.10689482092857361,0.0,0.013889278285205364,0.0009999010089610338,3
12127,graph,0.11650523543357849,0.0,0.10530475527048111,0.0,0.011200477369129658,0.0009998994439623019,3
12128,node,1.379205346107483,0.0004910705029033124,0.0,1.3787143230438232,0.0,0.0009998978666907307,3
12129,graph,0.13607729971408844,0.0,0.12340223789215088,0.0,0.01267506554722786,0.000999896277146359,3
12130,graph,0.1543358564376831,0.0,0.14350733160972595,0.0,0.010828531347215176,0.0009998946753292262,3
12131,graph,0.13110041618347168,0.0,0.11974065750837326,0.0,0.011359763331711292,0.0009998930612393716,3
12132,node,0.9614688158035278,0.0004372734110802412,0.0,0.9610315561294556,0.0,0.0009998914348768352,3
12133,graph,0.14038784801959991,0.0,0.1265711486339569,0.0,0.013816703110933304,0.0009998897962416571,3
12134,graph,0.12044784426689148,0.0,0.11046324670314789,0.0,0.009984597563743591,0.0009998881453338777,3
12135,graph,0.1626165360212326,0.0,0.1471298336982727,0.0,0.015486697666347027,0.000999886482153538,3
12136,node,0.30945634841918945,0.0005145717295818031,0.0,0.3089417815208435,0.0,0.0009998848067006786,3
12137,graph,0.2446918785572052,0.0,0.2323584407567978,0.0,0.012333444319665432,0.0009998831189753409,3
12138,graph,0.13854481279850006,0.0,0.12615782022476196,0.0,0.012386991642415524,0.0009998814189775668,3
12139,graph,0.1694084107875824,0.0,0.15778005123138428,0.0,0.011628353036940098,0.0009998797067073983,3
12140,node,0.3641623854637146,0.0004221085400786251,0.0,0.3637402653694153,0.0,0.0009998779821648773,3
12141,graph,0.12393385171890259,0.0,0.1103864312171936,0.0,0.01354741770774126,0.0009998762453500465,3
12142,graph,0.27681946754455566,0.0,0.26604777574539185,0.0,0.010771705769002438,0.0009998744962629487,3
12143,graph,0.13612768054008484,0.0,0.12370937317609787,0.0,0.01241830363869667,0.0009998727349036273,3
12144,node,3.5079410076141357,0.0003876033006235957,0.0,3.5075533390045166,0.0,0.0009998709612721254,3
12145,graph,0.1483941674232483,0.0,0.1339375525712967,0.0,0.01445661298930645,0.0009998691753684871,3
12146,graph,0.1438368260860443,0.0,0.13209845125675201,0.0,0.011738372966647148,0.0009998673771927564,3
12147,graph,0.13972711563110352,0.0,0.12977303564548492,0.0,0.009954086504876614,0.0009998655667449775,3
12148,node,1.467087745666504,0.0003679078072309494,0.0,1.4667198657989502,0.0,0.0009998637440251951,3
12149,graph,0.1226966381072998,0.0,0.10896310210227966,0.0,0.01373353786766529,0.0009998619090334543,3
12150,graph,0.10997713357210159,0.0,0.09838101267814636,0.0,0.011596119031310081,0.0009998600617698004,3
12151,graph,0.1576004922389984,0.0,0.14680087566375732,0.0,0.01079961284995079,0.0009998582022342788,3
12152,node,0.9198851585388184,0.0004663867875933647,0.0,0.9194187521934509,0.0,0.0009998563304269355,3
12153,graph,0.16871844232082367,0.0,0.15585282444953918,0.0,0.012865614145994186,0.0009998544463478165,3
12154,graph,0.1681884080171585,0.0,0.15348859131336212,0.0,0.014699818566441536,0.0009998525499969686,3
12155,graph,0.10343115776777267,0.0,0.0899343490600586,0.0,0.013496805913746357,0.0009998506413744384,3
12156,node,12.540325164794922,0.0005604041507467628,0.0,12.539764404296875,0.0,0.0009998487204802731,3
12157,graph,0.15965601801872253,0.0,0.14885631203651428,0.0,0.0107997115701437,0.0009998467873145198,3
12158,graph,0.11670947074890137,0.0,0.10495176911354065,0.0,0.011757701635360718,0.0009998448418772265,3
12159,graph,0.14836667478084564,0.0,0.13504134118556976,0.0,0.013325337320566177,0.000999842884168441,3
12160,node,0.3807711899280548,0.00040944525972008705,0.0,0.38036173582077026,0.0,0.000999840914188212,3
12161,graph,0.1690520942211151,0.0,0.15634214878082275,0.0,0.012709950096905231,0.0009998389319365877,3
12162,graph,0.15493863821029663,0.0,0.1414579153060913,0.0,0.01348071824759245,0.000999836937413617,3
12163,graph,0.15512444078922272,0.0,0.14403274655342102,0.0,0.011091689579188824,0.0009998349306193496,3
12164,node,0.665521502494812,0.0004788502992596477,0.0,0.6650426387786865,0.0,0.0009998329115538346,3
12165,graph,0.14456035196781158,0.0,0.13113844394683838,0.0,0.013421906158328056,0.0009998308802171216,3
12166,graph,0.1549503058195114,0.0,0.14146903157234192,0.0,0.013481267727911472,0.0009998288366092612,3
12167,graph,0.14760810136795044,0.0,0.13569599390029907,0.0,0.011912105605006218,0.0009998267807303036,3
12168,node,1.1297262907028198,0.0004902326036244631,0.0,1.129236102104187,0.0,0.0009998247125802997,3
12169,graph,0.1398317515850067,0.0,0.1275748610496521,0.0,0.012256883084774017,0.0009998226321593002,3
12170,graph,0.13791702687740326,0.0,0.12593436241149902,0.0,0.011982669122517109,0.0009998205394673566,3
12171,graph,0.12160323560237885,0.0,0.10916697978973389,0.0,0.012436259537935257,0.0009998184345045207,3
12172,node,0.6643584966659546,0.00041461680666543543,0.0,0.663943886756897,0.0,0.000999816317270844,3
12173,graph,0.1343277245759964,0.0,0.12213088572025299,0.0,0.012196834199130535,0.0009998141877663794,3
12174,graph,0.18086044490337372,0.0,0.16540449857711792,0.0,0.015455945394933224,0.000999812045991179,3
12175,graph,0.16080564260482788,0.0,0.14991191029548645,0.0,0.010893724858760834,0.0009998098919452958,3
12176,node,3.9900097846984863,0.00035887258127331734,0.0,3.9896509647369385,0.0,0.0009998077256287827,3
12177,graph,0.13732267916202545,0.0,0.12254918366670609,0.0,0.014773494563996792,0.0009998055470416935,3
12178,graph,0.11802484840154648,0.0,0.1031360775232315,0.0,0.014888772740960121,0.0009998033561840816,3
12179,graph,0.15600401163101196,0.0,0.14308780431747437,0.0,0.012916199862957,0.0009998011530560015,3
12180,node,0.26886287331581116,0.0004450539709068835,0.0,0.2684178054332733,0.0,0.0009997989376575073,3
12181,graph,0.1847991645336151,0.0,0.17552363872528076,0.0,0.009275531396269798,0.0009997967099886534,3
12182,graph,0.19476795196533203,0.0,0.1783105880022049,0.0,0.016457363963127136,0.0009997944700494952,3
12183,graph,0.22381670773029327,0.0,0.208515465259552,0.0,0.015301245264708996,0.0009997922178400878,3
12184,node,nan,0.00047422992065548897,0.0,3.8836607933044434,0.0,0.0009997899533604868,3
12185,graph,nan,0.0,1.0004448890686035,0.0,0.7309439182281494,0.000999787676610748,3
12186,graph,nan,0.0,0.9558603167533875,0.0,0.6990038752555847,0.0009997853875909277,3
12187,graph,nan,0.0,0.9988439083099365,0.0,0.7669944763183594,0.0009997830863010821,3
12188,node,nan,0.0003492924734018743,0.0,5.429241180419922,0.0,0.0009999976797980658,2
12189,graph,0.15444673597812653,0.0,0.15342451632022858,0.0,0.010222172364592552,0.000999995353461205,2
12190,graph,0.15290400385856628,0.0,0.15149736404418945,0.0,0.014066389761865139,0.0009999930148518151,2
12191,graph,0.14984509348869324,0.0,0.1485780030488968,0.0,0.012670974247157574,0.0009999906639699535,2
12192,node,5.8917927742004395,0.0009949937229976058,0.0,5.8907976150512695,0.0,0.0009999883008156786,2
12193,graph,0.15811733901500702,0.0,0.15694214403629303,0.0,0.01175193302333355,0.0009999859253890485,2
12194,graph,0.17852012813091278,0.0,0.17704686522483826,0.0,0.014732587151229382,0.0009999835376901217,2
12195,graph,0.123819500207901,0.0,0.12274019420146942,0.0,0.01079307310283184,0.0009999811377189572,2
12196,node,2.685450553894043,0.0008280477486550808,0.0,2.6846225261688232,0.0,0.0009999787254756142,2
12197,graph,0.13350450992584229,0.0,0.13232143223285675,0.0,0.011830706149339676,0.0009999763009601523,2
12198,graph,0.21765421330928802,0.0,0.21654397249221802,0.0,0.011102352291345596,0.0009999738641726312,2
12199,graph,0.13222667574882507,0.0,0.13097813725471497,0.0,0.012485434301197529,0.000999971415113111,2
12200,node,2.058427572250366,0.0005595213733613491,0.0,2.057868003845215,0.0,0.0009999689537816523,2
12201,graph,0.12430375069379807,0.0,0.12297764420509338,0.0,0.013261058367788792,0.0009999664801783159,2
12202,graph,0.13300172984600067,0.0,0.13173505663871765,0.0,0.012666751630604267,0.0009999639943031626,2
12203,graph,0.11888288706541061,0.0,0.11781154572963715,0.0,0.010713448747992516,0.0009999614961562538,2
12204,node,2.0069773197174072,0.0007074869354255497,0.0,2.006269931793213,0.0,0.0009999589857376512,2
12205,graph,0.18701377511024475,0.0,0.18560543656349182,0.0,0.014083455316722393,0.0009999564630474168,2
12206,graph,0.14203087985515594,0.0,0.14099733531475067,0.0,0.010335490107536316,0.0009999539280856127,2
12207,graph,0.12554046511650085,0.0,0.12427356839179993,0.0,0.012669023126363754,0.0009999513808523015,2
12208,node,1.9380711317062378,0.0005443991394713521,0.0,1.9375267028808594,0.0,0.000999948821347546,2
12209,graph,0.15750452876091003,0.0,0.15663102269172668,0.0,0.008735079318284988,0.0009999462495714094,2
12210,graph,0.13637706637382507,0.0,0.13532766699790955,0.0,0.010493957437574863,0.000999943665523955,2
12211,graph,0.14030341804027557,0.0,0.13902628421783447,0.0,0.012771319597959518,0.000999941069205247,2
12212,node,0.3990439176559448,0.0008152002119459212,0.0,0.3982287049293518,0.0,0.0009999384606153492,2
12213,graph,0.1652320921421051,0.0,0.16407199203968048,0.0,0.011601024307310581,0.0009999358397543257,2
12214,graph,0.17063464224338531,0.0,0.16916929185390472,0.0,0.014653432182967663,0.0009999332066222416,2
12215,graph,0.10288998484611511,0.0,0.10158497095108032,0.0,0.013050160370767117,0.0009999305612191616,2
12216,node,0.5261574983596802,0.0006078637670725584,0.0,0.5255496501922607,0.0,0.000999927903545151,2
12217,graph,0.1439318209886551,0.0,0.14244195818901062,0.0,0.014898608438670635,0.0009999252336002757,2
12218,graph,0.1392383575439453,0.0,0.1376730501651764,0.0,0.01565311662852764,0.000999922551384601,2
12219,graph,0.1360219568014145,0.0,0.13503505289554596,0.0,0.009869089350104332,0.0009999198568981936,2
12220,node,4.807096481323242,0.001200906583108008,0.0,4.805895805358887,0.0,0.0009999171501411197,2
12221,graph,0.20388412475585938,0.0,0.20250846445560455,0.0,0.013756553642451763,0.0009999144311134461,2
12222,graph,0.16972550749778748,0.0,0.16855213046073914,0.0,0.011733737774193287,0.00099991169981524,2
12223,graph,0.3590010106563568,0.0,0.35751187801361084,0.0,0.014891288243234158,0.0009999089562465688,2
12224,node,1.3117926120758057,0.0014785024104639888,0.0,1.3103140592575073,0.0,0.0009999062004075001,2
12225,graph,0.2315620481967926,0.0,0.23020340502262115,0.0,0.01358642429113388,0.0009999034322981022,2
12226,graph,0.17580775916576385,0.0,0.1745789647102356,0.0,0.012287916615605354,0.0009999006519184428,2
12227,graph,0.16585251688957214,0.0,0.16453801095485687,0.0,0.013145038858056068,0.000999897859268591,2
12228,node,0.4832439720630646,0.000784248870331794,0.0,0.4824597239494324,0.0,0.0009998950543486157,2
12229,graph,0.12524613738059998,0.0,0.12421661615371704,0.0,0.010295264422893524,0.0009998922371585858,2
12230,graph,0.13779407739639282,0.0,0.13672921061515808,0.0,0.010648660361766815,0.0009998894076985708,2
12231,graph,0.1468268781900406,0.0,0.14538326859474182,0.0,0.014436072669923306,0.0009998865659686408,2
12232,node,1.0197129249572754,0.0006144026410765946,0.0,1.0190985202789307,0.0,0.0009998837119688658,2
12233,graph,0.15642738342285156,0.0,0.1549624502658844,0.0,0.01464933156967163,0.0009998808456993164,2
12234,graph,0.18650148808956146,0.0,0.18509307503700256,0.0,0.01408417709171772,0.000999877967160063,2
12235,graph,0.1718863695859909,0.0,0.17065083980560303,0.0,0.01235534530133009,0.0009998750763511766,2
12236,node,0.7474147081375122,0.0007695608073845506,0.0,0.7466451525688171,0.0,0.0009998721732727288,2
12237,graph,0.14929383993148804,0.0,0.14804287254810333,0.0,0.012509683147072792,0.0009998692579247911,2
12238,graph,0.14679250121116638,0.0,0.14562159776687622,0.0,0.011709035374224186,0.0009998663303074353,2
12239,graph,0.13782405853271484,0.0,0.13664111495018005,0.0,0.011829404160380363,0.000999863390420734,2
12240,node,3.822458267211914,0.0007285319152288139,0.0,3.8217296600341797,0.0,0.0009998604382647595,2
12241,graph,0.14630869030952454,0.0,0.14523594081401825,0.0,0.01072751171886921,0.0009998574738395848,2
12242,graph,0.14982439577579498,0.0,0.14864730834960938,0.0,0.011770819313824177,0.0009998544971452827,2
12243,graph,0.7386003136634827,0.0,0.7373482584953308,0.0,0.012520533055067062,0.000999851508181927,2
12244,node,0.3084380030632019,0.0005626084748655558,0.0,0.307875394821167,0.0,0.0009998485069495915,2
12245,graph,0.1575891375541687,0.0,0.1563076376914978,0.0,0.01281503401696682,0.0009998454934483497,2
12246,graph,0.140006884932518,0.0,0.13882257044315338,0.0,0.011843211017549038,0.0009998424676782764,2
12247,graph,0.1842401921749115,0.0,0.18324247002601624,0.0,0.00997721217572689,0.0009998394296394464,2
12248,node,0.5634663701057434,0.0005502842832356691,0.0,0.562916100025177,0.0,0.0009998363793319344,2
12249,graph,0.1736723780632019,0.0,0.1724126935005188,0.0,0.012596819549798965,0.0009998333167558157,2
12250,graph,0.1407809853553772,0.0,0.13972628116607666,0.0,0.01054702140390873,0.0009998302419111657,2
12251,graph,0.1724575012922287,0.0,0.1710277944803238,0.0,0.014297036454081535,0.0009998271547980604,2
12252,node,23.825523376464844,0.0006877356208860874,0.0,23.8248348236084,0.0,0.0009998240554165761,2
12253,graph,0.12379402667284012,0.0,0.12265308946371078,0.0,0.011409365572035313,0.0009998209437667891,2
12254,graph,0.1552698165178299,0.0,0.15393023192882538,0.0,0.013395879417657852,0.0009998178198487764,2
12255,graph,0.19923809170722961,0.0,0.19822810590267181,0.0,0.010099816136062145,0.0009998146836626147,2
12256,node,1.2237251996994019,0.0011012073373422027,0.0,1.2226239442825317,0.0,0.000999811535208382,2
12257,graph,0.13753046095371246,0.0,0.1364053189754486,0.0,0.011251475661993027,0.0009998083744861554,2
12258,graph,0.20949915051460266,0.0,0.2083258181810379,0.0,0.011733338236808777,0.0009998052014960131,2
12259,graph,0.11189255118370056,0.0,0.1107715368270874,0.0,0.011210153810679913,0.0009998020162380334,2
12260,node,1.8721349239349365,0.0007164339767768979,0.0,1.8714184761047363,0.0,0.000999798818712295,2
12261,graph,0.1276329904794693,0.0,0.12642385065555573,0.0,0.012091333977878094,0.0009997956089188766,2
12262,graph,0.1855146884918213,0.0,0.18443265557289124,0.0,0.010820324532687664,0.0009997923868578574,2
12263,graph,0.19728189706802368,0.0,0.19590380787849426,0.0,0.013780849054455757,0.000999789152529317,2
12264,node,1.4855618476867676,0.0006944373599253595,0.0,1.4848674535751343,0.0,0.000999785905933335,2
12265,graph,0.14930810034275055,0.0,0.1482466757297516,0.0,0.010614292696118355,0.000999782647069992,2
12266,graph,0.19090506434440613,0.0,0.18957647681236267,0.0,0.013285853900015354,0.0009997793759393679,2
12267,graph,0.1323547214269638,0.0,0.13124018907546997,0.0,0.011145371943712234,0.0009997760925415436,2
12268,node,1.7996954917907715,0.0008027801522985101,0.0,1.7988927364349365,0.0,0.0009997727968766002,2
12269,graph,0.231094628572464,0.0,0.22995996475219727,0.0,0.011346634477376938,0.000999769488944619,2
12270,graph,0.13584357500076294,0.0,0.13455219566822052,0.0,0.012913746759295464,0.0009997661687456813,2
12271,graph,0.16006487607955933,0.0,0.15872615575790405,0.0,0.013387247920036316,0.0009997628362798693,2
12272,node,2.785536289215088,0.0005874193739145994,0.0,2.7849488258361816,0.0,0.0009997594915472654,2
12273,graph,0.14104650914669037,0.0,0.1400500237941742,0.0,0.00996479019522667,0.0009997561345479519,2
12274,graph,0.19713547825813293,0.0,0.19562990963459015,0.0,0.015055730938911438,0.0009997527652820116,2
12275,graph,0.1703706979751587,0.0,0.16924700140953064,0.0,0.011236891150474548,0.000999749383749528,2
12276,node,0.5919588804244995,0.0006004325114190578,0.0,0.5913584232330322,0.0,0.0009997459899505838,2
12277,graph,0.15323138236999512,0.0,0.15209797024726868,0.0,0.011334075592458248,0.0009997425838852631,2
12278,graph,0.14211301505565643,0.0,0.1410449594259262,0.0,0.010680611245334148,0.0009997391655536501,2
12279,graph,0.12619651854038239,0.0,0.12495578080415726,0.0,0.012407422065734863,0.0009997357349558293,2
12280,node,4.081972599029541,0.0013853436103090644,0.0,4.080587387084961,0.0,0.0009997322920918849,2
12281,graph,0.16254736483097076,0.0,0.16142098605632782,0.0,0.011263756081461906,0.0009997288369619022,2
12282,graph,0.22354835271835327,0.0,0.2222898155450821,0.0,0.012585323303937912,0.0009997253695659663,2
12283,graph,0.1586408019065857,0.0,0.15707236528396606,0.0,0.0156843401491642,0.0009997218899041628,2
12284,node,0.968178927898407,0.0005897078663110733,0.0,0.9675891995429993,0.0,0.0009997183979765774,2
12285,graph,0.13013453781604767,0.0,0.12861499190330505,0.0,0.015195430256426334,0.0009997148937832964,2
12286,graph,0.18018856644630432,0.0,0.1790238618850708,0.0,0.01164709310978651,0.0009997113773244062,2
12287,graph,0.1476636379957199,0.0,0.146345853805542,0.0,0.013177912682294846,0.0009997078485999935,2
12288,node,1.3187248706817627,0.000550487486179918,0.0,1.3181743621826172,0.0,0.0009997043076101458,2
12289,graph,0.1308552473783493,0.0,0.1297176033258438,0.0,0.011376455426216125,0.0009997007543549499,2
12290,graph,0.17567309737205505,0.0,0.1741495132446289,0.0,0.015235770493745804,0.0009996971888344937,2
12291,graph,0.13105490803718567,0.0,0.12975963950157166,0.0,0.012952613644301891,0.0009996936110488652,2
12292,node,1.2880324125289917,0.00043826139881275594,0.0,1.287594199180603,0.0,0.0009996900209981528,2
12293,graph,0.1272846907377243,0.0,0.12607768177986145,0.0,0.012070070020854473,0.000999686418682445,2
12294,graph,0.10510732233524323,0.0,0.10372954607009888,0.0,0.013777771033346653,0.0009996828041018305,2
12295,graph,0.16981443762779236,0.0,0.1683492809534073,0.0,0.01465156301856041,0.0009996791772563986,2
12296,node,0.5824345946311951,0.0005234937416389585,0.0,0.5819110870361328,0.0,0.000999675538146239,2
12297,graph,0.16599608957767487,0.0,0.16494408249855042,0.0,0.010520058684051037,0.0009996718867714412,2
12298,graph,0.2311231791973114,0.0,0.22939735651016235,0.0,0.017258170992136,0.0009996682231320955,2
12299,graph,0.11836449056863785,0.0,0.11727873235940933,0.0,0.01085758674889803,0.0009996645472282921,2
12300,node,0.40828192234039307,0.00047733067185617983,0.0,0.40780457854270935,0.0,0.0009996608590601215,2
12301,graph,0.13341635465621948,0.0,0.13211660087108612,0.0,0.012997521087527275,0.0009996571586276754,2
12302,graph,0.11598389595746994,0.0,0.1146431565284729,0.0,0.013407357968389988,0.0009996534459310443,2
12303,graph,0.13336515426635742,0.0,0.13195312023162842,0.0,0.014120280742645264,0.0009996497209703204,2
12304,node,0.4659234881401062,0.0004417026066221297,0.0,0.46548178791999817,0.0,0.0009996459837455954,2
12305,graph,0.17365024983882904,0.0,0.17229749262332916,0.0,0.013527591712772846,0.0009996422342569617,2
12306,graph,0.18072596192359924,0.0,0.17940357327461243,0.0,0.01322395633906126,0.0009996384725045114,2
12307,graph,0.14312556385993958,0.0,0.14195425808429718,0.0,0.011713046580553055,0.0009996346984883378,2
12308,node,1.4630199670791626,0.00043361421558074653,0.0,1.4625864028930664,0.0,0.0009996309122085336,2
12309,graph,0.12361635267734528,0.0,0.12238283455371857,0.0,0.01233518123626709,0.0009996271136651924,2
12310,graph,0.2084634006023407,0.0,0.20726674795150757,0.0,0.011966493912041187,0.0009996233028584079,2
12311,graph,0.13285189867019653,0.0,0.13159531354904175,0.0,0.012565873563289642,0.0009996194797882742,2
12312,node,2.764380693435669,0.00040439964504912496,0.0,2.7639763355255127,0.0,0.0009996156444548856,2
12313,graph,0.16675813496112823,0.0,0.16546207666397095,0.0,0.012960619293153286,0.0009996117968583368,2
12314,graph,0.13843919336795807,0.0,0.1372828185558319,0.0,0.01156380120664835,0.0009996079369987225,2
12315,graph,0.14036445319652557,0.0,0.13916756212711334,0.0,0.011968906968832016,0.0009996040648761382,2
12316,node,3.1025989055633545,0.00038827452226541936,0.0,3.102210521697998,0.0,0.0009996001804906793,2
12317,graph,0.1607457846403122,0.0,0.15948285162448883,0.0,0.012629272416234016,0.0009995962838424417,2
12318,graph,0.16347017884254456,0.0,0.16218549013137817,0.0,0.012846939265727997,0.0009995923749315215,2
12319,graph,0.13963356614112854,0.0,0.1380864977836609,0.0,0.015470757149159908,0.0009995884537580151,2
12320,node,0.3323702812194824,0.0005246212822385132,0.0,0.3318456709384918,0.0,0.0009995845203220194,2
12321,graph,0.16690699756145477,0.0,0.16542784869670868,0.0,0.014791429042816162,0.0009995805746236314,2
12322,graph,0.16835224628448486,0.0,0.16712188720703125,0.0,0.012303554452955723,0.0009995766166629484,2
12323,graph,0.15523605048656464,0.0,0.15394051373004913,0.0,0.012955312617123127,0.0009995726464400681,2
12324,node,4.275600910186768,0.0005431189201772213,0.0,4.275057792663574,0.0,0.0009995686639550885,2
12325,graph,0.13564464449882507,0.0,0.13430866599082947,0.0,0.01335972175002098,0.0009995646692081079,2
12326,graph,0.1023007407784462,0.0,0.1011098325252533,0.0,0.011909112334251404,0.0009995606621992245,2
12327,graph,0.12418462336063385,0.0,0.12257693707942963,0.0,0.016076862812042236,0.0009995566429285376,2
12328,node,2.4962005615234375,0.000554998405277729,0.0,2.495645523071289,0.0,0.0009995526113961463,2
12329,graph,0.13088563084602356,0.0,0.12952372431755066,0.0,0.013619065284729004,0.0009995485676021498,2
12330,graph,0.13938719034194946,0.0,0.13818371295928955,0.0,0.012034784071147442,0.0009995445115466481,2
12331,graph,0.11266463994979858,0.0,0.1113792285323143,0.0,0.0128541374579072,0.0009995404432297415,2
12332,node,0.8208832740783691,0.0006570981349796057,0.0,0.8202261924743652,0.0,0.0009995363626515298,2
12333,graph,0.1780412495136261,0.0,0.17673228681087494,0.0,0.013089676387608051,0.0009995322698121143,2
12334,graph,0.14153414964675903,0.0,0.14037489891052246,0.0,0.011592435650527477,0.0009995281647115955,2
12335,graph,0.15037527680397034,0.0,0.14901980757713318,0.0,0.013554684817790985,0.000999524047350075,2
12336,node,0.9877479672431946,0.0004077298508491367,0.0,0.9873402118682861,0.0,0.0009995199177276542,2
12337,graph,0.14062191545963287,0.0,0.13934704661369324,0.0,0.012748648412525654,0.0009995157758444352,2
12338,graph,0.15836770832538605,0.0,0.1571553349494934,0.0,0.01212373934686184,0.00099951162170052,2
12339,graph,0.13458865880966187,0.0,0.13321912288665771,0.0,0.013695430010557175,0.0009995074552960111,2
12340,node,0.6416051387786865,0.00043750766781158745,0.0,0.6411676406860352,0.0,0.0009995032766310116,2
12341,graph,0.17639179527759552,0.0,0.17514216899871826,0.0,0.012496310286223888,0.0009994990857056243,2
12342,graph,0.13780756294727325,0.0,0.13663163781166077,0.0,0.011759260669350624,0.0009994948825199526,2
12343,graph,0.1514657884836197,0.0,0.15046782791614532,0.0,0.009979583323001862,0.0009994906670741004,2
12344,node,1.172261118888855,0.0004583426343742758,0.0,1.1718027591705322,0.0,0.0009994864393681718,2
12345,graph,0.12977080047130585,0.0,0.12862426042556763,0.0,0.011465436778962612,0.0009994821994022706,2
12346,graph,0.1313653290271759,0.0,0.1302228569984436,0.0,0.011424685828387737,0.0009994779471765019,2
12347,graph,0.17041195929050446,0.0,0.1691562831401825,0.0,0.012556834146380424,0.0009994736826909704,2
12348,node,1.0401878356933594,0.000619156111497432,0.0,1.0395686626434326,0.0,0.0009994694059457816,2
12349,graph,0.165519118309021,0.0,0.16431847214698792,0.0,0.012006535194814205,0.0009994651169410406,2
12350,graph,0.13379965722560883,0.0,0.13258475065231323,0.0,0.012149054557085037,0.0009994608156768533,2
12351,graph,0.1648360937833786,0.0,0.16363808512687683,0.0,0.011980084702372551,0.000999456502153326,2
12352,node,0.37152376770973206,0.0004756652924697846,0.0,0.37104809284210205,0.0,0.0009994521763705651,2
12353,graph,0.14263562858104706,0.0,0.14149260520935059,0.0,0.011430281214416027,0.0009994478383286774,2
12354,graph,0.1094917580485344,0.0,0.1081608235836029,0.0,0.013309309259057045,0.00099944348802777,2
12355,graph,0.13965721428394318,0.0,0.1385180950164795,0.0,0.011391261592507362,0.0009994391254679498,2
12356,node,2.2663469314575195,0.0004428669926710427,0.0,2.265903949737549,0.0,0.000999434750649325,2
12357,graph,0.13630248606204987,0.0,0.13516253232955933,0.0,0.011399539187550545,0.0009994303635720032,2
12358,graph,0.12965457141399384,0.0,0.1286940574645996,0.0,0.009605077095329762,0.0009994259642360928,2
12359,graph,0.16349025070667267,0.0,0.1621154248714447,0.0,0.013748299330472946,0.0009994215526417023,2
12360,node,1.1224325895309448,0.00033582470496185124,0.0,1.1220967769622803,0.0,0.0009994171287889405,2
12361,graph,0.1297939419746399,0.0,0.128580242395401,0.0,0.012136923149228096,0.0009994126926779166,2
12362,graph,0.12738774716854095,0.0,0.126433327794075,0.0,0.00954414252191782,0.0009994082443087401,2
12363,graph,0.15237514674663544,0.0,0.1512148529291153,0.0,0.011602938175201416,0.0009994037836815208,2
12364,node,0.29051414132118225,0.0005156772094778717,0.0,0.28999847173690796,0.0,0.0009993993107963684,2
12365,graph,0.11449234187602997,0.0,0.11331554502248764,0.0,0.011767968535423279,0.0009993948256533938,2
12366,graph,0.16209490597248077,0.0,0.16070954501628876,0.0,0.013853606767952442,0.0009993903282527073,2
12367,graph,0.1198788657784462,0.0,0.11864913254976273,0.0,0.012297355569899082,0.0009993858185944199,2
12368,node,0.6946386098861694,0.0004323208995629102,0.0,0.6942062973976135,0.0,0.000999381296678643,2
12369,graph,0.14662587642669678,0.0,0.14518354833126068,0.0,0.014423239044845104,0.0009993767625054882,2
12370,graph,0.1375526487827301,0.0,0.13640928268432617,0.0,0.011433697305619717,0.0009993722160750672,2
12371,graph,0.12855248153209686,0.0,0.1272737979888916,0.0,0.012786798179149628,0.0009993676573874925,2
12372,node,1.0481001138687134,0.0004043018270749599,0.0,1.0476957559585571,0.0,0.000999363086442876,2
12373,graph,0.12816226482391357,0.0,0.1270909160375595,0.0,0.01071352232247591,0.0009993585032413309,2
12374,graph,0.13482534885406494,0.0,0.13339343667030334,0.0,0.014319079928100109,0.0009993539077829705,2
12375,graph,0.13661298155784607,0.0,0.13522088527679443,0.0,0.013920892961323261,0.0009993493000679077,2
12376,node,1.7861926555633545,0.00047486412222497165,0.0,1.7857178449630737,0.0,0.000999344680096256,2
12377,graph,0.11993731558322906,0.0,0.11867167055606842,0.0,0.012656430713832378,0.0009993400478681303,2
12378,graph,0.15516306459903717,0.0,0.1537974327802658,0.0,0.013656329363584518,0.0009993354033836445,2
12379,graph,0.2263379991054535,0.0,0.22488947212696075,0.0,0.014485261403024197,0.000999330746642913,2
12380,node,1.3566347360610962,0.0003750501200556755,0.0,1.3562597036361694,0.0,0.0009993260776460506,2
12381,graph,0.11876341700553894,0.0,0.1175791323184967,0.0,0.011842864565551281,0.000999321396393173,2
12382,graph,0.11780673265457153,0.0,0.11668318510055542,0.0,0.011235494166612625,0.000999316702884395,2
12383,graph,0.11734303086996078,0.0,0.11608762294054031,0.0,0.012554075568914413,0.000999311997119833,2
12384,node,0.9100279211997986,0.0004643521679099649,0.0,0.9095635414123535,0.0,0.0009993072790996029,2
12385,graph,0.12133675068616867,0.0,0.1201445534825325,0.0,0.011921980418264866,0.0009993025488238211,2
12386,graph,0.16789981722831726,0.0,0.16660505533218384,0.0,0.012947635725140572,0.0009992978062926044,2
12387,graph,0.15066909790039062,0.0,0.14949655532836914,0.0,0.011725475080311298,0.0009992930515060699,2
12388,node,0.49401479959487915,0.0003253733448218554,0.0,0.4936894178390503,0.0,0.0009992882844643343,2
12389,graph,0.17520655691623688,0.0,0.1736895740032196,0.0,0.015169757418334484,0.000999283505167516,2
12390,graph,0.2690136432647705,0.0,0.2678167223930359,0.0,0.011969354934990406,0.0009992787136157326,2
12391,graph,0.11590795964002609,0.0,0.11481507867574692,0.0,0.010928821749985218,0.0009992739098091024,2
12392,node,0.7471367716789246,0.00038783677155151963,0.0,0.7467489242553711,0.0,0.0009992690937477438,2
12393,graph,0.18018358945846558,0.0,0.178773432970047,0.0,0.01410156674683094,0.0009992642654317759,2
12394,graph,0.21715763211250305,0.0,0.21565981209278107,0.0,0.014978236518800259,0.0009992594248613175,2
12395,graph,0.17552442848682404,0.0,0.17420506477355957,0.0,0.0131937051191926,0.0009992545720364883,2
12396,node,0.4243236482143402,0.00034173281164839864,0.0,0.4239819049835205,0.0,0.0009992497069574078,2
12397,graph,0.17224840819835663,0.0,0.17101740837097168,0.0,0.012309961020946503,0.0009992448296241962,2
12398,graph,0.1814468801021576,0.0,0.1798889935016632,0.0,0.015578915365040302,0.0009992399400369737,2
12399,graph,0.170575350522995,0.0,0.16933512687683105,0.0,0.012402276508510113,0.0009992350381958612,2
12400,node,0.7313495874404907,0.0003733568300958723,0.0,0.7309762239456177,0.0,0.0009992301241009793,2
12401,graph,0.1673613339662552,0.0,0.16594094038009644,0.0,0.014203906059265137,0.0009992251977524497,2
12402,graph,0.17332205176353455,0.0,0.17212393879890442,0.0,0.011981193907558918,0.0009992202591503935,2
12403,graph,0.19779162108898163,0.0,0.1967211812734604,0.0,0.01070436928421259,0.0009992153082949327,2
12404,node,4.488731384277344,0.0004358513106126338,0.0,4.488295555114746,0.0,0.0009992103451861897,2
12405,graph,0.17259283363819122,0.0,0.1714155524969101,0.0,0.011772777885198593,0.0009992053698242866,2
12406,graph,0.13963055610656738,0.0,0.13827979564666748,0.0,0.013507611118257046,0.0009992003822093466,2
12407,graph,0.13113056123256683,0.0,0.12988072633743286,0.0,0.012498395517468452,0.0009991953823414923,2
12408,node,0.9198006391525269,0.0004869540280196816,0.0,0.9193136692047119,0.0,0.0009991903702208473,2
12409,graph,0.15651096403598785,0.0,0.1552954614162445,0.0,0.0121550178155303,0.0009991853458475352,2
12410,graph,0.18414194881916046,0.0,0.1826363205909729,0.0,0.015056346543133259,0.00099918030922168,2
12411,graph,0.1586885154247284,0.0,0.15768074989318848,0.0,0.010077659972012043,0.0009991752603434063,2
12412,node,1.454088568687439,0.0004307607014197856,0.0,1.453657865524292,0.0,0.000999170199212838,2
12413,graph,0.11919275671243668,0.0,0.1180323138833046,0.0,0.01160446461290121,0.0009991651258301005,2
12414,graph,0.18214595317840576,0.0,0.18092864751815796,0.0,0.012173011898994446,0.0009991600401953187,2
12415,graph,0.14971938729286194,0.0,0.14832520484924316,0.0,0.013941795565187931,0.0009991549423086182,2
12416,node,1.273874044418335,0.000467279547592625,0.0,1.273406744003296,0.0,0.0009991498321701249,2
12417,graph,0.1723364144563675,0.0,0.17090478539466858,0.0,0.014316298998892307,0.0009991447097799648,2
12418,graph,0.10342786461114883,0.0,0.10216140747070312,0.0,0.012664579786360264,0.0009991395751382643,2
12419,graph,0.14772705733776093,0.0,0.14649641513824463,0.0,0.012306394055485725,0.00099913442824515,2
12420,node,2.3784396648406982,0.0004788264341186732,0.0,2.3779609203338623,0.0,0.000999129269100749,2
12421,graph,0.15406741201877594,0.0,0.15237611532211304,0.0,0.016912970691919327,0.0009991240977051884,2
12422,graph,0.2025134116411209,0.0,0.20100827515125275,0.0,0.015051381662487984,0.000999118914058596,2
12423,graph,0.1605657935142517,0.0,0.15898405015468597,0.0,0.015817370265722275,0.0009991137181610996,2
12424,node,7.877140522003174,0.0003666166740003973,0.0,7.876773834228516,0.0,0.0009991085100128276,2
12425,graph,0.14649593830108643,0.0,0.145230233669281,0.0,0.012657112441956997,0.0009991032896139083,2
12426,graph,0.17659322917461395,0.0,0.17525216937065125,0.0,0.013410663232207298,0.0009990980569644706,2
12427,graph,0.12420500069856644,0.0,0.12310095131397247,0.0,0.011040517129004002,0.0009990928120646434,2
12428,node,4.583217144012451,0.0013082650257274508,0.0,4.581908702850342,0.0,0.0009990875549145564,2
12429,graph,0.12940634787082672,0.0,0.12813785672187805,0.0,0.012684939429163933,0.0009990822855143393,2
12430,graph,0.13550521433353424,0.0,0.13423076272010803,0.0,0.012744487263262272,0.0009990770038641218,2
12431,graph,0.13313783705234528,0.0,0.13204620778560638,0.0,0.010916274972259998,0.0009990717099640344,2
12432,node,14.819703102111816,0.0003543195780366659,0.0,14.819348335266113,0.0,0.000999066403814208,2
12433,graph,0.134559765458107,0.0,0.1331191509962082,0.0,0.014406188391149044,0.0009990610854147734,2
12434,graph,0.1290702521800995,0.0,0.12790098786354065,0.0,0.0116927120834589,0.0009990557547658616,2
12435,graph,0.14043638110160828,0.0,0.1392253339290619,0.0,0.012110508047044277,0.0009990504118676043,2
12436,node,0.6887637376785278,0.0004693155933637172,0.0,0.6882944107055664,0.0,0.000999045056720133,2
12437,graph,0.13112786412239075,0.0,0.12976796925067902,0.0,0.013598961755633354,0.0009990396893235804,2
12438,graph,0.1470903903245926,0.0,0.14601954817771912,0.0,0.010708477348089218,0.0009990343096780785,2
12439,graph,0.169516459107399,0.0,0.16843469440937042,0.0,0.010817651636898518,0.0009990289177837601,2
12440,node,2.7245030403137207,0.0004600664833560586,0.0,2.7240428924560547,0.0,0.0009990235136407585,2
12441,graph,0.11857477575540543,0.0,0.11732419580221176,0.0,0.012505774386227131,0.0009990180972492067,2
12442,graph,0.10413093119859695,0.0,0.1030048280954361,0.0,0.011261067353188992,0.0009990126686092386,2
12443,graph,0.14891181886196136,0.0,0.14783427119255066,0.0,0.010775444097816944,0.0009990072277209882,2
12444,node,10.766925811767578,0.0004187531303614378,0.0,10.766507148742676,0.0,0.0009990017745845894,2
12445,graph,0.1523880958557129,0.0,0.15105122327804565,0.0,0.013368701562285423,0.000998996309200177,2
12446,graph,0.11001332104206085,0.0,0.10881103575229645,0.0,0.012022850103676319,0.000998990831567886,2
12447,graph,0.15949814021587372,0.0,0.1581091582775116,0.0,0.013889860361814499,0.000998985341687851,2
12448,node,1.0710060596466064,0.0004632450873032212,0.0,1.070542812347412,0.0,0.0009989798395602077,2
12449,graph,0.182856023311615,0.0,0.18135327100753784,0.0,0.01502759288996458,0.0009989743251850923,2
12450,graph,0.14187180995941162,0.0,0.1405765861272812,0.0,0.012952215038239956,0.0009989687985626405,2
12451,graph,0.14531230926513672,0.0,0.14402911067008972,0.0,0.012832025066018105,0.0009989632596929887,2
12452,node,0.9800890684127808,0.00041077594505622983,0.0,0.9796782732009888,0.0,0.0009989577085762736,2
12453,graph,0.1599346101284027,0.0,0.15857617557048798,0.0,0.013584346510469913,0.000998952145212632,2
12454,graph,0.14158645272254944,0.0,0.14036273956298828,0.0,0.01223713718354702,0.0009989465696022012,2
12455,graph,0.1400119960308075,0.0,0.13892456889152527,0.0,0.010874242521822453,0.0009989409817451193,2
12456,node,0.6378395557403564,0.0004450943961273879,0.0,0.6373944878578186,0.0,0.0009989353816415236,2
12457,graph,0.15936735272407532,0.0,0.15820592641830444,0.0,0.011614319868385792,0.0009989297692915523,2
12458,graph,0.17851173877716064,0.0,0.17754442989826202,0.0,0.009673051536083221,0.000998924144695344,2
12459,graph,0.1347782462835312,0.0,0.13315343856811523,0.0,0.01624814234673977,0.0009989185078530375,2
12460,node,1.909165859222412,0.0004155635251663625,0.0,1.908750295639038,0.0,0.000998912858764772,2
12461,graph,0.13729824125766754,0.0,0.1359734684228897,0.0,0.013247658498585224,0.0009989071974306866,2
12462,graph,0.13094773888587952,0.0,0.1292656660079956,0.0,0.016820726916193962,0.0009989015238509214,2
12463,graph,0.1087418794631958,0.0,0.10752001404762268,0.0,0.01221865601837635,0.0009988958380256158,2
12464,node,1.8227105140686035,0.00040989957051351666,0.0,1.822300672531128,0.0,0.0009988901399549106,2
12465,graph,0.13003253936767578,0.0,0.1284782439470291,0.0,0.015542920678853989,0.0009988844296389462,2
12466,graph,0.1328493356704712,0.0,0.13157163560390472,0.0,0.012776962481439114,0.0009988787070778634,2
12467,graph,0.13984422385692596,0.0,0.13870453834533691,0.0,0.011396915651857853,0.0009988729722718035,2
12468,node,0.568525493144989,0.0005093919462524354,0.0,0.5680161118507385,0.0,0.0009988672252209082,2
12469,graph,0.12143636494874954,0.0,0.11985346674919128,0.0,0.015828996896743774,0.000998861465925319,2
12470,graph,0.1449495106935501,0.0,0.14323808252811432,0.0,0.01711428165435791,0.0009988556943851781,2
12471,graph,0.14167937636375427,0.0,0.14051586389541626,0.0,0.01163510326296091,0.0009988499106006281,2
12472,node,1.027265191078186,0.0004855379811488092,0.0,1.0267796516418457,0.0,0.0009988441145718115,2
12473,graph,0.1482042819261551,0.0,0.14681966602802277,0.0,0.013846195302903652,0.0009988383062988712,2
12474,graph,0.13266246020793915,0.0,0.13144493103027344,0.0,0.012175247073173523,0.0009988324857819508,2
12475,graph,0.13464857637882233,0.0,0.13344010710716248,0.0,0.01208469271659851,0.0009988266530211937,2
12476,node,0.44011208415031433,0.0005470974720083177,0.0,0.439564973115921,0.0,0.000998820808016744,2
12477,graph,0.15814842283725739,0.0,0.1569875329732895,0.0,0.011608926579356194,0.0009988149507687458,2
12478,graph,0.15216903388500214,0.0,0.1506529152393341,0.0,0.015161204151809216,0.0009988090812773436,2
12479,graph,0.10334097594022751,0.0,0.10220568627119064,0.0,0.011352903209626675,0.0009988031995426822,2
12480,node,0.9343768954277039,0.00039852081681601703,0.0,0.9339783787727356,0.0,0.000998797305564907,2
12481,graph,0.1316358745098114,0.0,0.13062684237957,0.0,0.010090349242091179,0.0009987913993441632,2
12482,graph,0.1767466813325882,0.0,0.1753745675086975,0.0,0.013721177354454994,0.0009987854808805963,2
12483,graph,0.18473373353481293,0.0,0.18329332768917084,0.0,0.014404033310711384,0.0009987795501743527,2
12484,node,0.21615159511566162,0.00035999485407955945,0.0,0.21579159796237946,0.0,0.0009987736072255787,2
12485,graph,0.12875528633594513,0.0,0.1271897405385971,0.0,0.015655484050512314,0.0009987676520344208,2
12486,graph,0.1431608945131302,0.0,0.14182612299919128,0.0,0.013347734697163105,0.000998761684601026,2
12487,graph,0.14823688566684723,0.0,0.14671361446380615,0.0,0.015232686884701252,0.0009987557049255416,2
12488,node,3.52135968208313,0.0004248711920809001,0.0,3.520934820175171,0.0,0.0009987497130081152,2
12489,graph,0.14013954997062683,0.0,0.1389138400554657,0.0,0.012257027439773083,0.0009987437088488941,2
12490,graph,0.168691024184227,0.0,0.1674223095178604,0.0,0.012687108479440212,0.000998737692448027,2
12491,graph,0.14404085278511047,0.0,0.14278754591941833,0.0,0.012533104047179222,0.0009987316638056622,2
12492,node,0.458855003118515,0.0004800753085874021,0.0,0.45837491750717163,0.0,0.0009987256229219486,2
12493,graph,0.14750827848911285,0.0,0.14616259932518005,0.0,0.013456761837005615,0.0009987195697970352,2
12494,graph,0.1583457887172699,0.0,0.15719670057296753,0.0,0.011490835808217525,0.0009987135044310712,2
12495,graph,0.16508808732032776,0.0,0.16407498717308044,0.0,0.01013095211237669,0.0009987074268242063,2
12496,node,1.4873214960098267,0.00037901889299973845,0.0,1.4869425296783447,0.0,0.0009987013369765906,2
12497,graph,0.13689643144607544,0.0,0.13558128476142883,0.0,0.013151454739272594,0.0009986952348883741,2
12498,graph,0.10771923512220383,0.0,0.10648980736732483,0.0,0.012294311076402664,0.0009986891205597075,2
12499,graph,0.12447810173034668,0.0,0.12318927049636841,0.0,0.012888338416814804,0.0009986829939907418,2
12500,node,1.9461607933044434,0.0003761560656130314,0.0,1.9457846879959106,0.0,0.000998676855181628,2
12501,graph,0.14761491119861603,0.0,0.14637604355812073,0.0,0.012388680130243301,0.0009986707041325176,2
12502,graph,0.12630990147590637,0.0,0.12529286742210388,0.0,0.010170279070734978,0.0009986645408435624,2
12503,graph,0.15545926988124847,0.0,0.1543448269367218,0.0,0.011144387535750866,0.0009986583653149145,2
12504,node,5.372307777404785,0.00047683579032309353,0.0,5.371830940246582,0.0,0.0009986521775467263,2
12505,graph,0.1314440220594406,0.0,0.13034148514270782,0.0,0.01102538127452135,0.0009986459775391504,2
12506,graph,0.16778652369976044,0.0,0.16665634512901306,0.0,0.011301838792860508,0.0009986397652923396,2
12507,graph,0.11538713425397873,0.0,0.1141321212053299,0.0,0.012550156563520432,0.0009986335408064477,2
12508,node,2.2901711463928223,0.00045436082291416824,0.0,2.2897167205810547,0.0,0.0009986273040816277,2
12509,graph,0.1393052488565445,0.0,0.1375690996646881,0.0,0.0173614751547575,0.0009986210551180337,2
12510,graph,0.1722012758255005,0.0,0.17066583037376404,0.0,0.015354388393461704,0.00099861479391582,2
12511,graph,0.16919410228729248,0.0,0.16792237758636475,0.0,0.012717261910438538,0.0009986085204751409,2
12512,node,1.614908218383789,0.00043561981874518096,0.0,1.6144726276397705,0.0,0.0009986022347961514,2
12513,graph,0.12435915321111679,0.0,0.12322473526000977,0.0,0.01134417299181223,0.0009985959368790064,2
12514,graph,0.15519019961357117,0.0,0.1541023999452591,0.0,0.010878035798668861,0.0009985896267238614,2
12515,graph,0.12159622460603714,0.0,0.12036202102899551,0.0,0.012342049740254879,0.0009985833043308723,2
12516,node,40.899131774902344,0.0003619330527726561,0.0,40.89876937866211,0.0,0.0009985769697001946,2
12517,graph,0.11828332394361496,0.0,0.11698876321315765,0.0,0.01294560357928276,0.000998570622831985,2
12518,graph,0.17020025849342346,0.0,0.16891133785247803,0.0,0.012889189645648003,0.0009985642637264,2
12519,graph,0.2711816728115082,0.0,0.2693817615509033,0.0,0.017999105155467987,0.0009985578923835967,2
12520,node,0.5487866997718811,0.00035306732752360404,0.0,0.5484336614608765,0.0,0.0009985515088037319,2
12521,graph,0.29359495639801025,0.0,0.29241085052490234,0.0,0.011840923689305782,0.0009985451129869633,2
12522,graph,0.14806117117404938,0.0,0.14666204154491425,0.0,0.013991234824061394,0.0009985387049334488,2
12523,graph,0.18233834207057953,0.0,0.18084102869033813,0.0,0.014973203651607037,0.0009985322846433463,2
12524,node,0.28757578134536743,0.0005317688919603825,0.0,0.2870440185070038,0.0,0.0009985258521168147,2
12525,graph,0.15392182767391205,0.0,0.15263988077640533,0.0,0.012819409370422363,0.000998519407354012,2
12526,graph,0.14583735167980194,0.0,0.14483734965324402,0.0,0.009999999776482582,0.0009985129503550978,2
12527,graph,0.14070767164230347,0.0,0.13950501382350922,0.0,0.01202654093503952,0.000998506481120231,2
12528,node,0.3607366383075714,0.0003970613470301032,0.0,0.36033958196640015,0.0,0.0009984999996495716,2
12529,graph,0.18245893716812134,0.0,0.18105657398700714,0.0,0.014023570343852043,0.0009984935059432793,2
12530,graph,0.20437048375606537,0.0,0.20310191810131073,0.0,0.012685646302998066,0.0009984870000015144,2
12531,graph,0.15141889452934265,0.0,0.15012842416763306,0.0,0.012904733419418335,0.0009984804818244375,2
12532,node,0.7882676124572754,0.00044009971315972507,0.0,0.7878274917602539,0.0,0.0009984739514122092,2
12533,graph,0.14292505383491516,0.0,0.1418442726135254,0.0,0.010807765647768974,0.0009984674087649907,2
12534,graph,0.18146196007728577,0.0,0.1799597144126892,0.0,0.015022403560578823,0.0009984608538829436,2
12535,graph,0.229674831032753,0.0,0.22829851508140564,0.0,0.013763105496764183,0.0009984542867662294,2
12536,node,0.5509093999862671,0.001048762584105134,0.0,0.5498606562614441,0.0,0.0009984477074150104,2
12537,graph,0.11821220070123672,0.0,0.11681289225816727,0.0,0.013993099331855774,0.0009984411158294488,2
12538,graph,0.1281949132680893,0.0,0.12701672315597534,0.0,0.011781875975430012,0.0009984345120097073,2
12539,graph,0.14146527647972107,0.0,0.14031895995140076,0.0,0.01146321464329958,0.0009984278959559486,2
12540,node,0.9366868734359741,0.00042850340832956135,0.0,0.9362583756446838,0.0,0.0009984212676683363,2
12541,graph,0.22736391425132751,0.0,0.2256871461868286,0.0,0.01676761917769909,0.0009984146271470337,2
12542,graph,0.15570871531963348,0.0,0.15404130518436432,0.0,0.016674093902111053,0.000998407974392205,2
12543,graph,0.1681533306837082,0.0,0.16679470241069794,0.0,0.013586215674877167,0.0009984013094040136,2
12544,node,0.6150598526000977,0.0003205939137842506,0.0,0.6147392392158508,0.0,0.0009983946321826247,2
12545,graph,0.16957244277000427,0.0,0.16810773313045502,0.0,0.014647088013589382,0.0009983879427282027,2
12546,graph,0.17269890010356903,0.0,0.17156003415584564,0.0,0.01138859149068594,0.000998381241040913,2
12547,graph,0.17055152356624603,0.0,0.1693572849035263,0.0,0.011942403391003609,0.0009983745271209205,2
12548,node,10.374624252319336,0.0003987508243881166,0.0,10.374225616455078,0.0,0.000998367800968391,2
12549,graph,0.1568664163351059,0.0,0.15542978048324585,0.0,0.014366420917212963,0.0009983610625834906,2
12550,graph,0.1833425611257553,0.0,0.1821199357509613,0.0,0.012226228602230549,0.0009983543119663856,2
12551,graph,0.18868497014045715,0.0,0.18726462125778198,0.0,0.014203528873622417,0.0009983475491172425,2
12552,node,2.2897391319274902,0.00047652609646320343,0.0,2.289262533187866,0.0,0.0009983407740362278,2
12553,graph,0.1681826412677765,0.0,0.1668710857629776,0.0,0.01311551034450531,0.0009983339867235092,2
12554,graph,0.15677931904792786,0.0,0.15528231859207153,0.0,0.014970025978982449,0.000998327187179254,2
12555,graph,0.1743195503950119,0.0,0.1730535328388214,0.0,0.012660147622227669,0.0009983203754036296,2
12556,node,1.772221565246582,0.0005488680908456445,0.0,1.7716727256774902,0.0,0.0009983135513968048,2
12557,graph,0.12684234976768494,0.0,0.12562212347984314,0.0,0.012202317826449871,0.0009983067151589473,2
12558,graph,0.16224707663059235,0.0,0.16085582971572876,0.0,0.013912499882280827,0.0009982998666902261,2
12559,graph,0.15513163805007935,0.0,0.15389560163021088,0.0,0.012360386550426483,0.0009982930059908102,2
12560,node,4.062437534332275,0.00041402626084163785,0.0,4.062023639678955,0.0,0.0009982861330608689,2
12561,graph,0.12634648382663727,0.0,0.12489522248506546,0.0,0.01451258547604084,0.0009982792479005715,2
12562,graph,0.13135503232479095,0.0,0.13023021817207336,0.0,0.011248083785176277,0.000998272350510088,2
12563,graph,0.13345657289028168,0.0,0.1319786161184311,0.0,0.014779538847506046,0.000998265440889589,2
12564,node,0.9636414647102356,0.0005042206612415612,0.0,0.9631372690200806,0.0,0.0009982585190392444,2
12565,graph,0.1272832453250885,0.0,0.12603026628494263,0.0,0.012529808096587658,0.0009982515849592253,2
12566,graph,0.16815589368343353,0.0,0.16668099164962769,0.0,0.01474902592599392,0.000998244638649703,2
12567,graph,0.12710273265838623,0.0,0.12620028853416443,0.0,0.009024400264024734,0.0009982376801108482,2
12568,node,0.5705704689025879,0.0004004315414931625,0.0,0.5701700448989868,0.0,0.0009982307093428333,2
12569,graph,0.20900431275367737,0.0,0.20793145895004272,0.0,0.010728597640991211,0.00099822372634583,2
12570,graph,0.12931318581104279,0.0,0.12802094221115112,0.0,0.012922455556690693,0.0009982167311200104,2
12571,graph,0.15939339995384216,0.0,0.1582677960395813,0.0,0.011256030760705471,0.0009982097236655475,2
12572,node,1.9988867044448853,0.0003673321334645152,0.0,1.9985194206237793,0.0,0.000998202703982614,2
12573,graph,0.11493056267499924,0.0,0.1137874573469162,0.0,0.011431039310991764,0.0009981956720713833,2
12574,graph,0.1948600858449936,0.0,0.1932193636894226,0.0,0.016407182440161705,0.0009981886279320285,2
12575,graph,0.19915232062339783,0.0,0.19776400923728943,0.0,0.013883139938116074,0.0009981815715647238,2
12576,node,0.2993581295013428,0.0004688937624450773,0.0,0.29888924956321716,0.0,0.000998174502969643,2
12577,graph,0.1521560698747635,0.0,0.15114635229110718,0.0,0.010097160935401917,0.0009981674221469607,2
12578,graph,0.18461783230304718,0.0,0.18319576978683472,0.0,0.014220606535673141,0.0009981603290968517,2
12579,graph,0.17419974505901337,0.0,0.1730625331401825,0.0,0.011372053064405918,0.0009981532238194906,2
12580,node,0.6498897671699524,0.00047148126759566367,0.0,0.649418294429779,0.0,0.0009981461063150532,2
12581,graph,0.12987476587295532,0.0,0.1287459433078766,0.0,0.011288231238722801,0.000998138976583715,2
12582,graph,0.14861951768398285,0.0,0.1473829448223114,0.0,0.012365696020424366,0.0009981318346256518,2
12583,graph,0.1718796193599701,0.0,0.170541450381279,0.0,0.013381708413362503,0.0009981246804410396,2
12584,node,1.439816951751709,0.000430656858952716,0.0,1.439386248588562,0.0,0.0009981175140300555,2
12585,graph,0.2170674055814743,0.0,0.2155509889125824,0.0,0.015164139680564404,0.000998110335392876,2
12586,graph,0.14524585008621216,0.0,0.14386439323425293,0.0,0.013814643025398254,0.0009981031445296781,2
12587,graph,0.14247705042362213,0.0,0.14146868884563446,0.0,0.010083629749715328,0.0009980959414406395,2
12588,node,0.39729633927345276,0.00036986180930398405,0.0,0.3969264626502991,0.0,0.0009980887261259376,2
12589,graph,0.14504355192184448,0.0,0.14364492893218994,0.0,0.013986257836222649,0.0009980814985857506,2
12590,graph,0.19023160636425018,0.0,0.18908360600471497,0.0,0.011479947715997696,0.000998074258820257,2
12591,graph,0.1305910348892212,0.0,0.12936370074748993,0.0,0.012273277156054974,0.0009980670068296352,2
12592,node,1.0144157409667969,0.00042011181358247995,0.0,1.01399564743042,0.0,0.0009980597426140641,2
12593,graph,0.14384008944034576,0.0,0.14259634912014008,0.0,0.012437403202056885,0.0009980524661737232,2
12594,graph,0.10782240331172943,0.0,0.10670769959688187,0.0,0.01114704366773367,0.0009980451775087919,2
12595,graph,0.1326257586479187,0.0,0.13158202171325684,0.0,0.01043730229139328,0.00099803787661945,2
12596,node,0.7678816914558411,0.00045966022298671305,0.0,0.7674220204353333,0.0,0.0009980305635058776,2
12597,graph,0.18079595267772675,0.0,0.17932385206222534,0.0,0.014720939099788666,0.0009980232381682553,2
12598,graph,0.2681691348552704,0.0,0.2667805850505829,0.0,0.0138854393735528,0.0009980159006067637,2
12599,graph,0.17145805060863495,0.0,0.17033952474594116,0.0,0.011185194365680218,0.0009980085508215842,2
12600,node,5.170958518981934,0.0004619561950676143,0.0,5.170496463775635,0.0,0.0009980011888128977,2
12601,graph,0.14521613717079163,0.0,0.1438223421573639,0.0,0.013937880285084248,0.0009979938145808858,2
12602,graph,0.12867191433906555,0.0,0.12750232219696045,0.0,0.011695893481373787,0.000997986428125731,2
12603,graph,0.1627703309059143,0.0,0.16164210438728333,0.0,0.011282277293503284,0.000997979029447615,2
12604,node,3.3263041973114014,0.0003874733520206064,0.0,3.3259167671203613,0.0,0.0009979716185467206,2
12605,graph,0.15850649774074554,0.0,0.15711338818073273,0.0,0.01393108069896698,0.0009979641954232308,2
12606,graph,0.13514359295368195,0.0,0.13390174508094788,0.0,0.012418527156114578,0.0009979567600773283,2
12607,graph,0.17492903769016266,0.0,0.17392903566360474,0.0,0.009999999776482582,0.000997949312509197,2
12608,node,0.4709489345550537,0.00043906006612814963,0.0,0.4705098867416382,0.0,0.0009979418527190204,2
12609,graph,0.17060711979866028,0.0,0.16933438181877136,0.0,0.01272736769169569,0.0009979343807069829,2
12610,graph,0.1340048462152481,0.0,0.13264739513397217,0.0,0.013574575074017048,0.0009979268964732683,2
12611,graph,0.16385215520858765,0.0,0.1625211387872696,0.0,0.013310098089277744,0.0009979194000180617,2
12612,node,0.4973892271518707,0.00039092436782084405,0.0,0.49699831008911133,0.0,0.0009979118913415483,2
12613,graph,0.1710374653339386,0.0,0.16978472471237183,0.0,0.012527402490377426,0.000997904370443913,2
12614,graph,0.15909713506698608,0.0,0.1579613834619522,0.0,0.011357543990015984,0.000997896837325341,2
12615,graph,0.170967236161232,0.0,0.16953851282596588,0.0,0.014287269674241543,0.0009978892919860188,2
12616,node,3.3512277603149414,0.000399712793296203,0.0,3.350827932357788,0.0,0.0009978817344261325,2
12617,graph,0.15052509307861328,0.0,0.14921194314956665,0.0,0.01313142478466034,0.0009978741646458683,2
12618,graph,0.1339525282382965,0.0,0.13251030445098877,0.0,0.014422192238271236,0.000997866582645413,2
12619,graph,0.14732420444488525,0.0,0.1461184024810791,0.0,0.012058055959641933,0.000997858988424954,2
12620,node,1.1847922801971436,0.00042107596527785063,0.0,1.1843712329864502,0.0,0.0009978513819846784,2
12621,graph,0.156524196267128,0.0,0.15543977916240692,0.0,0.010844133794307709,0.0009978437633247738,2
12622,graph,0.1351228654384613,0.0,0.13375675678253174,0.0,0.013661117292940617,0.0009978361324454285,2
12623,graph,0.15533381700515747,0.0,0.15405039489269257,0.0,0.012834240682423115,0.0009978284893468305,2
12624,node,1.3908799886703491,0.0004775814595632255,0.0,1.3904024362564087,0.0,0.0009978208340291686,2
12625,graph,0.21780647337436676,0.0,0.21648132801055908,0.0,0.013251390308141708,0.0009978131664926317,2
12626,graph,0.12263292074203491,0.0,0.12153951078653336,0.0,0.010934088379144669,0.0009978054867374087,2
12627,graph,0.13407224416732788,0.0,0.13301503658294678,0.0,0.010572077706456184,0.0009977977947636892,2
12628,node,0.6396818161010742,0.00036165447090752423,0.0,0.6393201351165771,0.0,0.0009977900905716632,2
12629,graph,0.16418340802192688,0.0,0.16286572813987732,0.0,0.013176724314689636,0.0009977823741615208,2
12630,graph,0.17911718785762787,0.0,0.17768561840057373,0.0,0.014315745793282986,0.0009977746455334519,2
12631,graph,0.14261744916439056,0.0,0.1412528157234192,0.0,0.01364633534103632,0.0009977669046876477,2
12632,node,1.4276070594787598,0.0003445275069680065,0.0,1.427262544631958,0.0,0.000997759151624299,2
12633,graph,0.146581768989563,0.0,0.14529463648796082,0.0,0.012871330603957176,0.0009977513863435972,2
12634,graph,0.23348450660705566,0.0,0.2322542816400528,0.0,0.012302267365157604,0.0009977436088457337,2
12635,graph,0.22641964256763458,0.0,0.22532516717910767,0.0,0.010944792069494724,0.000997735819130901,2
12636,node,0.3444455564022064,0.0004715657269116491,0.0,0.3439739942550659,0.0,0.0009977280171992904,2
12637,graph,0.11934857815504074,0.0,0.11822137236595154,0.0,0.011272049508988857,0.0009977202030510952,2
12638,graph,0.25861749053001404,0.0,0.2573641836643219,0.0,0.012533070519566536,0.0009977123766865077,2
12639,graph,0.2085106521844864,0.0,0.20705778896808624,0.0,0.014528600499033928,0.000997704538105721,2
12640,node,0.99791020154953,0.0003995131410192698,0.0,0.9975106716156006,0.0,0.0009976966873089287,2
12641,graph,0.23927657306194305,0.0,0.23803135752677917,0.0,0.012452109716832638,0.0009976888242963246,2
12642,graph,0.1763489693403244,0.0,0.1752890944480896,0.0,0.010598813183605671,0.0009976809490681027,2
12643,graph,0.25642555952072144,0.0,0.2552146911621094,0.0,0.012108828872442245,0.000997673061624457,2
12644,node,0.47733065485954285,0.0003805086889769882,0.0,0.47695013880729675,0.0,0.0009976651619655824,2
12645,graph,0.16184689104557037,0.0,0.1604933738708496,0.0,0.013535105623304844,0.0009976572500916738,2
12646,graph,0.14576150476932526,0.0,0.14437630772590637,0.0,0.013852027244865894,0.0009976493260029265,2
12647,graph,0.16482603549957275,0.0,0.1626824140548706,0.0,0.02143622748553753,0.0009976413896995357,2
12648,node,0.383252888917923,0.0004550814628601074,0.0,0.38279780745506287,0.0,0.0009976334411816975,2
12649,graph,0.27900803089141846,0.0,0.2778540253639221,0.0,0.011540171690285206,0.0009976254804496079,2
12650,graph,0.16277194023132324,0.0,0.1615700125694275,0.0,0.012019348330795765,0.0009976175075034634,2
12651,graph,0.14658072590827942,0.0,0.1454714834690094,0.0,0.011092467233538628,0.0009976095223434606,2
12652,node,2.1973719596862793,0.00038545572897419333,0.0,2.196986436843872,0.0,0.0009976015249697965,2
12653,graph,0.12470566481351852,0.0,0.12359589338302612,0.0,0.011097704991698265,0.0009975935153826686,2
12654,graph,0.1403454691171646,0.0,0.13888618350028992,0.0,0.014592784456908703,0.0009975854935822745,2
12655,graph,0.1356164962053299,0.0,0.1344112753868103,0.0,0.012052182108163834,0.000997577459568812,2
12656,node,2.650278329849243,0.00037152349250391126,0.0,2.649906873703003,0.0,0.0009975694133424794,2
12657,graph,0.1333560198545456,0.0,0.13188400864601135,0.0,0.01472007017582655,0.0009975613549034754,2
12658,graph,0.13329993188381195,0.0,0.1320389211177826,0.0,0.012610163539648056,0.0009975532842519984,2
12659,graph,0.13751386106014252,0.0,0.13645565509796143,0.0,0.010582104325294495,0.000997545201388248,2
12660,node,1.821089267730713,0.0003448239585850388,0.0,1.8207443952560425,0.0,0.0009975371063124234,2
12661,graph,0.11870687454938889,0.0,0.11749263107776642,0.0,0.012142469175159931,0.0009975289990247246,2
12662,graph,0.1438467651605606,0.0,0.14265671372413635,0.0,0.011900503188371658,0.0009975208795253512,2
12663,graph,0.15285854041576385,0.0,0.15167126059532166,0.0,0.011872793547809124,0.0009975127478145038,2
12664,node,1.5656864643096924,0.00037803041050210595,0.0,1.5653084516525269,0.0,0.000997504603892383,2
12665,graph,0.11744526773691177,0.0,0.11591344326734543,0.0,0.01531826239079237,0.0009974964477591896,2
12666,graph,0.13487419486045837,0.0,0.1332859843969345,0.0,0.015882043167948723,0.000997488279415125,2
12667,graph,0.11498913168907166,0.0,0.11366494745016098,0.0,0.013241874054074287,0.000997480098860391,2
12668,node,1.0995337963104248,0.000470850063720718,0.0,1.0990629196166992,0.0,0.000997471906095189,2
12669,graph,0.11799947917461395,0.0,0.11682221293449402,0.0,0.011772645637392998,0.0009974637011197216,2
12670,graph,0.1353738158941269,0.0,0.13402926921844482,0.0,0.01344550121575594,0.0009974554839341909,2
12671,graph,0.13644136488437653,0.0,0.13530969619750977,0.0,0.011316661722958088,0.0009974472545387998,2
12672,node,0.6021738052368164,0.00038784180651418865,0.0,0.6017859578132629,0.0,0.0009974390129337512,2
12673,graph,0.11631214618682861,0.0,0.11510368436574936,0.0,0.012084586545825005,0.0009974307591192485,2
12674,graph,0.24455489218235016,0.0,0.24332062900066376,0.0,0.012342608533799648,0.0009974224930954954,2
12675,graph,0.15357531607151031,0.0,0.15227727591991425,0.0,0.012980462983250618,0.0009974142148626958,2
12676,node,3.863725423812866,0.0003994673315901309,0.0,3.863326072692871,0.0,0.0009974059244210543,2
12677,graph,0.11848634481430054,0.0,0.11736057698726654,0.0,0.0112576549872756,0.000997397621770775,2
12678,graph,0.13426348567008972,0.0,0.13310053944587708,0.0,0.011629474349319935,0.0009973893069120628,2
12679,graph,0.13426226377487183,0.0,0.13306158781051636,0.0,0.012006697244942188,0.0009973809798451232,2
12680,node,2.2650277614593506,0.00045133804087527096,0.0,2.2645764350891113,0.0,0.0009973726405701614,2
12681,graph,0.1094968393445015,0.0,0.10819043219089508,0.0,0.013064096681773663,0.000997364289087383,2
12682,graph,0.09757617861032486,0.0,0.09627428650856018,0.0,0.013018917292356491,0.0009973559253969946,2
12683,graph,0.1351647675037384,0.0,0.13393786549568176,0.0,0.012269043363630772,0.000997347549499202,2
12684,node,0.2953662574291229,0.000441982236225158,0.0,0.2949242889881134,0.0,0.0009973391613942123,2
12685,graph,0.13266125321388245,0.0,0.13132888078689575,0.0,0.013323669321835041,0.0009973307610822322,2
12686,graph,0.12987250089645386,0.0,0.12859921157360077,0.0,0.012732946313917637,0.000997322348563469,2
12687,graph,0.10975323617458344,0.0,0.10851187258958817,0.0,0.012413648888468742,0.0009973139238381305,2
12688,node,4.9145426750183105,0.0004397576558403671,0.0,4.914103031158447,0.0,0.0009973054869064242,2
12689,graph,0.1063699796795845,0.0,0.10526186227798462,0.0,0.011081156320869923,0.0009972970377685585,2
12690,graph,0.1457311064004898,0.0,0.14465075731277466,0.0,0.010803453624248505,0.0009972885764247422,2
12691,graph,0.18031123280525208,0.0,0.17899857461452484,0.0,0.013126595877110958,0.0009972801028751833,2
12692,node,3.5170397758483887,0.00035896868212148547,0.0,3.5166807174682617,0.0,0.0009972716171200912,2
12693,graph,0.12151583284139633,0.0,0.12032824754714966,0.0,0.011875823140144348,0.0009972631191596756,2
12694,graph,0.136619433760643,0.0,0.13518795371055603,0.0,0.014314822852611542,0.000997254608994146,2
12695,graph,0.15556031465530396,0.0,0.15391871333122253,0.0,0.016415951773524284,0.0009972460866237124,2
12696,node,0.7252691984176636,0.0004482788499444723,0.0,0.7248209118843079,0.0,0.000997237552048585,2
12697,graph,0.12228712439537048,0.0,0.12115410715341568,0.0,0.011330141685903072,0.0009972290052689741,2
12698,graph,0.13029442727565765,0.0,0.1289999932050705,0.0,0.012944408692419529,0.0009972204462850912,2
12699,graph,0.12959755957126617,0.0,0.12850964069366455,0.0,0.010879232548177242,0.000997211875097147,2
12700,node,4.298282146453857,0.0004585346323437989,0.0,4.297823429107666,0.0,0.0009972032917053533,2
12701,graph,0.11954589933156967,0.0,0.11852264404296875,0.0,0.010232517495751381,0.0009971946961099217,2
12702,graph,0.1812247782945633,0.0,0.1800765097141266,0.0,0.01148261409252882,0.0009971860883110641,2
12703,graph,0.23329372704029083,0.0,0.23213046789169312,0.0,0.011632606387138367,0.0009971774683089933,2
12704,node,2.6310932636260986,0.00033931888174265623,0.0,2.630753993988037,0.0,0.0009971688361039217,2
12705,graph,0.14752955734729767,0.0,0.14628690481185913,0.0,0.012426474131643772,0.0009971601916960624,2
12706,graph,0.14809435606002808,0.0,0.1469157487154007,0.0,0.011786043643951416,0.0009971515350856287,2
12707,graph,0.14256538450717926,0.0,0.14133289456367493,0.0,0.012324857525527477,0.0009971428662728342,2
12708,node,0.6982804536819458,0.0004398623132146895,0.0,0.6978405714035034,0.0,0.0009971341852578928,2
12709,graph,0.12570954859256744,0.0,0.12445774674415588,0.0,0.012518065981566906,0.0009971254920410186,2
12710,graph,0.13504527509212494,0.0,0.13367357850074768,0.0,0.013716957531869411,0.0009971167866224262,2
12711,graph,0.1431046575307846,0.0,0.1417619287967682,0.0,0.01342728454619646,0.0009971080690023303,2
12712,node,0.6455613970756531,0.0004511661536525935,0.0,0.6451102495193481,0.0,0.0009970993391809461,2
12713,graph,0.15441833436489105,0.0,0.1531110256910324,0.0,0.013073110021650791,0.000997090597158489,2
12714,graph,0.12361502647399902,0.0,0.12220746278762817,0.0,0.014075636863708496,0.0009970818429351747,2
12715,graph,0.11764054000377655,0.0,0.11650267988443375,0.0,0.011378578841686249,0.0009970730765112192,2
12716,node,4.895895957946777,0.0004608472518157214,0.0,4.895435333251953,0.0,0.0009970642978868387,2
12717,graph,0.32357969880104065,0.0,0.3224070370197296,0.0,0.011726724915206432,0.0009970555070622498,2
12718,graph,0.15158027410507202,0.0,0.15010946989059448,0.0,0.014708093367516994,0.0009970467040376694,2
12719,graph,0.15291202068328857,0.0,0.1515863835811615,0.0,0.013256401754915714,0.000997037888813315,2
12720,node,1.7721534967422485,0.0004655242955777794,0.0,1.7716879844665527,0.0,0.0009970290613894037,2
12721,graph,0.16560906171798706,0.0,0.1643783450126648,0.0,0.012307222001254559,0.0009970202217661536,2
12722,graph,0.13125979900360107,0.0,0.13010446727275848,0.0,0.011553261429071426,0.0009970113699437828,2
12723,graph,0.11874408274888992,0.0,0.11770549416542053,0.0,0.010385898873209953,0.0009970025059225095,2
12724,node,1.2484019994735718,0.0002856392238754779,0.0,1.248116374015808,0.0,0.0009969936297025525,2
12725,graph,0.1450951099395752,0.0,0.14407050609588623,0.0,0.010246026329696178,0.0009969847412841309,2
12726,graph,0.15318234264850616,0.0,0.15178529918193817,0.0,0.0139703918248415,0.000996975840667464,2
12727,graph,0.16388708353042603,0.0,0.1627642810344696,0.0,0.011227956973016262,0.0009969669278527713,2
12728,node,1.508674144744873,0.000375269737560302,0.0,1.5082988739013672,0.0,0.000996958002840273,2
12729,graph,0.1557716578245163,0.0,0.15445896983146667,0.0,0.01312690693885088,0.0009969490656301888,2
12730,graph,0.1787014901638031,0.0,0.17731240391731262,0.0,0.013890890404582024,0.0009969401162227397,2
12731,graph,0.21597875654697418,0.0,0.21488767862319946,0.0,0.01091074664145708,0.0009969311546181464,2
12732,node,0.8011720180511475,0.0003816122771240771,0.0,0.8007904291152954,0.0,0.0009969221808166296,2
12733,graph,0.15642935037612915,0.0,0.1550796627998352,0.0,0.01349680870771408,0.0009969131948184113,2
12734,graph,0.1437489241361618,0.0,0.14240379631519318,0.0,0.013451269827783108,0.0009969041966237128,2
12735,graph,0.13029193878173828,0.0,0.12912648916244507,0.0,0.011654538102447987,0.0009968951862327565,2
12736,node,0.8692846298217773,0.0005309504340402782,0.0,0.8687536716461182,0.0,0.0009968861636457645,2
12737,graph,0.13119728863239288,0.0,0.1300429254770279,0.0,0.011543621309101582,0.0009968771288629595,2
12738,graph,0.141328364610672,0.0,0.1395948827266693,0.0,0.017334846779704094,0.0009968680818845644,2
12739,graph,0.13443292677402496,0.0,0.1332739293575287,0.0,0.01158994436264038,0.000996859022710802,2
12740,node,1.5303826332092285,0.00036334237665869296,0.0,1.5300192832946777,0.0,0.0009968499513418967,2
12741,graph,0.15561659634113312,0.0,0.15411365032196045,0.0,0.015029423870146275,0.0009968408677780718,2
12742,graph,0.1692015677690506,0.0,0.16807204484939575,0.0,0.011295272037386894,0.0009968317720195515,2
12743,graph,0.15679095685482025,0.0,0.1555105447769165,0.0,0.012804059311747551,0.00099682266406656,2
12744,node,0.2631809711456299,0.0004996077623218298,0.0,0.26268136501312256,0.0,0.0009968135439193224,2
12745,graph,0.12630516290664673,0.0,0.1252649873495102,0.0,0.0104017723351717,0.0009968044115780637,2
12746,graph,0.1262875348329544,0.0,0.1250068098306656,0.0,0.012807288207113743,0.000996795267043009,2
12747,graph,0.10028856247663498,0.0,0.09911012649536133,0.0,0.011784367263317108,0.000996786110314384,2
12748,node,0.843723714351654,0.00040473276749253273,0.0,0.8433189988136292,0.0,0.0009967769413924148,2
12749,graph,0.13986843824386597,0.0,0.138592928647995,0.0,0.012755114585161209,0.0009967677602773276,2
12750,graph,0.14766733348369598,0.0,0.14638137817382812,0.0,0.012859558686614037,0.0009967585669693486,2
12751,graph,0.20000971853733063,0.0,0.1985909640789032,0.0,0.01418757252395153,0.000996749361468705,2
12752,node,8.402257919311523,0.0004915089230053127,0.0,8.401766777038574,0.0,0.0009967401437756237,2
12753,graph,0.13615204393863678,0.0,0.135009303689003,0.0,0.01142746303230524,0.0009967309138903323,2
12754,graph,0.20260465145111084,0.0,0.20129060745239258,0.0,0.01314042042940855,0.0009967216718130584,2
12755,graph,0.1542983055114746,0.0,0.1530647724866867,0.0,0.0123352762311697,0.0009967124175440302,2
12756,node,1.9741466045379639,0.000420948228565976,0.0,1.97372567653656,0.0,0.000996703151083476,2
12757,graph,0.18455128371715546,0.0,0.18324913084506989,0.0,0.013021550141274929,0.0009966938724316244,2
12758,graph,0.13628984987735748,0.0,0.13489383459091187,0.0,0.013960146345198154,0.0009966845815887043,2
12759,graph,0.17171506583690643,0.0,0.17030362784862518,0.0,0.014114364050328732,0.000996675278554945,2
12760,node,0.9939373731613159,0.00041341144242323935,0.0,0.9935239553451538,0.0,0.000996665963330576,2
12761,graph,0.11469721049070358,0.0,0.11336462199687958,0.0,0.013325871899724007,0.0009966566359158272,2
12762,graph,0.1402864158153534,0.0,0.1390647143125534,0.0,0.012217012234032154,0.000996647296310929,2
12763,graph,0.15546667575836182,0.0,0.15408049523830414,0.0,0.013861773535609245,0.000996637944516111,2
12764,node,19.704418182373047,0.0004126354760956019,0.0,19.70400619506836,0.0,0.000996628580531605,2
12765,graph,0.16738376021385193,0.0,0.16600488126277924,0.0,0.013788769952952862,0.0009966192043576415,2
12766,graph,0.1609833538532257,0.0,0.16003265976905823,0.0,0.00950696412473917,0.000996609815994452,2
12767,graph,0.13272617757320404,0.0,0.1313719004392624,0.0,0.013542779721319675,0.000996600415442268,2
12768,node,0.4922223687171936,0.0003871456428896636,0.0,0.49183523654937744,0.0,0.0009965910027013216,2
12769,graph,0.18997731804847717,0.0,0.18876072764396667,0.0,0.012165849097073078,0.0009965815777718448,2
12770,graph,0.12756411731243134,0.0,0.1259913593530655,0.0,0.01572752371430397,0.0009965721406540702,2
12771,graph,0.10659041255712509,0.0,0.10556311905384064,0.0,0.01027290802448988,0.0009965626913482311,2
12772,node,1.0546797513961792,0.0004284523311071098,0.0,1.0542513132095337,0.0,0.0009965532298545601,2
12773,graph,0.13585156202316284,0.0,0.1346721649169922,0.0,0.011793960817158222,0.000996543756173291,2
12774,graph,0.1716986894607544,0.0,0.17060397565364838,0.0,0.010947210714221,0.0009965342703046572,2
12775,graph,0.12087121605873108,0.0,0.11958511173725128,0.0,0.012861065566539764,0.000996524772248893,2
12776,node,0.6714879274368286,0.0004356999706942588,0.0,0.6710522174835205,0.0,0.0009965152620062328,2
12777,graph,0.12970545887947083,0.0,0.12844377756118774,0.0,0.01261681504547596,0.0009965057395769112,2
12778,graph,0.14153540134429932,0.0,0.14042651653289795,0.0,0.011088890954852104,0.0009964962049611632,2
12779,graph,0.11191574484109879,0.0,0.11082367599010468,0.0,0.010920700617134571,0.000996486658159224,2
12780,node,1.2875032424926758,0.0007548587745986879,0.0,1.2867484092712402,0.0,0.0009964770991713289,2
12781,graph,0.34598881006240845,0.0,0.3450944423675537,0.0,0.008943596854805946,0.0009964675279977144,2
12782,graph,0.12440139800310135,0.0,0.12316378951072693,0.0,0.012376089580357075,0.000996457944638616,2
12783,graph,0.12063398212194443,0.0,0.11931690573692322,0.0,0.013170736841857433,0.0009964483490942707,2
12784,node,0.5533266663551331,0.00039758963976055384,0.0,0.5529291033744812,0.0,0.0009964387413649149,2
12785,graph,0.11968404054641724,0.0,0.11849996447563171,0.0,0.011840766295790672,0.0009964291214507857,2
12786,graph,0.0974893644452095,0.0,0.09626628458499908,0.0,0.012230797670781612,0.0009964194893521204,2
12787,graph,0.12602175772190094,0.0,0.12485145032405853,0.0,0.0117030069231987,0.000996409845069157,2
12788,node,0.6767455339431763,0.00039551491499878466,0.0,0.6763499975204468,0.0,0.0009964001886021332,2
12789,graph,0.18880528211593628,0.0,0.18749937415122986,0.0,0.013059007935225964,0.000996390519951287,2
12790,graph,0.12750394642353058,0.0,0.12645722925662994,0.0,0.010467211715877056,0.0009963808391168576,2
12791,graph,0.11428825557231903,0.0,0.11282314360141754,0.0,0.014651152305305004,0.0009963711460990836,2
12792,node,27.008893966674805,0.0003472389071248472,0.0,27.008546829223633,0.0,0.0009963614408982039,2
12793,graph,0.1295633167028427,0.0,0.12837709486484528,0.0,0.011862275190651417,0.0009963517235144581,2
12794,graph,0.16200357675552368,0.0,0.16073819994926453,0.0,0.0126537149772048,0.0009963419939480861,2
12795,graph,0.18343497812747955,0.0,0.1821012645959854,0.0,0.013337196782231331,0.000996332252199328,2
12796,node,0.769614577293396,0.00041075615445151925,0.0,0.7692038416862488,0.0,0.000996322498268424,2
12797,graph,0.1144576221704483,0.0,0.11337130516767502,0.0,0.01086320262402296,0.0009963127321556148,2
12798,graph,0.15516385436058044,0.0,0.15400661528110504,0.0,0.011572380550205708,0.0009963029538611415,2
12799,graph,0.1327490210533142,0.0,0.13168010115623474,0.0,0.010689139366149902,0.0009962931633852453,2
12800,node,0.9177552461624146,0.00033985410118475556,0.0,0.9174153804779053,0.0,0.0009962833607281678,2
12801,graph,0.13671639561653137,0.0,0.13550910353660583,0.0,0.012072863057255745,0.0009962735458901508,2
12802,graph,0.17328180372714996,0.0,0.171674907207489,0.0,0.01606902852654457,0.0009962637188714364,2
12803,graph,0.13139931857585907,0.0,0.1298821121454239,0.0,0.015172017738223076,0.0009962538796722672,2
12804,node,1.1144543886184692,0.0005330374697223306,0.0,1.1139214038848877,0.0,0.0009962440282928861,2
12805,graph,0.14163072407245636,0.0,0.14066441357135773,0.0,0.009663066826760769,0.000996234164733536,2
12806,graph,0.11314018815755844,0.0,0.11179713904857635,0.0,0.01343052089214325,0.0009962242889944603,2
12807,graph,0.17115335166454315,0.0,0.17004060745239258,0.0,0.0111274728551507,0.0009962144010759026,2
12808,node,1.3031851053237915,0.00033776360214687884,0.0,1.3028473854064941,0.0,0.0009962045009781068,2
12809,graph,0.14112742245197296,0.0,0.139659583568573,0.0,0.0146784083917737,0.0009961945887013172,2
12810,graph,0.2530006170272827,0.0,0.25151410698890686,0.0,0.014865238219499588,0.0009961846642457786,2
12811,graph,0.12175710499286652,0.0,0.12052415311336517,0.0,0.01232953555881977,0.000996174727611736,2
12812,node,1.22944974899292,0.00044863016228191555,0.0,1.2290011644363403,0.0,0.000996164778799434,2
12813,graph,0.11573939770460129,0.0,0.11431855708360672,0.0,0.01420844066888094,0.0009961548178091186,2
12814,graph,0.1470571607351303,0.0,0.14592240750789642,0.0,0.011347517371177673,0.0009961448446410353,2
12815,graph,0.13663168251514435,0.0,0.13560441136360168,0.0,0.010272704996168613,0.0009961348592954305,2
12816,node,0.7453418374061584,0.00046783615835011005,0.0,0.7448740005493164,0.0,0.00099612486177255,2
12817,graph,0.1115645244717598,0.0,0.11042839288711548,0.0,0.011361307464540005,0.000996114852072641,2
12818,graph,0.13190507888793945,0.0,0.13074156641960144,0.0,0.011635181494057178,0.0009961048301959502,2
12819,graph,0.1771674007177353,0.0,0.17574378848075867,0.0,0.01423619594424963,0.0009960947961427252,2
12820,node,1.746478796005249,0.00039788614958524704,0.0,1.7460808753967285,0.0,0.000996084749913213,2
12821,graph,0.138127401471138,0.0,0.13666467368602753,0.0,0.014627326279878616,0.0009960746915076623,2
12822,graph,0.14921818673610687,0.0,0.14812520146369934,0.0,0.010929901152849197,0.0009960646209263208,2
12823,graph,0.13131505250930786,0.0,0.1296423077583313,0.0,0.01672743819653988,0.0009960545381694369,2
12824,node,2.3527731895446777,0.0003552837297320366,0.0,2.3524179458618164,0.0,0.0009960444432372594,2
12825,graph,0.18069835007190704,0.0,0.17952914535999298,0.0,0.011692085303366184,0.0009960343361300377,2
12826,graph,0.16659031808376312,0.0,0.16527648270130157,0.0,0.01313835196197033,0.0009960242168480207,2
12827,graph,0.11668840050697327,0.0,0.11559891700744629,0.0,0.01089481357485056,0.0009960140853914584,2
12828,node,6.69486665725708,0.0004671956121455878,0.0,6.694399356842041,0.0,0.0009960039417606006,2
12829,graph,0.18483106791973114,0.0,0.18354202806949615,0.0,0.012890438549220562,0.0009959937859556978,2
12830,graph,0.12889143824577332,0.0,0.1275140345096588,0.0,0.013774078339338303,0.0009959836179770005,2
12831,graph,0.21502064168453217,0.0,0.21383565664291382,0.0,0.011849873699247837,0.0009959734378247596,2
12832,node,1.5898821353912354,0.0005430139135569334,0.0,1.5893391370773315,0.0,0.0009959632454992263,2
12833,graph,0.15073363482952118,0.0,0.14971300959587097,0.0,0.010206267237663269,0.000995953041000652,2
12834,graph,0.12359896302223206,0.0,0.12225222587585449,0.0,0.013467337936162949,0.0009959428243292885,2
12835,graph,0.13558100163936615,0.0,0.1341341733932495,0.0,0.014468350447714329,0.000995932595485388,2
12836,node,0.5380575060844421,0.00041921777301467955,0.0,0.5376383066177368,0.0,0.0009959223544692027,2
12837,graph,0.11927331238985062,0.0,0.11803821474313736,0.0,0.01235097274184227,0.0009959121012809854,2
12838,graph,0.14519107341766357,0.0,0.14398932456970215,0.0,0.01201742235571146,0.000995901835920989,2
12839,graph,0.10517332702875137,0.0,0.10395613312721252,0.0,0.012171946465969086,0.0009958915583894673,2
12840,node,2.6646111011505127,0.0004227436729706824,0.0,2.6641883850097656,0.0,0.0009958812686866733,2
12841,graph,0.16448163986206055,0.0,0.16330401599407196,0.0,0.011776222847402096,0.000995870966812861,2
12842,graph,0.1517646610736847,0.0,0.15044189989566803,0.0,0.013227561488747597,0.0009958606527682844,2
12843,graph,0.1471949964761734,0.0,0.1458723247051239,0.0,0.013226754032075405,0.0009958503265531983,2
12844,node,0.6492940187454224,0.0004263867740519345,0.0,0.6488676071166992,0.0,0.0009958399881678575,2
12845,graph,0.1236250251531601,0.0,0.12224236875772476,0.0,0.013826553709805012,0.000995829637612517,2
12846,graph,0.11157521605491638,0.0,0.11023252457380295,0.0,0.01342688500881195,0.0009958192748874323,2
12847,graph,0.1042042076587677,0.0,0.10303716361522675,0.0,0.01167045533657074,0.0009958088999928588,2
12848,node,2.4692413806915283,0.0004651802883017808,0.0,2.468776226043701,0.0,0.0009957985129290527,2
12849,graph,0.10944391041994095,0.0,0.10807016491889954,0.0,0.013737478293478489,0.0009957881136962703,2
12850,graph,0.1216576024889946,0.0,0.1203780323266983,0.0,0.012795668095350266,0.0009957777022947681,2
12851,graph,0.11521348357200623,0.0,0.11408600956201553,0.0,0.011274735443294048,0.0009957672787248033,2
12852,node,0.9224517941474915,0.0004765661433339119,0.0,0.9219752550125122,0.0,0.0009957568429866327,2
12853,graph,0.14330564439296722,0.0,0.14205016195774078,0.0,0.012554774060845375,0.0009957463950805137,2
12854,graph,0.11071417480707169,0.0,0.10928837954998016,0.0,0.014257934875786304,0.0009957359350067046,2
12855,graph,0.14109353721141815,0.0,0.1397741287946701,0.0,0.0131941307336092,0.0009957254627654631,2
12856,node,0.2775641083717346,0.00048162086750380695,0.0,0.2770824730396271,0.0,0.0009957149783570477,2
12857,graph,0.11514497548341751,0.0,0.11391827464103699,0.0,0.012266972102224827,0.0009957044817817172,2
12858,graph,0.1305743157863617,0.0,0.1293032169342041,0.0,0.01271100528538227,0.0009956939730397304,2
12859,graph,0.1109926626086235,0.0,0.10967491567134857,0.0,0.013177497312426567,0.0009956834521313467,2
12860,node,1.3599222898483276,0.0005848229629918933,0.0,1.3593374490737915,0.0,0.0009956729190568256,2
12861,graph,0.12167404592037201,0.0,0.12052065879106522,0.0,0.011533896438777447,0.0009956623738164273,2
12862,graph,0.12112373858690262,0.0,0.11974736303091049,0.0,0.013763722963631153,0.0009956518164104117,2
12863,graph,0.09214293211698532,0.0,0.09112753719091415,0.0,0.01015391293913126,0.0009956412468390392,2
12864,node,2.2013587951660156,0.0003666700213216245,0.0,2.2009921073913574,0.0,0.0009956306651025708,2
12865,graph,0.13319899141788483,0.0,0.13194340467453003,0.0,0.012555808760225773,0.0009956200712012676,2
12866,graph,0.16356900334358215,0.0,0.16233402490615845,0.0,0.012349831871688366,0.0009956094651353909,2
12867,graph,0.12770651280879974,0.0,0.1263187676668167,0.0,0.013877462595701218,0.0009955988469052023,2
12868,node,3.750370979309082,0.0006496202549897134,0.0,3.7497212886810303,0.0,0.000995588216510964,2
12869,graph,0.187416672706604,0.0,0.18602001667022705,0.0,0.013966593891382217,0.0009955775739529382,2
12870,graph,0.14250728487968445,0.0,0.1412956416606903,0.0,0.012116382829844952,0.0009955669192313877,2
12871,graph,0.15463897585868835,0.0,0.15365482866764069,0.0,0.009841442108154297,0.0009955562523465751,2
12872,node,4.996010780334473,0.0004806059005204588,0.0,4.995530128479004,0.0,0.0009955455732987637,2
12873,graph,0.17366710305213928,0.0,0.17255520820617676,0.0,0.011118967086076736,0.000995534882088217,2
12874,graph,0.13082456588745117,0.0,0.1294899433851242,0.0,0.013346190564334393,0.0009955241787151987,2
12875,graph,0.14161060750484467,0.0,0.14041779935359955,0.0,0.011928068473935127,0.000995513463179973,2
12876,node,1.2000765800476074,0.0004155268834438175,0.0,1.1996610164642334,0.0,0.0009955027354828043,2
12877,graph,0.21909071505069733,0.0,0.21784532070159912,0.0,0.01245392020791769,0.0009954919956239575,2
12878,graph,0.2073114961385727,0.0,0.20577341318130493,0.0,0.015380761586129665,0.000995481243603697,2
12879,graph,0.24346284568309784,0.0,0.242276132106781,0.0,0.01186709851026535,0.0009954704794222886,2
12880,node,0.42904114723205566,0.00044600479304790497,0.0,0.4285951554775238,0.0,0.0009954597030799978,2
12881,graph,0.13379138708114624,0.0,0.13224923610687256,0.0,0.015421557240188122,0.0009954489145770906,2
12882,graph,0.15963061153888702,0.0,0.15826883912086487,0.0,0.013617763295769691,0.000995438113913833,2
12883,graph,0.15266424417495728,0.0,0.1513611227273941,0.0,0.013031267561018467,0.0009954273010904914,2
12884,node,0.9027218222618103,0.00048819155199453235,0.0,0.9022336602210999,0.0,0.0009954164761073329,2
12885,graph,0.13914141058921814,0.0,0.13789507746696472,0.0,0.012463259510695934,0.0009954056389646243,2
12886,graph,0.14334765076637268,0.0,0.14228299260139465,0.0,0.010646598413586617,0.0009953947896626334,2
12887,graph,0.1201934665441513,0.0,0.11885833740234375,0.0,0.013351324945688248,0.0009953839282016274,2
12888,node,1.4667248725891113,0.0004884616937488317,0.0,1.4662363529205322,0.0,0.0009953730545818745,2
12889,graph,0.17804905772209167,0.0,0.17670957744121552,0.0,0.013394756242632866,0.0009953621688036432,2
12890,graph,0.1955198049545288,0.0,0.19430263340473175,0.0,0.012171689420938492,0.0009953512708672017,2
12891,graph,0.1221446692943573,0.0,0.1210242286324501,0.0,0.011204397305846214,0.0009953403607728193,2
12892,node,0.7241487503051758,0.0005203213077038527,0.0,0.7236284017562866,0.0,0.000995329438520765,2
12893,graph,0.1211826279759407,0.0,0.11999590694904327,0.0,0.01186719723045826,0.0009953185041113083,2
12894,graph,0.1364414244890213,0.0,0.13509273529052734,0.0,0.013486851938068867,0.000995307557544719,2
12895,graph,0.11991303414106369,0.0,0.11848796159029007,0.0,0.014250710606575012,0.0009952965988212672,2
12896,node,0.5181242823600769,0.00045603810576722026,0.0,0.5176682472229004,0.0,0.0009952856279412234,2
12897,graph,0.16085761785507202,0.0,0.1590258777141571,0.0,0.018317412585020065,0.000995274644904858,2
12898,graph,0.1626298725605011,0.0,0.16113853454589844,0.0,0.01491343230009079,0.0009952636497124422,2
12899,graph,0.1781318038702011,0.0,0.1768266260623932,0.0,0.013051831163465977,0.0009952526423642474,2
12900,node,1.4624834060668945,0.0005409324658103287,0.0,1.461942434310913,0.0,0.000995241622860545,2
12901,graph,0.10504124313592911,0.0,0.10369421541690826,0.0,0.013470313511788845,0.000995230591201607,2
12902,graph,0.16064831614494324,0.0,0.1592593789100647,0.0,0.013889349065721035,0.0009952195473877056,2
12903,graph,0.13512161374092102,0.0,0.13385982811450958,0.0,0.012617887929081917,0.0009952084914191131,2
12904,node,4.457369327545166,0.0003969625395257026,0.0,4.456972599029541,0.0,0.0009951974232961026,2
12905,graph,0.22170385718345642,0.0,0.22026346623897552,0.0,0.01440390758216381,0.0009951863430189471,2
12906,graph,0.12480971217155457,0.0,0.12366538494825363,0.0,0.011443279683589935,0.00099517525058792,2
12907,graph,0.09272843599319458,0.0,0.09137411415576935,0.0,0.013543202541768551,0.000995164146003295,2
12908,node,1.5313124656677246,0.0004961552913300693,0.0,1.5308163166046143,0.0,0.000995153029265346,2
12909,graph,0.1274997889995575,0.0,0.1263536810874939,0.0,0.011461067013442516,0.000995141900374347,2
12910,graph,0.14376315474510193,0.0,0.14276805520057678,0.0,0.00995102059096098,0.0009951307593305733,2
12911,graph,0.12348747998476028,0.0,0.12234964966773987,0.0,0.01137833297252655,0.0009951196061342993,2
12912,node,1.464348554611206,0.0004229084006510675,0.0,1.4639256000518799,0.0,0.0009951084407858002,2
12913,graph,0.156661719083786,0.0,0.15535059571266174,0.0,0.013111252337694168,0.0009950972632853518,2
12914,graph,0.15166789293289185,0.0,0.15055885910987854,0.0,0.011090357787907124,0.0009950860736332296,2
12915,graph,0.16816174983978271,0.0,0.1670384705066681,0.0,0.011232806369662285,0.0009950748718297096,2
12916,node,0.8623355031013489,0.0004012600693386048,0.0,0.861934244632721,0.0,0.0009950636578750687,2
12917,graph,0.13193602859973907,0.0,0.13046418130397797,0.0,0.014718545600771904,0.0009950524317695832,2
12918,graph,0.11808279156684875,0.0,0.11698328703641891,0.0,0.010995039716362953,0.00099504119351353,2
12919,graph,0.11869896948337555,0.0,0.11759932339191437,0.0,0.010996459051966667,0.0009950299431071867,2
12920,node,0.49704962968826294,0.0004621679545380175,0.0,0.49658745527267456,0.0,0.0009950186805508308,2
12921,graph,0.11101991683244705,0.0,0.10995939373970032,0.0,0.010605252347886562,0.0009950074058447402,2
12922,graph,0.10912718623876572,0.0,0.10798221081495285,0.0,0.011449784971773624,0.000994996118989193,2
12923,graph,0.16155213117599487,0.0,0.1602829396724701,0.0,0.01269191037863493,0.0009949848199844677,2
12924,node,0.5381478071212769,0.00038944260450080037,0.0,0.5377583503723145,0.0,0.000994973508830843,2
12925,graph,0.13715922832489014,0.0,0.13568954169750214,0.0,0.014696839265525341,0.0009949621855285984,2
12926,graph,0.17289891839027405,0.0,0.17164266109466553,0.0,0.012562554329633713,0.0009949508500780128,2
12927,graph,0.1391925811767578,0.0,0.13774004578590393,0.0,0.014525379054248333,0.0009949395024793663,2
12928,node,4.383216381072998,0.00036668774555437267,0.0,4.38284969329834,0.0,0.0009949281427329387,2
12929,graph,0.12190866470336914,0.0,0.12042474746704102,0.0,0.014839142560958862,0.00099491677083901,2
12930,graph,0.19520361721515656,0.0,0.19412285089492798,0.0,0.010807683691382408,0.0009949053867978612,2
12931,graph,0.17289845645427704,0.0,0.1715647578239441,0.0,0.013337030075490475,0.000994893990609773,2
12932,node,2.4217300415039062,0.0004330369702074677,0.0,2.421297073364258,0.0,0.000994882582275027,2
12933,graph,0.0974867194890976,0.0,0.09643161296844482,0.0,0.01055106520652771,0.000994871161793904,2
12934,graph,0.190217524766922,0.0,0.18883931636810303,0.0,0.0137820765376091,0.0009948597291666863,2
12935,graph,0.17352215945720673,0.0,0.17225852608680725,0.0,0.012636291794478893,0.0009948482843936558,2
12936,node,2.747976064682007,0.000563185487408191,0.0,2.747412919998169,0.0,0.0009948368274750948,2
12937,graph,0.1298341453075409,0.0,0.1288648396730423,0.0,0.009693089872598648,0.000994825358411286,2
12938,graph,0.17554157972335815,0.0,0.1744832545518875,0.0,0.010583236813545227,0.0009948138772025127,2
12939,graph,0.2031395137310028,0.0,0.20213951170444489,0.0,0.009999999776482582,0.0009948023838490577,2
12940,node,1.9274424314498901,0.0004514288157224655,0.0,1.9269909858703613,0.0,0.0009947908783512053,2
12941,graph,0.15672631561756134,0.0,0.15487140417099,0.0,0.018549080938100815,0.0009947793607092388,2
12942,graph,0.16092723608016968,0.0,0.1597127914428711,0.0,0.012144510634243488,0.0009947678309234424,2
12943,graph,0.151095449924469,0.0,0.14956536889076233,0.0,0.015300795435905457,0.0009947562889941006,2
12944,node,1.1115076541900635,0.0004941466031596065,0.0,1.1110135316848755,0.0,0.0009947447349214985,2
12945,graph,0.13049980998039246,0.0,0.12920862436294556,0.0,0.012911809608340263,0.000994733168705921,2
12946,graph,0.20302814245224,0.0,0.201731875538826,0.0,0.012962661683559418,0.0009947215903476534,2
12947,graph,0.13726706802845,0.0,0.1361166536808014,0.0,0.011504087597131729,0.0009947099998469818,2
12948,node,3.50181245803833,0.0005893889465369284,0.0,3.501223087310791,0.0,0.0009946983972041914,2
12949,graph,0.13642986118793488,0.0,0.13513725996017456,0.0,0.01292605884373188,0.0009946867824195693,2
12950,graph,0.1741909384727478,0.0,0.17289432883262634,0.0,0.012966088019311428,0.0009946751554934016,2
12951,graph,0.11052681505680084,0.0,0.10920581221580505,0.0,0.013210021890699863,0.0009946635164259753,2
12952,node,5.2936320304870605,0.0003733031917363405,0.0,5.2932586669921875,0.0,0.0009946518652175775,2
12953,graph,0.1441504955291748,0.0,0.1427535116672516,0.0,0.013969912193715572,0.0009946402018684959,2
12954,graph,0.12253407388925552,0.0,0.1214044839143753,0.0,0.011295916512608528,0.000994628526379018,2
12955,graph,0.1409095674753189,0.0,0.13959291577339172,0.0,0.013166570104658604,0.0009946168387494321,2
12956,node,2.3786263465881348,0.0004186787991784513,0.0,2.3782076835632324,0.0,0.0009946051389800265,2
12957,graph,0.17927859723567963,0.0,0.17792117595672607,0.0,0.013574155047535896,0.0009945934270710896,2
12958,graph,0.12073685973882675,0.0,0.11963221430778503,0.0,0.011046439409255981,0.000994581703022911,2
12959,graph,0.13516540825366974,0.0,0.13391828536987305,0.0,0.012471211142838001,0.0009945699668357795,2
12960,node,4.662367343902588,0.00041309554944746196,0.0,4.661954402923584,0.0,0.0009945582185099848,2
12961,graph,0.11331623047590256,0.0,0.11209921538829803,0.0,0.012170162051916122,0.0009945464580458168,2
12962,graph,0.25984516739845276,0.0,0.25854983925819397,0.0,0.012953165918588638,0.0009945346854435657,2
12963,graph,0.1492690145969391,0.0,0.1480170488357544,0.0,0.01251966878771782,0.0009945229007035218,2
12964,node,2.827425718307495,0.00048131030052900314,0.0,2.826944351196289,0.0,0.0009945111038259763,2
12965,graph,0.14543212950229645,0.0,0.14419899880886078,0.0,0.012331371195614338,0.00099449929481122,2
12966,graph,0.14435650408267975,0.0,0.14293545484542847,0.0,0.014210560359060764,0.0009944874736595442,2
12967,graph,0.14532938599586487,0.0,0.14412036538124084,0.0,0.012090279720723629,0.0009944756403712407,2
12968,node,1.9756501913070679,0.00045993554522283375,0.0,1.975190281867981,0.0,0.0009944637949466013,2
12969,graph,0.12517745792865753,0.0,0.12397076189517975,0.0,0.012067009694874287,0.0009944519373859186,2
12970,graph,0.15436552464962006,0.0,0.15290074050426483,0.0,0.01464791502803564,0.0009944400676894847,2
12971,graph,0.1403413712978363,0.0,0.13924740254878998,0.0,0.01093971822410822,0.000994428185857593,2
12972,node,1.2061307430267334,0.00040820104186423123,0.0,1.2057225704193115,0.0,0.0009944162918905366,2
12973,graph,0.12870676815509796,0.0,0.12741194665431976,0.0,0.012948202900588512,0.0009944043857886087,2
12974,graph,0.1510440558195114,0.0,0.14958515763282776,0.0,0.014588969759643078,0.000994392467552103,2
12975,graph,0.15427415072917938,0.0,0.1527232974767685,0.0,0.015508553944528103,0.0009943805371813138,2
12976,node,1.37489914894104,0.0003721679968293756,0.0,1.3745269775390625,0.0,0.0009943685946765355,2
12977,graph,0.15579110383987427,0.0,0.15478718280792236,0.0,0.010039168410003185,0.0009943566400380625,2
12978,graph,0.1431998610496521,0.0,0.1420530378818512,0.0,0.011468233540654182,0.00099434467326619,2
12979,graph,0.14040647447109222,0.0,0.13898998498916626,0.0,0.014164922758936882,0.0009943326943612134,2
12980,node,2.5500648021698,0.00039078391273505986,0.0,2.5496740341186523,0.0,0.0009943207033234279,2
12981,graph,0.09815305471420288,0.0,0.096952885389328,0.0,0.012001707218587399,0.0009943087001531297,2
12982,graph,0.1307607740163803,0.0,0.12937186658382416,0.0,0.013889054767787457,0.0009942966848506146,2
12983,graph,0.1630934476852417,0.0,0.16187167167663574,0.0,0.012217815034091473,0.0009942846574161792,2
12984,node,2.2952637672424316,0.0003535844443831593,0.0,2.294910192489624,0.0,0.0009942726178501205,2
12985,graph,0.15136867761611938,0.0,0.14984551072120667,0.0,0.015231741592288017,0.0009942605661527357,2
12986,graph,0.16959774494171143,0.0,0.16835840046405792,0.0,0.012393399141728878,0.0009942485023243216,2
12987,graph,0.11847992986440659,0.0,0.11744461953639984,0.0,0.010353120043873787,0.0009942364263651761,2
12988,node,13.639567375183105,0.0003801461716648191,0.0,13.63918685913086,0.0,0.0009942243382755974,2
12989,graph,0.1445688158273697,0.0,0.14320872724056244,0.0,0.013600916601717472,0.0009942122380558836,2
12990,graph,0.13471372425556183,0.0,0.13338232040405273,0.0,0.013314055278897285,0.000994200125706333,2
12991,graph,0.12795357406139374,0.0,0.12657877802848816,0.0,0.013747994787991047,0.0009941880012272447,2
12992,node,4.289594650268555,0.0004070875293109566,0.0,4.289187431335449,0.0,0.000994175864618918,2
12993,graph,0.10699491947889328,0.0,0.10572708398103714,0.0,0.01267832238227129,0.000994163715881652,2
12994,graph,0.12866276502609253,0.0,0.12737631797790527,0.0,0.012864445336163044,0.0009941515550157469,2
12995,graph,0.1354425549507141,0.0,0.13436511158943176,0.0,0.010774488560855389,0.0009941393820215025,2
12996,node,2.8814077377319336,0.0005650700186379254,0.0,2.880842685699463,0.0,0.000994127196899219,2
12997,graph,0.17544077336788177,0.0,0.17413946986198425,0.0,0.013013088144361973,0.0009941149996491973,2
12998,graph,0.13991756737232208,0.0,0.1386687159538269,0.0,0.012488510459661484,0.0009941027902717384,2
12999,graph,0.1580701768398285,0.0,0.15672996640205383,0.0,0.013402149081230164,0.0009940905687671434,2
13000,node,1.0531806945800781,0.0004989307490177453,0.0,1.052681803703308,0.0,0.000994078335135714,2
13001,graph,0.12071266770362854,0.0,0.11936458200216293,0.0,0.013480846770107746,0.0009940660893777518,2
13002,graph,0.12191455811262131,0.0,0.12050876021385193,0.0,0.014057986438274384,0.000994053831493559,2
13003,graph,0.1306816041469574,0.0,0.12939521670341492,0.0,0.012863833457231522,0.0009940415614834383,2
13004,node,2.2215888500213623,0.0004313079116400331,0.0,2.2211575508117676,0.0,0.0009940292793476921,2
13005,graph,0.11740099638700485,0.0,0.11589406430721283,0.0,0.015069335699081421,0.000994016985086624,2
13006,graph,0.14484304189682007,0.0,0.14348022639751434,0.0,0.013628182001411915,0.0009940046787005367,2
13007,graph,0.11339970678091049,0.0,0.11205066740512848,0.0,0.013490375131368637,0.0009939923601897341,2
13008,node,3.586350917816162,0.000439398834714666,0.0,3.585911512374878,0.0,0.0009939800295545203,2
13009,graph,0.16682764887809753,0.0,0.1658150553703308,0.0,0.01012590155005455,0.0009939676867951994,2
13010,graph,0.15772773325443268,0.0,0.15672773122787476,0.0,0.009999999776482582,0.0009939553319120763,2
13011,graph,0.12097452580928802,0.0,0.11980907618999481,0.0,0.01165448036044836,0.000993942964905455,2
13012,node,2.8375766277313232,0.00035549706080928445,0.0,2.837221145629883,0.0,0.0009939305857756416,2
13013,graph,0.12920458614826202,0.0,0.1277587115764618,0.0,0.014458773657679558,0.0009939181945229408,2
13014,graph,0.18765611946582794,0.0,0.18644264340400696,0.0,0.012134813703596592,0.000993905791147659,2
13015,graph,0.1029980257153511,0.0,0.10183757543563843,0.0,0.011604477651417255,0.0009938933756501018,2
13016,node,4.592672824859619,0.0005050862673670053,0.0,4.592167854309082,0.0,0.0009938809480305756,2
13017,graph,0.1121496707201004,0.0,0.1108863353729248,0.0,0.01263333298265934,0.000993868508289387,2
13018,graph,0.20100845396518707,0.0,0.1997688263654709,0.0,0.012396269477903843,0.0009938560564268432,2
13019,graph,0.14221391081809998,0.0,0.1408180296421051,0.0,0.013958838768303394,0.0009938435924432513,2
13020,node,27.411651611328125,0.0004963854444213212,0.0,27.411155700683594,0.0,0.0009938311163389187,2
13021,graph,0.14240677654743195,0.0,0.14086008071899414,0.0,0.015466973185539246,0.0009938186281141532,2
13022,graph,0.11673286557197571,0.0,0.11515521258115768,0.0,0.01577652245759964,0.000993806127769263,2
13023,graph,0.10963544249534607,0.0,0.10828611254692078,0.0,0.01349328737705946,0.0009937936153045566,2
13024,node,2.5091323852539062,0.0004777213907800615,0.0,2.5086545944213867,0.0,0.000993781090720343,2
13025,graph,0.12717176973819733,0.0,0.12594351172447205,0.0,0.012282641604542732,0.0009937685540169308,2
13026,graph,0.11283314973115921,0.0,0.11144842952489853,0.0,0.01384718157351017,0.0009937560051946296,2
13027,graph,0.1503339260816574,0.0,0.1489398181438446,0.0,0.013941017910838127,0.0009937434442537489,2
13028,node,2.1208345890045166,0.00038704508915543556,0.0,2.1204476356506348,0.0,0.0009937308711945986,2
13029,graph,0.10886200517416,0.0,0.10767796635627747,0.0,0.011840415187180042,0.000993718286017489,2
13030,graph,0.12277863174676895,0.0,0.12153156846761703,0.0,0.012470625340938568,0.0009937056887227306,2
13031,graph,0.12424929440021515,0.0,0.12306838482618332,0.0,0.011809129267930984,0.0009936930793106342,2
13032,node,0.6433833837509155,0.00031575048342347145,0.0,0.6430676579475403,0.0,0.0009936804577815109,2
13033,graph,0.09780286997556686,0.0,0.09640747308731079,0.0,0.013953976333141327,0.0009936678241356722,2
13034,graph,0.1315135806798935,0.0,0.13037553429603577,0.0,0.01138050202280283,0.00099365517837343,2
13035,graph,0.11906257271766663,0.0,0.1179146096110344,0.0,0.011479637585580349,0.0009936425204950957,2
13036,node,0.5452709794044495,0.0004705086466856301,0.0,0.5448004603385925,0.0,0.0009936298505009824,2
13037,graph,0.15445740520954132,0.0,0.15316367149353027,0.0,0.012937272898852825,0.0009936171683914022,2
13038,graph,0.11869678646326065,0.0,0.11749099940061569,0.0,0.012057902291417122,0.0009936044741666683,2
13039,graph,0.1979667842388153,0.0,0.1968977451324463,0.0,0.010690429247915745,0.0009935917678270936,2
13040,node,4.85492467880249,0.00041609490290284157,0.0,4.854508399963379,0.0,0.000993579049372992,2
13041,graph,0.10708532482385635,0.0,0.1058465987443924,0.0,0.012387246824800968,0.000993566318804677,2
13042,graph,0.15212765336036682,0.0,0.15069672465324402,0.0,0.01430931780487299,0.000993553576122463,2
13043,graph,0.12727920711040497,0.0,0.12577921152114868,0.0,0.014999902807176113,0.000993540821326664,2
13044,node,1.6701682806015015,0.00037350034108385444,0.0,1.6697947978973389,0.0,0.0009935280544175952,2
13045,graph,0.13855411112308502,0.0,0.13710997998714447,0.0,0.014441292732954025,0.0009935152753955715,2
13046,graph,0.11445775628089905,0.0,0.1132935881614685,0.0,0.011641709133982658,0.000993502484260908,2
13047,graph,0.11313242465257645,0.0,0.11178742349147797,0.0,0.013450045138597488,0.0009934896810139201,2
13048,node,2.950390577316284,0.00047276137047447264,0.0,2.949917793273926,0.0,0.0009934768656549243,2
13049,graph,0.15082871913909912,0.0,0.14947672188282013,0.0,0.013519944623112679,0.0009934640381842365,2
13050,graph,0.1343013197183609,0.0,0.1332029402256012,0.0,0.010983842425048351,0.0009934511986021733,2
13051,graph,0.13379688560962677,0.0,0.1325150430202484,0.0,0.012818397954106331,0.0009934383469090513,2
13052,node,0.8539552092552185,0.00046105653746053576,0.0,0.8534941673278809,0.0,0.0009934254831051876,2
13053,graph,0.1367318332195282,0.0,0.13560160994529724,0.0,0.011302272789180279,0.0009934126071909,2
13054,graph,0.12016930431127548,0.0,0.11903197318315506,0.0,0.011373304761946201,0.0009933997191665057,2
13055,graph,0.13922202587127686,0.0,0.13804508745670319,0.0,0.011769313365221024,0.000993386819032323,2
13056,node,4.290668964385986,0.0003863736055791378,0.0,4.290282726287842,0.0,0.0009933739067886703,2
13057,graph,0.13682349026203156,0.0,0.13584306836128235,0.0,0.009804186411201954,0.0009933609824358657,2
13058,graph,0.1328650563955307,0.0,0.13146477937698364,0.0,0.0140027841553092,0.0009933480459742286,2
13059,graph,0.1418519914150238,0.0,0.1403118520975113,0.0,0.015401434153318405,0.000993335097404078,2
13060,node,2.9237661361694336,0.00030750082805752754,0.0,2.9234585762023926,0.0,0.0009933221367257334,2
13061,graph,0.13573406636714935,0.0,0.1344102919101715,0.0,0.01323773805052042,0.0009933091639395145,2
13062,graph,0.11668802797794342,0.0,0.11503208428621292,0.0,0.016559399664402008,0.0009932961790457416,2
13063,graph,0.10621075332164764,0.0,0.104616679251194,0.0,0.015940751880407333,0.000993283182044735,2
13064,node,3.644148349761963,0.0004082784871570766,0.0,3.643740177154541,0.0,0.0009932701729368153,2
13065,graph,0.11319074034690857,0.0,0.11196325719356537,0.0,0.012274808250367641,0.0009932571517223033,2
13066,graph,0.11688937246799469,0.0,0.11574840545654297,0.0,0.011409674771130085,0.000993244118401521,2
13067,graph,0.19138911366462708,0.0,0.1903255432844162,0.0,0.010635718703269958,0.0009932310729747892,2
13068,node,2.5805070400238037,0.00047613115748390555,0.0,2.580030918121338,0.0,0.00099321801544243,2
13069,graph,0.14540401101112366,0.0,0.1440640538930893,0.0,0.01339954137802124,0.000993204945804766,2
13070,graph,0.14726366102695465,0.0,0.14610013365745544,0.0,0.01163533702492714,0.0009931918640621194,2
13071,graph,0.20557518303394318,0.0,0.20390433073043823,0.0,0.016708482056856155,0.0009931787702148129,2
13072,node,2.371382474899292,0.0003674569888971746,0.0,2.3710150718688965,0.0,0.0009931656642631695,2
13073,graph,0.16436736285686493,0.0,0.16309981048107147,0.0,0.01267551351338625,0.0009931525462075128,2
13074,graph,0.1412823349237442,0.0,0.1396544873714447,0.0,0.01627843640744686,0.0009931394160481663,2
13075,graph,0.1301782876253128,0.0,0.12863269448280334,0.0,0.01545586995780468,0.000993126273785454,2
13076,node,0.7754896879196167,0.00040983338840305805,0.0,0.7750798463821411,0.0,0.0009931131194197004,2
13077,graph,0.15481407940387726,0.0,0.1537075638771057,0.0,0.011065199971199036,0.0009930999529512298,2
13078,graph,0.09109387546777725,0.0,0.08984680473804474,0.0,0.012470738962292671,0.0009930867743803671,2
13079,graph,0.11172660440206528,0.0,0.11047803610563278,0.0,0.012485680170357227,0.0009930735837074376,2
13080,node,1.199105978012085,0.00035908687277697027,0.0,1.198746919631958,0.0,0.0009930603809327667,2
13081,graph,0.11694053560495377,0.0,0.11558409035205841,0.0,0.013564462773501873,0.00099304716605668,2
13082,graph,0.12380058318376541,0.0,0.12242423743009567,0.0,0.013763493858277798,0.000993033939079504,2
13083,graph,0.20462487637996674,0.0,0.2031426578760147,0.0,0.01482219435274601,0.0009930207000015646,2
13084,node,2.7576663494110107,0.0005368082784116268,0.0,2.757129430770874,0.0,0.0009930074488231886,2
13085,graph,0.14702382683753967,0.0,0.1459200382232666,0.0,0.011037916876375675,0.0009929941855447032,2
13086,graph,0.17698436975479126,0.0,0.17579197883605957,0.0,0.011923869140446186,0.0009929809101664354,2
13087,graph,0.12532222270965576,0.0,0.1240878626704216,0.0,0.012343530543148518,0.0009929676226887126,2
13088,node,1.1810109615325928,0.00042258569737896323,0.0,1.1805883646011353,0.0,0.000992954323111863,2
13089,graph,0.14536575973033905,0.0,0.14385902881622314,0.0,0.01506731379777193,0.0009929410114362148,2
13090,graph,0.14928065240383148,0.0,0.1477789580821991,0.0,0.01501692458987236,0.0009929276876620963,2
13091,graph,0.09844855219125748,0.0,0.09706238657236099,0.0,0.013861660845577717,0.000992914351789836,2
13092,node,0.5158816576004028,0.00042316672625020146,0.0,0.5154584646224976,0.0,0.0009929010038197635,2
13093,graph,0.11969392001628876,0.0,0.11846998333930969,0.0,0.012239396572113037,0.0009928876437522076,2
13094,graph,0.13976360857486725,0.0,0.13840147852897644,0.0,0.013621242716908455,0.0009928742715874983,2
13095,graph,0.25340959429740906,0.0,0.251852422952652,0.0,0.01557186059653759,0.0009928608873259654,2
13096,node,0.3647628128528595,0.0005211431416682899,0.0,0.36424165964126587,0.0,0.000992847490967939,2
13097,graph,0.1959063857793808,0.0,0.1945456713438034,0.0,0.013607190921902657,0.0009928340825137501,2
13098,graph,0.15195994079113007,0.0,0.15041987597942352,0.0,0.015400721691548824,0.0009928206619637292,2
13099,graph,0.12152940779924393,0.0,0.12009751796722412,0.0,0.014318931847810745,0.0009928072293182073,2
13100,node,2.100813388824463,0.00037061492912471294,0.0,2.100442886352539,0.0,0.000992793784577516,2
13101,graph,0.14896678924560547,0.0,0.14746427536010742,0.0,0.015025094151496887,0.0009927803277419872,2
13102,graph,0.14660552144050598,0.0,0.1453240066766739,0.0,0.012815205380320549,0.0009927668588119527,2
13103,graph,0.12942232191562653,0.0,0.12804171442985535,0.0,0.013806040398776531,0.000992753377787745,2
13104,node,4.599177360534668,0.00048796072951518,0.0,4.598689556121826,0.0,0.0009927398846696965,2
13105,graph,0.17827941477298737,0.0,0.17707672715187073,0.0,0.01202686782926321,0.0009927263794581405,2
13106,graph,0.1069926768541336,0.0,0.10551650077104568,0.0,0.014761759899556637,0.00099271286215341,2
13107,graph,0.1284852921962738,0.0,0.12725669145584106,0.0,0.012285997159779072,0.0009926993327558386,2
13108,node,0.5551254153251648,0.00037665784475393593,0.0,0.5547487735748291,0.0,0.00099268579126576,2
13109,graph,0.1167796328663826,0.0,0.11545328795909882,0.0,0.013263421133160591,0.0009926722376835083,2
13110,graph,0.22101153433322906,0.0,0.2195853292942047,0.0,0.014262008480727673,0.0009926586720094182,2
13111,graph,0.12070528417825699,0.0,0.11957589536905289,0.0,0.011293892748653889,0.000992645094243824,2
13112,node,1.477135181427002,0.0005012471228837967,0.0,1.476633906364441,0.0,0.0009926315043870609,2
13113,graph,0.13946832716464996,0.0,0.13820986449718475,0.0,0.012584595009684563,0.0009926179024394644,2
13114,graph,0.1501975655555725,0.0,0.14897775650024414,0.0,0.012198075652122498,0.00099260428840137,2
13115,graph,0.12051347643136978,0.0,0.11895613372325897,0.0,0.01557343453168869,0.0009925906622731135,2
13116,node,1.1864500045776367,0.00041970110032707453,0.0,1.1860302686691284,0.0,0.0009925770240550313,2
13117,graph,0.15695977210998535,0.0,0.155416339635849,0.0,0.015434331260621548,0.0009925633737474598,2
13118,graph,0.14280307292938232,0.0,0.14132343232631683,0.0,0.014796408824622631,0.0009925497113507358,2
13119,graph,0.1398438811302185,0.0,0.13877710700035095,0.0,0.010667780414223671,0.0009925360368651965,2
13120,node,0.41674473881721497,0.00034702528500929475,0.0,0.41639772057533264,0.0,0.0009925223502911791,2
13121,graph,0.11550930887460709,0.0,0.11432419717311859,0.0,0.01185113750398159,0.0009925086516290216,2
13122,graph,0.1341233104467392,0.0,0.13279011845588684,0.0,0.013331938534975052,0.0009924949408790617,2
13123,graph,0.13775934278964996,0.0,0.13655522465705872,0.0,0.012041178531944752,0.000992481218041638,2
13124,node,1.648822546005249,0.0004849913530051708,0.0,1.6483376026153564,0.0,0.0009924674831170888,2
13125,graph,0.11928097903728485,0.0,0.1182442456483841,0.0,0.010367368347942829,0.000992453736105753,2
13126,graph,0.16773667931556702,0.0,0.16657646000385284,0.0,0.011602131649851799,0.00099243997700797,2
13127,graph,0.19201542437076569,0.0,0.19080650806427002,0.0,0.012089185416698456,0.0009924262058240794,2
13128,node,0.7835133671760559,0.00042743058293126523,0.0,0.7830859422683716,0.0,0.0009924124225544207,2
13129,graph,0.11298662424087524,0.0,0.1117972657084465,0.0,0.011893601156771183,0.000992398627199334,2
13130,graph,0.18758898973464966,0.0,0.18646612763404846,0.0,0.01122856792062521,0.0009923848197591599,2
13131,graph,0.10628491640090942,0.0,0.10500846058130264,0.0,0.012764587067067623,0.000992371000234239,2
