step,timestamp,phase,phase_count_node,phase_count_graph,avg_loss_last_10,best_loss_so_far,time_in_phase
2000,1753221292.6239429,node,1,0,0.5113885998725891,0.5113885998725891,0.0
2010,1753221298.1527965,graph,3,8,0.7251270219683648,0.1857520490884781,0.36461687088012695
2020,1753221301.8592634,node,6,15,0.5215229690074921,0.1857520490884781,0.0
2030,1753221305.4688177,graph,8,23,13.69419019818306,0.1857520490884781,0.38187193870544434
2040,1753221308.9133298,node,11,30,1.410301898419857,0.1857520490884781,0.0
2050,1753221312.333227,graph,13,38,0.5900010570883751,0.1857520490884781,0.3753476142883301
2060,1753221315.8905869,node,16,45,1.0353457093238831,0.1857520490884781,0.0
2070,1753221319.6414118,graph,18,53,0.7300356179475784,0.17028774321079254,0.3933556079864502
2080,1753221323.1275856,node,21,60,5.0178248077631,0.17028774321079254,0.0
2090,1753221326.6375782,graph,23,68,0.7319830566644668,0.17028774321079254,0.35579347610473633
2100,1753221330.217893,node,26,75,0.4612718880176544,0.17028774321079254,0.0
2110,1753221333.7420235,graph,28,83,2.2565968319773675,0.17028774321079254,0.38921570777893066
2120,1753221337.2043858,node,31,90,3.4957436993718147,0.17028774321079254,0.0
2130,1753221340.7065043,graph,33,98,0.5198831364512444,0.17028774321079254,0.33661532402038574
2140,1753221344.108284,node,36,105,1.3419094577431678,0.17028774321079254,0.0
2150,1753221347.5882008,graph,38,113,0.5783539161086082,0.17028774321079254,0.3351774215698242
2160,1753221351.09201,node,41,120,0.3639697089791298,0.17028774321079254,0.0
2170,1753221355.3420117,graph,43,128,0.5769951447844506,0.17028774321079254,0.45984768867492676
2180,1753221359.4485927,node,46,135,1.3733227118849753,0.16006094217300415,0.0
2190,1753221363.397299,graph,48,143,0.2568220183253288,0.09546884894371033,0.39570140838623047
2200,1753221367.5222604,node,51,150,0.9441727638244629,0.09546884894371033,0.0
2210,1753221371.130884,graph,53,158,0.7510851860046387,0.09546884894371033,0.34588146209716797
2220,1753221375.1906748,node,56,165,0.48305865228176115,0.09546884894371033,0.0
2230,1753221378.8372736,graph,58,173,0.3852075397968292,0.09546884894371033,0.3717000484466553
2240,1753221382.3494642,node,61,180,1.0858853116631508,0.09546884894371033,0.0
2250,1753221385.9421024,graph,63,188,0.3326362922787666,0.09546884894371033,0.357715368270874
2260,1753221389.8110294,node,66,195,0.646293132007122,0.09546884894371033,0.0
2270,1753221393.4078188,graph,68,203,0.388271701335907,0.09546884894371033,0.3595466613769531
2280,1753221397.0595546,node,71,210,0.6789683669805526,0.09546884894371033,0.0
2290,1753221400.6224573,graph,73,218,0.3685087412595749,0.09546884894371033,0.36915040016174316
2300,1753221404.2023365,node,76,225,0.7025496006011963,0.09546884894371033,0.0
2310,1753221407.8993623,graph,78,233,0.3910084366798401,0.09546884894371033,0.39693236351013184
2320,1753221411.418021,node,81,240,5.19170553535223,0.09546884894371033,0.0
2330,1753221415.0982068,graph,83,248,0.4049364671111107,0.09546884894371033,0.3546106815338135
2340,1753221418.75099,node,86,255,1.3468040809035302,0.09546884894371033,0.0
2350,1753221422.3001485,graph,88,263,0.9431325122714043,0.09546884894371033,0.3510870933532715
2360,1753221426.2460449,node,91,270,3.0215045168995855,0.09546884894371033,0.0
2370,1753221429.8949864,graph,93,278,0.3135989740490913,0.09546884894371033,0.35189390182495117
2380,1753221433.3735337,node,96,285,0.8486987739801407,0.09546884894371033,0.0
2390,1753221436.880776,graph,98,293,2.2130526676774025,0.09546884894371033,0.35498476028442383
2400,1753221440.4147005,node,101,300,1.6153998464345931,0.09546884894371033,0.0
2410,1753221443.90836,graph,103,308,0.29089211151003835,0.09546884894371033,0.35600709915161133
2420,1753221447.3957903,node,106,315,0.4607121407985687,0.09546884894371033,0.0
2430,1753221450.964847,graph,108,323,0.36340977251529694,0.09546884894371033,0.3705408573150635
2440,1753221454.4444654,node,111,330,0.6861101284623146,0.09546884894371033,0.0
2450,1753221458.0532951,graph,113,338,0.3512639582157135,0.09546884894371033,0.37288570404052734
2460,1753221461.5527513,node,116,345,0.4755967676639557,0.09546884894371033,0.0
2470,1753221465.0798807,graph,118,353,0.3502976059913635,0.09546884894371033,0.37071657180786133
2480,1753221468.6967802,node,121,360,0.6194213673472404,0.09546884894371033,0.0
2490,1753221472.4753299,graph,123,368,0.38773962408304213,0.09546884894371033,0.37009549140930176
2500,1753221476.1098206,node,126,375,0.37736666202545166,0.09546884894371033,0.0
2510,1753221479.6615033,graph,128,383,5.633756297826767,0.09546884894371033,0.37464404106140137
2520,1753221483.0796676,node,131,390,23.42048202008009,0.09546884894371033,0.0
2530,1753221486.6762226,graph,133,398,0.5591947615146637,0.09546884894371033,0.39166903495788574
2540,1753221490.1630466,node,136,405,0.35005114153027533,0.07834262400865555,0.0
2550,1753221493.5845282,graph,138,413,0.834912258386612,0.07834262400865555,0.34272336959838867
2560,1753221496.977586,node,141,420,1.404318019747734,0.07834262400865555,0.0
2570,1753221500.9406397,graph,143,428,0.624989491701126,0.07834262400865555,0.4159889221191406
2580,1753221504.9845617,node,146,435,0.4650329738855362,0.07834262400865555,0.0
2590,1753221509.0954921,graph,148,443,0.5809679090976715,0.07834262400865555,0.43772172927856445
2600,1753221512.7201052,node,151,450,0.21609907299280168,0.07834262400865555,0.0
2610,1753221516.5848315,graph,153,458,0.24040620177984237,0.07834262400865555,0.3602414131164551
2620,1753221520.293652,node,156,465,0.49276010394096376,0.07834262400865555,0.0
2630,1753221524.4749236,graph,158,473,0.8283088833093644,0.07834262400865555,0.38773488998413086
2640,1753221528.119683,node,161,480,1.1077710002660752,0.07834262400865555,0.0
2650,1753221531.9098678,graph,163,488,0.7795948967337608,0.07587490975856781,0.39571356773376465
2660,1753221535.9347713,node,166,495,0.5156609624624252,0.07587490975856781,0.0
2670,1753221540.0829933,graph,168,503,0.2502031221985817,0.07587490975856781,0.4159688949584961
2680,1753221543.73042,node,171,510,0.4229091599583626,0.07587490975856781,0.0
2690,1753221547.5917072,graph,173,518,0.4699013516306877,0.07587490975856781,0.3739197254180908
2700,1753221551.389235,node,176,525,0.3689880184829235,0.07587490975856781,0.0
2710,1753221555.354287,graph,178,533,0.23089368641376495,0.07587490975856781,0.37679290771484375
2720,1753221559.3608532,node,181,540,0.8179000809788703,0.07587490975856781,0.0
2730,1753221563.2784443,graph,183,548,0.3510261416435242,0.07587490975856781,0.40340757369995117
2740,1753221567.0057943,node,186,555,0.34510916396975516,0.044171907007694244,0.0
2750,1753221570.840359,graph,188,563,0.3743046894669533,0.044171907007694244,0.43795299530029297
2760,1753221574.560215,node,191,570,0.7717036947607994,0.044171907007694244,0.0
2770,1753221578.3196576,graph,193,578,0.5844230711460113,0.044171907007694244,0.370286226272583
2780,1753221581.980152,node,196,585,0.42365319579839705,0.044171907007694244,0.0
2790,1753221585.6905973,graph,198,593,0.2571956604719162,0.044171907007694244,0.41457223892211914
2800,1753221589.3383894,node,201,600,0.35807119607925414,0.044171907007694244,0.0
2810,1753221593.07286,graph,203,608,0.4562635213136673,0.044171907007694244,0.36470746994018555
2820,1753221596.9808345,node,206,615,1.3673547208309174,0.044171907007694244,0.0
2830,1753221602.0637214,graph,208,623,0.4406246691942215,0.044171907007694244,0.36257386207580566
2840,1753221605.6656291,node,211,630,0.4253991886973381,0.044171907007694244,0.0
2850,1753221609.253195,graph,213,638,2.4144250750541687,0.044171907007694244,0.37535715103149414
2860,1753221612.8094897,node,216,645,0.972473093867302,0.044171907007694244,0.0
2870,1753221616.5628994,graph,218,653,3.768601280450821,0.044171907007694244,0.3702867031097412
2880,1753221620.0160055,node,221,660,1.1192081198096275,0.044171907007694244,0.0
2890,1753221623.3983705,graph,223,668,0.34691180288791656,0.044171907007694244,0.31942152976989746
2900,1753221626.7408986,node,226,675,3.57582595795393,0.044171907007694244,0.0
2910,1753221630.3075325,graph,228,683,0.4641057223081589,0.044171907007694244,0.358644962310791
2920,1753221633.7672813,node,231,690,0.7448243096470832,0.044171907007694244,0.0
2930,1753221637.1508863,graph,233,698,0.792013718187809,0.044171907007694244,0.3327794075012207
2940,1753221640.6344783,node,236,705,1.147242148220539,0.044171907007694244,0.0
2950,1753221644.265055,graph,238,713,1.3519247636198997,0.044171907007694244,0.3667774200439453
2960,1753221647.7871866,node,241,720,0.43587611615657806,0.044171907007694244,0.0
2970,1753221651.3764284,graph,243,728,0.30659844875335696,0.044171907007694244,0.38427734375
2980,1753221655.0541182,node,246,735,1.367693203687668,0.044171907007694244,0.0
2990,1753221658.530824,graph,248,743,0.3146910399198532,0.044171907007694244,0.347792387008667
3000,1753221662.1488166,node,251,750,0.4260539337992668,0.044171907007694244,0.0
3010,1753221666.2838533,graph,253,758,0.35269775092601774,0.044171907007694244,0.47533583641052246
3020,1753221669.8757844,node,256,765,1.7256139501929284,0.044171907007694244,0.0
3030,1753221673.474306,graph,258,773,0.5813813790678978,0.044171907007694244,0.3753626346588135
3040,1753221676.8732505,node,261,780,9.78095871657133,0.044171907007694244,0.0
3050,1753221680.4287972,graph,263,788,0.2931849852204323,0.044171907007694244,0.349759578704834
3060,1753221684.2394097,node,266,795,0.5327294364571571,0.044171907007694244,0.0
3070,1753221688.1089942,graph,268,803,0.42369473576545713,0.044171907007694244,0.41915059089660645
3080,1753221692.030568,node,271,810,0.49383864998817445,0.044171907007694244,0.0
3090,1753221695.8309538,graph,273,818,0.32972112447023394,0.044171907007694244,0.3619835376739502
3100,1753221699.3986695,node,276,825,4.321502509713173,0.044171907007694244,0.0
3110,1753221703.0107338,graph,278,833,0.5376451045274735,0.044171907007694244,0.37900209426879883
3120,1753221706.598651,node,281,840,1.5328085198998451,0.044171907007694244,0.0
3130,1753221710.1974788,graph,283,848,0.370810966193676,0.044171907007694244,0.3433215618133545
3140,1753221713.7362163,node,286,855,0.4561000466346741,0.044171907007694244,0.0
3150,1753221717.436785,graph,288,863,0.3408142939209938,0.044171907007694244,0.3571805953979492
3160,1753221720.9883993,node,291,870,0.3551369309425354,0.044171907007694244,0.0
3170,1753221724.4946957,graph,293,878,0.2994599133729935,0.044171907007694244,0.3465254306793213
3180,1753221728.082267,node,296,885,0.4231730788946152,0.044171907007694244,0.0
3190,1753221731.7182608,graph,298,893,0.3040128588676453,0.044171907007694244,0.4157388210296631
3200,1753221735.319071,node,301,900,0.4046276494860649,0.044171907007694244,0.0
3210,1753221738.8437889,graph,303,908,1.710357341170311,0.044171907007694244,0.3854091167449951
3220,1753221742.5868285,node,306,915,0.4143959030508995,0.044171907007694244,0.0
3230,1753221746.1380436,graph,308,923,0.20829448252916336,0.044171907007694244,0.3581666946411133
3240,1753221749.7753973,node,311,930,1.5020968556404113,0.044171907007694244,0.0
3250,1753221753.7302604,graph,313,938,0.5143152549862862,0.044171907007694244,0.40163254737854004
3260,1753221757.6852303,node,316,945,0.3333135932683945,0.044171907007694244,0.0
3270,1753221761.9164305,graph,318,953,1.0279951222240924,0.044171907007694244,0.5465512275695801
3280,1753221767.0383203,node,321,960,0.5389476373791695,0.044171907007694244,0.0
3290,1753221770.7115014,graph,323,968,0.2976735636591911,0.044171907007694244,0.36936354637145996
3300,1753221774.3919547,node,326,975,0.18328674733638764,0.044171907007694244,0.0
3310,1753221777.9743984,graph,328,983,0.7745409473776818,0.044171907007694244,0.35673999786376953
3320,1753221781.5633929,node,331,990,0.6555999636650085,0.044171907007694244,0.0
3330,1753221785.1977336,graph,333,998,0.25847780480980875,0.044171907007694244,0.3965578079223633
3340,1753221788.8754654,node,336,1005,0.6017102643847465,0.044171907007694244,0.0
3350,1753221792.4515047,graph,338,1013,0.327178293466568,0.044171907007694244,0.3471701145172119
3360,1753221796.0420475,node,341,1020,0.9904242254793644,0.044171907007694244,0.0
3370,1753221799.5672553,graph,343,1028,0.8173230782151222,0.044171907007694244,0.3616175651550293
3380,1753221803.4840257,node,346,1035,0.21994223445653915,0.044171907007694244,0.0
3390,1753221807.1451,graph,348,1043,1.0844517379999161,0.044171907007694244,0.3923792839050293
3400,1753221810.7186186,node,351,1050,1.9910882800817489,0.044171907007694244,0.0
3410,1753221814.4828227,graph,353,1058,0.3446147993206978,0.044171907007694244,0.38666486740112305
3420,1753221818.1707983,node,356,1065,0.5638590715825558,0.044171907007694244,0.0
3430,1753221821.9891467,graph,358,1073,0.35830277055501936,0.044171907007694244,0.36600327491760254
3440,1753221825.8148396,node,361,1080,2.1852118983864783,0.044171907007694244,0.0
3450,1753221829.6265948,graph,363,1088,0.7742582768201828,0.044171907007694244,0.4087214469909668
3460,1753221833.174649,node,366,1095,0.5069646313786507,0.044171907007694244,0.0
3470,1753221836.916707,graph,368,1103,0.25879467874765394,0.044171907007694244,0.3900308609008789
3480,1753221840.7431335,node,371,1110,0.2535474494099617,0.044171907007694244,0.0
3490,1753221844.439803,graph,373,1118,0.4522929981350899,0.044171907007694244,0.37041759490966797
3500,1753221848.0696368,node,376,1125,0.29939338117837905,0.044171907007694244,0.0
3510,1753221851.6996417,graph,378,1133,1.8751125179231167,0.044171907007694244,0.3856794834136963
3520,1753221855.2042606,node,381,1140,0.5952571481466293,0.044171907007694244,0.0
3530,1753221858.7674432,graph,383,1148,0.3234653681516647,0.044171907007694244,0.3642234802246094
3540,1753221862.2675254,node,386,1155,3.6857333555817604,0.044171907007694244,0.0
3550,1753221865.774276,graph,388,1163,0.3439110264182091,0.044171907007694244,0.34383535385131836
3560,1753221869.282356,node,391,1170,0.4497295245528221,0.044171907007694244,0.0
3570,1753221872.9381254,graph,393,1178,0.3289144068956375,0.044171907007694244,0.3800630569458008
3580,1753221876.4986892,node,396,1185,0.3370778560638428,0.044171907007694244,0.0
3590,1753221880.083251,graph,398,1193,5.406391541659832,0.044171907007694244,0.3729681968688965
3600,1753221883.5886884,node,401,1200,0.7700283825397491,0.044171907007694244,0.0
3610,1753221887.1412787,graph,403,1208,0.4693135470151901,0.044171907007694244,0.3720085620880127
3620,1753221890.6962955,node,406,1215,0.7039286822080613,0.044171907007694244,0.0
3630,1753221894.2606108,graph,408,1223,0.38772339522838595,0.044171907007694244,0.3635091781616211
3640,1753221897.7937064,node,411,1230,0.7599885284900665,0.044171907007694244,0.0
3650,1753221901.404627,graph,413,1238,0.4402066722512245,0.044171907007694244,0.36263585090637207
3660,1753221904.889381,node,416,1245,1.0004493311047553,0.044171907007694244,0.0
3670,1753221908.4419847,graph,418,1253,0.23355711847543717,0.044171907007694244,0.35492944717407227
3680,1753221911.9681323,node,421,1260,0.2979168824851513,0.044171907007694244,0.0
3690,1753221915.6280468,graph,423,1268,0.44001465290784836,0.044171907007694244,0.38914918899536133
3700,1753221919.1775138,node,426,1275,0.5609041132032871,0.044171907007694244,0.0
3710,1753221922.8066323,graph,428,1283,0.49776612520217894,0.044171907007694244,0.3414318561553955
3720,1753221926.292413,node,431,1290,0.25055518597364423,0.044171907007694244,0.0
3730,1753221929.8193514,graph,433,1298,0.784486173838377,0.044171907007694244,0.3545069694519043
3740,1753221933.3751473,node,436,1305,1.0628236278891563,0.044171907007694244,0.0
3750,1753221936.8535733,graph,438,1313,1.0639956310391425,0.044171907007694244,0.3420398235321045
3760,1753221940.3932147,node,441,1320,0.2495865009725094,0.044171907007694244,0.0
3770,1753221943.9271464,graph,443,1328,0.6201505452394486,0.044171907007694244,0.3593266010284424
3780,1753221947.3698902,node,446,1335,0.7042112290859223,0.044171907007694244,0.0
3790,1753221950.9009953,graph,448,1343,0.43580979108810425,0.044171907007694244,0.3404109477996826
3800,1753221954.4849665,node,451,1350,0.44291253238916395,0.044171907007694244,0.0
3810,1753221958.1302557,graph,453,1358,0.31559659689664843,0.044171907007694244,0.36344051361083984
3820,1753221961.655289,node,456,1365,1.2168259903788567,0.044171907007694244,0.0
3830,1753221965.203786,graph,458,1373,0.3410774439573288,0.044171907007694244,0.3462374210357666
3840,1753221968.7978275,node,461,1380,0.7664595812559127,0.044171907007694244,0.0
3850,1753221972.4071414,graph,463,1388,0.6175625175237656,0.044171907007694244,0.3424208164215088
3860,1753221975.9476185,node,466,1395,0.5674988195300102,0.044171907007694244,0.0
3870,1753221979.561986,graph,468,1403,0.41857347190380095,0.044171907007694244,0.35497379302978516
3880,1753221983.1510818,node,471,1410,0.8878782913088799,0.044171907007694244,0.0
3890,1753221986.6922367,graph,473,1418,0.18845830708742142,0.044171907007694244,0.34801220893859863
3900,1753221990.2625132,node,476,1425,0.767109676450491,0.044171907007694244,0.0
3910,1753221993.852461,graph,478,1433,0.9470255151391029,0.044171907007694244,0.35463905334472656
3920,1753221997.412726,node,481,1440,1.1830165155231953,0.044171907007694244,0.0
3930,1753222001.0062675,graph,483,1448,0.4465151682496071,0.044171907007694244,0.3538033962249756
3940,1753222004.5250576,node,486,1455,0.4979176461696625,0.044171907007694244,0.0
3950,1753222008.0218182,graph,488,1463,0.3458781436085701,0.044171907007694244,0.35685133934020996
3960,1753222011.569636,node,491,1470,0.19396474659442903,0.044171907007694244,0.0
3970,1753222015.093545,graph,493,1478,0.49784876704216,0.044171907007694244,0.365403413772583
3980,1753222018.5116472,node,496,1485,1.7442279204726219,0.044171907007694244,0.0
3990,1753222022.0136378,graph,498,1493,0.5790806584060192,0.044171907007694244,0.36971187591552734
4000,1753222025.5246563,node,501,1500,0.6292347177863121,0.044171907007694244,0.0
4010,1753222029.6104944,graph,503,1508,0.24495436027646064,0.044171907007694244,0.3574709892272949
4020,1753222033.1509216,node,506,1515,0.971362116932869,0.044171907007694244,0.0
4030,1753222036.5841758,graph,508,1523,0.9041347473859787,0.044171907007694244,0.3422963619232178
4040,1753222040.0684197,node,511,1530,1.0855990886688232,0.044171907007694244,0.0
4050,1753222043.5763533,graph,513,1538,2.770321835577488,0.044171907007694244,0.37023472785949707
4060,1753222046.962083,node,516,1545,0.4424975723028183,0.044171907007694244,0.0
4070,1753222050.5641296,graph,518,1553,0.4015130244195461,0.044171907007694244,0.3543252944946289
4080,1753222054.0997744,node,521,1560,0.3330964967608452,0.044171907007694244,0.0
4090,1753222057.6401966,graph,523,1568,0.8679511986672879,0.044171907007694244,0.3563265800476074
4100,1753222061.1253834,node,526,1575,0.4320473983883858,0.044171907007694244,0.0
4110,1753222064.72533,graph,528,1583,0.32623113691806793,0.044171907007694244,0.364393949508667
4120,1753222068.2430756,node,531,1590,1.0530250549316407,0.044171907007694244,0.0
4130,1753222071.7979932,graph,533,1598,0.7540883347392082,0.044171907007694244,0.385235071182251
4140,1753222075.3903291,node,536,1605,0.7864999137818813,0.044171907007694244,0.0
4150,1753222078.9261572,graph,538,1613,0.30542696863412855,0.044171907007694244,0.37551069259643555
4160,1753222082.4516578,node,541,1620,0.2945109874010086,0.044171907007694244,0.0
4170,1753222085.9994342,graph,543,1628,0.49028505459427835,0.044171907007694244,0.34938621520996094
4180,1753222089.4908419,node,546,1635,5.108205571770668,0.044171907007694244,0.0
4190,1753222092.996229,graph,548,1643,0.3024809010326862,0.044171907007694244,0.3422508239746094
4200,1753222096.495844,node,551,1650,0.2184244580566883,0.044171907007694244,0.0
4210,1753222100.019556,graph,553,1658,0.689390116930008,0.044171907007694244,0.38187241554260254
4220,1753222103.6005888,node,556,1665,0.6558750428259372,0.044171907007694244,0.0
4230,1753222107.1802335,graph,558,1673,0.2619998686015606,0.044171907007694244,0.3897080421447754
4240,1753222110.762661,node,561,1680,0.3241545096039772,0.044171907007694244,0.0
4250,1753222114.263268,graph,563,1688,0.48273845613002775,0.044171907007694244,0.3708765506744385
4260,1753222117.771035,node,566,1695,0.2215558834373951,0.044171907007694244,0.0
4270,1753222121.3545234,graph,568,1703,0.7452366515994072,0.044171907007694244,0.3631899356842041
4280,1753222124.8746889,node,571,1710,9.390473507344723,0.044171907007694244,0.0
4290,1753222128.4155173,graph,573,1718,0.3232604809105396,0.044171907007694244,0.37664031982421875
4300,1753222132.0368962,node,576,1725,0.6945738784968853,0.044171907007694244,0.0
4310,1753222135.5631535,graph,578,1733,0.4461782895028591,0.044171907007694244,0.3696281909942627
4320,1753222139.1104507,node,581,1740,0.9450978897511959,0.044171907007694244,0.0
4330,1753222142.658043,graph,583,1748,0.37226865664124487,0.044171907007694244,0.3468325138092041
4340,1753222146.1306303,node,586,1755,0.6119817785918713,0.044171907007694244,0.0
4350,1753222149.7073045,graph,588,1763,0.3074130848050117,0.044171907007694244,0.3545243740081787
4360,1753222153.2898324,node,591,1770,0.42636013180017474,0.044171907007694244,0.0
4370,1753222156.8134565,graph,593,1778,0.19032519608736037,0.044171907007694244,0.35562777519226074
4380,1753222160.2248182,node,596,1785,0.3840865850448608,0.044171907007694244,0.0
4390,1753222163.73462,graph,598,1793,0.1482214592397213,0.044171907007694244,0.368927001953125
4400,1753222167.2430341,node,601,1800,0.5611026734113693,0.044171907007694244,0.0
4410,1753222170.7485015,graph,603,1808,0.19377013966441153,0.044171907007694244,0.37267470359802246
4420,1753222174.2260811,node,606,1815,0.21469859927892684,0.044171907007694244,0.0
4430,1753222177.7844265,graph,608,1823,0.1641662172973156,0.044171907007694244,0.35991549491882324
4440,1753222181.3505354,node,611,1830,0.7088279128074646,0.044171907007694244,0.0
4450,1753222184.87625,graph,613,1838,0.3264067679643631,0.044171907007694244,0.3654203414916992
4460,1753222188.3177829,node,616,1845,0.4505155012011528,0.044171907007694244,0.0
4470,1753222191.8563468,graph,618,1853,0.3500393405556679,0.044171907007694244,0.342191219329834
4480,1753222195.339142,node,621,1860,0.27503667399287224,0.044171907007694244,0.0
4490,1753222198.9018407,graph,623,1868,0.27886606082320214,0.044171907007694244,0.3575472831726074
4500,1753222202.3768487,node,626,1875,0.5273372679948807,0.044171907007694244,0.0
4510,1753222205.9638991,graph,628,1883,0.2657435372471809,0.044171907007694244,0.3680412769317627
4520,1753222209.525167,node,631,1890,0.33460895270109176,0.044171907007694244,0.0
4530,1753222213.0077,graph,633,1898,0.24399577155709268,0.044171907007694244,0.34598731994628906
4540,1753222216.3859951,node,636,1905,0.42226384580135345,0.044171907007694244,0.0
4550,1753222219.902217,graph,638,1913,0.28378756940364835,0.044171907007694244,0.37216806411743164
4560,1753222223.4118588,node,641,1920,0.29295787438750265,0.044171907007694244,0.0
4570,1753222226.8677926,graph,643,1928,0.18293699771165847,0.044171907007694244,0.34557437896728516
4580,1753222230.472597,node,646,1935,0.31077719256281855,0.044171907007694244,0.0
4590,1753222234.0463374,graph,648,1943,8.623445226997138,0.044171907007694244,0.3626542091369629
4600,1753222237.4001033,node,651,1950,0.510562602430582,0.044171907007694244,0.0
4610,1753222240.9970124,graph,653,1958,0.2192442923784256,0.044171907007694244,0.3543095588684082
4620,1753222244.5033743,node,656,1965,0.36589373722672464,0.044171907007694244,0.0
4630,1753222248.0630257,graph,658,1973,0.19119046702980996,0.044171907007694244,0.38657617568969727
4640,1753222251.578613,node,661,1980,0.257376778870821,0.044171907007694244,0.0
4650,1753222255.1010091,graph,663,1988,0.34834433868527415,0.044171907007694244,0.3507692813873291
4660,1753222258.6787453,node,666,1995,0.42366527393460274,0.044171907007694244,0.0
4670,1753222262.144585,graph,668,2003,0.527859452366829,0.044171907007694244,0.3623008728027344
4680,1753222265.6828253,node,671,2010,0.31447519510984423,0.044171907007694244,0.0
4690,1753222269.2703283,graph,673,2018,0.4437968097627163,0.044171907007694244,0.3743863105773926
4700,1753222272.832557,node,676,2025,0.5814163036644459,0.044171907007694244,0.0
4710,1753222276.4775364,graph,678,2033,6.9760546907782555,0.044171907007694244,0.3743722438812256
4720,1753222280.064916,node,681,2040,0.19704253263771535,0.044171907007694244,0.0
4730,1753222283.7244494,graph,683,2048,0.14453154280781746,0.044171907007694244,0.3708364963531494
4740,1753222287.4027898,node,686,2055,0.5895582579076291,0.044171907007694244,0.0
4750,1753222291.2779753,graph,688,2063,0.2481774501502514,0.044171907007694244,0.39143800735473633
4760,1753222294.855477,node,691,2070,0.19609779492020607,0.044171907007694244,0.0
4770,1753222298.4247808,graph,693,2078,0.24408477395772935,0.044171907007694244,0.3470649719238281
4780,1753222301.8649082,node,696,2085,4.382668887078762,0.044171907007694244,0.0
4790,1753222305.479866,graph,698,2093,2.85036858022213,0.044171907007694244,0.3836665153503418
4800,1753222309.1501174,node,701,2100,0.35188754722476007,0.044171907007694244,0.0
4810,1753222312.7538373,graph,703,2108,0.18498474471271037,0.03946033492684364,0.36913180351257324
4820,1753222316.2845693,node,706,2115,0.359007553011179,0.03946033492684364,0.0
4830,1753222319.8243835,graph,708,2123,0.24015219137072563,0.03946033492684364,0.3889503479003906
4840,1753222323.3722072,node,711,2130,0.38675558418035505,0.03946033492684364,0.0
4850,1753222327.0003633,graph,713,2138,0.3819390021264553,0.03946033492684364,0.3678758144378662
4860,1753222330.4245455,node,716,2145,0.2773526795208454,0.03946033492684364,0.0
4870,1753222333.9487228,graph,718,2153,0.27920124903321264,0.03946033492684364,0.3684873580932617
4880,1753222337.4421163,node,721,2160,0.6163418956100941,0.03946033492684364,0.0
4890,1753222341.0011246,graph,723,2168,0.12984316200017929,0.03946033492684364,0.345355749130249
4900,1753222344.502439,node,726,2175,0.31198368817567823,0.03946033492684364,0.0
4910,1753222348.0932631,graph,728,2183,1.1109954804182052,0.03946033492684364,0.3583850860595703
4920,1753222351.6805193,node,731,2190,0.25648081824183466,0.03946033492684364,0.0
4930,1753222355.2270777,graph,733,2198,1.2532928518950939,0.03946033492684364,0.3567166328430176
4940,1753222358.7697349,node,736,2205,0.2639279834926128,0.03946033492684364,0.0
4950,1753222362.3571377,graph,738,2213,0.5642475061118603,0.03946033492684364,0.36257481575012207
4960,1753222365.9294043,node,741,2220,1.0391589485108852,0.03946033492684364,0.0
4970,1753222369.608317,graph,743,2228,0.20372399166226388,0.03946033492684364,0.3581550121307373
4980,1753222373.0749102,node,746,2235,0.21906524747610093,0.03946033492684364,0.0
4990,1753222376.6580365,graph,748,2243,0.28818956911563876,0.03946033492684364,0.3775644302368164
5000,1753222380.1949208,node,751,2250,0.24934045523405074,0.03946033492684364,0.0
5010,1753222383.8065984,graph,753,2258,0.234322676807642,0.03946033492684364,0.3763716220855713
5020,1753222387.327983,node,756,2265,0.38700355812907217,0.03946033492684364,0.0
5030,1753222390.8223176,graph,758,2273,0.15464998707175254,0.03946033492684364,0.3499484062194824
5040,1753222394.3657184,node,761,2280,0.3605352625250816,0.03946033492684364,0.0
5050,1753222397.841538,graph,763,2288,0.7085195504128933,0.03946033492684364,0.3710453510284424
5060,1753222401.399104,node,766,2295,0.6545800864696503,0.03946033492684364,0.0
5070,1753222404.968672,graph,768,2303,0.3005115255713463,0.03946033492684364,0.35875558853149414
5080,1753222408.495435,node,771,2310,0.1274819128215313,0.03946033492684364,0.0
5090,1753222412.0043297,graph,773,2318,0.2283305861055851,0.03946033492684364,0.3509202003479004
5100,1753222415.6466696,node,776,2325,0.17123143523931503,0.03946033492684364,0.0
5110,1753222419.220362,graph,778,2333,0.27052871584892274,0.03946033492684364,0.3579065799713135
5120,1753222422.7150168,node,781,2340,0.2636274918913841,0.03946033492684364,0.0
5130,1753222426.2778835,graph,783,2348,1.142253465950489,0.03946033492684364,0.35449790954589844
5140,1753222429.7920327,node,786,2355,0.1842587947845459,0.03946033492684364,0.0
5150,1753222433.3877308,graph,788,2363,0.11157879009842872,0.03946033492684364,0.3746333122253418
5160,1753222436.8862128,node,791,2370,0.4373216561973095,0.03946033492684364,0.0
5170,1753222440.5196376,graph,793,2378,0.4283864922821522,0.03946033492684364,0.36103224754333496
5180,1753222443.9104333,node,796,2385,0.4582014285027981,0.03946033492684364,0.0
5190,1753222447.529093,graph,798,2393,0.26596795693039893,0.03946033492684364,0.381483793258667
5200,1753222451.1079495,node,801,2400,0.4268729083240032,0.03946033492684364,0.0
5210,1753222454.6003726,graph,803,2408,0.3193430744111538,0.03946033492684364,0.36021900177001953
5220,1753222458.1854923,node,806,2415,0.2890720635652542,0.03946033492684364,0.0
5230,1753222461.6425967,graph,808,2423,0.467528060823679,0.03946033492684364,0.35497212409973145
5240,1753222465.2317116,node,811,2430,1.3327912144362926,0.03946033492684364,0.0
5250,1753222468.8113909,graph,813,2438,0.23764837756752968,0.03946033492684364,0.36498022079467773
5260,1753222472.2668025,node,816,2445,0.21207504495978355,0.03946033492684364,0.0
5270,1753222475.8266945,graph,818,2453,0.24556712806224823,0.03946033492684364,0.34840917587280273
5280,1753222479.3642142,node,821,2460,0.3841146729886532,0.03946033492684364,0.0
5290,1753222482.8409986,graph,823,2468,0.202435764670372,0.03946033492684364,0.354891300201416
5300,1753222486.4581504,node,826,2475,0.3660981096327305,0.03946033492684364,0.0
5310,1753222489.974242,graph,828,2483,0.2833566442131996,0.03946033492684364,0.36133623123168945
5320,1753222493.5460517,node,831,2490,0.9928790904581547,0.03946033492684364,0.0
5330,1753222497.1868298,graph,833,2498,0.21468657702207566,0.03946033492684364,0.3613243103027344
5340,1753222500.7797263,node,836,2505,0.8305465541779995,0.03946033492684364,0.0
5350,1753222504.285189,graph,838,2513,0.4011710315942764,0.03946033492684364,0.3512904644012451
5360,1753222507.7619684,node,841,2520,0.19549110531806946,0.03946033492684364,0.0
5370,1753222511.3249476,graph,843,2528,0.33823360949754716,0.03946033492684364,0.3580811023712158
5380,1753222514.7263608,node,846,2535,0.17703247666358948,0.03946033492684364,0.0
5390,1753222518.2025414,graph,848,2543,3.434671640396118,0.03946033492684364,0.3798367977142334
5400,1753222521.7589343,node,851,2550,0.25856380686163905,0.03946033492684364,0.0
5410,1753222525.3130574,graph,853,2558,0.21024362072348596,0.03946033492684364,0.3558509349822998
5420,1753222528.889324,node,856,2565,0.3825404904782772,0.03946033492684364,0.0
5430,1753222532.3610356,graph,858,2573,0.46563690826296805,0.03946033492684364,0.3748910427093506
5440,1753222535.9079232,node,861,2580,0.41213263422250745,0.03946033492684364,0.0
5450,1753222539.4810343,graph,863,2588,0.1004264272749424,0.03946033492684364,0.365511417388916
5460,1753222542.8887033,node,866,2595,0.20053218230605124,0.03946033492684364,0.0
5470,1753222546.3483162,graph,868,2603,0.3448643982410431,0.03946033492684364,0.3632175922393799
5480,1753222549.9307835,node,871,2610,0.2049225851893425,0.03946033492684364,0.0
5490,1753222553.4870815,graph,873,2618,0.29185871258378027,0.03946033492684364,0.36173558235168457
5500,1753222556.949759,node,876,2625,0.1391659639775753,0.03946033492684364,0.0
5510,1753222560.4896855,graph,878,2633,0.2310566134750843,0.03946033492684364,0.3536255359649658
5520,1753222563.9304073,node,881,2640,0.6999115377664566,0.03946033492684364,0.0
5530,1753222567.518889,graph,883,2648,0.15473027005791665,0.03946033492684364,0.3591456413269043
5540,1753222571.0147755,node,886,2655,0.6665925204753875,0.03946033492684364,0.0
5550,1753222574.5307071,graph,888,2663,0.39411463886499404,0.03946033492684364,0.3562924861907959
5560,1753222577.9979339,node,891,2670,0.3050296887755394,0.03946033492684364,0.0
5570,1753222581.3976269,graph,893,2678,0.2733719527721405,0.03946033492684364,0.3597071170806885
5580,1753222584.7195904,node,896,2685,0.3702919095754623,0.03946033492684364,0.0
5590,1753222588.3265624,graph,898,2693,0.20161866918206214,0.03946033492684364,0.35770368576049805
5600,1753222591.727855,node,901,2700,0.6640617676079273,0.03946033492684364,0.0
5610,1753222595.2690365,graph,903,2708,0.31890171617269514,0.03946033492684364,0.3771824836730957
5620,1753222598.787579,node,906,2715,1.2366466239094733,0.03946033492684364,0.0
5630,1753222602.3903034,graph,908,2723,0.37665624991059304,0.03946033492684364,0.3579089641571045
5640,1753222605.9447784,node,911,2730,19.162015273422004,0.03946033492684364,0.0
5650,1753222609.466105,graph,913,2738,0.2799069546163082,0.03946033492684364,0.3678755760192871
5660,1753222612.992189,node,916,2745,0.3948947831988335,0.03946033492684364,0.0
5670,1753222616.5269394,graph,918,2753,0.1596153922379017,0.03946033492684364,0.3817174434661865
5680,1753222619.9631295,node,921,2760,0.26150360107421877,0.03946033492684364,0.0
5690,1753222623.5146387,graph,923,2768,0.11430221572518348,0.03946033492684364,0.35152721405029297
5700,1753222627.016097,node,926,2775,0.5415572002530098,0.03946033492684364,0.0
5710,1753222630.5440085,graph,928,2783,0.12457788735628128,0.03946033492684364,0.35391998291015625
5720,1753222633.9224656,node,931,2790,0.4877458870410919,0.03946033492684364,0.0
5730,1753222637.4573944,graph,933,2798,0.2967369414865971,0.03946033492684364,0.3630836009979248
5740,1753222640.887955,node,936,2805,0.5507785592228174,0.03946033492684364,0.0
5750,1753222644.6805208,graph,938,2813,0.2712519943714142,0.03946033492684364,0.58953857421875
5760,1753222648.1992047,node,941,2820,0.26137649416923525,0.03946033492684364,0.0
5770,1753222651.7798939,graph,943,2828,0.428499785810709,0.03946033492684364,0.34449195861816406
5780,1753222655.170934,node,946,2835,0.9322391979396343,0.03946033492684364,0.0
5790,1753222658.5910683,graph,948,2843,0.2872210144996643,0.03946033492684364,0.3482034206390381
5800,1753222662.1359818,node,951,2850,0.20947259441018104,0.03946033492684364,0.0
5810,1753222665.6475391,graph,953,2858,0.1390315242111683,0.03946033492684364,0.361736536026001
5820,1753222669.1076021,node,956,2865,0.7441905736923218,0.03946033492684364,0.0
5830,1753222672.5678914,graph,958,2873,0.2704127304255962,0.03946033492684364,0.36315250396728516
5840,1753222676.155889,node,961,2880,0.2155709110200405,0.03946033492684364,0.0
5850,1753222679.7249951,graph,963,2888,1.1778124697506427,0.03946033492684364,0.3724327087402344
5860,1753222683.1331758,node,966,2895,1.405011960864067,0.03946033492684364,0.0
5870,1753222686.5759194,graph,968,2903,0.27030506581068037,0.03946033492684364,0.338897705078125
5880,1753222690.0786452,node,971,2910,0.4780280262231827,0.03946033492684364,0.0
5890,1753222693.6205888,graph,973,2918,0.14240218251943587,0.03946033492684364,0.3359229564666748
5900,1753222697.2411819,node,976,2925,0.14158987998962402,0.03946033492684364,0.0
5910,1753222700.783517,graph,978,2933,0.23744970113039016,0.03946033492684364,0.3620457649230957
5920,1753222704.3305244,node,981,2940,0.23078220188617707,0.03946033492684364,0.0
5930,1753222707.8352685,graph,983,2948,1.1111039407551289,0.03946033492684364,0.353130578994751
5940,1753222711.3529317,node,986,2955,0.2098547711968422,0.03946033492684364,0.0
5950,1753222714.885982,graph,988,2963,1.8302793361246585,0.03946033492684364,0.37121129035949707
5960,1753222718.4546497,node,991,2970,0.9509883016347885,0.03946033492684364,0.0
5970,1753222722.03737,graph,993,2978,0.2288537137210369,0.03946033492684364,0.3594832420349121
5980,1753222725.5986161,node,996,2985,0.5389325603842735,0.03946033492684364,0.0
5990,1753222729.1444678,graph,998,2993,0.12917801067233087,0.03946033492684364,0.3716614246368408
6000,1753222732.622872,node,1001,3000,1.0905575163662433,0.03946033492684364,0.0
6010,1753222736.4608185,graph,1003,3008,0.44339065477252004,0.03946033492684364,0.36708950996398926
6020,1753222739.9899676,node,1006,3015,0.7295885980129242,0.03946033492684364,0.0
6030,1753222743.4376123,graph,1008,3023,0.12634214982390404,0.03946033492684364,0.344404935836792
6040,1753222746.9074214,node,1011,3030,0.17571914047002793,0.03946033492684364,0.0
6050,1753222750.46213,graph,1013,3038,0.13353826701641083,0.03946033492684364,0.353518009185791
6060,1753222753.8374102,node,1016,3045,0.2978112518787384,0.03946033492684364,0.0
6070,1753222757.48881,graph,1018,3053,0.3457068413496017,0.03946033492684364,0.3588271141052246
6080,1753222760.9573967,node,1021,3060,0.3401525430381298,0.03946033492684364,0.0
6090,1753222764.485607,graph,1023,3068,1.8574297241866589,0.03946033492684364,0.3757593631744385
6100,1753222768.0294216,node,1026,3075,0.35153614208102224,0.03946033492684364,0.0
6110,1753222771.5935893,graph,1028,3083,0.13432046622037888,0.03946033492684364,0.35137104988098145
6120,1753222775.1237626,node,1031,3090,1.0460696876049043,0.03946033492684364,0.0
6130,1753222778.607158,graph,1033,3098,0.101226756721735,0.03946033492684364,0.35366034507751465
6140,1753222782.0664558,node,1036,3105,0.632023623585701,0.03946033492684364,0.0
6150,1753222785.5914555,graph,1038,3113,0.13898651227355002,0.03946033492684364,0.3625345230102539
6160,1753222789.0529096,node,1041,3120,0.4826432392001152,0.03946033492684364,0.0
6170,1753222792.6018164,graph,1043,3128,0.6573874674737453,0.03946033492684364,0.3476693630218506
6180,1753222796.0241897,node,1046,3135,1.3907648757100106,0.03946033492684364,0.0
6190,1753222799.6552293,graph,1048,3143,0.08934948332607746,0.03946033492684364,0.3531200885772705
6200,1753222803.1659465,node,1051,3150,1.2697077438235282,0.03946033492684364,0.0
6210,1753222806.7295122,graph,1053,3158,0.12060800343751907,0.03946033492684364,0.3550536632537842
6220,1753222810.253763,node,1056,3165,0.47995576485991476,0.03946033492684364,0.0
6230,1753222813.805203,graph,1058,3173,0.1226099506020546,0.03946033492684364,0.3678760528564453
6240,1753222817.2791958,node,1061,3180,0.2204309806227684,0.03946033492684364,0.0
6250,1753222820.7955732,graph,1063,3188,0.29325890988111497,0.03946033492684364,0.3561069965362549
6260,1753222824.3120403,node,1066,3195,0.21606233045458795,0.03946033492684364,0.0
6270,1753222827.9165342,graph,1068,3203,0.3708907462656498,0.03946033492684364,0.35378074645996094
6280,1753222831.3155131,node,1071,3210,0.8069102369248867,0.03946033492684364,0.0
6290,1753222834.8093646,graph,1073,3218,0.5360579125583171,0.03946033492684364,0.37595629692077637
6300,1753222838.3364482,node,1076,3225,0.23457794189453124,0.03946033492684364,0.0
6310,1753222841.7309844,graph,1078,3233,0.2052715927362442,0.03946033492684364,0.33936285972595215
6320,1753222845.1429584,node,1081,3240,0.16765174120664597,0.03946033492684364,0.0
6330,1753222848.7717018,graph,1083,3248,0.16225064769387246,0.03946033492684364,0.3822915554046631
6340,1753222852.4432573,node,1086,3255,0.4888212628662586,0.03946033492684364,0.0
6350,1753222855.886253,graph,1088,3263,0.2956304505467415,0.03946033492684364,0.3684256076812744
6360,1753222859.5729852,node,1091,3270,0.2166956380009651,0.03946033492684364,0.0
6370,1753222863.2733774,graph,1093,3278,0.16563993319869041,0.03946033492684364,0.3593471050262451
6380,1753222866.7174323,node,1096,3285,0.8543590135872364,0.03946033492684364,0.0
6390,1753222870.3185382,graph,1098,3293,0.16080649867653846,0.03946033492684364,0.34990406036376953
6400,1753222873.8924162,node,1101,3300,1.2588159292936325,0.03946033492684364,0.0
6410,1753222877.3866937,graph,1103,3308,0.12321550995111466,0.03946033492684364,0.3609585762023926
6420,1753222880.9583552,node,1106,3315,0.4448106251657009,0.03946033492684364,0.0
6430,1753222884.700148,graph,1108,3323,0.23403004556894302,0.03946033492684364,0.35851335525512695
6440,1753222888.2863688,node,1111,3330,0.13862957432866096,0.03946033492684364,0.0
6450,1753222892.3530226,graph,1113,3338,0.20829323008656503,0.03946033492684364,0.38009190559387207
6460,1753222896.0197582,node,1116,3345,0.14104907289147378,0.03946033492684364,0.0
6470,1753222900.079186,graph,1118,3353,0.13665599673986434,0.03946033492684364,0.4349961280822754
6480,1753222905.2345657,node,1121,3360,0.16472880467772483,0.03946033492684364,0.0
6490,1753222908.8842053,graph,1123,3368,0.5155274994671345,0.03946033492684364,0.37890100479125977
6500,1753222912.5652373,node,1126,3375,0.44982129484415057,0.03946033492684364,0.0
6510,1753222916.056514,graph,1128,3383,0.22861265763640404,0.03946033492684364,0.3362874984741211
6520,1753222919.4844701,node,1131,3390,1.4232508659362793,0.03946033492684364,0.0
6530,1753222922.8976157,graph,1133,3398,0.6753784336149693,0.03946033492684364,0.35505056381225586
6540,1753222926.3857186,node,1136,3405,0.8108467720448971,0.03946033492684364,0.0
6550,1753222930.0977094,graph,1138,3413,0.1572344571352005,0.03946033492684364,0.38666415214538574
6560,1753222934.021601,node,1141,3420,0.21291125416755677,0.03946033492684364,0.0
6570,1753222937.9287167,graph,1143,3428,0.17957219630479812,0.03946033492684364,0.382199764251709
6580,1753222942.607296,node,1146,3435,0.31244979351758956,0.03946033492684364,0.0
6590,1753222947.0360174,graph,1148,3443,1.048483556509018,0.03946033492684364,0.3515617847442627
6600,1753222950.7038722,node,1151,3450,0.15033902674913407,0.03946033492684364,0.0
6610,1753222954.3808732,graph,1153,3458,0.20986227542161942,0.03946033492684364,0.36577606201171875
6620,1753222958.035833,node,1156,3465,0.6219264380633831,0.03946033492684364,0.0
6630,1753222961.6649344,graph,1158,3473,0.08986991345882415,0.03946033492684364,0.39648890495300293
6640,1753222965.2789125,node,1161,3480,0.1839253656566143,0.03946033492684364,0.0
6650,1753222969.0667422,graph,1163,3488,0.30472489073872566,0.03946033492684364,0.5138916969299316
6660,1753222972.7927809,node,1166,3495,0.4304323099553585,0.03946033492684364,0.0
6670,1753222976.38433,graph,1168,3503,0.15907510593533516,0.03946033492684364,0.361041784286499
6680,1753222979.9806633,node,1171,3510,0.7291332393884659,0.03946033492684364,0.0
6690,1753222983.5584447,graph,1173,3518,1.310531622171402,0.03946033492684364,0.3919386863708496
6700,1753222987.112293,node,1176,3525,1.2430221386253835,0.03946033492684364,0.0
6710,1753222990.637296,graph,1178,3533,0.1378214254975319,0.03946033492684364,0.3370475769042969
6720,1753222994.0688572,node,1181,3540,0.30568784214556216,0.03946033492684364,0.0
6730,1753222997.6400635,graph,1183,3548,0.2306014284491539,0.03946033492684364,0.3408849239349365
6740,1753223000.9675195,node,1186,3555,0.3394091039896011,0.03946033492684364,0.0
6750,1753223004.3451183,graph,1188,3563,0.2205500893294811,0.03946033492684364,0.3276069164276123
6760,1753223007.567268,node,1191,3570,0.49606544971466066,0.03946033492684364,0.0
6770,1753223011.012481,graph,1193,3578,0.26126799285411834,0.03946033492684364,0.3897113800048828
6780,1753223014.458358,node,1196,3585,0.4646853547543287,0.03603362664580345,0.0
6790,1753223017.887452,graph,1198,3593,0.3107085533440113,0.03603362664580345,0.3533937931060791
6800,1753223021.2069607,node,1201,3600,0.7250853843986989,0.03603362664580345,0.0
6810,1753223024.7348964,graph,1203,3608,10.134647743403912,0.03603362664580345,0.35326528549194336
6820,1753223028.1294782,node,1206,3615,0.9117966704070568,0.03603362664580345,0.0
6830,1753223031.5637248,graph,1208,3623,0.18288680911064148,0.03603362664580345,0.3651280403137207
6840,1753223034.9669392,node,1211,3630,0.6013163685798645,0.03603362664580345,0.0
6850,1753223038.3306177,graph,1213,3638,2.3468302257359026,0.03603362664580345,0.33524107933044434
6860,1753223041.754057,node,1216,3645,0.20028460323810576,0.03603362664580345,0.0
6870,1753223045.2177565,graph,1218,3653,0.19024764224886895,0.03603362664580345,0.3433802127838135
6880,1753223048.7130675,node,1221,3660,0.1843329705297947,0.03603362664580345,0.0
6890,1753223052.307598,graph,1223,3668,0.18148909136652946,0.03603362664580345,0.373471736907959
6900,1753223055.9437366,node,1226,3675,0.19098397791385652,0.03603362664580345,0.0
6910,1753223059.506623,graph,1228,3683,0.321939705312252,0.03603362664580345,0.368549108505249
6920,1753223063.109077,node,1231,3690,0.4286418750882149,0.03603362664580345,0.0
6930,1753223066.7036827,graph,1233,3698,0.28262516409158706,0.03603362664580345,0.37375926971435547
6940,1753223070.2984114,node,1236,3705,0.2563204288482666,0.03603362664580345,0.0
6950,1753223073.8506885,graph,1238,3713,0.3278030402958393,0.03603362664580345,0.38597583770751953
6960,1753223077.4139655,node,1241,3720,0.30376858487725256,0.03603362664580345,0.0
6970,1753223081.1416545,graph,1243,3728,0.14983174428343773,0.03603362664580345,0.3996763229370117
6980,1753223084.8210027,node,1246,3735,0.22586654648184776,0.03603362664580345,0.0
6990,1753223088.5104556,graph,1248,3743,1.6401460856199264,0.03603362664580345,0.3878476619720459
7000,1753223092.2181704,node,1251,3750,0.2989854171872139,0.03603362664580345,0.0
7010,1753223095.8073812,graph,1253,3758,0.12019633799791336,0.03603362664580345,0.37358951568603516
7020,1753223099.499924,node,1256,3765,0.45349574238061907,0.03603362664580345,0.0
7030,1753223103.1702063,graph,1258,3773,0.6379220373928547,0.03603362664580345,0.35300159454345703
7040,1753223106.8359601,node,1261,3780,0.23427794873714447,0.0357002392411232,0.0
7050,1753223110.3759162,graph,1263,3788,0.27636006027460097,0.0357002392411232,0.3551011085510254
7060,1753223113.808259,node,1266,3795,0.26545075997710227,0.0357002392411232,0.0
7070,1753223117.2953663,graph,1268,3803,0.14400452896952629,0.0357002392411232,0.34936094284057617
7080,1753223120.83492,node,1271,3810,0.1509929932653904,0.0357002392411232,0.0
7090,1753223124.2546628,graph,1273,3818,0.08988749533891678,0.0357002392411232,0.348186731338501
7100,1753223127.7199357,node,1276,3825,0.22667754702270032,0.0357002392411232,0.0
7110,1753223131.3049939,graph,1278,3833,0.14252472147345543,0.0357002392411232,0.3623802661895752
7120,1753223134.8567557,node,1281,3840,0.8561667069792748,0.0357002392411232,0.0
7130,1753223138.3664951,graph,1283,3848,0.3019117251038551,0.0357002392411232,0.35729146003723145
7140,1753223141.758091,node,1286,3855,0.23221514523029327,0.0357002392411232,0.0
7150,1753223145.1777077,graph,1288,3863,0.47373643293976786,0.0357002392411232,0.34946680068969727
7160,1753223148.5448399,node,1291,3870,0.35672014206647873,0.0357002392411232,0.0
7170,1753223152.0285063,graph,1293,3878,0.22790675535798072,0.0357002392411232,0.3597750663757324
7180,1753223155.3875988,node,1296,3885,0.40796287804841996,0.0357002392411232,0.0
7190,1753223158.8332005,graph,1298,3893,0.21862446293234825,0.0357002392411232,0.34802722930908203
7200,1753223162.496046,node,1301,3900,0.2520174518227577,0.0357002392411232,0.0
7210,1753223166.176271,graph,1303,3908,0.1778228797018528,0.0357002392411232,0.3649637699127197
7220,1753223169.8028712,node,1306,3915,0.11557848528027534,0.0357002392411232,0.0
7230,1753223173.4426277,graph,1308,3923,0.12366029992699623,0.0357002392411232,0.3649735450744629
7240,1753223176.9296305,node,1311,3930,0.9599010169506073,0.0357002392411232,0.0
7250,1753223180.5758183,graph,1313,3938,0.12022862955927849,0.0357002392411232,0.3625984191894531
7260,1753223183.9900653,node,1316,3945,0.46249081268906594,0.0357002392411232,0.0
7270,1753223187.4341307,graph,1318,3953,0.23742069825530052,0.0357002392411232,0.34075498580932617
7280,1753223190.7717278,node,1321,3960,0.473120629042387,0.0357002392411232,0.0
7290,1753223194.1648593,graph,1323,3968,0.33574845641851425,0.0357002392411232,0.33638596534729004
7300,1753223197.6034636,node,1326,3975,0.15368295833468437,0.0357002392411232,0.0
7310,1753223201.0497882,graph,1328,3983,0.22822078168392182,0.0357002392411232,0.34845566749572754
7320,1753223204.3200083,node,1331,3990,1.5808601647615432,0.0357002392411232,0.0
7330,1753223207.6929963,graph,1333,3998,0.09781129285693169,0.0357002392411232,0.3558347225189209
7340,1753223211.198668,node,1336,4005,0.12773005962371825,0.0357002392411232,0.0
7350,1753223214.5584555,graph,1338,4013,0.1293952539563179,0.0357002392411232,0.34268879890441895
7360,1753223217.9142344,node,1341,4020,0.4579640541225672,0.0357002392411232,0.0
7370,1753223221.3147364,graph,1343,4028,0.4426154039800167,0.0357002392411232,0.3443174362182617
7380,1753223224.7180061,node,1346,4035,0.17930712271481752,0.02544313110411167,0.0
7390,1753223228.0923018,graph,1348,4043,3.483381077647209,0.02544313110411167,0.3568120002746582
7400,1753223231.473862,node,1351,4050,0.320148017257452,0.02544313110411167,0.0
7410,1753223234.9526212,graph,1353,4058,0.1275886081159115,0.02544313110411167,0.34749317169189453
7420,1753223238.3357537,node,1356,4065,0.3253537565469742,0.02544313110411167,0.0
7430,1753223241.7415378,graph,1358,4073,0.2084827870130539,0.02544313110411167,0.33575940132141113
7440,1753223245.2035708,node,1361,4080,0.6176467530429364,0.02544313110411167,0.0
7450,1753223248.5260813,graph,1363,4088,1.0249218687415123,0.02544313110411167,0.334275484085083
7460,1753223252.0463307,node,1366,4095,0.218646240234375,0.02544313110411167,0.0
7470,1753223255.407761,graph,1368,4103,1.0975367337465287,0.02544313110411167,0.3549790382385254
7480,1753223258.9359696,node,1371,4110,0.2023129142820835,0.02544313110411167,0.0
7490,1753223262.4437814,graph,1373,4118,1.0284841313958168,0.02544313110411167,0.3593635559082031
7500,1753223266.0654662,node,1376,4125,0.31959207393229006,0.02544313110411167,0.0
7510,1753223269.4965115,graph,1378,4133,0.27997749820351603,0.02544313110411167,0.3467285633087158
7520,1753223273.1407673,node,1381,4140,0.8322396712377668,0.02544313110411167,0.0
7530,1753223276.6719565,graph,1383,4148,0.09224134385585785,0.02544313110411167,0.3761000633239746
7540,1753223280.2108917,node,1386,4155,0.45608143173158167,0.02544313110411167,0.0
7550,1753223283.6030028,graph,1388,4163,3.2522972717881204,0.02544313110411167,0.3518648147583008
7560,1753223287.0802205,node,1391,4170,0.16231588795781135,0.02544313110411167,0.0
7570,1753223290.6429787,graph,1393,4178,0.11214458234608174,0.02544313110411167,0.37727808952331543
7580,1753223294.146944,node,1396,4185,0.6376030765473842,0.02544313110411167,0.0
7590,1753223297.771797,graph,1398,4193,0.09396791383624077,0.02544313110411167,0.3745718002319336
7600,1753223301.2380643,node,1401,4200,0.9829450324177742,0.02544313110411167,0.0
7610,1753223304.7484572,graph,1403,4208,0.620277114957571,0.02544313110411167,0.3685746192932129
7620,1753223308.299264,node,1406,4215,0.39517315812408926,0.02544313110411167,0.0
7630,1753223311.7741706,graph,1408,4223,0.20185436308383942,0.02544313110411167,0.3461945056915283
7640,1753223315.2320216,node,1411,4230,0.12282520160079002,0.02544313110411167,0.0
7650,1753223318.8710864,graph,1413,4238,0.7504404447972775,0.02544313110411167,0.3578970432281494
7660,1753223322.3242908,node,1416,4245,0.397186116874218,0.02544313110411167,0.0
7670,1753223325.8157158,graph,1418,4253,0.12077405452728271,0.02544313110411167,0.3614668846130371
7680,1753223329.3884308,node,1421,4260,11.020803641527891,0.02544313110411167,0.0
7690,1753223332.850271,graph,1423,4268,0.7484896793961525,0.02544313110411167,0.3528881072998047
7700,1753223336.342363,node,1426,4275,0.3322377659380436,0.02544313110411167,0.0
7710,1753223339.878579,graph,1428,4283,0.5492108799517155,0.02544313110411167,0.36215901374816895
7720,1753223343.382233,node,1431,4290,0.20142730921506882,0.02544313110411167,0.0
7730,1753223347.0001707,graph,1433,4298,0.10454577207565308,0.02544313110411167,0.37560176849365234
7740,1753223350.8025846,node,1436,4305,0.7880293600261211,0.02544313110411167,0.0
7750,1753223354.6125822,graph,1438,4313,0.12714933194220066,0.02544313110411167,0.357088565826416
7760,1753223358.115913,node,1441,4320,0.8983993194997311,0.02544313110411167,0.0
7770,1753223361.6742456,graph,1443,4328,0.08498495183885098,0.02544313110411167,0.3528740406036377
7780,1753223365.1610668,node,1446,4335,0.2983453556895256,0.02544313110411167,0.0
7790,1753223368.8132026,graph,1448,4343,0.19870211258530618,0.02544313110411167,0.3771648406982422
7800,1753223372.2268083,node,1451,4350,0.2575337117537856,0.02544313110411167,0.0
7810,1753223375.7868443,graph,1453,4358,0.7303876675665378,0.02544313110411167,0.37155890464782715
7820,1753223379.319969,node,1456,4365,0.7358290009200573,0.02544313110411167,0.0
7830,1753223382.8277183,graph,1458,4373,0.11009451299905777,0.02544313110411167,0.3779876232147217
7840,1753223386.4181564,node,1461,4380,0.10112563073635102,0.02544313110411167,0.0
7850,1753223389.9618833,graph,1463,4388,0.24342260733246804,0.02544313110411167,0.3570694923400879
7860,1753223393.6389802,node,1466,4395,0.892851010710001,0.02544313110411167,0.0
7870,1753223397.1944785,graph,1468,4403,0.8964319013059139,0.02544313110411167,0.37140798568725586
7880,1753223400.7172973,node,1471,4410,0.17898995876312257,0.02544313110411167,0.0
7890,1753223404.3727298,graph,1473,4418,0.10704141519963742,0.02544313110411167,0.3714768886566162
7900,1753223407.8940504,node,1476,4425,0.471170112118125,0.02544313110411167,0.0
7910,1753223411.5425873,graph,1478,4433,0.46123610958456995,0.02544313110411167,0.3784193992614746
7920,1753223415.1172903,node,1481,4440,0.7396963685750961,0.02544313110411167,0.0
7930,1753223418.883024,graph,1483,4448,0.2735457167029381,0.02544313110411167,0.36289095878601074
7940,1753223422.4057987,node,1486,4455,0.17858874574303626,0.02544313110411167,0.0
7950,1753223426.0634487,graph,1488,4463,0.10999626070261001,0.02544313110411167,0.3879547119140625
7960,1753223429.5916836,node,1491,4470,1.3708042800426483,0.02544313110411167,0.0
7970,1753223433.1345484,graph,1493,4478,0.15399895757436752,0.02544313110411167,0.36499762535095215
7980,1753223436.5872626,node,1496,4485,1.261372758075595,0.02544313110411167,0.0
7990,1753223440.259356,graph,1498,4493,0.57666817009449,0.02544313110411167,0.3840517997741699
8000,1753223443.9532468,node,1501,4500,0.6641561999917031,0.02544313110411167,0.0
8010,1753223447.9049237,graph,1503,4508,0.20789099782705306,0.02544313110411167,0.38379859924316406
8020,1753223451.3932924,node,1506,4515,0.08216329663991928,0.02544313110411167,0.0
8030,1753223454.9398565,graph,1508,4523,0.08119877129793167,0.02544313110411167,0.3471353054046631
8040,1753223458.4688156,node,1511,4530,0.2688083626329899,0.02544313110411167,0.0
8050,1753223462.0751069,graph,1513,4538,0.13045056872069835,0.02544313110411167,0.373140811920166
8060,1753223465.6224923,node,1516,4545,0.10469452291727066,0.02544313110411167,0.0
8070,1753223469.1622384,graph,1518,4553,0.24124445840716363,0.02544313110411167,0.348952054977417
8080,1753223472.671746,node,1521,4560,1.4471982322633266,0.02544313110411167,0.0
8090,1753223476.1842957,graph,1523,4568,0.14840698018670082,0.02544313110411167,0.3545544147491455
8100,1753223479.5466611,node,1526,4575,0.1248666938394308,0.02544313110411167,0.0
8110,1753223483.1441891,graph,1528,4583,0.27401359379291534,0.02544313110411167,0.3941538333892822
8120,1753223486.9321582,node,1531,4590,0.13670922219753265,0.02544313110411167,0.0
8130,1753223490.578175,graph,1533,4598,0.11764153763651848,0.02544313110411167,0.3657670021057129
8140,1753223494.2133946,node,1536,4605,0.7496224425733089,0.02544313110411167,0.0
8150,1753223498.0733678,graph,1538,4613,0.3321762654930353,0.02544313110411167,0.36510729789733887
8160,1753223501.5479825,node,1541,4620,0.18522862754762173,0.02544313110411167,0.0
8170,1753223505.20205,graph,1543,4628,0.15768884383141996,0.02544313110411167,0.40340447425842285
8180,1753223508.6962662,node,1546,4635,0.24987707361578942,0.02544313110411167,0.0
8190,1753223512.2830403,graph,1548,4643,0.11464634388685227,0.02544313110411167,0.34903407096862793
8200,1753223515.793168,node,1551,4650,0.2355830080807209,0.02544313110411167,0.0
8210,1753223519.2874873,graph,1553,4658,0.1485960565507412,0.02544313110411167,0.35656237602233887
8220,1753223523.128401,node,1556,4665,0.10548744462430477,0.02544313110411167,0.0
8230,1753223526.9494872,graph,1558,4673,1.836209987103939,0.02544313110411167,0.3820211887359619
8240,1753223530.8240774,node,1561,4680,1.6276478692889214,0.02544313110411167,0.0
8250,1753223535.6724494,graph,1563,4688,0.2505835972726345,0.02544313110411167,0.3516550064086914
8260,1753223539.1206796,node,1566,4695,0.08011283613741398,0.02544313110411167,0.0
8270,1753223542.7308347,graph,1568,4703,0.08405208624899388,0.02544313110411167,0.37226152420043945
8280,1753223546.2462778,node,1571,4710,0.27050010226666926,0.02544313110411167,0.0
8290,1753223549.7238202,graph,1573,4718,0.4340337075293064,0.02544313110411167,0.3523101806640625
8300,1753223553.2097654,node,1576,4725,0.2831409275531769,0.02544313110411167,0.0
8310,1753223556.8027313,graph,1578,4733,0.1007651187479496,0.02544313110411167,0.35763049125671387
8320,1753223560.2476723,node,1581,4740,0.46492225155234335,0.02544313110411167,0.0
8330,1753223563.8413703,graph,1583,4748,0.232544257119298,0.02544313110411167,0.3691070079803467
8340,1753223567.3190866,node,1586,4755,0.23171311244368553,0.02544313110411167,0.0
8350,1753223571.0136573,graph,1588,4763,0.09778099656105041,0.02544313110411167,0.3625783920288086
8360,1753223574.763789,node,1591,4770,0.3546777367591858,0.02544313110411167,0.0
8370,1753223578.3187282,graph,1593,4778,0.3770066246390343,0.02544313110411167,0.37456560134887695
8380,1753223581.9664276,node,1596,4785,0.7019726119935512,0.02544313110411167,0.0
8390,1753223585.6378524,graph,1598,4793,0.2543399818241596,0.02544313110411167,0.3900754451751709
8400,1753223589.1483333,node,1601,4800,0.8182276502251625,0.02544313110411167,0.0
8410,1753223592.7594094,graph,1603,4808,0.2049998499453068,0.02544313110411167,0.35744595527648926
8420,1753223596.37703,node,1606,4815,0.13299551829695702,0.02544313110411167,0.0
8430,1753223599.9988003,graph,1608,4823,0.25012480057775976,0.02544313110411167,0.35672855377197266
8440,1753223603.6522012,node,1611,4830,0.12381945475935936,0.02544313110411167,0.0
8450,1753223607.223096,graph,1613,4838,0.1893529187887907,0.02544313110411167,0.3764376640319824
8460,1753223610.7955546,node,1616,4845,0.13078189436346294,0.02544313110411167,0.0
8470,1753223614.23594,graph,1618,4853,0.17631065994501113,0.02544313110411167,0.3721013069152832
8480,1753223617.735854,node,1621,4860,0.12123897820711135,0.02544313110411167,0.0
8490,1753223621.2357452,graph,1623,4868,0.17544692680239676,0.02544313110411167,0.3522803783416748
8500,1753223624.7353659,node,1626,4875,0.44492111504077914,0.02544313110411167,0.0
8510,1753223628.2290564,graph,1628,4883,0.15760450139641763,0.02544313110411167,0.3566014766693115
8520,1753223631.7427325,node,1631,4890,0.19195915721356868,0.02544313110411167,0.0
8530,1753223635.3444536,graph,1633,4898,0.11136038936674594,0.02544313110411167,0.3798027038574219
8540,1753223638.9046052,node,1636,4905,1.2103012334555387,0.02544313110411167,0.0
8550,1753223642.5005043,graph,1638,4913,0.16671001687645912,0.02544313110411167,0.36855316162109375
8560,1753223646.104573,node,1641,4920,0.12912151627242566,0.02544313110411167,0.0
8570,1753223649.6330585,graph,1643,4928,0.1641825672239065,0.02544313110411167,0.3542797565460205
8580,1753223653.1504729,node,1646,4935,0.35722461715340614,0.02544313110411167,0.0
8590,1753223656.6910186,graph,1648,4943,0.1424449723213911,0.02544313110411167,0.37106823921203613
8600,1753223660.1457336,node,1651,4950,0.2909199044108391,0.02544313110411167,0.0
8610,1753223663.7143166,graph,1653,4958,0.5397744439542294,0.02544313110411167,0.3681967258453369
8620,1753223667.2732468,node,1656,4965,1.5479239277541637,0.02544313110411167,0.0
8630,1753223670.740259,graph,1658,4973,0.1396514117717743,0.02544313110411167,0.34641480445861816
8640,1753223674.1576211,node,1661,4980,0.7253142319619655,0.02544313110411167,0.0
8650,1753223677.8076084,graph,1663,4988,0.42450150810182097,0.02544313110411167,0.36220312118530273
8660,1753223681.2842004,node,1666,4995,0.30301220938563345,0.02544313110411167,0.0
8670,1753223684.7167983,graph,1668,5003,6.135248583555222,0.02544313110411167,0.3424956798553467
8680,1753223688.1773784,node,1671,5010,0.5017051130533219,0.02544313110411167,0.0
8690,1753223691.7074845,graph,1673,5018,1.0164193041622638,0.02544313110411167,0.3654818534851074
8700,1753223695.2103598,node,1676,5025,0.19520318806171416,0.02544313110411167,0.0
8710,1753223698.820931,graph,1678,5033,0.20288557857275008,0.02544313110411167,0.3643009662628174
8720,1753223702.3143625,node,1681,5040,0.2772569268941879,0.02544313110411167,0.0
8730,1753223705.886458,graph,1683,5048,0.5081245891749859,0.02544313110411167,0.37829065322875977
8740,1753223709.4302316,node,1686,5055,1.088400311022997,0.02544313110411167,0.0
8750,1753223713.0107937,graph,1688,5063,0.607871326431632,0.02544313110411167,0.3832378387451172
8760,1753223716.499661,node,1691,5070,0.13994750678539275,0.02544313110411167,0.0
8770,1753223720.1114159,graph,1693,5078,1.1873304471373558,0.02544313110411167,0.35165905952453613
8780,1753223723.6206417,node,1696,5085,0.21735580489039422,0.02544313110411167,0.0
8790,1753223727.2418065,graph,1698,5093,0.2830095339566469,0.02544313110411167,0.36386799812316895
8800,1753223730.7433944,node,1701,5100,0.08332710117101669,0.02544313110411167,0.0
8810,1753223734.2888582,graph,1703,5108,0.38468926176428797,0.02544313110411167,0.3479757308959961
8820,1753223737.8803563,node,1706,5115,0.25204469710588456,0.02544313110411167,0.0
8830,1753223741.373235,graph,1708,5123,0.10943441689014435,0.02544313110411167,0.3371748924255371
8840,1753223744.8354266,node,1711,5130,0.15401820540428163,0.018357954919338226,0.0
8850,1753223748.3788095,graph,1713,5138,0.3848857946693897,0.018357954919338226,0.37249064445495605
8860,1753223751.8990378,node,1716,5145,3.973723566532135,0.018357954919338226,0.0
8870,1753223755.4945781,graph,1718,5153,0.09394908137619495,0.018357954919338226,0.3836941719055176
8880,1753223759.028839,node,1721,5160,0.333102622628212,0.018357954919338226,0.0
8890,1753223762.6250606,graph,1723,5168,0.24920279011130334,0.018357954919338226,0.3673386573791504
8900,1753223766.1371799,node,1726,5175,0.10911345146596432,0.018357954919338226,0.0
8910,1753223769.6663094,graph,1728,5183,0.12788124568760395,0.018357954919338226,0.3673131465911865
8920,1753223773.2959905,node,1731,5190,0.34005346335470676,0.018357954919338226,0.0
8930,1753223776.8873706,graph,1733,5198,0.18627599626779556,0.018357954919338226,0.355344295501709
8940,1753223780.44549,node,1736,5205,0.9881978660821915,0.018357954919338226,0.0
8950,1753223783.975162,graph,1738,5213,0.7061680715531111,0.018357954919338226,0.3496582508087158
8960,1753223787.563038,node,1741,5220,0.14793623350560664,0.018357954919338226,0.0
8970,1753223791.1317248,graph,1743,5228,0.4497827835381031,0.018357954919338226,0.3696165084838867
8980,1753223794.648125,node,1746,5235,0.14127468094229698,0.018357954919338226,0.0
8990,1753223798.237668,graph,1748,5243,0.17307755015790463,0.018357954919338226,0.3618950843811035
9000,1753223801.728405,node,1751,5250,0.38987772464752196,0.018357954919338226,0.0
9010,1753223805.3060443,graph,1753,5258,0.09208495393395424,0.018357954919338226,0.3727447986602783
9020,1753223808.8107536,node,1756,5265,0.466994571685791,0.018357954919338226,0.0
9030,1753223812.4301624,graph,1758,5273,0.2219712682068348,0.018357954919338226,0.3780510425567627
9040,1753223816.049237,node,1761,5280,0.10397665575146675,0.018357954919338226,0.0
9050,1753223819.6328156,graph,1763,5288,0.11919590197503567,0.018357954919338226,0.3595621585845947
9060,1753223823.2543566,node,1766,5295,0.12131707593798638,0.018357954919338226,0.0
9070,1753223826.8255043,graph,1768,5303,0.4400839999318123,0.018357954919338226,0.35266685485839844
9080,1753223830.5742493,node,1771,5310,0.15901362672448158,0.018357954919338226,0.0
9090,1753223834.1054463,graph,1773,5318,0.4707837045192719,0.018357954919338226,0.339705228805542
9100,1753223837.6372764,node,1776,5325,0.3248992942273617,0.018357954919338226,0.0
9110,1753223841.14094,graph,1778,5333,0.27167984656989574,0.018357954919338226,0.3439624309539795
9120,1753223844.737818,node,1781,5340,2.447348291054368,0.018357954919338226,0.0
9130,1753223848.2929974,graph,1783,5348,0.2948169283568859,0.018357954919338226,0.3643455505371094
9140,1753223851.8213687,node,1786,5355,0.5227334842085838,0.018357954919338226,0.0
9150,1753223855.444782,graph,1788,5363,0.30092870257794857,0.018357954919338226,0.3866307735443115
9160,1753223858.915081,node,1791,5370,0.18043462187051773,0.018357954919338226,0.0
9170,1753223862.5177486,graph,1793,5378,0.23283937349915504,0.018357954919338226,0.3699510097503662
9180,1753223865.939642,node,1796,5385,4.575052097067237,0.018357954919338226,0.0
9190,1753223869.4400604,graph,1798,5393,0.13119498677551747,0.018357954919338226,0.3583357334136963
9200,1753223872.9651105,node,1801,5400,0.4887582749128342,0.018357954919338226,0.0
9210,1753223876.5047536,graph,1803,5408,0.13263778239488602,0.018357954919338226,0.35489368438720703
9220,1753223880.0682368,node,1806,5415,0.615543146431446,0.018357954919338226,0.0
9230,1753223883.6017761,graph,1808,5423,0.23300013244152068,0.018357954919338226,0.38942599296569824
9240,1753223887.100282,node,1811,5430,0.6694504376500845,0.018357954919338226,0.0
9250,1753223890.7173526,graph,1813,5438,0.10656979847699403,0.018357954919338226,0.37758421897888184
9260,1753223894.1813211,node,1816,5445,0.3396892750635743,0.018357954919338226,0.0
9270,1753223897.7496922,graph,1818,5453,0.2143522769212723,0.018357954919338226,0.3750765323638916
9280,1753223901.4581988,node,1821,5460,21.913018186204134,0.018357954919338226,0.0
9290,1753223904.9290686,graph,1823,5468,0.22639231756329536,0.018357954919338226,0.39923739433288574
9300,1753223908.6756928,node,1826,5475,0.21985529661178588,0.018357954919338226,0.0
9310,1753223912.4044526,graph,1828,5483,0.09607547856867313,0.018357954919338226,0.3968207836151123
9320,1753223916.0528119,node,1831,5490,0.22448880784213543,0.018357954919338226,0.0
9330,1753223919.821736,graph,1833,5498,0.08943550437688827,0.018357954919338226,0.37210965156555176
9340,1753223923.4189746,node,1836,5505,0.09024707078933716,0.018357954919338226,0.0
9350,1753223927.195174,graph,1838,5513,0.07491103261709213,0.018357954919338226,0.4133789539337158
9360,1753223930.8666847,node,1841,5520,0.19434731006622313,0.018357954919338226,0.0
9370,1753223934.7642965,graph,1843,5528,0.2673457361757755,0.018357954919338226,0.3719940185546875
9380,1753223938.497615,node,1846,5535,0.24065290465950967,0.018357954919338226,0.0
9390,1753223942.5219724,graph,1848,5543,0.16543592922389508,0.018357954919338226,0.4409945011138916
9400,1753223946.504277,node,1851,5550,0.35336729399859906,0.018357954919338226,0.0
9410,1753223950.4284723,graph,1853,5558,1.6809418622404337,0.018357954919338226,0.37386155128479004
9420,1753223954.4425209,node,1856,5565,0.7909185163676739,0.018357954919338226,0.0
9430,1753223958.3803616,graph,1858,5573,0.11174147427082062,0.018357954919338226,0.4117906093597412
9440,1753223962.3235872,node,1861,5580,0.3843654215335846,0.018357954919338226,0.0
9450,1753223966.2314026,graph,1863,5588,0.5939929924905301,0.018357954919338226,0.4328174591064453
9460,1753223970.153498,node,1866,5595,0.10749394781887531,0.018357954919338226,0.0
9470,1753223974.009369,graph,1868,5603,0.2200009874999523,0.018357954919338226,0.41191911697387695
9480,1753223977.8728502,node,1871,5610,0.5215921696275473,0.018357954919338226,0.0
9490,1753223981.8085163,graph,1873,5618,0.18365248367190362,0.018357954919338226,0.36506152153015137
9500,1753223985.5090404,node,1876,5625,0.08668816536664962,0.018357954919338226,0.0
9510,1753223989.2763147,graph,1878,5633,0.39364425987005236,0.018357954919338226,0.37001991271972656
9520,1753223993.4890006,node,1881,5640,0.5801620937883853,0.018357954919338226,0.0
9530,1753223997.334257,graph,1883,5648,0.19174338206648828,0.018357954919338226,0.39713501930236816
9540,1753224001.2476413,node,1886,5655,0.23075398840010167,0.018357954919338226,0.0
9550,1753224005.1051233,graph,1888,5663,0.1699828416109085,0.018357954919338226,0.4001755714416504
9560,1753224008.7767372,node,1891,5670,1.1214003689587115,0.018357954919338226,0.0
9570,1753224012.522597,graph,1893,5678,0.18796033300459386,0.018357954919338226,0.3743891716003418
9580,1753224016.1845927,node,1896,5685,0.32637032866477966,0.018357954919338226,0.0
9590,1753224019.8446522,graph,1898,5693,0.3484948791563511,0.018357954919338226,0.3586726188659668
9600,1753224023.6771636,node,1901,5700,0.19134336076676844,0.018357954919338226,0.0
9610,1753224027.4129176,graph,1903,5708,0.09990322142839432,0.018357954919338226,0.358783483505249
9620,1753224031.0978875,node,1906,5715,0.35335714295506476,0.018357954919338226,0.0
9630,1753224034.8345108,graph,1908,5723,0.15161999985575675,0.018357954919338226,0.3858966827392578
9640,1753224038.4941568,node,1911,5730,0.7332029592245817,0.018357954919338226,0.0
9650,1753224042.4307735,graph,1913,5738,0.0728877354413271,0.016486115753650665,0.38371849060058594
9660,1753224046.171007,node,1916,5745,0.14014286920428276,0.016486115753650665,0.0
9670,1753224050.0239477,graph,1918,5753,0.10823550298810006,0.016486115753650665,0.38474512100219727
9680,1753224053.9448915,node,1921,5760,0.5874494731426239,0.016486115753650665,0.0
9690,1753224057.8331509,graph,1923,5768,0.15340407937765121,0.016486115753650665,0.35871195793151855
9700,1753224061.6433065,node,1926,5775,0.23776740171015262,0.016486115753650665,0.0
9710,1753224065.335382,graph,1928,5783,0.0862872164696455,0.016486115753650665,0.3516557216644287
9720,1753224069.0832129,node,1931,5790,0.43818174190819265,0.016486115753650665,0.0
9730,1753224072.932371,graph,1933,5798,0.08603991977870465,0.016486115753650665,0.4015383720397949
9740,1753224076.7974343,node,1936,5805,0.13731757029891015,0.016486115753650665,0.0
9750,1753224080.5663395,graph,1938,5813,0.12448592856526375,0.016486115753650665,0.3959920406341553
9760,1753224084.7498875,node,1941,5820,0.49904460869729517,0.016486115753650665,0.0
9770,1753224089.2515075,graph,1943,5828,0.08149044141173363,0.016486115753650665,0.39933037757873535
9780,1753224093.9066923,node,1946,5835,0.32368679605424405,0.016486115753650665,0.0
9790,1753224097.9822493,graph,1948,5843,0.4106789492070675,0.016486115753650665,0.3786923885345459
9800,1753224101.9895508,node,1951,5850,0.1847674958407879,0.016486115753650665,0.0
9810,1753224105.919897,graph,1953,5858,0.18243556767702102,0.016486115753650665,0.4307131767272949
9820,1753224109.8226814,node,1956,5865,0.14468176662921906,0.016486115753650665,0.0
9830,1753224113.7620332,graph,1958,5873,0.3643250323832035,0.016486115753650665,0.41963624954223633
9840,1753224117.6441028,node,1961,5880,0.2480306878685951,0.016486115753650665,0.0
9850,1753224121.6321182,graph,1963,5888,0.3069022290408611,0.016486115753650665,0.4038102626800537
9860,1753224125.6110272,node,1966,5895,0.47760030031204226,0.016486115753650665,0.0
9870,1753224129.525138,graph,1968,5903,0.4832450788468122,0.016486115753650665,0.3804819583892822
9880,1753224133.357463,node,1971,5910,0.22297086492180823,0.016486115753650665,0.0
9890,1753224137.1751475,graph,1973,5918,0.20454130060970782,0.016486115753650665,0.40146684646606445
9900,1753224140.95411,node,1976,5925,7.196646708995104,0.014969617128372192,0.0
9910,1753224144.9009728,graph,1978,5933,0.09655173607170582,0.014969617128372192,0.45945143699645996
9920,1753224149.2736502,node,1981,5940,0.13287953436374664,0.014969617128372192,0.0
9930,1753224153.0688736,graph,1983,5948,0.09816183745861054,0.014969617128372192,0.38910508155822754
9940,1753224157.0359905,node,1986,5955,0.19832859355956317,0.014969617128372192,0.0
9950,1753224161.0049057,graph,1988,5963,0.3854407764971256,0.014969617128372192,0.3645024299621582
9960,1753224164.938268,node,1991,5970,0.3938735149800777,0.014969617128372192,0.0
9970,1753224168.8877213,graph,1993,5978,0.40239606946706774,0.014969617128372192,0.4042999744415283
9980,1753224172.5141532,node,1996,5985,0.41574349254369736,0.014969617128372192,0.0
9990,1753224176.3744774,graph,1998,5993,0.08557653948664665,0.014969617128372192,0.3777484893798828
10000,1753224180.4270651,node,2001,6000,0.30065555721521375,0.014969617128372192,0.0
10010,1753224184.9624805,graph,2003,6008,0.0765614278614521,0.014969617128372192,0.3805274963378906
10020,1753224189.049642,node,2006,6015,0.6688082475215197,0.014969617128372192,0.0
10030,1753224193.4503133,graph,2008,6023,0.2145831309258938,0.014969617128372192,0.428203821182251
10040,1753224198.380383,node,2011,6030,0.8864885486662388,0.014969617128372192,0.0
10050,1753224203.027746,graph,2013,6038,2.4438983548432587,0.014969617128372192,0.4400331974029541
10060,1753224208.0377903,node,2016,6045,0.08483467884361744,0.014969617128372192,0.0
10070,1753224213.5486705,graph,2018,6053,1.4339206092059613,0.014969617128372192,0.42150354385375977
10080,1753224217.5680819,node,2021,6060,0.32465158626437185,0.014969617128372192,0.0
10090,1753224221.6565065,graph,2023,6068,0.19044439271092414,0.014969617128372192,0.35141491889953613
10100,1753224226.0152888,node,2026,6075,0.10373140014708042,0.014969617128372192,0.0
10110,1753224230.0561066,graph,2028,6083,0.08970402665436268,0.014969617128372192,0.4170725345611572
10120,1753224233.9284136,node,2031,6090,0.16931582968682052,0.011272041127085686,0.0
10130,1753224237.9482586,graph,2033,6098,18.961977748572828,0.011272041127085686,0.38954663276672363
10140,1753224241.9227278,node,2036,6105,0.1363410284742713,0.011272041127085686,0.0
10150,1753224245.9657545,graph,2038,6113,0.2745896130800247,0.011272041127085686,0.513146162033081
10160,1753224250.7166088,node,2041,6120,0.7990783620625734,0.011272041127085686,0.0
10170,1753224254.9582741,graph,2043,6128,0.14257244095206262,0.011272041127085686,0.5133020877838135
10180,1753224258.8564954,node,2046,6135,0.15002646297216415,0.011272041127085686,0.0
10190,1753224263.1513863,graph,2048,6143,0.09565123952925206,0.011272041127085686,0.4299285411834717
10200,1753224267.0734766,node,2051,6150,1.9301581546664237,0.011272041127085686,0.0
10210,1753224271.0882597,graph,2053,6158,0.14880729503929616,0.011272041127085686,0.42059898376464844
10220,1753224275.0299704,node,2056,6165,0.46299476996064187,0.011272041127085686,0.0
10230,1753224278.9186633,graph,2058,6173,0.13860733881592752,0.011272041127085686,0.3586726188659668
10240,1753224282.4641953,node,2061,6180,0.23150053210556507,0.011272041127085686,0.0
10250,1753224286.1849847,graph,2063,6188,0.1340830311179161,0.011272041127085686,0.4533815383911133
10260,1753224290.178301,node,2066,6195,0.0760225074365735,0.011272041127085686,0.0
10270,1753224294.002726,graph,2068,6203,0.08294892124831676,0.011272041127085686,0.39154911041259766
10280,1753224297.7598674,node,2071,6210,0.15206180289387702,0.011272041127085686,0.0
10290,1753224301.4829392,graph,2073,6218,0.20572482934221625,0.011272041127085686,0.3535897731781006
10300,1753224305.1378953,node,2076,6225,0.17433407586067914,0.011272041127085686,0.0
10310,1753224308.9234364,graph,2078,6233,0.08603794872760773,0.011272041127085686,0.38140869140625
10320,1753224312.6094308,node,2081,6240,0.14491873383522033,0.011272041127085686,0.0
10330,1753224316.5336504,graph,2083,6248,0.19179227128624915,0.011272041127085686,0.4192016124725342
10340,1753224320.2471273,node,2086,6255,0.13084616363048554,0.011272041127085686,0.0
10350,1753224323.9933882,graph,2088,6263,0.11950650662183762,0.011272041127085686,0.38935208320617676
10360,1753224327.8876102,node,2091,6270,0.09947612434625626,0.011272041127085686,0.0
10370,1753224331.6388986,graph,2093,6278,0.11919692195951939,0.011272041127085686,0.3642385005950928
10380,1753224335.3877764,node,2096,6285,0.29720094949007037,0.011272041127085686,0.0
10390,1753224339.1267653,graph,2098,6293,0.2737274274230003,0.011272041127085686,0.37987327575683594
10400,1753224342.877783,node,2101,6300,0.25729009695351124,0.011272041127085686,0.0
10410,1753224346.6610894,graph,2103,6308,0.7639518599957228,0.011272041127085686,0.3891897201538086
10420,1753224350.4475079,node,2106,6315,3.715501382574439,0.011272041127085686,0.0
10430,1753224354.2012663,graph,2108,6323,0.30358583852648735,0.011272041127085686,0.37601256370544434
10440,1753224358.0090163,node,2111,6330,0.5244643870741129,0.011272041127085686,0.0
10450,1753224361.8616133,graph,2113,6338,0.19878785386681558,0.011272041127085686,0.3785359859466553
10460,1753224365.6208615,node,2116,6345,0.2531942117959261,0.011272041127085686,0.0
10470,1753224369.4305334,graph,2118,6353,0.7910387814044952,0.011272041127085686,0.39447689056396484
10480,1753224373.1276073,node,2121,6360,1.1281096309423446,0.011272041127085686,0.0
10490,1753224376.8792672,graph,2123,6368,0.13532090615481138,0.011272041127085686,0.3921663761138916
10500,1753224380.5515494,node,2126,6375,0.28830789029598236,0.011272041127085686,0.0
10510,1753224384.2328613,graph,2128,6383,0.10887917391955852,0.011272041127085686,0.3753170967102051
10520,1753224388.0532682,node,2131,6390,1.244228409230709,0.011272041127085686,0.0
10530,1753224391.8405154,graph,2133,6398,0.08964082859456539,0.011272041127085686,0.36217808723449707
10540,1753224395.8458412,node,2136,6405,0.13022749684751034,0.011272041127085686,0.0
10550,1753224399.8424058,graph,2138,6413,0.8493097051978111,0.011272041127085686,0.38661646842956543
10560,1753224403.5906613,node,2141,6420,0.6712576858699322,0.011272041127085686,0.0
10570,1753224407.6067505,graph,2143,6428,0.06781415715813637,0.011272041127085686,0.42908787727355957
10580,1753224411.4932518,node,2146,6435,0.40830187425017356,0.011272041127085686,0.0
10590,1753224415.2990417,graph,2148,6443,0.28770175389945507,0.011272041127085686,0.3768320083618164
10600,1753224419.0110145,node,2151,6450,0.12286908812820911,0.011272041127085686,0.0
10610,1753224422.7899702,graph,2153,6458,0.12895734384655952,0.011272041127085686,0.37769317626953125
10620,1753224426.7324314,node,2156,6465,0.2625163417309523,0.011272041127085686,0.0
10630,1753224430.5676837,graph,2158,6473,0.09017330761998892,0.011272041127085686,0.3805525302886963
10640,1753224434.3129556,node,2161,6480,0.19390921369194986,0.011272041127085686,0.0
10650,1753224438.1211867,graph,2163,6488,0.2541693840175867,0.011272041127085686,0.40398693084716797
10660,1753224441.9400241,node,2166,6495,0.120240955427289,0.011272041127085686,0.0
10670,1753224445.7113457,graph,2168,6503,0.5068023283034563,0.011272041127085686,0.39473938941955566
10680,1753224449.6142702,node,2171,6510,0.21382143311202526,0.011272041127085686,0.0
10690,1753224453.447448,graph,2173,6518,0.15839911326766015,0.011272041127085686,0.3749818801879883
10700,1753224457.2533026,node,2176,6525,0.09484979920089245,0.011272041127085686,0.0
10710,1753224461.0626168,graph,2178,6533,0.1699874322861433,0.011272041127085686,0.39106249809265137
10720,1753224464.7519426,node,2181,6540,0.22921907622367144,0.011272041127085686,0.0
10730,1753224468.4740753,graph,2183,6548,0.2378224078565836,0.011272041127085686,0.4073147773742676
10740,1753224472.2702138,node,2186,6555,2.6774048008024693,0.011272041127085686,0.0
10750,1753224475.9134252,graph,2188,6563,0.33993939571082593,0.011272041127085686,0.3546640872955322
10760,1753224479.7399783,node,2191,6570,0.30266497293487193,0.011272041127085686,0.0
10770,1753224483.5109954,graph,2193,6578,0.5916255362331867,0.011272041127085686,0.3613755702972412
10780,1753224487.265252,node,2196,6585,0.13053949577733875,0.011272041127085686,0.0
10790,1753224491.1104174,graph,2198,6593,0.5332659848034382,0.011272041127085686,0.4004979133605957
10800,1753224494.7544212,node,2201,6600,0.23471312336623668,0.011272041127085686,0.0
10810,1753224498.4671998,graph,2203,6608,0.07519616596400738,0.011272041127085686,0.37897801399230957
10820,1753224502.0455358,node,2206,6615,0.4174988314509392,0.011272041127085686,0.0
10830,1753224505.7152162,graph,2208,6623,0.4621169101446867,0.011272041127085686,0.36275339126586914
10840,1753224509.3486521,node,2211,6630,0.9682216107845306,0.011272041127085686,0.0
10850,1753224513.2108018,graph,2213,6638,0.11705298572778702,0.011272041127085686,0.4483816623687744
10860,1753224516.8779788,node,2216,6645,0.25029222713783383,0.010292896069586277,0.0
10870,1753224520.5449028,graph,2218,6653,1.6252533458173275,0.010292896069586277,0.3514516353607178
10880,1753224524.2726688,node,2221,6660,0.5428161811083555,0.010292896069586277,0.0
10890,1753224528.1141844,graph,2223,6668,0.3255367148667574,0.010292896069586277,0.3974437713623047
10900,1753224531.9281843,node,2226,6675,0.11712928228080273,0.010292896069586277,0.0
10910,1753224535.9204748,graph,2228,6683,0.28538009338080883,0.010292896069586277,0.4246237277984619
10920,1753224539.7901535,node,2231,6690,0.3159149892628193,0.010292896069586277,0.0
10930,1753224543.568049,graph,2233,6698,0.20099567547440528,0.010292896069586277,0.39672374725341797
10940,1753224547.4500544,node,2236,6705,0.19776676520705222,0.010292896069586277,0.0
10950,1753224551.2361236,graph,2238,6713,0.19951426833868027,0.010292896069586277,0.3868293762207031
10960,1753224555.1626663,node,2241,6720,0.214979350566864,0.010292896069586277,0.0
10970,1753224559.0655153,graph,2243,6728,0.19142565317451954,0.010292896069586277,0.39050722122192383
10980,1753224562.943204,node,2246,6735,5.743255641311407,0.010292896069586277,0.0
10990,1753224567.0159264,graph,2248,6743,0.18889138735830785,0.010292896069586277,0.41343116760253906
11000,1753224571.122836,node,2251,6750,0.2572048306465149,0.010292896069586277,0.0
11010,1753224575.157842,graph,2253,6758,0.09578197672963143,0.010292896069586277,0.39663267135620117
11020,1753224578.987126,node,2256,6765,0.17474824674427508,0.010292896069586277,0.0
11030,1753224583.1058676,graph,2258,6773,0.1196578536182642,0.010292896069586277,0.38987255096435547
11040,1753224587.101304,node,2261,6780,0.21477074027061463,0.010292896069586277,0.0
11050,1753224591.2054098,graph,2263,6788,0.3378652114421129,0.010292896069586277,0.36397528648376465
11060,1753224595.1906664,node,2266,6795,0.22485168203711509,0.010292896069586277,0.0
11070,1753224599.2897654,graph,2268,6803,0.08503560200333596,0.010292896069586277,0.4166557788848877
11080,1753224603.2322142,node,2271,6810,0.2834837922826409,0.010292896069586277,0.0
11090,1753224607.1721487,graph,2273,6818,0.7753126237541437,0.010292896069586277,0.3929324150085449
11100,1753224610.9414284,node,2276,6825,0.2589768446981907,0.010292896069586277,0.0
11110,1753224614.8017478,graph,2278,6833,0.07384797185659409,0.010292896069586277,0.4388856887817383
11120,1753224618.809611,node,2281,6840,0.07476584501564502,0.010292896069586277,0.0
11130,1753224622.694845,graph,2283,6848,0.23442204408347606,0.010292896069586277,0.36529064178466797
11140,1753224626.604872,node,2286,6855,0.18706919737160205,0.010292896069586277,0.0
11150,1753224630.7762623,graph,2288,6863,0.09883182421326638,0.010292896069586277,0.4359118938446045
11160,1753224634.618061,node,2291,6870,0.12791152894496918,0.010292896069586277,0.0
11170,1753224638.6977954,graph,2293,6878,0.3115249660797417,0.010207151062786579,0.42647695541381836
11180,1753224642.4956248,node,2296,6885,0.08383593950420618,0.010207151062786579,0.0
11190,1753224646.3743353,graph,2298,6893,0.08808941692113877,0.010207151062786579,0.38130664825439453
11200,1753224650.338102,node,2301,6900,0.4126323662698269,0.010207151062786579,0.0
11210,1753224654.3005755,graph,2303,6908,0.10794429816305637,0.010207151062786579,0.3862478733062744
11220,1753224658.26406,node,2306,6915,3.809011184424162,0.010207151062786579,0.0
11230,1753224662.169763,graph,2308,6923,0.07031659111380577,0.010207151062786579,0.39894556999206543
11240,1753224666.2581623,node,2311,6930,0.4674744546413422,0.010207151062786579,0.0
11250,1753224670.366765,graph,2313,6938,0.6018023014068603,0.010207151062786579,0.4111607074737549
11260,1753224674.3309283,node,2316,6945,0.09179358817636966,0.010207151062786579,0.0
11270,1753224678.5093584,graph,2318,6953,0.0826253566890955,0.010207151062786579,0.38800930976867676
11280,1753224682.5605652,node,2321,6960,0.1852635435760021,0.010207151062786579,0.0
11290,1753224686.9779422,graph,2323,6968,0.40149464309215543,0.010207151062786579,0.3999035358428955
11300,1753224691.0612133,node,2326,6975,0.23860462866723536,0.010207151062786579,0.0
11310,1753224694.8165615,graph,2328,6983,0.09414254687726498,0.010207151062786579,0.3938114643096924
11320,1753224698.4542646,node,2331,6990,0.11474983394145966,0.010207151062786579,0.0
11330,1753224701.9477642,graph,2333,6998,0.09960649982094764,0.010207151062786579,0.35232996940612793
11340,1753224705.6632082,node,2336,7005,0.1292884647846222,0.010207151062786579,0.0
11350,1753224709.9326112,graph,2338,7013,0.06805339492857457,0.010207151062786579,0.4228241443634033
11360,1753224713.930433,node,2341,7020,0.07701829187572003,0.010207151062786579,0.0
11370,1753224717.7269547,graph,2343,7028,0.11237341389060021,0.010207151062786579,0.3876149654388428
11380,1753224721.7520905,node,2346,7035,1.3727142307907343,0.010207151062786579,0.0
11390,1753224725.5979526,graph,2348,7043,0.1764298237860203,0.010207151062786579,0.40351033210754395
11400,1753224729.3596075,node,2351,7050,0.10234852060675621,0.010207151062786579,0.0
11410,1753224733.1867416,graph,2353,7058,0.3040876440703869,0.010207151062786579,0.3779873847961426
11420,1753224736.9130487,node,2356,7065,0.16549164708703756,0.010207151062786579,0.0
11430,1753224740.7447865,graph,2358,7073,0.4492039311677217,0.010207151062786579,0.3670022487640381
11440,1753224744.5169032,node,2361,7080,0.4129391325637698,0.010207151062786579,0.0
11450,1753224748.3063931,graph,2363,7088,0.0882650926709175,0.010207151062786579,0.37636613845825195
11460,1753224752.1209962,node,2366,7095,1.4156484358012675,0.010207151062786579,0.0
11470,1753224755.9449637,graph,2368,7103,0.591448287665844,0.010207151062786579,0.439100980758667
11480,1753224759.794696,node,2371,7110,0.262001047283411,0.010207151062786579,0.0
11490,1753224763.6911552,graph,2373,7118,0.13014175668358802,0.010207151062786579,0.4044921398162842
11500,1753224767.4226513,node,2376,7125,0.07588615026324988,0.010207151062786579,0.0
11510,1753224771.2386806,graph,2378,7133,0.21789466626942158,0.010207151062786579,0.34174036979675293
11520,1753224775.573524,node,2381,7140,0.42241339534521105,0.010207151062786579,0.0
11530,1753224779.52762,graph,2383,7148,0.09692836664617062,0.010207151062786579,0.3704507350921631
11540,1753224783.2086973,node,2386,7155,0.49515577889978885,0.010207151062786579,0.0
11550,1753224786.9710457,graph,2388,7163,0.28546990975737574,0.010207151062786579,0.389538049697876
11560,1753224790.8828526,node,2391,7170,0.1517802607268095,0.010207151062786579,0.0
11570,1753224794.6072104,graph,2393,7178,0.5162146642804146,0.010207151062786579,0.38095569610595703
11580,1753224798.5854397,node,2396,7185,0.1625819392502308,0.010207151062786579,0.0
11590,1753224802.4585779,graph,2398,7193,0.2471163108944893,0.010207151062786579,0.3608815670013428
11600,1753224806.3131294,node,2401,7200,0.3876803036779165,0.010207151062786579,0.0
11610,1753224810.2421358,graph,2403,7208,0.2144024010747671,0.010207151062786579,0.37344908714294434
11620,1753224814.1127071,node,2406,7215,0.5640406545251608,0.010207151062786579,0.0
11630,1753224817.938675,graph,2408,7223,0.07367462925612926,0.010207151062786579,0.35401296615600586
11640,1753224821.7828345,node,2411,7230,0.32384174801409243,0.010207151062786579,0.0
11650,1753224825.5388498,graph,2413,7238,0.14818920865654944,0.010207151062786579,0.3740673065185547
11660,1753224829.5932493,node,2416,7245,0.1942081369459629,0.010207151062786579,0.0
11670,1753224833.430482,graph,2418,7253,0.1776002997532487,0.010207151062786579,0.3920753002166748
11680,1753224837.4193418,node,2421,7260,0.8068404823541642,0.010207151062786579,0.0
11690,1753224841.5228145,graph,2423,7268,0.11998126208782196,0.010207151062786579,0.40332651138305664
11700,1753224845.4623225,node,2426,7275,0.8564277146011591,0.010207151062786579,0.0
11710,1753224849.5133955,graph,2428,7283,0.4357418019324541,0.010207151062786579,0.382885217666626
11720,1753224853.3757288,node,2431,7290,0.25963650941848754,0.010207151062786579,0.0
11730,1753224857.2755346,graph,2433,7298,0.15430101081728936,0.010207151062786579,0.3850536346435547
11740,1753224861.230151,node,2436,7305,0.43025712855160236,0.010207151062786579,0.0
11750,1753224864.8939936,graph,2438,7313,0.5871942639350891,0.010207151062786579,0.41591668128967285
11760,1753224868.6252644,node,2441,7320,0.18417781591415405,0.010207151062786579,0.0
11770,1753224872.359582,graph,2443,7328,0.4234102666378021,0.010207151062786579,0.35396599769592285
11780,1753224875.883558,node,2446,7335,0.16410587206482888,0.010207151062786579,0.0
11790,1753224879.4686794,graph,2448,7343,0.11831118538975716,0.010207151062786579,0.34836363792419434
11800,1753224883.082123,node,2451,7350,0.1339173588901758,0.010207151062786579,0.0
11810,1753224886.8156326,graph,2453,7358,0.07514076232910157,0.010207151062786579,0.3950181007385254
11820,1753224890.6549625,node,2456,7365,0.06931408531963826,0.010207151062786579,0.0
11830,1753224894.7440753,graph,2458,7373,0.26922074630856513,0.010207151062786579,0.35672807693481445
11840,1753224898.6609352,node,2461,7380,0.19186013489961623,0.010207151062786579,0.0
11850,1753224902.6327977,graph,2463,7388,0.08452711068093777,0.010207151062786579,0.40143799781799316
11860,1753224906.356184,node,2466,7395,0.1397078019566834,0.010207151062786579,0.0
11870,1753224909.879587,graph,2468,7403,0.5937084645032883,0.010207151062786579,0.363297700881958
11880,1753224913.5357282,node,2471,7410,0.10024327673017978,0.010207151062786579,0.0
11890,1753224917.172658,graph,2473,7418,0.25268513709306717,0.010207151062786579,0.35622119903564453
11900,1753224920.80251,node,2476,7425,0.06453683115541935,0.010207151062786579,0.0
11910,1753224924.6694124,graph,2478,7433,0.08739203587174416,0.010207151062786579,0.4147632122039795
11920,1753224928.449455,node,2481,7440,0.17706191893666984,0.010207151062786579,0.0
11930,1753224932.133696,graph,2483,7448,1.268278893828392,0.010207151062786579,0.394031286239624
11940,1753224935.669109,node,2486,7455,0.13943654857575893,0.010207151062786579,0.0
11950,1753224939.1337643,graph,2488,7463,0.0763217244297266,0.010207151062786579,0.3226022720336914
11960,1753224942.5776029,node,2491,7470,0.0748265903443098,0.010207151062786579,0.0
11970,1753224946.1462169,graph,2493,7478,0.07824439071118831,0.010207151062786579,0.39423084259033203
11980,1753224949.7366714,node,2496,7485,0.26043674238026143,0.010207151062786579,0.0
11990,1753224953.3360655,graph,2498,7493,0.13541670925915242,0.010207151062786579,0.35866618156433105
12000,1753224956.9434738,node,2501,7500,0.16247482672333718,0.010207151062786579,0.0
12010,1753224961.0158558,graph,2503,7508,0.14825647808611392,0.010207151062786579,0.3643605709075928
12020,1753224964.6459863,node,2506,7515,0.28592791110277177,0.010207151062786579,0.0
12030,1753224968.1846967,graph,2508,7523,0.32509573325514796,0.010207151062786579,0.35573458671569824
12040,1753224971.7826064,node,2511,7530,0.21958599649369717,0.010207151062786579,0.0
12050,1753224975.2871294,graph,2513,7538,0.06835010498762131,0.010207151062786579,0.38356971740722656
12060,1753224978.7966342,node,2516,7545,0.14916447699069976,0.010207151062786579,0.0
12070,1753224982.3916883,graph,2518,7553,0.15710911601781846,0.010207151062786579,0.33853793144226074
12080,1753224985.964745,node,2521,7560,0.2983097393065691,0.010207151062786579,0.0
12090,1753224989.5986943,graph,2523,7568,0.09710015766322613,0.010207151062786579,0.37822508811950684
12100,1753224993.316224,node,2526,7575,0.2386168908327818,0.010207151062786579,0.0
12110,1753224997.1657562,graph,2528,7583,0.1751571625471115,0.010207151062786579,0.3741743564605713
12120,1753225000.6872215,node,2531,7590,0.6142370298504829,0.010207151062786579,0.0
12130,1753225004.2510602,graph,2533,7598,0.1662178412079811,0.010207151062786579,0.3554856777191162
12140,1753225007.8153348,node,2536,7605,0.08073661439120769,0.010207151062786579,0.0
12150,1753225011.3488812,graph,2538,7613,1.6660083871334792,0.010207151062786579,0.3667721748352051
12160,1753225014.9437928,node,2541,7620,0.07635465636849403,0.010207151062786579,0.0
12170,1753225018.4932768,graph,2543,7628,0.06842831745743752,0.010207151062786579,0.3687601089477539
12180,1753225022.050198,node,2546,7635,0.3399132277816534,0.010207151062786579,0.0
12190,1753225025.7211266,graph,2548,7643,0.15507022701203824,0.010207151062786579,0.3749232292175293
12200,1753225029.29808,node,2551,7650,0.8461917173117399,0.010207151062786579,0.0
12210,1753225032.946407,graph,2553,7658,0.1502558808773756,0.010207151062786579,0.3825550079345703
12220,1753225036.4829504,node,2556,7665,0.24572423622012138,0.010207151062786579,0.0
12230,1753225040.1659884,graph,2558,7673,0.07975887134671211,0.010207151062786579,0.37007808685302734
12240,1753225043.8006778,node,2561,7680,0.21578339785337447,0.010207151062786579,0.0
12250,1753225047.3775544,graph,2563,7688,0.07479252517223359,0.010207151062786579,0.39550185203552246
12260,1753225051.1114929,node,2566,7695,0.14462501667439936,0.010207151062786579,0.0
12270,1753225055.0467832,graph,2568,7703,0.5999687850475312,0.010207151062786579,0.43324804306030273
12280,1753225058.583879,node,2571,7710,0.4638863322325051,0.010207151062786579,0.0
12290,1753225062.2729104,graph,2573,7718,0.1690639689564705,0.010207151062786579,0.37206029891967773
12300,1753225065.8658636,node,2576,7725,0.29092703349888327,0.010207151062786579,0.0
12310,1753225069.5679812,graph,2578,7733,0.10029917620122433,0.010207151062786579,0.39098095893859863
12320,1753225073.6667857,node,2581,7740,0.3312652863562107,0.010207151062786579,0.0
12330,1753225077.7438164,graph,2583,7748,0.16390754617750644,0.010207151062786579,0.4152045249938965
12340,1753225081.6167877,node,2586,7755,0.2568488486111164,0.010207151062786579,0.0
12350,1753225086.769107,graph,2588,7763,0.07752008400857449,0.010207151062786579,0.6931188106536865
12360,1753225090.6242201,node,2591,7770,0.22810817658901214,0.010207151062786579,0.0
12370,1753225094.2467515,graph,2593,7778,0.07347324304282665,0.010207151062786579,0.37974047660827637
12380,1753225097.7752392,node,2596,7785,0.06567613277584314,0.010207151062786579,0.0
12390,1753225101.2550418,graph,2598,7793,0.06986215785145759,0.010207151062786579,0.34482502937316895
12400,1753225104.8132644,node,2601,7800,0.4856284290552139,0.010207151062786579,0.0
12410,1753225108.4046268,graph,2603,7808,0.2166859030723572,0.010207151062786579,0.3716864585876465
12420,1753225112.0512102,node,2606,7815,0.08798118084669113,0.010207151062786579,0.0
12430,1753225115.9296682,graph,2608,7823,0.20740900188684464,0.010207151062786579,0.43382787704467773
12440,1753225119.6390796,node,2611,7830,2.6586453754454853,0.010207151062786579,0.0
12450,1753225123.2425716,graph,2613,7838,0.14444369003176688,0.010207151062786579,0.40280914306640625
12460,1753225126.7482417,node,2616,7845,0.08729398064315319,0.010207151062786579,0.0
12470,1753225130.3213046,graph,2618,7853,0.11497472804039717,0.010207151062786579,0.34432315826416016
12480,1753225133.8792968,node,2621,7860,0.13868156764656306,0.010207151062786579,0.0
12490,1753225137.3789976,graph,2623,7868,0.06864822767674923,0.010207151062786579,0.36814427375793457
12500,1753225140.9048429,node,2626,7875,0.3637995825149119,0.010207151062786579,0.0
12510,1753225144.4583962,graph,2628,7883,0.12588144801557064,0.010207151062786579,0.34086060523986816
12520,1753225147.9087038,node,2631,7890,0.39686052557080986,0.010207151062786579,0.0
12530,1753225151.5116258,graph,2633,7898,0.15443975739181043,0.010207151062786579,0.3990459442138672
12540,1753225155.2520242,node,2636,7905,0.08621448017656803,0.010207151062786579,0.0
12550,1753225158.7827199,graph,2638,7913,0.18142601661384106,0.010207151062786579,0.35100817680358887
12560,1753225162.33794,node,2641,7920,0.051668647397309544,0.010207151062786579,0.0
12570,1753225165.9847126,graph,2643,7928,4.563523848354817,0.010207151062786579,0.35787153244018555
12580,1753225169.747521,node,2646,7935,0.12041687136515974,0.010207151062786579,0.0
12590,1753225173.523286,graph,2648,7943,0.4810623288154602,0.010207151062786579,0.40056633949279785
12600,1753225177.063086,node,2651,7950,0.2589984264224768,0.010207151062786579,0.0
12610,1753225180.6268253,graph,2653,7958,0.6077391598373652,0.010207151062786579,0.36522841453552246
12620,1753225184.1685183,node,2656,7965,0.43467902988195417,0.010207151062786579,0.0
12630,1753225187.7653503,graph,2658,7973,0.2592044323682785,0.010207151062786579,0.3444204330444336
12640,1753225191.235968,node,2661,7980,0.3970059022307396,0.010207151062786579,0.0
12650,1753225194.7069943,graph,2663,7988,0.327044165879488,0.010207151062786579,0.35296154022216797
12660,1753225198.1587272,node,2666,7995,0.4808860827237368,0.010207151062786579,0.0
12670,1753225201.7522802,graph,2668,8003,0.1395002119243145,0.010207151062786579,0.35164809226989746
12680,1753225205.2789052,node,2671,8010,0.4067632552236319,0.010207151062786579,0.0
12690,1753225208.9320893,graph,2673,8018,0.19061621986329555,0.010207151062786579,0.3813207149505615
12700,1753225212.5618465,node,2676,8025,0.3847758013755083,0.010207151062786579,0.0
12710,1753225216.1748922,graph,2678,8033,0.2310436565428972,0.010207151062786579,0.3881566524505615
12720,1753225219.7218869,node,2681,8040,0.14539862088859082,0.010207151062786579,0.0
12730,1753225223.2583299,graph,2683,8048,0.09307893738150597,0.010207151062786579,0.3333437442779541
12740,1753225226.772243,node,2686,8055,0.35858618542551995,0.010207151062786579,0.0
12750,1753225230.383588,graph,2688,8063,0.29437376782298086,0.010207151062786579,0.3926270008087158
12760,1753225233.9537044,node,2691,8070,1.760460563376546,0.010207151062786579,0.0
12770,1753225237.58745,graph,2693,8078,0.25451689288020135,0.010207151062786579,0.36622190475463867
12780,1753225241.216856,node,2696,8085,0.8787718825042248,0.010207151062786579,0.0
12790,1753225245.0461178,graph,2698,8093,0.22325808554887772,0.010207151062786579,0.3534259796142578
12800,1753225248.558122,node,2701,8100,0.5411952864378691,0.010207151062786579,0.0
12810,1753225252.0383205,graph,2703,8108,0.29683498851954937,0.010207151062786579,0.36099910736083984
12820,1753225255.5354228,node,2706,8115,0.9345380824059248,0.010207151062786579,0.0
12830,1753225259.0583575,graph,2708,8123,0.18595507889986038,0.010207151062786579,0.36145639419555664
12840,1753225262.597397,node,2711,8130,0.3699496302753687,0.010207151062786579,0.0
12850,1753225266.2758257,graph,2713,8138,0.3648379918187857,0.010207151062786579,0.37433910369873047
12860,1753225269.855241,node,2716,8145,1.0865912530571222,0.010207151062786579,0.0
12870,1753225273.491364,graph,2718,8153,0.5729520745575428,0.010207151062786579,0.39101266860961914
12880,1753225277.3371801,node,2721,8160,0.28382954448461534,0.010207151062786579,0.0
12890,1753225281.1346195,graph,2723,8168,0.19762337133288382,0.010207151062786579,0.3823707103729248
12900,1753225285.1185844,node,2726,8175,0.08457230515778065,0.010207151062786579,0.0
12910,1753225289.3920414,graph,2728,8183,0.1618343748152256,0.010207151062786579,0.3807058334350586
12920,1753225293.214512,node,2731,8190,0.1946693554520607,0.010207151062786579,0.0
12930,1753225296.7847972,graph,2733,8198,0.08161493577063084,0.010207151062786579,0.3668653964996338
12940,1753225300.242186,node,2736,8205,0.07910250071436167,0.010207151062786579,0.0
12950,1753225303.8116305,graph,2738,8213,0.1119778297841549,0.010207151062786579,0.36727094650268555
12960,1753225307.3263562,node,2741,8220,1.7468499820679426,0.010207151062786579,0.0
12970,1753225310.8330343,graph,2743,8228,0.0661637743934989,0.010207151062786579,0.36545419692993164
12980,1753225314.3702714,node,2746,8235,0.510910170339048,0.010207151062786579,0.0
12990,1753225317.8927202,graph,2748,8243,0.16828456670045852,0.010207151062786579,0.37256813049316406
13000,1753225321.4557104,node,2751,8250,1.1834214314818383,0.010207151062786579,0.0
13010,1753225325.0830941,graph,2753,8258,0.13859354592859746,0.010207151062786579,0.3391592502593994
13020,1753225328.5095098,node,2756,8265,0.28658165633678434,0.010207151062786579,0.0
13030,1753225332.0923755,graph,2758,8273,0.5110616568475962,0.010207151062786579,0.38852810859680176
13040,1753225335.5229013,node,2761,8280,0.21634590327739717,0.010207151062786579,0.0
13050,1753225339.0828068,graph,2763,8288,0.12754813060164452,0.010207151062786579,0.3447709083557129
13060,1753225342.645579,node,2766,8295,0.24325060099363327,0.010207151062786579,0.0
13070,1753225346.2354655,graph,2768,8303,0.22709063515067102,0.010207151062786579,0.36385607719421387
13080,1753225349.7724679,node,2771,8310,0.21437121145427226,0.010207151062786579,0.0
13090,1753225353.3163226,graph,2773,8318,0.10053052008152008,0.010207151062786579,0.3884904384613037
13100,1753225356.8557014,node,2776,8325,0.10507744662463665,0.010207151062786579,0.0
13110,1753225360.4316304,graph,2778,8333,0.16970050930976868,0.010207151062786579,0.3522074222564697
13120,1753225363.8695333,node,2781,8340,0.09712208565324545,0.010207151062786579,0.0
13130,1753225367.5104468,graph,2783,8348,0.0830108106136322,0.010207151062786579,0.38833022117614746
13140,1753225371.0371227,node,2786,8355,0.16327400784939528,0.010207151062786579,0.0
13150,1753225374.5229886,graph,2788,8363,0.13629610762000083,0.010207151062786579,0.3489410877227783
13160,1753225378.07138,node,2791,8370,2.0191200610250233,0.010207151062786579,0.0
13170,1753225381.6350234,graph,2793,8378,0.2335518766194582,0.010207151062786579,0.3829526901245117
13180,1753225385.298562,node,2796,8385,0.17618427854031324,0.010207151062786579,0.0
13190,1753225389.0200765,graph,2798,8393,0.22268415689468385,0.010207151062786579,0.37755417823791504
13200,1753225392.5179992,node,2801,8400,0.4174596192315221,0.010207151062786579,0.0
13210,1753225396.0895398,graph,2803,8408,0.10647315382957459,0.010207151062786579,0.3493649959564209
13220,1753225399.7548418,node,2806,8415,0.05335562564432621,0.010207151062786579,0.0
13230,1753225403.5445025,graph,2808,8423,0.3289387129247189,0.010207151062786579,0.357891321182251
13240,1753225407.2482738,node,2811,8430,0.19237864511087538,0.009757609106600285,0.0
13250,1753225410.9624527,graph,2813,8438,0.09511461928486824,0.009757609106600285,0.38437461853027344
13260,1753225414.7553077,node,2816,8445,0.1521069597452879,0.009757609106600285,0.0
13270,1753225418.416699,graph,2818,8453,0.08411261066794395,0.009757609106600285,0.3614501953125
13280,1753225422.0487988,node,2821,8460,0.6213172394782305,0.009757609106600285,0.0
13290,1753225425.9217467,graph,2823,8468,0.24543240368366243,0.009757609106600285,0.3630790710449219
13300,1753225429.637312,node,2826,8475,0.08589302711188793,0.009757609106600285,0.0
13310,1753225433.4991503,graph,2828,8483,0.20891827680170535,0.009757609106600285,0.4170985221862793
13320,1753225437.300125,node,2831,8490,0.06545456405729055,0.009757609106600285,0.0
13330,1753225441.1533544,graph,2833,8498,0.12265469878911972,0.009757609106600285,0.39182448387145996
13340,1753225444.9505315,node,2836,8505,0.47514670994132757,0.009757609106600285,0.0
13350,1753225448.5893855,graph,2838,8513,0.10579650029540062,0.009757609106600285,0.34768104553222656
13360,1753225452.259478,node,2841,8520,0.09460107386112213,0.009757609106600285,0.0
13370,1753225456.0542967,graph,2843,8528,0.1787952207028866,0.009757609106600285,0.3846619129180908
13380,1753225459.8414497,node,2846,8535,0.08535418212413788,0.009757609106600285,0.0
13390,1753225463.5518093,graph,2848,8543,0.6183673087507486,0.009757609106600285,0.3713805675506592
13400,1753225467.3047862,node,2851,8550,0.508764959871769,0.009757609106600285,0.0
13410,1753225471.2662125,graph,2853,8558,0.2455131694674492,0.009757609106600285,0.3782474994659424
13420,1753225475.0893416,node,2856,8565,0.10537500232458115,0.009757609106600285,0.0
13430,1753225478.7294927,graph,2858,8573,0.14888711534440519,0.009757609106600285,0.35686182975769043
13440,1753225482.5167098,node,2861,8580,0.2423952877521515,0.009757609106600285,0.0
13450,1753225486.4526417,graph,2863,8588,0.1379547979682684,0.009757609106600285,0.37617063522338867
13460,1753225490.1749175,node,2866,8595,0.5887010868638753,0.009757609106600285,0.0
13470,1753225494.0732844,graph,2868,8603,0.36650431901216507,0.009757609106600285,0.41777849197387695
13480,1753225497.8460252,node,2871,8610,0.13569210469722748,0.009757609106600285,0.0
13490,1753225501.6413963,graph,2873,8618,0.17866583317518234,0.009757609106600285,0.4058678150177002
13500,1753225505.512803,node,2876,8625,0.1636757232248783,0.009757609106600285,0.0
13510,1753225509.3076348,graph,2878,8633,0.07081601358950138,0.009757609106600285,0.3701019287109375
13520,1753225513.1598773,node,2881,8640,0.1336493119597435,0.009757609106600285,0.0
13530,1753225516.9398956,graph,2883,8648,0.3137307561933994,0.009757609106600285,0.3678748607635498
13540,1753225520.7588642,node,2886,8655,0.33756492249667647,0.009757609106600285,0.0
13550,1753225524.5845895,graph,2888,8663,0.18346555046737195,0.009757609106600285,0.38339757919311523
13560,1753225528.2323997,node,2891,8670,0.07215545680373907,0.009757609106600285,0.0
13570,1753225532.0793872,graph,2893,8678,0.4960354384034872,0.009757609106600285,0.3888509273529053
13580,1753225535.7513752,node,2896,8685,0.5847870349884033,0.009757609106600285,0.0
13590,1753225539.6275687,graph,2898,8693,0.17447279989719391,0.009757609106600285,0.38446760177612305
13600,1753225543.3820124,node,2901,8700,0.36846319735050204,0.009757609106600285,0.0
13610,1753225547.2073195,graph,2903,8708,0.1503745373338461,0.009757609106600285,0.3859388828277588
13620,1753225550.9436324,node,2906,8715,0.07121132928878068,0.009757609106600285,0.0
13630,1753225554.7958312,graph,2908,8723,0.08979128524661065,0.009757609106600285,0.4107990264892578
13640,1753225558.8884368,node,2911,8730,0.2613887287676334,0.007351625710725784,0.0
13650,1753225562.8025699,graph,2913,8738,0.07203778699040413,0.007351625710725784,0.3889503479003906
13660,1753225566.5809834,node,2916,8745,0.09960699062794447,0.007351625710725784,0.0
13670,1753225570.4273872,graph,2918,8753,0.0794124498963356,0.007351625710725784,0.43370604515075684
13680,1753225574.1557605,node,2921,8760,0.12631570920348167,0.007351625710725784,0.0
13690,1753225578.1891847,graph,2923,8768,0.6540603641420603,0.007351625710725784,0.36190009117126465
13700,1753225581.9830673,node,2926,8775,0.2771280128508806,0.007351625710725784,0.0
13710,1753225585.8380556,graph,2928,8783,0.4197585146874189,0.007351625710725784,0.36545658111572266
13720,1753225589.6517558,node,2931,8790,0.5869200676679611,0.007351625710725784,0.0
13730,1753225593.5582922,graph,2933,8798,0.36252900063991544,0.007351625710725784,0.4237663745880127
13740,1753225597.3365467,node,2936,8805,0.10027789864689111,0.007351625710725784,0.0
13750,1753225601.1541564,graph,2938,8813,0.8653792135417462,0.007351625710725784,0.3940277099609375
13760,1753225604.8209078,node,2941,8820,0.09764703772962094,0.007351625710725784,0.0
13770,1753225608.6156406,graph,2943,8828,0.07037011906504631,0.007351625710725784,0.36965346336364746
13780,1753225612.384085,node,2946,8835,0.06153244245797396,0.007351625710725784,0.0
13790,1753225616.212353,graph,2948,8843,0.7281165954656899,0.007351625710725784,0.392441987991333
13800,1753225619.980103,node,2951,8850,0.16319654807448386,0.007351625710725784,0.0
13810,1753225623.8499105,graph,2953,8858,0.40454314798116686,0.007351625710725784,0.407379150390625
13820,1753225627.6291492,node,2956,8865,0.10786042399704457,0.007351625710725784,0.0
13830,1753225631.5030231,graph,2958,8873,0.14252813030034303,0.007351625710725784,0.42760324478149414
13840,1753225635.174323,node,2961,8880,0.2020579133182764,0.007351625710725784,0.0
13850,1753225638.9668243,graph,2963,8888,0.08312147473916412,0.007351625710725784,0.37745237350463867
13860,1753225642.6455793,node,2966,8895,0.12114224135875702,0.007351625710725784,0.0
13870,1753225646.5596704,graph,2968,8903,0.20993057154119016,0.007351625710725784,0.36565351486206055
13880,1753225650.2477338,node,2971,8910,0.6624655436724425,0.007351625710725784,0.0
13890,1753225654.22913,graph,2973,8918,0.15915972869843245,0.007351625710725784,0.43085718154907227
13900,1753225657.904324,node,2976,8925,0.199707018584013,0.007351625710725784,0.0
13910,1753225661.7586946,graph,2978,8933,2.8826084055006502,0.007351625710725784,0.40349817276000977
13920,1753225665.4855876,node,2981,8940,0.15587982684373855,0.007351625710725784,0.0
13930,1753225669.2684999,graph,2983,8948,0.05480889640748501,0.007351625710725784,0.3580033779144287
13940,1753225673.0105941,node,2986,8955,0.11815686821937561,0.007351625710725784,0.0
13950,1753225676.885811,graph,2988,8963,0.09753797054290772,0.007351625710725784,0.3721492290496826
13960,1753225680.5375106,node,2991,8970,0.6750607827678323,0.007351625710725784,0.0
13970,1753225684.4755268,graph,2993,8978,0.4152200769633055,0.007351625710725784,0.40052127838134766
13980,1753225688.177556,node,2996,8985,0.5557386871427298,0.007351625710725784,0.0
13990,1753225691.8176725,graph,2998,8993,0.21611428894102575,0.007351625710725784,0.38382792472839355
14000,1753225695.571569,node,3001,9000,0.8579112596809864,0.007351625710725784,0.0
14010,1753225699.6003542,graph,3003,9008,0.07317604422569275,0.007351625710725784,0.33627963066101074
14020,1753225703.3951588,node,3006,9015,0.16460105516016482,0.007351625710725784,0.0
14030,1753225707.239346,graph,3008,9023,0.06857555620372295,0.007351625710725784,0.37737250328063965
14040,1753225710.8650594,node,3011,9030,0.17779584135860205,0.007351625710725784,0.0
14050,1753225714.466121,graph,3013,9038,0.14566666223108768,0.007351625710725784,0.39541077613830566
14060,1753225718.2768831,node,3016,9045,0.10694469176232815,0.007351625710725784,0.0
14070,1753225722.06529,graph,3018,9053,0.1843124959617853,0.007351625710725784,0.3810539245605469
14080,1753225725.8777611,node,3021,9060,0.07736520767211914,0.007351625710725784,0.0
14090,1753225729.618216,graph,3023,9068,0.07865079566836357,0.007351625710725784,0.3477499485015869
14100,1753225733.2389517,node,3026,9075,0.23146625719964503,0.007351625710725784,0.0
14110,1753225737.0032296,graph,3028,9083,0.058618181943893434,0.007351625710725784,0.370403528213501
14120,1753225740.6018093,node,3031,9090,0.08631014842540026,0.007351625710725784,0.0
14130,1753225744.4160976,graph,3033,9098,0.5902406662702561,0.007351625710725784,0.4375760555267334
14140,1753225748.3320205,node,3036,9105,0.10325503405183553,0.007351625710725784,0.0
14150,1753225752.4480703,graph,3038,9113,0.31547747179865837,0.007351625710725784,0.3954181671142578
14160,1753225756.4915097,node,3041,9120,0.14062791951000692,0.007351625710725784,0.0
14170,1753225761.6424017,graph,3043,9128,0.14591163396835327,0.007351625710725784,0.5086562633514404
14180,1753225765.6526263,node,3046,9135,0.46064694635570047,0.007351625710725784,0.0
14190,1753225769.4089816,graph,3048,9143,0.27510173842310903,0.007351625710725784,0.3692340850830078
14200,1753225773.1538148,node,3051,9150,0.5977422451600433,0.007351625710725784,0.0
14210,1753225776.853233,graph,3053,9158,0.07782901879400014,0.007351625710725784,0.39484071731567383
14220,1753225780.649706,node,3056,9165,0.9221114758402109,0.007351625710725784,0.0
14230,1753225784.46541,graph,3058,9173,0.15750098787248135,0.007351625710725784,0.4049713611602783
14240,1753225788.160406,node,3061,9180,0.7173899490386247,0.007351625710725784,0.0
14250,1753225791.8928695,graph,3063,9188,0.06911438629031182,0.007351625710725784,0.3623225688934326
14260,1753225795.5213945,node,3066,9195,2.025446880608797,0.007351625710725784,0.0
14270,1753225799.3550084,graph,3068,9203,0.25903254114091395,0.007351625710725784,0.38654375076293945
14280,1753225803.0642736,node,3071,9210,0.7078554291278124,0.007351625710725784,0.0
14290,1753225806.842671,graph,3073,9218,0.39650143347680566,0.007351625710725784,0.3801918029785156
14300,1753225810.6115203,node,3076,9225,0.11919310018420219,0.007351625710725784,0.0
14310,1753225814.339201,graph,3078,9233,0.19695517793297768,0.007351625710725784,0.4071769714355469
14320,1753225817.9902337,node,3081,9240,0.4089611504226923,0.007351625710725784,0.0
14330,1753225821.6681502,graph,3083,9248,0.14495620504021645,0.007351625710725784,0.3581099510192871
14340,1753225825.4289103,node,3086,9255,0.08522985205054283,0.007351625710725784,0.0
14350,1753225829.1988373,graph,3088,9263,0.07609771192073822,0.007351625710725784,0.37546825408935547
14360,1753225833.0461714,node,3091,9270,0.14288890771567822,0.007351625710725784,0.0
14370,1753225836.8427687,graph,3093,9278,0.05989376250654459,0.007351625710725784,0.36911869049072266
14380,1753225840.4165807,node,3096,9285,0.11266168840229511,0.007351625710725784,0.0
14390,1753225844.2683945,graph,3098,9293,0.18884622044861316,0.007351625710725784,0.40766429901123047
14400,1753225847.862679,node,3101,9300,0.7782080508768559,0.007351625710725784,0.0
14410,1753225851.6369767,graph,3103,9308,0.07057308219373226,0.007351625710725784,0.3548760414123535
14420,1753225855.4013107,node,3106,9315,1.0068637069314719,0.007351625710725784,0.0
14430,1753225859.0717697,graph,3108,9323,22.138680889829992,0.007351625710725784,0.4011867046356201
14440,1753225862.8212807,node,3111,9330,0.08621273152530193,0.007351625710725784,0.0
14450,1753225866.4650104,graph,3113,9338,0.26969385482370856,0.007351625710725784,0.3728294372558594
14460,1753225870.2340438,node,3116,9345,0.1847132770344615,0.007351625710725784,0.0
14470,1753225873.9190948,graph,3118,9353,0.11256996020674706,0.007351625710725784,0.35646963119506836
14480,1753225877.5864515,node,3121,9360,0.06961934827268124,0.007351625710725784,0.0
14490,1753225881.280078,graph,3123,9368,0.11441436149179936,0.007351625710725784,0.35603880882263184
14500,1753225885.2775486,node,3126,9375,0.08858827240765095,0.007351625710725784,0.0
14510,1753225889.1188703,graph,3128,9383,0.16767086796462535,0.007351625710725784,0.4121847152709961
14520,1753225893.1578352,node,3131,9390,0.4877197636291385,0.007351625710725784,0.0
14530,1753225896.974736,graph,3133,9398,0.0888587050139904,0.007351625710725784,0.34468817710876465
14540,1753225900.6596992,node,3136,9405,5.186299443989992,0.007351625710725784,0.0
14550,1753225904.4478693,graph,3138,9413,0.19835503436625004,0.007351625710725784,0.37506818771362305
14560,1753225908.0781128,node,3141,9420,0.09304912127554417,0.007351625710725784,0.0
14570,1753225911.562546,graph,3143,9428,0.12724970951676368,0.007351625710725784,0.36308979988098145
14580,1753225915.1851983,node,3146,9435,1.0893138572573662,0.007351625710725784,0.0
14590,1753225918.9201627,graph,3148,9443,0.15276828445494176,0.007351625710725784,0.3641011714935303
14600,1753225922.6558244,node,3151,9450,0.11761560644954443,0.007351625710725784,0.0
14610,1753225926.5603485,graph,3153,9458,0.941769452765584,0.007351625710725784,0.372058629989624
14620,1753225930.270349,node,3156,9465,0.21480855606496335,0.007351625710725784,0.0
14630,1753225934.4343498,graph,3158,9473,0.06425119582563639,0.007351625710725784,0.3914055824279785
14640,1753225938.0799408,node,3161,9480,0.2696279495023191,0.007351625710725784,0.0
14650,1753225941.8222585,graph,3163,9488,0.07489552907645702,0.007351625710725784,0.4227752685546875
14660,1753225945.5563664,node,3166,9495,0.2925332374870777,0.007351625710725784,0.0
14670,1753225949.2221792,graph,3168,9503,0.6820549342781306,0.007351625710725784,0.3897824287414551
14680,1753225952.9826918,node,3171,9510,0.1702239342033863,0.007351625710725784,0.0
14690,1753225956.8147852,graph,3173,9518,0.10596045665442944,0.007351625710725784,0.36170101165771484
14700,1753225960.6712546,node,3176,9525,0.21148777967318894,0.007351625710725784,0.0
14710,1753225964.3766465,graph,3178,9533,1.8029208268970252,0.007351625710725784,0.37621045112609863
14720,1753225968.1160824,node,3181,9540,0.08401917815208435,0.007351625710725784,0.0
14730,1753225971.783658,graph,3183,9548,0.07721995599567891,0.007351625710725784,0.40678906440734863
14740,1753225975.5606775,node,3186,9555,0.24569056872278452,0.007351625710725784,0.0
14750,1753225979.422389,graph,3188,9563,0.06283242478966714,0.007351625710725784,0.39928245544433594
14760,1753225983.205022,node,3191,9570,0.31283431535121053,0.0034883839543908834,0.0
14770,1753225986.9121542,graph,3193,9578,0.6665774039924145,0.0034883839543908834,0.3684830665588379
14780,1753225990.6303906,node,3196,9585,0.18701455723494292,0.0034883839543908834,0.0
14790,1753225994.4458747,graph,3198,9593,0.08995246961712837,0.0034883839543908834,0.3633890151977539
14800,1753225998.0919006,node,3201,9600,0.11999620459973812,0.0034883839543908834,0.0
14810,1753226001.8640685,graph,3203,9608,0.4581786129623652,0.0034883839543908834,0.37424755096435547
14820,1753226005.5565777,node,3206,9615,0.06829724218696356,0.0034883839543908834,0.0
14830,1753226009.275717,graph,3208,9623,0.1281401701271534,0.0034883839543908834,0.37598395347595215
14840,1753226012.9797788,node,3211,9630,0.892997843772173,0.0034883839543908834,0.0
14850,1753226016.7446718,graph,3213,9638,0.08837919756770134,0.0034883839543908834,0.37616920471191406
14860,1753226020.5433474,node,3216,9645,0.06213253401219845,0.0034883839543908834,0.0
14870,1753226024.3042293,graph,3218,9653,0.27289456613361834,0.0034883839543908834,0.3564341068267822
14880,1753226028.0537245,node,3221,9660,0.25628118924796583,0.0034883839543908834,0.0
14890,1753226031.9013495,graph,3223,9668,0.10813744887709617,0.0034883839543908834,0.39945292472839355
14900,1753226035.5181699,node,3226,9675,0.39865843281149865,0.0034883839543908834,0.0
14910,1753226039.3324468,graph,3228,9683,0.09508002623915672,0.0034883839543908834,0.3977062702178955
14920,1753226043.013724,node,3231,9690,0.8152161091566086,0.0034883839543908834,0.0
14930,1753226046.8456364,graph,3233,9698,0.06631799172610045,0.0034883839543908834,0.4032628536224365
14940,1753226050.5883098,node,3236,9705,0.06803236715495586,0.0034883839543908834,0.0
14950,1753226054.415935,graph,3238,9713,0.058014148473739625,0.0034883839543908834,0.4009552001953125
14960,1753226058.1099076,node,3241,9720,0.3187957968562841,0.0034883839543908834,0.0
14970,1753226061.8395114,graph,3243,9728,0.07544884160161018,0.0034883839543908834,0.39965367317199707
14980,1753226065.621977,node,3246,9735,0.07407488487660885,0.0034883839543908834,0.0
14990,1753226069.3473542,graph,3248,9743,0.08571166172623634,0.0034883839543908834,0.4046204090118408
15000,1753226073.0328062,node,3251,9750,0.10654352232813835,0.0034883839543908834,0.0
15010,1753226076.8105395,graph,3253,9758,1.0932717204093934,0.0034883839543908834,0.3574674129486084
15020,1753226080.5816653,node,3256,9765,0.05399193679913879,0.0034883839543908834,0.0
15030,1753226084.4046495,graph,3258,9773,0.08180152177810669,0.0034883839543908834,0.3633413314819336
15040,1753226088.0796745,node,3261,9780,0.20750110112130643,0.0034883839543908834,0.0
15050,1753226091.9975226,graph,3263,9788,0.06989255603402852,0.0034883839543908834,0.42020297050476074
15060,1753226095.8102746,node,3266,9795,0.18942898511886597,0.0034883839543908834,0.0
15070,1753226099.61736,graph,3268,9803,0.09730371832847595,0.0034883839543908834,0.3944997787475586
15080,1753226103.2832887,node,3271,9810,0.30867121927440166,0.0034883839543908834,0.0
15090,1753226107.1954575,graph,3273,9818,0.1670751366764307,0.0034883839543908834,0.4528813362121582
15100,1753226110.9309254,node,3276,9825,0.09947051564231515,0.0034883839543908834,0.0
15110,1753226114.6642563,graph,3278,9833,0.06652743704617023,0.0034883839543908834,0.37221431732177734
15120,1753226118.4342403,node,3281,9840,1.1096020273864269,0.0034883839543908834,0.0
15130,1753226122.1242383,graph,3283,9848,0.13153654225170613,0.0034883839543908834,0.37027668952941895
15140,1753226125.9556499,node,3286,9855,0.6363246489316225,0.0034883839543908834,0.0
15150,1753226129.5407894,graph,3288,9863,0.9832841601222754,0.0034883839543908834,0.38645219802856445
15160,1753226133.2081044,node,3291,9870,0.45478709414601326,0.0034883839543908834,0.0
15170,1753226137.0035746,graph,3293,9878,0.13054136615246534,0.0034883839543908834,0.34386539459228516
15180,1753226140.7211838,node,3296,9885,0.0708520395681262,0.0034883839543908834,0.0
15190,1753226144.5011687,graph,3298,9893,0.06452488154172897,0.0034883839543908834,0.38079357147216797
15200,1753226148.1185193,node,3301,9900,0.23042461201548575,0.0034883839543908834,0.0
15210,1753226151.859371,graph,3303,9908,0.08778471425175667,0.0034883839543908834,0.3817415237426758
15220,1753226155.5599413,node,3306,9915,0.17025076933205127,0.0034883839543908834,0.0
15230,1753226159.1780374,graph,3308,9923,0.24801891744136811,0.0034883839543908834,0.3671541213989258
15240,1753226162.9687,node,3311,9930,0.08565471954643726,0.0034883839543908834,0.0
15250,1753226166.6736555,graph,3313,9938,0.14163950979709625,0.0034883839543908834,0.3548421859741211
15260,1753226170.5282469,node,3316,9945,0.4121395207941532,0.0034883839543908834,0.0
15270,1753226174.2026074,graph,3318,9953,0.7168284580111504,0.0034883839543908834,0.36045002937316895
15280,1753226177.9258513,node,3321,9960,0.13224783055484296,0.0034883839543908834,0.0
15290,1753226181.611896,graph,3323,9968,0.09140374176204205,0.0034883839543908834,0.35179901123046875
15300,1753226185.262914,node,3326,9975,1.0165738955140113,0.0034883839543908834,0.0
15310,1753226189.077387,graph,3328,9983,0.07376310341060162,0.0034883839543908834,0.3756880760192871
15320,1753226192.8388228,node,3331,9990,0.1295504467561841,0.0034883839543908834,0.0
15330,1753226196.6216462,graph,3333,9998,0.8454355981200934,0.0034883839543908834,0.3558962345123291
15340,1753226200.3404377,node,3336,10005,0.2631477084010839,0.0034883839543908834,0.0
15350,1753226204.2501795,graph,3338,10013,0.15601261034607888,0.0034883839543908834,0.4141108989715576
15360,1753226207.9973898,node,3341,10020,0.2525768332183361,0.0034883839543908834,0.0
15370,1753226211.6712012,graph,3343,10028,0.054511691071093084,0.0034883839543908834,0.415773868560791
15380,1753226215.4685602,node,3346,10035,0.48372792564332484,0.0034883839543908834,0.0
15390,1753226219.1041982,graph,3348,10043,0.6002560269087553,0.0034883839543908834,0.3520195484161377
15400,1753226222.961026,node,3351,10050,0.06596173606812954,0.0034883839543908834,0.0
15410,1753226226.7079954,graph,3353,10058,0.13236108534038066,0.0034883839543908834,0.38680028915405273
15420,1753226230.4309247,node,3356,10065,0.06033502789214253,0.0034883839543908834,0.0
15430,1753226234.1599343,graph,3358,10073,0.09884704388678074,0.0034883839543908834,0.38777589797973633
15440,1753226237.8534303,node,3361,10080,0.09896025620400906,0.0034883839543908834,0.0
15450,1753226241.7178252,graph,3363,10088,0.9973773799836636,0.0034883839543908834,0.3910796642303467
15460,1753226245.2965844,node,3366,10095,0.41252275072038175,0.0034883839543908834,0.0
15470,1753226249.05473,graph,3368,10103,5.501103282533586,0.0034883839543908834,0.3517899513244629
15480,1753226252.7274184,node,3371,10110,0.08255103249102831,0.0034883839543908834,0.0
15490,1753226256.4027073,graph,3373,10118,0.09110986925661564,0.0034883839543908834,0.3879354000091553
15500,1753226260.1321585,node,3376,10125,0.9037215571850539,0.0034883839543908834,0.0
15510,1753226263.8946762,graph,3378,10133,0.07153334841132164,0.0034883839543908834,0.42009615898132324
15520,1753226267.6681287,node,3381,10140,0.06953864470124245,0.0034883839543908834,0.0
15530,1753226271.3229024,graph,3383,10148,1.4093391414731742,0.0034883839543908834,0.359743595123291
15540,1753226275.0489874,node,3386,10155,0.5382906215265393,0.0034883839543908834,0.0
15550,1753226278.8185868,graph,3388,10163,0.6005161542445421,0.0034883839543908834,0.3654146194458008
15560,1753226282.519816,node,3391,10170,0.46756347082555294,0.0034883839543908834,0.0
15570,1753226286.3608897,graph,3393,10178,0.06095638433471322,0.0034883839543908834,0.3884544372558594
15580,1753226290.0084815,node,3396,10185,1.1571284560486674,0.0034883839543908834,0.0
15590,1753226293.7062802,graph,3398,10193,0.0714866116642952,0.0034883839543908834,0.393444299697876
15600,1753226297.4732656,node,3401,10200,0.17614620514214038,0.0034883839543908834,0.0
15610,1753226301.0864747,graph,3403,10208,0.09721276983618736,0.0034883839543908834,0.3532373905181885
15620,1753226304.8165572,node,3406,10215,0.31657892353832723,0.0034883839543908834,0.0
15630,1753226308.4519424,graph,3408,10223,0.19017902463674546,0.0034883839543908834,0.3602309226989746
15640,1753226312.0729349,node,3411,10230,0.12249156460165977,0.0034883839543908834,0.0
15650,1753226315.8303747,graph,3413,10238,0.36520508825778963,0.0034883839543908834,0.3819923400878906
15660,1753226319.5670505,node,3416,10245,0.09487130530178547,0.0034883839543908834,0.0
15670,1753226323.295374,graph,3418,10253,0.18563265167176723,0.0034883839543908834,0.3659510612487793
15680,1753226327.045612,node,3421,10260,0.5413375943899155,0.0034883839543908834,0.0
15690,1753226330.767652,graph,3423,10268,0.20659901723265647,0.0034883839543908834,0.3637254238128662
15700,1753226334.5959694,node,3426,10275,0.3073921866714954,0.0034883839543908834,0.0
15710,1753226338.3586662,graph,3428,10283,0.7021255329251289,0.0034883839543908834,0.40961456298828125
15720,1753226342.1509428,node,3431,10290,0.1251537688076496,0.0034883839543908834,0.0
15730,1753226345.796512,graph,3433,10298,0.8755662858486175,0.0034883839543908834,0.38538527488708496
15740,1753226349.5442214,node,3436,10305,4.5664563659578565,0.0034883839543908834,0.0
15750,1753226353.219385,graph,3438,10313,0.05872199982404709,0.0034883839543908834,0.3836348056793213
15760,1753226357.0341985,node,3441,10320,0.16279341112822293,0.0034883839543908834,0.0
15770,1753226360.7559426,graph,3443,10328,0.0852292001247406,0.0034883839543908834,0.3761415481567383
15780,1753226364.54608,node,3446,10335,0.4099634247832,0.0034883839543908834,0.0
15790,1753226368.3485565,graph,3448,10343,0.05980120729655027,0.0034883839543908834,0.4219686985015869
15800,1753226372.162871,node,3451,10350,0.07868474368005991,0.0034883839543908834,0.0
15810,1753226375.893961,graph,3453,10358,4.874279099330306,0.0034883839543908834,0.401470422744751
15820,1753226379.6479642,node,3456,10365,0.5134893868118524,0.0034883839543908834,0.0
15830,1753226383.2552078,graph,3458,10373,0.06869541890919209,0.0034883839543908834,0.34935688972473145
15840,1753226387.0413454,node,3461,10380,0.49215479120612143,0.0034883839543908834,0.0
15850,1753226390.7535415,graph,3463,10388,0.15082047302275897,0.0034883839543908834,0.3710055351257324
15860,1753226394.515066,node,3466,10395,0.3263873942196369,0.0034883839543908834,0.0
15870,1753226398.2573218,graph,3468,10403,0.14504047967493533,0.0034883839543908834,0.380021333694458
15880,1753226401.8853452,node,3471,10410,0.08649512939155102,0.0034883839543908834,0.0
15890,1753226405.7119737,graph,3473,10418,0.07383620971813798,0.0034883839543908834,0.40202760696411133
15900,1753226409.2913818,node,3476,10425,0.5664190832991153,0.0034883839543908834,0.0
15910,1753226412.9978414,graph,3478,10433,0.0738583780825138,0.0034883839543908834,0.3783133029937744
15920,1753226416.7619722,node,3481,10440,0.06507936678826809,0.0034883839543908834,0.0
15930,1753226420.558611,graph,3483,10448,0.3196143597364426,0.0034883839543908834,0.36734557151794434
15940,1753226424.3575482,node,3486,10455,0.16774543151259422,0.0034883839543908834,0.0
15950,1753226428.054142,graph,3488,10463,0.3077366672456264,0.0034883839543908834,0.40059733390808105
15960,1753226431.8402743,node,3491,10470,0.21445840448141099,0.0034883839543908834,0.0
15970,1753226435.5510323,graph,3493,10478,0.42787556946277616,0.0034883839543908834,0.3606438636779785
15980,1753226439.3039293,node,3496,10485,0.2017450865358114,0.0034883839543908834,0.0
15990,1753226443.0280426,graph,3498,10493,0.0690043844282627,0.0034883839543908834,0.35332417488098145
16000,1753226446.705735,node,3501,10500,0.5279192497953773,0.0034883839543908834,0.0
16010,1753226451.780628,graph,3503,10508,0.26916111074388027,0.0034883839543908834,0.37519145011901855
16020,1753226455.5165842,node,3506,10515,2.3081047710031273,0.0034883839543908834,0.0
16030,1753226459.3111846,graph,3508,10523,0.19245894402265548,0.0034883839543908834,0.3675525188446045
16040,1753226463.1046882,node,3511,10530,1.251307862997055,0.0034883839543908834,0.0
16050,1753226466.9237952,graph,3513,10538,0.067519086971879,0.0034883839543908834,0.3692820072174072
16060,1753226470.6163948,node,3516,10545,0.6592207476496696,0.0034883839543908834,0.0
16070,1753226474.447243,graph,3518,10553,0.09332777950912714,0.0034883839543908834,0.40296268463134766
16080,1753226478.4709885,node,3521,10560,0.4271271264180541,0.0034883839543908834,0.0
16090,1753226482.7945468,graph,3523,10568,0.12551927715539932,0.0034883839543908834,0.6117782592773438
16100,1753226487.5991747,node,3526,10575,0.06628494653850794,0.0034883839543908834,0.0
16110,1753226493.5580692,graph,3528,10583,0.19448378644883632,0.0034883839543908834,0.5239005088806152
16120,1753226497.6702516,node,3531,10590,0.7871777661144733,0.0034883839543908834,0.0
16130,1753226501.4983928,graph,3533,10598,0.1402593731880188,0.0034883839543908834,0.44822120666503906
16140,1753226505.2259607,node,3536,10605,0.8730923339724541,0.0034883839543908834,0.0
16150,1753226509.1766043,graph,3538,10613,0.07599791549146176,0.0034883839543908834,0.40529751777648926
16160,1753226512.9567413,node,3541,10620,0.43409613966941835,0.0034883839543908834,0.0
16170,1753226516.8564734,graph,3543,10628,0.3489146186038852,0.0034883839543908834,0.36610960960388184
16180,1753226520.6544952,node,3546,10635,0.07720251958817244,0.0034883839543908834,0.0
16190,1753226524.5298164,graph,3548,10643,19.110337034985424,0.0034883839543908834,0.3783845901489258
16200,1753226528.2550611,node,3551,10650,0.09984838683158159,0.0034883839543908834,0.0
16210,1753226532.1496148,graph,3553,10658,0.060353422351181504,0.0034883839543908834,0.38313722610473633
16220,1753226536.0541348,node,3556,10665,0.23260507322847843,0.0034883839543908834,0.0
16230,1753226540.1023154,graph,3558,10673,0.19041852299124,0.0034883839543908834,0.4342005252838135
16240,1753226544.2399666,node,3561,10680,0.15507371965795755,0.0034883839543908834,0.0
16250,1753226548.1254215,graph,3563,10688,0.19742581620812416,0.0034883839543908834,0.39761996269226074
16260,1753226552.1501117,node,3566,10695,0.08853213712573052,0.0034883839543908834,0.0
16270,1753226556.4294548,graph,3568,10703,0.27711872197687626,0.0034883839543908834,0.3860964775085449
16280,1753226560.4985979,node,3571,10710,0.07269422402605415,0.0034883839543908834,0.0
16290,1753226564.4732528,graph,3573,10718,0.21962429210543633,0.0034883839543908834,0.39864063262939453
16300,1753226568.3594632,node,3576,10725,0.0829202700406313,0.0034883839543908834,0.0
16310,1753226572.3697095,graph,3578,10733,0.20006415881216527,0.0034883839543908834,0.4012181758880615
16320,1753226576.4196916,node,3581,10740,0.07020886540412903,0.0034883839543908834,0.0
16330,1753226580.4542546,graph,3583,10748,1.0872207932174205,0.0034883839543908834,0.4605247974395752
16340,1753226584.552923,node,3586,10755,0.07058969717472792,0.0034883839543908834,0.0
16350,1753226588.529947,graph,3588,10763,0.05223757876083255,0.0034883839543908834,0.42354249954223633
16360,1753226592.4894469,node,3591,10770,0.5599597111344338,0.0034883839543908834,0.0
16370,1753226596.4838471,graph,3593,10778,0.06413163784891367,0.0034883839543908834,0.38230180740356445
16380,1753226600.5768332,node,3596,10785,0.8319777321070433,0.0034883839543908834,0.0
16390,1753226604.5535295,graph,3598,10793,0.051771604642272,0.0034883839543908834,0.385143518447876
16400,1753226608.5998468,node,3601,10800,0.2760206822305918,0.0034883839543908834,0.0
16410,1753226612.5652902,graph,3603,10808,0.05959837269037962,0.0034883839543908834,0.38356590270996094
16420,1753226616.300307,node,3606,10815,1.1786111045628787,0.0034883839543908834,0.0
16430,1753226620.1003015,graph,3608,10823,0.07109866365790367,0.0034883839543908834,0.3704867362976074
16440,1753226624.1159694,node,3611,10830,0.486819021590054,0.0034883839543908834,0.0
16450,1753226627.8853266,graph,3613,10838,0.31142174191772937,0.0034883839543908834,0.42185187339782715
16460,1753226631.8020623,node,3616,10845,0.27444061599671843,0.0034883839543908834,0.0
16470,1753226635.6602178,graph,3618,10853,0.6132768228650093,0.0034883839543908834,0.3665187358856201
16480,1753226639.480319,node,3621,10860,2.1791231531649826,0.0034883839543908834,0.0
16490,1753226643.3316495,graph,3623,10868,0.11640213802456856,0.0034883839543908834,0.3838663101196289
16500,1753226647.6751142,node,3626,10875,0.5990318551659584,0.0034883839543908834,0.0
16510,1753226651.7620595,graph,3628,10883,0.3885119166225195,0.0034883839543908834,0.3927302360534668
16520,1753226655.4680023,node,3631,10890,0.19038346726447344,0.0034883839543908834,0.0
16530,1753226659.5072043,graph,3633,10898,0.3580989561975002,0.0034883839543908834,0.43105602264404297
16540,1753226663.2878878,node,3636,10905,0.15656386110931636,0.0034883839543908834,0.0
16550,1753226667.2976792,graph,3638,10913,0.11147307753562927,0.0034883839543908834,0.4215672016143799
16560,1753226671.132323,node,3641,10920,0.42883526161313057,0.0034883839543908834,0.0
16570,1753226674.9534206,graph,3643,10928,0.05246003642678261,0.0034883839543908834,0.36515140533447266
16580,1753226678.759089,node,3646,10935,0.4863068588078022,0.0034883839543908834,0.0
16590,1753226682.4861195,graph,3648,10943,1.0115029077976943,0.0034883839543908834,0.3742341995239258
16600,1753226686.1822953,node,3651,10950,0.17787934541702272,0.0034883839543908834,0.0
16610,1753226689.8366187,graph,3653,10958,0.054801851976662874,0.0034883839543908834,0.38899779319763184
16620,1753226693.590081,node,3656,10965,0.6208124190568924,0.0034883839543908834,0.0
16630,1753226697.3534052,graph,3658,10973,0.06739149019122123,0.0034883839543908834,0.3909733295440674
16640,1753226701.1348238,node,3661,10980,4.425897293537855,0.0034883839543908834,0.0
16650,1753226704.869153,graph,3663,10988,0.31157468259334564,0.0034883839543908834,0.36991071701049805
16660,1753226708.6994274,node,3666,10995,0.1721466224640608,0.0034883839543908834,0.0
16670,1753226712.4170184,graph,3668,11003,0.07276727706193924,0.0034883839543908834,0.38004136085510254
16680,1753226716.1508331,node,3671,11010,0.10795649141073227,0.0034883839543908834,0.0
16690,1753226719.984761,graph,3673,11018,0.059727824106812474,0.0034883839543908834,0.3893404006958008
16700,1753226724.1077971,node,3676,11025,2.1862635098397734,0.0034883839543908834,0.0
16710,1753226728.5661066,graph,3678,11033,0.32056519500911235,0.0034883839543908834,0.4233372211456299
16720,1753226732.6927009,node,3681,11040,9.67148429248482,0.0034883839543908834,0.0
16730,1753226736.8708436,graph,3683,11048,0.07079129619523883,0.0034883839543908834,0.4515218734741211
16740,1753226741.3403468,node,3686,11055,0.47197464369237424,0.0034883839543908834,0.0
16750,1753226745.7661345,graph,3688,11063,0.12894479632377626,0.0034883839543908834,0.41465044021606445
16760,1753226749.8230655,node,3691,11070,0.14488875307142735,0.0034883839543908834,0.0
16770,1753226754.6160405,graph,3693,11078,0.06771168038249016,0.0034883839543908834,0.4175395965576172
16780,1753226758.9963915,node,3696,11085,0.8771709872409701,0.0034883839543908834,0.0
16790,1753226763.4303045,graph,3698,11093,0.11313017271459103,0.0034883839543908834,0.6286654472351074
16800,1753226767.5773244,node,3701,11100,0.9252018891274929,0.0034883839543908834,0.0
16810,1753226772.4329689,graph,3703,11108,0.18768044114112853,0.0034883839543908834,0.3700122833251953
16820,1753226776.6531243,node,3706,11115,4.1269565533846615,0.0034883839543908834,0.0
16830,1753226781.0557787,graph,3708,11123,0.3082650851458311,0.0034883839543908834,0.36254310607910156
16840,1753226785.1312683,node,3711,11130,0.07315961821004749,0.0034883839543908834,0.0
16850,1753226789.1089513,graph,3713,11138,0.0673517070710659,0.0034883839543908834,0.4578707218170166
16860,1753226792.8253257,node,3716,11145,0.2559883937239647,0.0034883839543908834,0.0
16870,1753226796.4058673,graph,3718,11153,0.3446144491434097,0.0034883839543908834,0.3870811462402344
16880,1753226800.0387554,node,3721,11160,0.16490847021341323,0.0034883839543908834,0.0
16890,1753226804.8855305,graph,3723,11168,0.10749131441116333,0.0034883839543908834,0.4064366817474365
16900,1753226808.938883,node,3726,11175,0.2058782659471035,0.0034883839543908834,0.0
16910,1753226812.8927228,graph,3728,11183,0.21683700382709503,0.0034883839543908834,0.36252927780151367
16920,1753226816.8316314,node,3731,11190,0.14535984620451928,0.0034883839543908834,0.0
16930,1753226820.8852963,graph,3733,11198,0.10148960165679455,0.0034883839543908834,0.47551703453063965
16940,1753226824.9698038,node,3736,11205,0.2780538938939571,0.0034883839543908834,0.0
16950,1753226829.119635,graph,3738,11213,0.21450929529964924,0.0034883839543908834,0.43988537788391113
16960,1753226833.0903757,node,3741,11220,0.2025401286780834,0.0034883839543908834,0.0
16970,1753226836.9474843,graph,3743,11228,0.11130864098668099,0.0034883839543908834,0.3637068271636963
16980,1753226840.6778176,node,3746,11235,0.1569822933524847,0.0034883839543908834,0.0
16990,1753226844.5883381,graph,3748,11243,0.08080905564129352,0.0034883839543908834,0.36238646507263184
17000,1753226848.4184115,node,3751,11250,0.3916059833019972,0.0034883839543908834,0.0
17010,1753226852.3636842,graph,3753,11258,0.1262573018670082,0.0034883839543908834,0.38617992401123047
17020,1753226857.4399624,node,3756,11265,0.5146304909139872,0.0034883839543908834,0.0
17030,1753226861.7913573,graph,3758,11273,0.2257506899535656,0.0034883839543908834,0.43616628646850586
17040,1753226866.1395192,node,3761,11280,0.07724986411631107,0.0034883839543908834,0.0
17050,1753226870.4680943,graph,3763,11288,1.1523641221225263,0.0034883839543908834,0.4194145202636719
17060,1753226874.3548203,node,3766,11295,0.08220158703625202,0.0034883839543908834,0.0
17070,1753226878.1835454,graph,3768,11303,0.07205913551151752,0.0034883839543908834,0.38605380058288574
17080,1753226882.0707374,node,3771,11310,0.07017784919589758,0.0034883839543908834,0.0
17090,1753226885.959702,graph,3773,11318,1.351507503911853,0.0034883839543908834,0.37190866470336914
17100,1753226889.8772693,node,3776,11325,0.27995436247438193,0.0034883839543908834,0.0
17110,1753226893.856338,graph,3778,11333,0.2589505609124899,0.0034883839543908834,0.4207744598388672
17120,1753226897.5287206,node,3781,11340,0.1629519799724221,0.0034883839543908834,0.0
17130,1753226901.0491927,graph,3783,11348,0.10271664448082447,0.0034883839543908834,0.34879350662231445
17140,1753226905.342943,node,3786,11355,0.048002057056874034,0.0034883839543908834,0.0
17150,1753226909.5202732,graph,3788,11363,0.07690226696431637,0.0034883839543908834,0.37854576110839844
17160,1753226913.8529665,node,3791,11370,0.3971344966441393,0.0034883839543908834,0.0
17170,1753226917.6736634,graph,3793,11378,0.07575204353779555,0.0034883839543908834,0.3913593292236328
17180,1753226921.6216915,node,3796,11385,0.07532909139990807,0.0034883839543908834,0.0
17190,1753226925.4492455,graph,3798,11393,0.15888703055679798,0.0034883839543908834,0.3831493854522705
17200,1753226929.2065444,node,3801,11400,0.18593308720737695,0.0034883839543908834,0.0
17210,1753226933.1656153,graph,3803,11408,0.05583443623036146,0.0034883839543908834,0.3745596408843994
17220,1753226936.9656136,node,3806,11415,0.3826883528381586,0.0034883839543908834,0.0
17230,1753226940.7608654,graph,3808,11423,0.08049232941120862,0.0034883839543908834,0.40247464179992676
17240,1753226944.5287564,node,3811,11430,4.294689120352269,0.0034883839543908834,0.0
17250,1753226948.3629506,graph,3813,11438,0.09188830591738224,0.0034883839543908834,0.42167091369628906
17260,1753226952.1525464,node,3816,11445,0.9552119802683592,0.0034883839543908834,0.0
17270,1753226955.9775324,graph,3818,11453,0.10120146721601486,0.0034883839543908834,0.3723335266113281
17280,1753226959.8433838,node,3821,11460,0.21725836917757987,0.0034883839543908834,0.0
17290,1753226963.6631918,graph,3823,11468,0.15296713393181563,0.0034883839543908834,0.35402345657348633
17300,1753226967.4457936,node,3826,11475,0.06897362172603608,0.0034883839543908834,0.0
17310,1753226971.2494557,graph,3828,11483,0.13497585728764533,0.0034883839543908834,0.37105369567871094
17320,1753226974.995843,node,3831,11490,0.20034016333520413,0.0034883839543908834,0.0
17330,1753226978.9513648,graph,3833,11498,0.16295611392706633,0.0034883839543908834,0.4416928291320801
17340,1753226982.7116454,node,3836,11505,0.8143917005509138,0.0034883839543908834,0.0
17350,1753226986.5120971,graph,3838,11513,1.7230592083185912,0.0034883839543908834,0.365084171295166
17360,1753226990.0193887,node,3841,11520,0.26998427556827664,0.0034883839543908834,0.0
17370,1753226993.5464163,graph,3843,11528,0.21666640602052212,0.0034883839543908834,0.3614037036895752
17380,1753226997.0961173,node,3846,11535,0.14099257588386535,0.0034883839543908834,0.0
17390,1753227000.5865695,graph,3848,11543,0.07159716300666333,0.0034883839543908834,0.34280943870544434
17400,1753227004.188972,node,3851,11550,0.07112157866358756,0.0034883839543908834,0.0
17410,1753227007.791733,graph,3853,11558,0.15491262264549732,0.0034883839543908834,0.3611609935760498
17420,1753227011.4332805,node,3856,11565,0.05625917045399546,0.0034883839543908834,0.0
17430,1753227015.0622134,graph,3858,11573,0.057964895851910114,0.0034883839543908834,0.3673877716064453
17440,1753227018.5523257,node,3861,11580,0.641183532960713,0.0034883839543908834,0.0
17450,1753227022.1208827,graph,3863,11588,0.058084075804799795,0.0034883839543908834,0.34801506996154785
17460,1753227025.7808015,node,3866,11595,0.8699565093964339,0.0034883839543908834,0.0
17470,1753227029.416643,graph,3868,11603,0.057203558087348935,0.0034883839543908834,0.3755338191986084
17480,1753227032.8787978,node,3871,11610,0.3356023486703634,0.0034883839543908834,0.0
17490,1753227036.398366,graph,3873,11618,0.1403841845691204,0.0034883839543908834,0.39057183265686035
17500,1753227040.0565836,node,3876,11625,0.07475422117859125,0.0034883839543908834,0.0
17510,1753227043.6396742,graph,3878,11633,0.05235656891018152,0.0034883839543908834,0.3424046039581299
17520,1753227047.1612163,node,3881,11640,0.3507549888920039,0.0034883839543908834,0.0
17530,1753227050.899371,graph,3883,11648,1.5071588091552257,0.0034883839543908834,0.3672983646392822
17540,1753227054.6326652,node,3886,11655,0.1925743378698826,0.0034883839543908834,0.0
17550,1753227058.3903108,graph,3888,11663,0.0521653339266777,0.0034883839543908834,0.38899922370910645
17560,1753227062.1243658,node,3891,11670,0.33639330640435217,0.0034883839543908834,0.0
17570,1753227065.886215,graph,3893,11678,0.46515163257718084,0.0034883839543908834,0.3556222915649414
17580,1753227069.6694021,node,3896,11685,0.1372858624905348,0.0034883839543908834,0.0
17590,1753227073.5307803,graph,3898,11693,0.14316546060144902,0.0034883839543908834,0.3934931755065918
17600,1753227077.1347919,node,3901,11700,0.1698120940476656,0.0034883839543908834,0.0
17610,1753227080.9553928,graph,3903,11708,0.05650926427915692,0.0034883839543908834,0.4098794460296631
17620,1753227084.8620017,node,3906,11715,0.056412696931511165,0.0034883839543908834,0.0
17630,1753227088.853806,graph,3908,11723,0.24955971539020538,0.0034883839543908834,0.40490007400512695
17640,1753227092.9060602,node,3911,11730,0.2896906454116106,0.0034883839543908834,0.0
17650,1753227096.7456515,graph,3913,11738,0.059320511668920516,0.0034883839543908834,0.3761410713195801
17660,1753227100.5755405,node,3916,11745,0.7553791765123605,0.0034883839543908834,0.0
17670,1753227104.4388237,graph,3918,11753,0.15212218463420868,0.0034883839543908834,0.37789416313171387
17680,1753227108.0984216,node,3921,11760,0.2563020929694176,0.0034883839543908834,0.0
17690,1753227111.770449,graph,3923,11768,0.056200846657156946,0.0034883839543908834,0.36602163314819336
17700,1753227115.280035,node,3926,11775,1.1997920317575335,0.0034883839543908834,0.0
17710,1753227118.9208522,graph,3928,11783,0.14578630365431308,0.0034883839543908834,0.34301066398620605
17720,1753227122.4554381,node,3931,11790,4.920291740447283,0.0034883839543908834,0.0
17730,1753227126.1068988,graph,3933,11798,0.16018502712249755,0.0034883839543908834,0.3735964298248291
17740,1753227129.474424,node,3936,11805,0.24808074831962584,0.0034883839543908834,0.0
17750,1753227133.1419222,graph,3938,11813,0.39086515344679357,0.0034883839543908834,0.35358643531799316
17760,1753227136.8000717,node,3941,11820,0.12728218734264374,0.0034883839543908834,0.0
17770,1753227140.4569805,graph,3943,11828,0.22036467995494605,0.0034883839543908834,0.3490004539489746
17780,1753227144.0324252,node,3946,11835,0.5384533692151308,0.0034883839543908834,0.0
17790,1753227147.578672,graph,3948,11843,0.20349860563874245,0.0034883839543908834,0.3514420986175537
17800,1753227151.127195,node,3951,11850,0.18346954844892024,0.0034883839543908834,0.0
17810,1753227154.652856,graph,3953,11858,0.27176600210368634,0.0034883839543908834,0.3427269458770752
17820,1753227158.201271,node,3956,11865,0.13907618783414363,0.0034883839543908834,0.0
17830,1753227161.820052,graph,3958,11873,0.16185627840459346,0.0034883839543908834,0.38341689109802246
17840,1753227165.4562473,node,3961,11880,0.14105529822409152,0.0034883839543908834,0.0
17850,1753227169.0453591,graph,3963,11888,0.06973251085728407,0.0034883839543908834,0.3980119228363037
17860,1753227172.7465205,node,3966,11895,0.187311402335763,0.0034883839543908834,0.0
17870,1753227176.6383364,graph,3968,11903,0.15004048123955727,0.0034883839543908834,0.3863093852996826
17880,1753227180.3300688,node,3971,11910,0.18819685988128185,0.0034883839543908834,0.0
17890,1753227184.226241,graph,3973,11918,0.33776509314775466,0.0034883839543908834,0.3922231197357178
17900,1753227188.0496254,node,3976,11925,0.3153655666857958,0.0034883839543908834,0.0
17910,1753227191.8437347,graph,3978,11933,0.06682244203984737,0.0034883839543908834,0.39374709129333496
17920,1753227195.5428262,node,3981,11940,0.06943621300160885,0.0034883839543908834,0.0
17930,1753227199.3449502,graph,3983,11948,0.05753528047353029,0.0034883839543908834,0.4183468818664551
17940,1753227203.0109465,node,3986,11955,4.404436763003469,0.0034883839543908834,0.0
17950,1753227206.7381818,graph,3988,11963,0.0595092379488051,0.0034883839543908834,0.3596062660217285
17960,1753227210.5639045,node,3991,11970,0.2739837422966957,0.0034883839543908834,0.0
17970,1753227214.4624333,graph,3993,11978,1.8642489429563285,0.0034883839543908834,0.38672590255737305
17980,1753227218.2943697,node,3996,11985,0.0521021232008934,0.0034883839543908834,0.0
17990,1753227221.9868507,graph,3998,11993,0.11175615750253201,0.0034883839543908834,0.403001070022583
18000,1753227225.823704,node,4001,12000,0.18444961737841367,0.0034883839543908834,0.0
18010,1753227229.9129534,graph,4003,12008,0.42028852896764873,0.0034883839543908834,0.4011249542236328
18020,1753227233.5863025,node,4006,12015,0.21757712848484517,0.0034883839543908834,0.0
18030,1753227237.1177661,graph,4008,12023,0.053193879779428244,0.0034883839543908834,0.3385009765625
18040,1753227240.5614183,node,4011,12030,0.08334249099716544,0.0034883839543908834,0.0
18050,1753227244.1507905,graph,4013,12038,0.2353047227486968,0.0034883839543908834,0.3626675605773926
18060,1753227247.7300086,node,4016,12045,0.0885686855763197,0.0034883839543908834,0.0
18070,1753227251.319009,graph,4018,12053,0.07050746642053127,0.0034883839543908834,0.3679835796356201
18080,1753227254.9128091,node,4021,12060,0.19440765213221312,0.0034883839543908834,0.0
18090,1753227258.541386,graph,4023,12068,0.17029381887987255,0.0034883839543908834,0.3608365058898926
18100,1753227262.0941443,node,4026,12075,0.37224576752632854,0.0034883839543908834,0.0
18110,1753227265.6261775,graph,4028,12083,0.08021402005106211,0.0034883839543908834,0.3873755931854248
18120,1753227269.1939,node,4031,12090,0.17291113287210463,0.0034883839543908834,0.0
18130,1753227272.7574627,graph,4033,12098,0.1112403528764844,0.0034883839543908834,0.3687930107116699
18140,1753227276.3542492,node,4036,12105,0.2710076618939638,0.0034883839543908834,0.0
18150,1753227279.919241,graph,4038,12113,1.114830616535619,0.0034883839543908834,0.36046934127807617
18160,1753227283.4884467,node,4041,12120,0.06412919368594885,0.0034883839543908834,0.0
18170,1753227287.1469612,graph,4043,12128,0.0585581311956048,0.0034883839543908834,0.38709115982055664
18180,1753227290.8303578,node,4046,12135,0.08870068863034249,0.0034883839543908834,0.0
18190,1753227294.625681,graph,4048,12143,2.4756571669131517,0.0034883839543908834,0.35869431495666504
18200,1753227298.3174016,node,4051,12150,0.7080641219392418,0.0034883839543908834,0.0
18210,1753227302.176223,graph,4053,12158,0.09554719477891922,0.0034883839543908834,0.3766305446624756
18220,1753227305.9231963,node,4056,12165,0.5802489100955427,0.0034883839543908834,0.0
18230,1753227309.5752192,graph,4058,12173,0.06748893782496453,0.0034883839543908834,0.37682628631591797
18240,1753227313.1710587,node,4061,12180,0.049688300024718045,0.0034883839543908834,0.0
18250,1753227316.918956,graph,4063,12188,0.07749121785163879,0.0034883839543908834,0.38080811500549316
18260,1753227320.6090176,node,4066,12195,0.07270028255879879,0.0034883839543908834,0.0
18270,1753227324.2761338,graph,4068,12203,0.09217807464301586,0.0034883839543908834,0.39156579971313477
18280,1753227328.048299,node,4071,12210,0.6583886366337538,0.0034883839543908834,0.0
18290,1753227331.806337,graph,4073,12218,0.15164588801562787,0.0034883839543908834,0.388169527053833
18300,1753227335.5300822,node,4076,12225,0.17316513396799565,0.0034883839543908834,0.0
18310,1753227339.622599,graph,4078,12233,0.4410644814372063,0.0034883839543908834,0.3962416648864746
18320,1753227343.4054716,node,4081,12240,0.15031505338847637,0.0034883839543908834,0.0
18330,1753227347.1099062,graph,4083,12248,2.9296539291739463,0.0034883839543908834,0.3742642402648926
18340,1753227350.7998846,node,4086,12255,0.21891169175505637,0.0034883839543908834,0.0
18350,1753227354.3872244,graph,4088,12263,0.06743102353066206,0.0034883839543908834,0.3693270683288574
18360,1753227358.18793,node,4091,12270,1.8868719067424535,0.0034883839543908834,0.0
18370,1753227361.742894,graph,4093,12278,0.5323914680629969,0.0034883839543908834,0.37105607986450195
18380,1753227365.2527263,node,4096,12285,0.18759761489927768,0.0034883839543908834,0.0
18390,1753227368.7578123,graph,4098,12293,0.39384167063981296,0.0034883839543908834,0.3495819568634033
18400,1753227372.3785815,node,4101,12300,0.19365206342190505,0.0034883839543908834,0.0
18410,1753227376.0880177,graph,4103,12308,0.16702364534139633,0.0034883839543908834,0.3874063491821289
18420,1753227379.6744242,node,4106,12315,0.5399792931973935,0.0034883839543908834,0.0
18430,1753227383.288971,graph,4108,12323,0.11289280578494072,0.0034883839543908834,0.37920093536376953
18440,1753227386.8019557,node,4111,12330,0.6643671084195375,0.0034883839543908834,0.0
18450,1753227390.395815,graph,4113,12338,0.049464723514392975,0.0034883839543908834,0.3301405906677246
18460,1753227393.9500623,node,4116,12345,0.05926594864577055,0.0034883839543908834,0.0
18470,1753227397.5604587,graph,4118,12353,0.9920678675174713,0.0034883839543908834,0.35911035537719727
18480,1753227401.1230514,node,4121,12360,0.8647739566862583,0.0034883839543908834,0.0
18490,1753227404.7769058,graph,4123,12368,0.20553171299397946,0.0034883839543908834,0.37029457092285156
18500,1753227408.3339033,node,4126,12375,0.15556472726166248,0.0034883839543908834,0.0
18510,1753227412.0918198,graph,4128,12383,0.05846675056964159,0.0034883839543908834,0.356809139251709
18520,1753227415.9028518,node,4131,12390,0.41160687804222107,0.0034883839543908834,0.0
18530,1753227419.6319525,graph,4133,12398,0.08925822786986828,0.0034883839543908834,0.3768599033355713
18540,1753227423.4689915,node,4136,12405,0.18108764179050924,0.0034883839543908834,0.0
18550,1753227427.2373137,graph,4138,12413,0.05915321297943592,0.0034883839543908834,0.40076661109924316
18560,1753227431.035991,node,4141,12420,0.2912010416388512,0.0034883839543908834,0.0
18570,1753227434.8228014,graph,4143,12428,0.10248426422476768,0.0034883839543908834,0.3616206645965576
18580,1753227438.55076,node,4146,12435,0.08585943821817636,0.0034883839543908834,0.0
18590,1753227442.34348,graph,4148,12443,0.07052411697804928,0.0034883839543908834,0.3507497310638428
18600,1753227445.9851127,node,4151,12450,0.049727318715304135,0.0034883839543908834,0.0
18610,1753227449.8951416,graph,4153,12458,0.0628862302750349,0.0034883839543908834,0.39201784133911133
18620,1753227453.5441613,node,4156,12465,1.24308319427073,0.0034883839543908834,0.0
18630,1753227457.287621,graph,4158,12473,0.0865037553012371,0.0034883839543908834,0.41757631301879883
18640,1753227461.0554464,node,4161,12480,4.258249097503722,0.0034883839543908834,0.0
18650,1753227464.8569763,graph,4163,12488,0.38080136515200136,0.0034883839543908834,0.3793482780456543
18660,1753227468.6821778,node,4166,12495,0.0978574862703681,0.0034883839543908834,0.0
18670,1753227472.3273852,graph,4168,12503,0.3740846436470747,0.0034883839543908834,0.4515504837036133
18680,1753227475.8312333,node,4171,12510,0.28258076757192613,0.0034883839543908834,0.0
18690,1753227479.4007072,graph,4173,12518,0.0531098079867661,0.0034883839543908834,0.3478279113769531
18700,1753227482.850867,node,4176,12525,0.2730976440012455,0.0034883839543908834,0.0
18710,1753227486.453971,graph,4178,12533,0.67593924254179,0.0034883839543908834,0.33700037002563477
18720,1753227490.081543,node,4181,12540,0.10430078338831664,0.0034883839543908834,0.0
18730,1753227493.7442315,graph,4183,12548,0.10382066294550896,0.0034883839543908834,0.3740880489349365
18740,1753227497.345694,node,4186,12555,1.0998714433982968,0.0034883839543908834,0.0
18750,1753227500.8928542,graph,4188,12563,0.07018529660999775,0.0034883839543908834,0.3519270420074463
18760,1753227504.3906343,node,4191,12570,0.08600189983844757,0.0034883839543908834,0.0
18770,1753227508.0002904,graph,4193,12578,0.1675788413733244,0.0034883839543908834,0.3838043212890625
18780,1753227511.4845443,node,4196,12585,6.697996509447694,0.0034883839543908834,0.0
18790,1753227515.1721797,graph,4198,12593,0.07066802168264985,0.0034883839543908834,0.36806750297546387
18800,1753227518.6781163,node,4201,12600,0.2208304487168789,0.0034883839543908834,0.0
18810,1753227522.4081018,graph,4203,12608,0.1543053537607193,0.0034883839543908834,0.3360137939453125
18820,1753227525.998803,node,4206,12615,0.368594759888947,0.0034883839543908834,0.0
18830,1753227529.7328672,graph,4208,12623,0.06849961578845978,0.0034883839543908834,0.41028881072998047
18840,1753227533.6083682,node,4211,12630,0.12621791139245034,0.0034883839543908834,0.0
18850,1753227537.3303835,graph,4213,12638,1.9293130055069923,0.0034883839543908834,0.38396787643432617
18860,1753227540.9634573,node,4216,12645,0.07049803845584393,0.0034883839543908834,0.0
18870,1753227544.912942,graph,4218,12653,0.3367247212678194,0.0034883839543908834,0.39348387718200684
18880,1753227548.536553,node,4221,12660,0.18896183501929045,0.0034883839543908834,0.0
18890,1753227552.4365022,graph,4223,12668,0.16985337883234025,0.0034883839543908834,0.4035060405731201
18900,1753227556.127303,node,4226,12675,0.24750544540584088,0.0034883839543908834,0.0
18910,1753227559.9034536,graph,4228,12683,0.08729024585336446,0.0034883839543908834,0.38962697982788086
18920,1753227563.7288208,node,4231,12690,0.24610344432294368,0.0034883839543908834,0.0
18930,1753227567.4108467,graph,4233,12698,0.2177496261894703,0.0034883839543908834,0.35213136672973633
18940,1753227571.2214801,node,4236,12705,0.22436238639056683,0.0034883839543908834,0.0
18950,1753227574.9831986,graph,4238,12713,0.10220734570175409,0.0034883839543908834,0.34468579292297363
18960,1753227578.7464325,node,4241,12720,0.12279201410710812,0.0034883839543908834,0.0
18970,1753227582.603046,graph,4243,12728,0.05273931361734867,0.0034883839543908834,0.3885197639465332
18980,1753227586.2382684,node,4246,12735,0.5051436558365822,0.0034883839543908834,0.0
18990,1753227589.9937246,graph,4248,12743,0.05781595539301634,0.0034883839543908834,0.39900851249694824
19000,1753227593.6646147,node,4251,12750,1.0492547038942575,0.0034883839543908834,0.0
19010,1753227597.2923803,graph,4253,12758,0.06001278776675463,0.0034883839543908834,0.3487129211425781
19020,1753227600.874002,node,4256,12765,0.04637090265750885,0.0034883839543908834,0.0
19030,1753227604.3669672,graph,4258,12773,0.09709189757704735,0.0034883839543908834,0.3618903160095215
19040,1753227607.8583822,node,4261,12780,0.364899180456996,0.0034883839543908834,0.0
19050,1753227611.3712704,graph,4263,12788,1.1367610242217778,0.0034883839543908834,0.3476870059967041
19060,1753227614.985978,node,4266,12795,0.16828733533620835,0.0034883839543908834,0.0
19070,1753227618.7120886,graph,4268,12803,0.04801845252513885,0.0034883839543908834,0.3539607524871826
19080,1753227622.3075926,node,4271,12810,0.2165751138702035,0.0034883839543908834,0.0
19090,1753227625.8134305,graph,4273,12818,0.0997664937749505,0.0034883839543908834,0.3542807102203369
19100,1753227629.3190374,node,4276,12825,0.05165546629577875,0.0034883839543908834,0.0
19110,1753227632.9211063,graph,4278,12833,0.5802141021937132,0.0034883839543908834,0.3594844341278076
19120,1753227636.4056017,node,4281,12840,0.603188768401742,0.0034883839543908834,0.0
19130,1753227639.9872491,graph,4283,12848,0.4787227988243103,0.0034883839543908834,0.3880798816680908
19140,1753227643.4899564,node,4286,12855,0.8715106543153525,0.0034883839543908834,0.0
19150,1753227647.1029785,graph,4288,12863,9.435101491212844,0.0034883839543908834,0.3516526222229004
19160,1753227650.757935,node,4291,12870,0.11161360926926137,0.0034883839543908834,0.0
19170,1753227654.4066412,graph,4293,12878,0.056968307588249445,0.0034883839543908834,0.38777589797973633
19180,1753227658.240807,node,4296,12885,0.30525791496038435,0.0034883839543908834,0.0
19190,1753227661.9159682,graph,4298,12893,0.14902431927621365,0.0034883839543908834,0.41881299018859863
19200,1753227665.6561036,node,4301,12900,0.15791370794177056,0.0034883839543908834,0.0
19210,1753227669.4020627,graph,4303,12908,0.4448754645884037,0.0034883839543908834,0.40212202072143555
19220,1753227673.1884713,node,4306,12915,0.12668952532112598,0.0034883839543908834,0.0
19230,1753227676.9928455,graph,4308,12923,1.0715174701064825,0.0034883839543908834,0.36070966720581055
19240,1753227680.6596172,node,4311,12930,1.7920541804283858,0.0034883839543908834,0.0
19250,1753227684.6806247,graph,4313,12938,0.09771296046674252,0.0034883839543908834,0.39162635803222656
19260,1753227688.6193593,node,4316,12945,0.46292254589498044,0.0034883839543908834,0.0
19270,1753227692.7280836,graph,4318,12953,0.1012143600732088,0.0034883839543908834,0.4529256820678711
19280,1753227696.5220034,node,4321,12960,0.3799584243446589,0.0034883839543908834,0.0
19290,1753227700.4093475,graph,4323,12968,0.06345814615488052,0.0034883839543908834,0.38841986656188965
19300,1753227704.1064336,node,4326,12975,0.5676074001938105,0.0034883839543908834,0.0
19310,1753227707.9325767,graph,4328,12983,0.13155813179910184,0.0034883839543908834,0.36625194549560547
19320,1753227711.6364894,node,4331,12990,0.09518771916627884,0.0034883839543908834,0.0
19330,1753227715.190679,graph,4333,12998,0.06860791593790054,0.0034883839543908834,0.38654065132141113
19340,1753227718.6872504,node,4336,13005,0.06916610300540924,0.0034883839543908834,0.0
19350,1753227722.3094313,graph,4338,13013,0.10084635764360428,0.0034883839543908834,0.34881043434143066
19360,1753227725.8324978,node,4341,13020,0.2827237921766937,0.0034883839543908834,0.0
19370,1753227729.4431865,graph,4343,13028,0.14147940315306187,0.0034883839543908834,0.37215423583984375
19380,1753227733.0107648,node,4346,13035,0.15285731004551054,0.0034883839543908834,0.0
19390,1753227736.6728628,graph,4348,13043,0.472327783331275,0.0034883839543908834,0.3567337989807129
19400,1753227740.1507022,node,4351,13050,0.3559129382483661,0.0034883839543908834,0.0
19410,1753227743.735812,graph,4353,13058,0.05451763430610299,0.0034883839543908834,0.32503819465637207
19420,1753227747.281779,node,4356,13065,2.383160975202918,0.0034883839543908834,0.0
19430,1753227750.922887,graph,4358,13073,0.05197177622467279,0.0034883839543908834,0.37594103813171387
19440,1753227754.4623673,node,4361,13080,0.4384501278400421,0.0034883839543908834,0.0
19450,1753227757.9487953,graph,4363,13088,0.3492126602679491,0.0034883839543908834,0.35349249839782715
19460,1753227761.5092711,node,4366,13095,0.2516372721642256,0.0034883839543908834,0.0
19470,1753227765.2023435,graph,4368,13103,2.6835817635059356,0.0034883839543908834,0.3661842346191406
19480,1753227768.917371,node,4371,13110,0.1313328504562378,0.0034883839543908834,0.0
19490,1753227772.636284,graph,4373,13118,0.06923275943845511,0.0034883839543908834,0.40810728073120117
19500,1753227776.460741,node,4376,13125,0.23080023527145385,0.0034883839543908834,0.0
19510,1753227780.2071652,graph,4378,13133,0.08232610821723937,0.0034883839543908834,0.38878726959228516
19520,1753227783.978849,node,4381,13140,0.20356155894696712,0.0034883839543908834,0.0
19530,1753227787.7895927,graph,4383,13148,2.972218420729041,0.0034883839543908834,0.3876791000366211
19540,1753227791.590386,node,4386,13155,0.08174855560064316,0.0034883839543908834,0.0
19550,1753227795.4173386,graph,4388,13163,0.36771726831793783,0.0034883839543908834,0.3892498016357422
19560,1753227799.2005224,node,4391,13170,0.078144412022084,0.0034883839543908834,0.0
19570,1753227802.9342134,graph,4393,13178,0.16418995931744576,0.0034883839543908834,0.3875010013580322
19580,1753227806.6381752,node,4396,13185,1.208147006481886,0.0034883839543908834,0.0
19590,1753227810.4729204,graph,4398,13193,0.08114222194999457,0.0034883839543908834,0.36771392822265625
19600,1753227814.1898246,node,4401,13200,0.35353473760187626,0.0034883839543908834,0.0
19610,1753227817.915899,graph,4403,13208,0.07038763351738453,0.0034883839543908834,0.36478233337402344
19620,1753227821.6991816,node,4406,13215,0.1538377644494176,0.0034883839543908834,0.0
19630,1753227825.4171305,graph,4408,13223,0.058109134808182715,0.0034883839543908834,0.386141300201416
19640,1753227829.1311352,node,4411,13230,0.2102375474758446,0.0034883839543908834,0.0
19650,1753227832.7165754,graph,4413,13238,0.41276845932006834,0.0034883839543908834,0.37284159660339355
19660,1753227836.2554905,node,4416,13245,0.278795269317925,0.0034883839543908834,0.0
19670,1753227839.8801646,graph,4418,13253,2.8168041935190558,0.0034883839543908834,0.3553791046142578
19680,1753227843.4813497,node,4421,13260,0.05803474765270948,0.0034883839543908834,0.0
19690,1753227847.0592012,graph,4423,13268,0.8587244197726249,0.0034883839543908834,0.3652312755584717
19700,1753227850.6344948,node,4426,13275,0.5740432053804397,0.0034883839543908834,0.0
19710,1753227854.26417,graph,4428,13283,0.1745102398097515,0.0034883839543908834,0.34654831886291504
19720,1753227857.826305,node,4431,13290,0.09034524522721768,0.0034883839543908834,0.0
19730,1753227861.3430939,graph,4433,13298,0.16994146099314095,0.0034883839543908834,0.3368968963623047
19740,1753227864.8782895,node,4436,13305,0.14580128937959672,0.0034883839543908834,0.0
19750,1753227868.428471,graph,4438,13313,0.35408407300710676,0.0034883839543908834,0.38437390327453613
19760,1753227871.895414,node,4441,13320,0.6414461266249418,0.0034883839543908834,0.0
19770,1753227875.5020034,graph,4443,13328,0.04669673531316221,0.0034883839543908834,0.3506808280944824
19780,1753227879.0528257,node,4446,13335,0.08943264745175838,0.0034883839543908834,0.0
19790,1753227882.6919837,graph,4448,13343,0.15434437282383442,0.0034883839543908834,0.3738362789154053
19800,1753227886.269579,node,4451,13350,0.24145034551620484,0.0034883839543908834,0.0
19810,1753227889.9290667,graph,4453,13358,0.06305274851620198,0.0034883839543908834,0.35718512535095215
19820,1753227893.7355568,node,4456,13365,0.07636677790433169,0.0034883839543908834,0.0
19830,1753227897.5795317,graph,4458,13373,0.05539633631706238,0.0034883839543908834,0.3773527145385742
19840,1753227901.4058554,node,4461,13380,0.19971646033227444,0.0034883839543908834,0.0
19850,1753227905.2262664,graph,4463,13388,0.08416005298495292,0.0034883839543908834,0.37535738945007324
19860,1753227909.1044915,node,4466,13395,0.10394911603070796,0.0034883839543908834,0.0
19870,1753227912.8377485,graph,4468,13403,0.1311580751091242,0.0034883839543908834,0.3618957996368408
19880,1753227916.605999,node,4471,13410,20.433554411120713,0.0034883839543908834,0.0
19890,1753227920.3866808,graph,4473,13418,0.05848879218101501,0.0034883839543908834,0.4205505847930908
19900,1753227924.0754166,node,4476,13425,0.18665407449007035,0.0034883839543908834,0.0
19910,1753227927.9435847,graph,4478,13433,0.13028303124010562,0.0034883839543908834,0.37325167655944824
19920,1753227931.6729927,node,4481,13440,0.1729127787053585,0.0034883839543908834,0.0
19930,1753227935.5255551,graph,4483,13448,0.25305813243612646,0.0034883839543908834,0.3559403419494629
19940,1753227939.301474,node,4486,13455,0.9194203082472086,0.0034883839543908834,0.0
19950,1753227943.0656762,graph,4488,13463,0.48179068956524135,0.0034883839543908834,0.4141349792480469
19960,1753227946.6512136,node,4491,13470,0.6277435570955276,0.0034883839543908834,0.0
19970,1753227950.199563,graph,4493,13478,0.45438163056969644,0.0034883839543908834,0.3660705089569092
19980,1753227953.715487,node,4496,13485,0.11712946360930801,0.0034883839543908834,0.0
19990,1753227957.3306684,graph,4498,13493,0.16936707608401774,0.0034883839543908834,0.3458976745605469
20000,1753227960.976878,node,4501,13500,0.056935059279203414,0.0034883839543908834,0.0
20010,1753227964.8561666,graph,4503,13508,1.148279494419694,0.0034883839543908834,0.38045310974121094
20020,1753227968.7297184,node,4506,13515,1.817601903900504,0.0034883839543908834,0.0
20030,1753227972.5170977,graph,4508,13523,0.2581935189664364,0.0034883839543908834,0.38306522369384766
20040,1753227975.9677396,node,4511,13530,0.9701375160366297,0.0034883839543908834,0.0
20050,1753227979.5792248,graph,4513,13538,0.9770301379263401,0.0034883839543908834,0.36843109130859375
20060,1753227983.1131933,node,4516,13545,5.317444427497685,0.0034883839543908834,0.0
20070,1753227986.729904,graph,4518,13553,0.05742515064775944,0.0034883839543908834,0.39330482482910156
20080,1753227990.21495,node,4521,13560,0.24592408388853074,0.0034883839543908834,0.0
20090,1753227993.83519,graph,4523,13568,0.18977479003369807,0.0034883839543908834,0.3550760746002197
20100,1753227997.3280053,node,4526,13575,0.1954781237989664,0.0034883839543908834,0.0
20110,1753228000.9877112,graph,4528,13583,0.21784013137221336,0.0034883839543908834,0.3503072261810303
20120,1753228004.7233582,node,4531,13590,0.07583565898239612,0.0034883839543908834,0.0
20130,1753228008.506311,graph,4533,13598,0.05195230431854725,0.0034883839543908834,0.3950483798980713
20140,1753228012.2700546,node,4536,13605,0.37761015743017196,0.0034883839543908834,0.0
20150,1753228015.9759657,graph,4538,13613,0.0639832429587841,0.0034883839543908834,0.39728808403015137
20160,1753228019.7830536,node,4541,13620,0.06128900879994035,0.0034883839543908834,0.0
20170,1753228023.48233,graph,4543,13628,0.24678243175148964,0.0034883839543908834,0.3679676055908203
20180,1753228027.3811886,node,4546,13635,0.213715747743845,0.0034883839543908834,0.0
20190,1753228031.1442633,graph,4548,13643,0.054202518239617345,0.0034883839543908834,0.3686354160308838
20200,1753228034.9492705,node,4551,13650,0.15068154158070685,0.0034883839543908834,0.0
20210,1753228038.7988167,graph,4553,13658,0.2328189119696617,0.0034883839543908834,0.41080665588378906
20220,1753228042.5497248,node,4556,13665,0.3002995491027832,0.0034883839543908834,0.0
20230,1753228046.2495959,graph,4558,13673,0.15815896540880203,0.0034883839543908834,0.3860664367675781
20240,1753228050.4967618,node,4561,13680,0.2767733572050929,0.0034883839543908834,0.0
20250,1753228054.2667062,graph,4563,13688,0.07687093587592245,0.0034883839543908834,0.40360355377197266
20260,1753228058.071271,node,4566,13695,0.07582276286557317,0.0034883839543908834,0.0
20270,1753228061.8346279,graph,4568,13703,0.07082962370477616,0.0034883839543908834,0.34183502197265625
20280,1753228065.4368284,node,4571,13710,0.6299125697463751,0.0034883839543908834,0.0
20290,1753228068.937226,graph,4573,13718,0.06863076984882355,0.0034883839543908834,0.3534533977508545
20300,1753228072.452976,node,4576,13725,0.23722102353349328,0.0034883839543908834,0.0
20310,1753228075.9822633,graph,4578,13733,0.052120137587189676,0.0034883839543908834,0.38989830017089844
20320,1753228079.7039766,node,4581,13740,0.29133437387645245,0.0034883839543908834,0.0
20330,1753228083.4477212,graph,4583,13748,0.07363419942557811,0.0034883839543908834,0.34908366203308105
20340,1753228087.0907376,node,4586,13755,0.10192090310156346,0.0034883839543908834,0.0
20350,1753228090.6507087,graph,4588,13763,0.07170764487236739,0.0034883839543908834,0.3638186454772949
20360,1753228094.1666224,node,4591,13770,0.15774927698075772,0.0034883839543908834,0.0
20370,1753228097.7071133,graph,4593,13778,0.3760603696107864,0.0034883839543908834,0.36804628372192383
20380,1753228101.1589458,node,4596,13785,0.7713814713060856,0.0034883839543908834,0.0
20390,1753228104.7120137,graph,4598,13793,0.1463809885084629,0.0034883839543908834,0.34005093574523926
20400,1753228108.2165802,node,4601,13800,0.21360072921961545,0.0034883839543908834,0.0
20410,1753228111.8211823,graph,4603,13808,0.23582578785717487,0.0034883839543908834,0.4009428024291992
20420,1753228115.415255,node,4606,13815,0.23993061073124408,0.0034883839543908834,0.0
20430,1753228118.9553545,graph,4608,13823,0.06528374031186104,0.0034883839543908834,0.3410344123840332
20440,1753228122.6691904,node,4611,13830,0.17850594464689493,0.0034883839543908834,0.0
20450,1753228126.5189278,graph,4613,13838,0.1485370732843876,0.0034883839543908834,0.37368011474609375
20460,1753228130.390784,node,4616,13845,0.4432218839414418,0.0034883839543908834,0.0
20470,1753228134.2620075,graph,4618,13853,0.20649765692651273,0.0034883839543908834,0.4214451313018799
20480,1753228138.0539205,node,4621,13860,0.1277723427861929,0.0034883839543908834,0.0
20490,1753228141.84283,graph,4623,13868,0.12230630218982697,0.0034883839543908834,0.4168362617492676
20500,1753228145.7990522,node,4626,13875,0.0759912058711052,0.0034883839543908834,0.0
20510,1753228149.629278,graph,4628,13883,0.059960996732115746,0.0034883839543908834,0.3691141605377197
20520,1753228153.3331482,node,4631,13890,0.07573065087199211,0.0034883839543908834,0.0
20530,1753228157.1813796,graph,4633,13898,0.07001209743320942,0.0034883839543908834,0.367321252822876
20540,1753228160.9146893,node,4636,13905,0.07065304778516293,0.0034883839543908834,0.0
20550,1753228164.7417948,graph,4638,13913,0.14998959749937057,0.0034883839543908834,0.4160771369934082
20560,1753228168.570149,node,4641,13920,0.06992690879851579,0.0034883839543908834,0.0
20570,1753228172.2859602,graph,4643,13928,0.061530587077140805,0.0034883839543908834,0.39441967010498047
20580,1753228175.7252176,node,4646,13935,1.4532636096701026,0.0034883839543908834,0.0
20590,1753228179.2714293,graph,4648,13943,0.1555869046598673,0.0034883839543908834,0.33780336380004883
20600,1753228182.707419,node,4651,13950,2.076287374831736,0.0034883839543908834,0.0
20610,1753228186.3839056,graph,4653,13958,0.056503870896995066,0.0034883839543908834,0.388469934463501
20620,1753228189.9158812,node,4656,13965,0.5062127250246704,0.0034883839543908834,0.0
20630,1753228193.5149078,graph,4658,13973,0.05328234853222966,0.0034883839543908834,0.34183645248413086
20640,1753228197.20503,node,4661,13980,0.1982317190617323,0.0034883839543908834,0.0
20650,1753228200.791714,graph,4663,13988,0.057887010741978884,0.0034883839543908834,0.34763407707214355
20660,1753228204.3434548,node,4666,13995,0.050420825462788345,0.0034883839543908834,0.0
20670,1753228207.8367043,graph,4668,14003,0.325038892775774,0.0034883839543908834,0.3717072010040283
20680,1753228211.4058654,node,4671,14010,0.23915042467415332,0.0034883839543908834,0.0
20690,1753228214.982531,graph,4673,14018,0.6408658135682345,0.0034883839543908834,0.3412516117095947
20700,1753228218.5846627,node,4676,14025,0.05715664401650429,0.0034883839543908834,0.0
20710,1753228222.2040043,graph,4678,14033,0.32491006664931776,0.0034883839543908834,0.36933135986328125
20720,1753228225.7964802,node,4681,14040,0.395563480630517,0.0034883839543908834,0.0
20730,1753228229.4978118,graph,4683,14048,1.6358699664473533,0.0034883839543908834,0.3751707077026367
20740,1753228233.279833,node,4686,14055,0.8431763801723718,0.0034883839543908834,0.0
20750,1753228237.0733776,graph,4688,14063,0.2088569227606058,0.0034883839543908834,0.37003326416015625
20760,1753228240.7089026,node,4691,14070,0.0744442043825984,0.0034883839543908834,0.0
20770,1753228244.5097272,graph,4693,14078,0.04961957735940814,0.0034883839543908834,0.3705923557281494
20780,1753228248.146115,node,4696,14085,0.07815034911036492,0.0034883839543908834,0.0
20790,1753228251.9726958,graph,4698,14093,0.24880095086991788,0.0034883839543908834,0.3965167999267578
20800,1753228255.6710937,node,4701,14100,0.529893497377634,0.0034883839543908834,0.0
20810,1753228259.4925468,graph,4703,14108,2.721789530850947,0.0034883839543908834,0.40637946128845215
20820,1753228263.2358844,node,4706,14115,0.3682497669011354,0.0034883839543908834,0.0
20830,1753228267.083047,graph,4708,14123,0.13418865203857422,0.0034883839543908834,0.3724992275238037
20840,1753228270.9213338,node,4711,14130,0.26045786663889886,0.0034883839543908834,0.0
20850,1753228274.8828537,graph,4713,14138,0.057491279765963556,0.0034883839543908834,0.37648940086364746
20860,1753228278.7884593,node,4716,14145,0.058846254367381334,0.0034883839543908834,0.0
20870,1753228282.6093056,graph,4718,14153,0.10022092089056969,0.0034883839543908834,0.41861963272094727
20880,1753228286.5200171,node,4721,14160,0.6939061384648084,0.0034883839543908834,0.0
20890,1753228290.2855773,graph,4723,14168,0.07893677689135074,0.0034883839543908834,0.3437232971191406
20900,1753228293.9727805,node,4726,14175,0.06762432269752025,0.0034883839543908834,0.0
20910,1753228297.6644137,graph,4728,14183,0.5705367296934127,0.0034883839543908834,0.37096738815307617
20920,1753228301.2216265,node,4731,14190,0.5523402222432197,0.0034883839543908834,0.0
20930,1753228304.7448082,graph,4733,14198,0.19379670955240727,0.0034883839543908834,0.3763101100921631
20940,1753228308.4481492,node,4736,14205,0.2482360627502203,0.0034883839543908834,0.0
20950,1753228312.1681712,graph,4738,14213,0.05551875308156014,0.0034883839543908834,0.3586292266845703
20960,1753228315.730325,node,4741,14220,0.12161263041198253,0.0034883839543908834,0.0
20970,1753228319.3642778,graph,4743,14228,1.7941634122282266,0.0034883839543908834,0.3698744773864746
20980,1753228322.9728281,node,4746,14235,0.09199960939586163,0.0034883839543908834,0.0
20990,1753228326.5781133,graph,4748,14243,0.08086386434733868,0.0034883839543908834,0.393890380859375
21000,1753228330.064792,node,4751,14250,0.05317767020314932,0.0034883839543908834,0.0
21010,1753228333.5991688,graph,4753,14258,0.05770822614431381,0.0034883839543908834,0.34073877334594727
21020,1753228337.1767025,node,4756,14265,0.7138798087835312,0.0034883839543908834,0.0
21030,1753228340.9127893,graph,4758,14273,0.07162441313266754,0.0034883839543908834,0.4060647487640381
21040,1753228344.656864,node,4761,14280,0.08002745844423771,0.0034883839543908834,0.0
21050,1753228348.3923566,graph,4763,14288,0.06162870153784752,0.0034883839543908834,0.414431095123291
21060,1753228352.206199,node,4766,14295,0.18331526881083846,0.0034883839543908834,0.0
21070,1753228355.9581814,graph,4768,14303,0.06419865638017655,0.0034883839543908834,0.35991930961608887
21080,1753228359.781822,node,4771,14310,0.06332973968237639,0.0034883839543908834,0.0
21090,1753228363.5923824,graph,4773,14318,0.06158517859876156,0.0034883839543908834,0.35839414596557617
21100,1753228367.3565881,node,4776,14325,0.1530586451292038,0.0034883839543908834,0.0
21110,1753228371.2105536,graph,4778,14333,5.1065668378025295,0.0034883839543908834,0.3925809860229492
21120,1753228375.0463624,node,4781,14340,0.29099106714129447,0.0034883839543908834,0.0
21130,1753228378.8995914,graph,4783,14348,0.20117016322910786,0.0034883839543908834,0.44934654235839844
21140,1753228382.6271613,node,4786,14355,1.2128547120839357,0.0034883839543908834,0.0
21150,1753228386.3909261,graph,4788,14363,0.11672008782625198,0.0034883839543908834,0.38516831398010254
21160,1753228390.2705138,node,4791,14370,0.073657819442451,0.0034883839543908834,0.0
21170,1753228394.1004498,graph,4793,14378,0.12159361131489277,0.0034883839543908834,0.3923201560974121
21180,1753228397.8730803,node,4796,14385,0.05663601174019277,0.0034883839543908834,0.0
21190,1753228401.4033916,graph,4798,14393,0.0820277139544487,0.0034883839543908834,0.3452274799346924
21200,1753228404.9172995,node,4801,14400,0.3082179319113493,0.0034883839543908834,0.0
21210,1753228408.4367588,graph,4803,14408,0.06308239344507456,0.0034883839543908834,0.3805851936340332
21220,1753228412.0651295,node,4806,14415,0.6978162645362318,0.0034883839543908834,0.0
21230,1753228415.621492,graph,4808,14423,0.05939621664583683,0.0034883839543908834,0.3575592041015625
21240,1753228419.2874503,node,4811,14430,0.19299685200676323,0.0034883839543908834,0.0
21250,1753228423.1019633,graph,4813,14438,0.04623591769486666,0.0034883839543908834,0.34457993507385254
21260,1753228426.6785996,node,4816,14445,0.04395975004881621,0.0034883839543908834,0.0
21270,1753228430.3943276,graph,4818,14453,0.15838257148861884,0.0034883839543908834,0.3709566593170166
21280,1753228433.852428,node,4821,14460,0.5026039745658636,0.0034883839543908834,0.0
21290,1753228437.483587,graph,4823,14468,0.17153690047562123,0.0034883839543908834,0.3407719135284424
21300,1753228441.1140277,node,4826,14475,0.2240141350775957,0.0034883839543908834,0.0
21310,1753228444.666441,graph,4828,14483,0.2739945259410888,0.0034883839543908834,0.38271522521972656
21320,1753228448.3074203,node,4831,14490,0.12121213264763356,0.0034883839543908834,0.0
21330,1753228451.9459019,graph,4833,14498,0.8395294576883316,0.0034883839543908834,0.37978363037109375
21340,1753228455.635957,node,4836,14505,0.20973349474370478,0.0034883839543908834,0.0
21350,1753228459.419908,graph,4838,14513,0.1841455280780792,0.0034883839543908834,0.3708069324493408
21360,1753228463.2773864,node,4841,14520,0.12537608752027155,0.0034883839543908834,0.0
21370,1753228467.137889,graph,4843,14528,0.09947393499314786,0.0034883839543908834,0.4275369644165039
21380,1753228470.8544044,node,4846,14535,0.2916365098208189,0.0034883839543908834,0.0
21390,1753228474.6495335,graph,4848,14543,21.548608538135888,0.0034883839543908834,0.3830533027648926
21400,1753228478.3854883,node,4851,14550,0.7308075528591871,0.0034883839543908834,0.0
21410,1753228482.2063723,graph,4853,14558,0.219281093031168,0.0034883839543908834,0.36286330223083496
21420,1753228486.0780346,node,4856,14565,0.06156285591423512,0.0034883839543908834,0.0
21430,1753228489.8804746,graph,4858,14573,0.054277404025197026,0.0034883839543908834,0.37267374992370605
21440,1753228493.7437987,node,4861,14580,0.05623925346881151,0.0034883839543908834,0.0
21450,1753228497.5827267,graph,4863,14588,0.05518946126103401,0.0034883839543908834,0.3848421573638916
21460,1753228501.3971953,node,4866,14595,0.09507464710623026,0.0034883839543908834,0.0
21470,1753228505.2255194,graph,4868,14603,0.23156600408256053,0.0034883839543908834,0.40123772621154785
21480,1753228509.0528831,node,4871,14610,0.04988282406702638,0.0034883839543908834,0.0
21490,1753228512.5715585,graph,4873,14618,0.059205451421439646,0.0034883839543908834,0.35356926918029785
21500,1753228516.1647735,node,4876,14625,0.05022165421396494,0.0034883839543908834,0.0
21510,1753228519.6959283,graph,4878,14633,0.4420070469379425,0.0034883839543908834,0.3533005714416504
21520,1753228523.184296,node,4881,14640,2.222091120108962,0.0034883839543908834,0.0
21530,1753228526.8531866,graph,4883,14648,0.05003263088874519,0.0034883839543908834,0.38210535049438477
21540,1753228530.4160345,node,4886,14655,0.1751979898661375,0.0034883839543908834,0.0
21550,1753228533.9805274,graph,4888,14663,0.1175625067204237,0.0034883839543908834,0.3560798168182373
21560,1753228537.491737,node,4891,14670,0.1819304883480072,0.0034883839543908834,0.0
21570,1753228541.0180383,graph,4893,14678,0.20921103172004224,0.0034883839543908834,0.3677346706390381
21580,1753228544.5345032,node,4896,14685,0.19600982405245304,0.0034883839543908834,0.0
21590,1753228548.0214205,graph,4898,14693,0.04795701298862696,0.0034883839543908834,0.3720576763153076
21600,1753228551.483233,node,4901,14700,0.06468419414013624,0.0034883839543908834,0.0
21610,1753228555.0458019,graph,4903,14708,0.06274624094367028,0.0034883839543908834,0.3466312885284424
21620,1753228558.6642733,node,4906,14715,0.25782940071076155,0.0034883839543908834,0.0
21630,1753228562.2818613,graph,4908,14723,0.06849530464969575,0.0034883839543908834,0.3762671947479248
21640,1753228565.9226165,node,4911,14730,0.6444824408739805,0.0034883839543908834,0.0
21650,1753228569.6981838,graph,4913,14738,0.20808317307382823,0.0034883839543908834,0.37543320655822754
21660,1753228573.4788916,node,4916,14745,0.2226520299911499,0.0034883839543908834,0.0
21670,1753228577.3134468,graph,4918,14753,0.09374493323266506,0.0034883839543908834,0.35576915740966797
21680,1753228581.1025825,node,4921,14760,0.2616462355479598,0.0034883839543908834,0.0
21690,1753228584.8823612,graph,4923,14768,0.5768044050782919,0.0034883839543908834,0.39452624320983887
21700,1753228588.7663357,node,4926,14775,0.08523187898099423,0.0034883839543908834,0.0
21710,1753228592.5272484,graph,4928,14783,0.31193392127752306,0.0034883839543908834,0.41883063316345215
21720,1753228596.3283837,node,4931,14790,0.29597143121063707,0.0034883839543908834,0.0
21730,1753228600.0240827,graph,4933,14798,0.06660877764225007,0.0034883839543908834,0.37655162811279297
21740,1753228603.811661,node,4936,14805,0.19148319996893406,0.0034883839543908834,0.0
21750,1753228607.7435558,graph,4938,14813,0.16154444217681885,0.0034883839543908834,0.3809347152709961
21760,1753228611.4761097,node,4941,14820,0.2950445666909218,0.0034883839543908834,0.0
21770,1753228615.2315292,graph,4943,14828,0.09348814636468887,0.0034883839543908834,0.4060540199279785
21780,1753228618.8901796,node,4946,14835,0.18373287953436374,0.0034883839543908834,0.0
21790,1753228622.3883636,graph,4948,14843,0.2147665536031127,0.0034883839543908834,0.35301637649536133
21800,1753228625.9150426,node,4951,14850,0.4864908289164305,0.0034883839543908834,0.0
21810,1753228629.3429914,graph,4953,14858,0.14158183000981808,0.0034883839543908834,0.34436845779418945
21820,1753228632.9649506,node,4956,14865,0.12072838563472033,0.0034883839543908834,0.0
21830,1753228636.4142828,graph,4958,14873,0.8616769348271192,0.0034883839543908834,0.37543749809265137
21840,1753228640.1260402,node,4961,14880,0.5893480371683836,0.0034883839543908834,0.0
21850,1753228643.7158382,graph,4963,14888,0.14539341712370515,0.0034883839543908834,0.3427765369415283
21860,1753228647.371148,node,4966,14895,0.15469487640075386,0.0034883839543908834,0.0
21870,1753228651.018544,graph,4968,14903,0.1272061017807573,0.0034883839543908834,0.38062047958374023
21880,1753228654.5679734,node,4971,14910,0.08359134942293167,0.0034883839543908834,0.0
21890,1753228658.0369446,graph,4973,14918,0.14349933080375193,0.0034883839543908834,0.3683960437774658
21900,1753228661.5596628,node,4976,14925,2.868750047683716,0.0034883839543908834,0.0
21910,1753228665.1908417,graph,4978,14933,0.046490573044866326,0.0034883839543908834,0.34810447692871094
21920,1753228668.900084,node,4981,14940,0.736446388438344,0.0034883839543908834,0.0
21930,1753228672.5845551,graph,4983,14948,0.18380603063851594,0.0034883839543908834,0.37737298011779785
21940,1753228676.2908776,node,4986,14955,0.18957362342625855,0.0034883839543908834,0.0
21950,1753228680.1550527,graph,4988,14963,0.34590025059878826,0.0034883839543908834,0.4247133731842041
21960,1753228683.9317722,node,4991,14970,0.33419450297951697,0.0034883839543908834,0.0
21970,1753228687.7717383,graph,4993,14978,0.4673180367797613,0.0034883839543908834,0.37838125228881836
21980,1753228691.6584857,node,4996,14985,1.207210572529584,0.0034883839543908834,0.0
21990,1753228695.5409377,graph,4998,14993,0.06770359463989735,0.0034883839543908834,0.3682403564453125
22000,1753228699.3379784,node,5001,15000,0.4835662074387074,0.0034883839543908834,0.0
22010,1753228703.506093,graph,5003,15008,0.06127683874219656,0.0034883839543908834,0.4544811248779297
22020,1753228707.9914045,node,5006,15015,0.15047785490751267,0.0034883839543908834,0.0
22030,1753228711.7884274,graph,5008,15023,0.055800075829029086,0.0034883839543908834,0.3965487480163574
22040,1753228715.5952392,node,5011,15030,0.14061488108709455,0.0034883839543908834,0.0
22050,1753228719.4685757,graph,5013,15038,0.10974265709519386,0.0034883839543908834,0.40536069869995117
22060,1753228723.2579744,node,5016,15045,0.8938910320401192,0.0034883839543908834,0.0
22070,1753228727.0205,graph,5018,15053,0.18613270074129104,0.0034883839543908834,0.37856388092041016
22080,1753228730.6972253,node,5021,15060,1.3382412711158396,0.0034883839543908834,0.0
22090,1753228734.259679,graph,5023,15068,0.06549903526902198,0.0034883839543908834,0.35190773010253906
22100,1753228737.8521888,node,5026,15075,0.05798340411856771,0.0034883839543908834,0.0
22110,1753228741.3528113,graph,5028,15083,0.15859393477439881,0.0034883839543908834,0.3564455509185791
22120,1753228744.8941238,node,5031,15090,0.06893687024712562,0.0034883839543908834,0.0
22130,1753228748.472144,graph,5033,15098,0.05396911781281233,0.0034883839543908834,0.345745325088501
22140,1753228752.1046484,node,5036,15105,0.08451365716755391,0.0034883839543908834,0.0
22150,1753228755.733511,graph,5038,15113,0.10584700256586074,0.0034883839543908834,0.34854888916015625
22160,1753228759.3403184,node,5041,15120,0.23213397981598974,0.0034883839543908834,0.0
22170,1753228762.791447,graph,5043,15128,0.1419438585639,0.0034883839543908834,0.3560924530029297
22180,1753228766.3073757,node,5046,15135,0.07845673449337483,0.0034883839543908834,0.0
22190,1753228769.9352672,graph,5048,15143,0.19595702979713678,0.0034883839543908834,0.33965229988098145
22200,1753228773.4089177,node,5051,15150,0.14176379926502705,0.0034883839543908834,0.0
22210,1753228777.031832,graph,5053,15158,0.04944450743496418,0.0034883839543908834,0.37014245986938477
22220,1753228780.9459305,node,5056,15165,0.10576934833079576,0.0034883839543908834,0.0
22230,1753228784.50713,graph,5058,15173,0.06658727079629898,0.0034883839543908834,0.37662553787231445
22240,1753228788.0453467,node,5061,15180,0.6283881515264511,0.0034883839543908834,0.0
22250,1753228791.8116405,graph,5063,15188,0.15247041247785093,0.0034883839543908834,0.3920307159423828
22260,1753228795.7026172,node,5066,15195,0.26974131148308517,0.0034883839543908834,0.0
22270,1753228799.4919395,graph,5068,15203,0.04904690682888031,0.0034883839543908834,0.37287449836730957
22280,1753228803.2495365,node,5071,15210,0.04443727540783584,0.0034883839543908834,0.0
22290,1753228807.1312125,graph,5073,15218,0.07073022704571486,0.0034883839543908834,0.38980770111083984
22300,1753228810.8171942,node,5076,15225,2.2347914420068262,0.0034883839543908834,0.0
22310,1753228814.5861197,graph,5078,15233,0.06279151774942875,0.0034883839543908834,0.3803832530975342
22320,1753228818.4251287,node,5081,15240,0.13673014882951975,0.0034883839543908834,0.0
22330,1753228822.1616726,graph,5083,15248,0.054875442385673524,0.0034883839543908834,0.37911510467529297
22340,1753228825.9528854,node,5086,15255,0.4618602765724063,0.0034883839543908834,0.0
22350,1753228829.7413294,graph,5088,15263,0.05350447464734316,0.0034883839543908834,0.35590577125549316
22360,1753228833.4443672,node,5091,15270,0.48381046103313563,0.0034883839543908834,0.0
22370,1753228837.3080165,graph,5093,15278,0.12596036959439516,0.0034883839543908834,0.380720853805542
22380,1753228841.02078,node,5096,15285,0.08818404749035835,0.0034883839543908834,0.0
22390,1753228844.874917,graph,5098,15293,0.06993113234639167,0.0034883839543908834,0.41964197158813477
22400,1753228848.5083296,node,5101,15300,0.26592291742563245,0.0034883839543908834,0.0
22410,1753228852.0808976,graph,5103,15308,0.07193194143474102,0.0034883839543908834,0.36791062355041504
22420,1753228855.4897058,node,5106,15315,0.6079041477292776,0.0034883839543908834,0.0
22430,1753228859.0708587,graph,5108,15323,0.07019861564040183,0.0034883839543908834,0.3430604934692383
22440,1753228862.5764577,node,5111,15330,0.5393967170268297,0.0034883839543908834,0.0
22450,1753228866.281296,graph,5113,15338,0.1000773448497057,0.0034883839543908834,0.4024546146392822
22460,1753228869.8235238,node,5116,15345,0.32221222333610056,0.0034883839543908834,0.0
22470,1753228873.4552457,graph,5118,15353,0.08553821295499801,0.0034883839543908834,0.3520843982696533
22480,1753228877.0495207,node,5121,15360,0.19017683789134027,0.0034883839543908834,0.0
22490,1753228880.6194668,graph,5123,15368,0.08672494739294052,0.0034883839543908834,0.36335182189941406
22500,1753228884.37764,node,5126,15375,0.5459334317594766,0.0034883839543908834,0.0
22510,1753228888.1384454,graph,5128,15383,0.22898567505180836,0.0034883839543908834,0.40329933166503906
22520,1753228891.9732635,node,5131,15390,0.8963339012116194,0.0034883839543908834,0.0
22530,1753228895.6694415,graph,5133,15398,0.17851708810776473,0.0034883839543908834,0.35948991775512695
22540,1753228899.2691655,node,5136,15405,0.04891881681978703,0.0034883839543908834,0.0
22550,1753228902.8792405,graph,5138,15413,0.7904725323431194,0.0034883839543908834,0.37395286560058594
22560,1753228906.5231004,node,5141,15420,0.1417758759111166,0.0034883839543908834,0.0
22570,1753228910.4083564,graph,5143,15428,0.3679077561944723,0.0034883839543908834,0.38794589042663574
22580,1753228914.0419888,node,5146,15435,0.3985388642176986,0.0034883839543908834,0.0
22590,1753228917.948333,graph,5148,15443,0.056344807520508765,0.0034883839543908834,0.37685489654541016
22600,1753228921.9906015,node,5151,15450,0.23181470856070518,0.0034883839543908834,0.0
22610,1753228925.8352547,graph,5153,15458,0.15354096703231335,0.0034883839543908834,0.3694038391113281
22620,1753228929.6023242,node,5156,15465,0.7016472022980451,0.0034883839543908834,0.0
22630,1753228933.3850658,graph,5158,15473,0.5048643194139004,0.0034883839543908834,0.40259766578674316
22640,1753228937.0501943,node,5161,15480,0.06613826109096407,0.0034883839543908834,0.0
22650,1753228940.8706906,graph,5163,15488,0.10357951130717993,0.0034883839543908834,0.38638830184936523
22660,1753228944.6731331,node,5166,15495,0.06450537936761976,0.0034883839543908834,0.0
22670,1753228948.4112694,graph,5168,15503,0.19227845780551434,0.0034883839543908834,0.3731837272644043
22680,1753228952.1920671,node,5171,15510,0.07498796582221985,0.0034883839543908834,0.0
22690,1753228956.0275874,graph,5173,15518,0.056838709861040115,0.0034883839543908834,0.3711514472961426
22700,1753228959.7457569,node,5176,15525,0.06526459408923983,0.0034883839543908834,0.0
22710,1753228963.6880555,graph,5178,15533,0.046000299789011476,0.0034883839543908834,0.3484506607055664
22720,1753228967.2806492,node,5181,15540,0.052985897101461885,0.0034883839543908834,0.0
22730,1753228970.8132155,graph,5183,15548,0.15148236304521562,0.0034883839543908834,0.38176512718200684
22740,1753228974.3225467,node,5186,15555,0.5562786057591438,0.0034883839543908834,0.0
22750,1753228977.9327807,graph,5188,15563,0.05569566795602441,0.0034883839543908834,0.34266185760498047
22760,1753228981.3706856,node,5191,15570,0.16823280211538078,0.0034883839543908834,0.0
22770,1753228985.0177908,graph,5193,15578,0.3762063875794411,0.0034883839543908834,0.36789536476135254
22780,1753228988.5426085,node,5196,15585,0.494833742454648,0.0034883839543908834,0.0
22790,1753228992.2575214,graph,5198,15593,0.568960027769208,0.0034883839543908834,0.37654781341552734
22800,1753228995.8935554,node,5201,15600,0.12898014597594737,0.0034883839543908834,0.0
22810,1753228999.5833452,graph,5203,15608,0.17785377576947212,0.0034883839543908834,0.3429877758026123
22820,1753229003.1193593,node,5206,15615,0.33558301664888857,0.0034883839543908834,0.0
22830,1753229006.7044556,graph,5208,15623,0.26567572727799416,0.0034883839543908834,0.37396883964538574
22840,1753229010.262399,node,5211,15630,0.06344649400562048,0.0034883839543908834,0.0
22850,1753229013.7491484,graph,5213,15638,0.18529771622270347,0.0034883839543908834,0.33687758445739746
22860,1753229017.3379734,node,5216,15645,0.1773669113405049,0.0034883839543908834,0.0
22870,1753229020.9881086,graph,5218,15653,0.13968856185674666,0.0034883839543908834,0.36278700828552246
22880,1753229024.5911028,node,5221,15660,0.07925854362547398,0.0034883839543908834,0.0
22890,1753229028.377727,graph,5223,15668,0.22927771881222725,0.0034883839543908834,0.3885335922241211
22900,1753229032.2249355,node,5226,15675,3.6789663802832364,0.0034883839543908834,0.0
22910,1753229035.963425,graph,5228,15683,0.06175117716193199,0.0034883839543908834,0.37494659423828125
22920,1753229039.7380352,node,5231,15690,0.14584472505375742,0.0034883839543908834,0.0
22930,1753229043.51304,graph,5233,15698,0.5063659474253654,0.0034883839543908834,0.3712747097015381
22940,1753229047.3033924,node,5236,15705,0.18942689108662308,0.0034883839543908834,0.0
22950,1753229051.0885599,graph,5238,15713,0.049764624983072284,0.0034883839543908834,0.37197041511535645
22960,1753229054.9093606,node,5241,15720,0.1400686962530017,0.0034883839543908834,0.0
22970,1753229058.6172404,graph,5243,15728,0.06923578605055809,0.0034883839543908834,0.4126920700073242
22980,1753229062.3706343,node,5246,15735,0.5662349529564381,0.0034883839543908834,0.0
22990,1753229066.1558673,graph,5248,15743,0.19956005327403545,0.0034883839543908834,0.40850186347961426
23000,1753229069.9060528,node,5251,15750,0.04255434954538941,0.0034883839543908834,0.0
23010,1753229073.7448301,graph,5253,15758,0.48579307086765766,0.0034883839543908834,0.38806939125061035
23020,1753229077.4386716,node,5256,15765,0.16930931620299816,0.0034883839543908834,0.0
23030,1753229081.2443278,graph,5258,15773,0.061285112798213956,0.0034883839543908834,0.3823404312133789
23040,1753229085.0036283,node,5261,15780,0.17845532707870007,0.0034883839543908834,0.0
23050,1753229088.6512222,graph,5263,15788,0.16352323926985263,0.0034883839543908834,0.3962981700897217
23060,1753229092.1604457,node,5266,15795,0.24804259315133095,0.0034883839543908834,0.0
23070,1753229095.661924,graph,5268,15803,0.4824804775416851,0.0034883839543908834,0.3377261161804199
23080,1753229099.158999,node,5271,15810,0.18423982635140418,0.0034883839543908834,0.0
23090,1753229102.7299194,graph,5273,15818,0.06143936472944915,0.0034883839543908834,0.35547947883605957
23100,1753229106.2849119,node,5276,15825,0.7533323057927191,0.0034883839543908834,0.0
23110,1753229109.9355285,graph,5278,15833,0.4735780131071806,0.0034883839543908834,0.3796675205230713
23120,1753229113.5593634,node,5281,15840,0.061158335953950885,0.0034883839543908834,0.0
23130,1753229117.2280624,graph,5283,15848,0.15352387130260467,0.0034883839543908834,0.3645045757293701
23140,1753229120.7862706,node,5286,15855,0.14611166939139367,0.0034883839543908834,0.0
23150,1753229124.4145656,graph,5288,15863,0.5177443331107497,0.0034883839543908834,0.35478711128234863
23160,1753229127.9579873,node,5291,15870,0.11689160889945924,0.0034883839543908834,0.0
23170,1753229131.5027602,graph,5293,15878,0.5446832563728095,0.0034883839543908834,0.3688380718231201
23180,1753229134.9602194,node,5296,15885,0.1158033411949873,0.0034883839543908834,0.0
23190,1753229138.5895202,graph,5298,15893,0.1302820721641183,0.0034883839543908834,0.3593316078186035
23200,1753229142.2211862,node,5301,15900,0.10844693370163441,0.0034883839543908834,0.0
23210,1753229145.78394,graph,5303,15908,0.06829886920750142,0.0034883839543908834,0.35950136184692383
23220,1753229149.5418415,node,5306,15915,0.5570428021252155,0.0034883839543908834,0.0
23230,1753229153.324883,graph,5308,15923,0.055379779217764734,0.0034883839543908834,0.3969595432281494
23240,1753229157.0711737,node,5311,15930,0.17909028753638268,0.0034883839543908834,0.0
23250,1753229160.8912008,graph,5313,15938,0.5500798027962446,0.0034883839543908834,0.3727548122406006
23260,1753229164.5785916,node,5316,15945,0.19737884700298308,0.0034883839543908834,0.0
23270,1753229168.2297153,graph,5318,15953,0.051547198183834554,0.0034883839543908834,0.37351346015930176
23280,1753229171.8146,node,5321,15960,0.055914418585598466,0.0034883839543908834,0.0
23290,1753229175.479827,graph,5323,15968,0.1479855701327324,0.0034883839543908834,0.3665752410888672
23300,1753229179.0897758,node,5326,15975,0.06350819431245328,0.0034883839543908834,0.0
23310,1753229182.670459,graph,5328,15983,0.1420964777469635,0.0034883839543908834,0.35800933837890625
23320,1753229186.1858506,node,5331,15990,0.06477486407384277,0.0034883839543908834,0.0
23330,1753229189.8678615,graph,5333,15998,0.7089195197448135,0.0034883839543908834,0.3766615390777588
23340,1753229193.5574765,node,5336,16005,1.1983214041218162,0.0034883839543908834,0.0
23350,1753229197.1479053,graph,5338,16013,0.054021548852324484,0.0034883839543908834,0.3727836608886719
23360,1753229200.7240555,node,5341,16020,0.08147146031260491,0.0034883839543908834,0.0
23370,1753229204.4757578,graph,5343,16028,0.051856006029993296,0.0034883839543908834,0.36261820793151855
23380,1753229208.3004632,node,5346,16035,0.9242426856420934,0.0034883839543908834,0.0
23390,1753229212.0025487,graph,5348,16043,0.6105502212420106,0.0034883839543908834,0.36199331283569336
23400,1753229215.6057532,node,5351,16050,0.08837602138519288,0.0034883839543908834,0.0
23410,1753229219.2768307,graph,5353,16058,0.08554650284349918,0.0034883839543908834,0.3903622627258301
23420,1753229223.0605812,node,5356,16065,0.10236224634572863,0.0034883839543908834,0.0
23430,1753229226.9450822,graph,5358,16073,0.06370904706418515,0.0034883839543908834,0.4054436683654785
23440,1753229230.8036506,node,5361,16080,0.0682764982804656,0.0034883839543908834,0.0
23450,1753229234.6578126,graph,5363,16088,0.04782581916078925,0.0034883839543908834,0.38557887077331543
23460,1753229238.6108115,node,5366,16095,0.6560650727711618,0.0034883839543908834,0.0
23470,1753229242.5035932,graph,5368,16103,0.06652023885399103,0.0034883839543908834,0.36630845069885254
23480,1753229246.2808743,node,5371,16110,0.23044306747615337,0.0034883839543908834,0.0
23490,1753229250.1583931,graph,5373,16118,0.12479091761633754,0.0034883839543908834,0.39771032333374023
23500,1753229253.9544103,node,5376,16125,0.6822307094931602,0.0034883839543908834,0.0
23510,1753229257.8394105,graph,5378,16133,0.19893037788569928,0.0034883839543908834,0.392625093460083
23520,1753229261.6590724,node,5381,16140,0.051599394716322425,0.0034883839543908834,0.0
23530,1753229265.4771473,graph,5383,16148,0.3033500347286463,0.0034883839543908834,0.3852417469024658
23540,1753229269.0079472,node,5386,16155,0.29466330260038376,0.0034883839543908834,0.0
23550,1753229272.5736568,graph,5388,16163,0.2621819578111172,0.0034883839543908834,0.35418105125427246
23560,1753229276.175598,node,5391,16170,0.11388111263513565,0.0034883839543908834,0.0
23570,1753229279.6914175,graph,5393,16178,0.047390860691666606,0.0034883839543908834,0.38071393966674805
23580,1753229283.252028,node,5396,16185,0.25894683357328174,0.0034883839543908834,0.0
23590,1753229286.8740892,graph,5398,16193,0.2005882306024432,0.0034883839543908834,0.3560678958892822
23600,1753229290.5644672,node,5401,16200,0.27560639940202236,0.0034883839543908834,0.0
23610,1753229294.2268684,graph,5403,16208,0.04763726983219385,0.0034883839543908834,0.3713710308074951
23620,1753229297.782893,node,5406,16215,1.19423668817617,0.0034883839543908834,0.0
23630,1753229301.385489,graph,5408,16223,0.10143364295363426,0.0034883839543908834,0.40467333793640137
23640,1753229304.8972864,node,5411,16230,0.1963059892412275,0.0034883839543908834,0.0
23650,1753229308.4156017,graph,5413,16238,0.27711784318089483,0.0034883839543908834,0.3538076877593994
23660,1753229311.9987066,node,5416,16245,0.0778703086078167,0.0034883839543908834,0.0
23670,1753229315.7333786,graph,5418,16253,0.03874426726251841,0.0034883839543908834,0.3772094249725342
23680,1753229319.3762593,node,5421,16260,0.4234431806951761,0.0034883839543908834,0.0
23690,1753229323.0121708,graph,5423,16268,0.06337539842352272,0.0034883839543908834,0.3750452995300293
23700,1753229326.6795566,node,5426,16275,0.10277999974787236,0.0034883839543908834,0.0
23710,1753229330.486951,graph,5428,16283,0.04823795976117253,0.0034883839543908834,0.42270326614379883
23720,1753229334.286191,node,5431,16290,0.046423271484673026,0.0034883839543908834,0.0
23730,1753229338.114972,graph,5433,16298,0.05644111037254333,0.0034883839543908834,0.37578296661376953
23740,1753229341.8518472,node,5436,16305,0.8277014583349228,0.0034883839543908834,0.0
23750,1753229345.7763572,graph,5438,16313,0.15787369050085545,0.0034883839543908834,0.3635220527648926
23760,1753229349.6492786,node,5441,16320,0.4528839346021414,0.0034883839543908834,0.0
23770,1753229353.53084,graph,5443,16328,0.10735312886536122,0.0034883839543908834,0.39926886558532715
23780,1753229357.3339202,node,5446,16335,0.1477667737752199,0.0034883839543908834,0.0
23790,1753229361.2339835,graph,5448,16343,0.055427563935518266,0.0034883839543908834,0.4130222797393799
23800,1753229365.044245,node,5451,16350,0.15253233471885325,0.0034883839543908834,0.0
23810,1753229369.1860955,graph,5453,16358,0.08123008906841278,0.0034883839543908834,0.40398669242858887
23820,1753229372.9269154,node,5456,16365,0.055941039323806764,0.0034883839543908834,0.0
23830,1753229376.7046955,graph,5458,16373,0.13016239367425442,0.0034883839543908834,0.34834718704223633
23840,1753229380.2901802,node,5461,16380,0.0474782875739038,0.0034883839543908834,0.0
23850,1753229383.9415534,graph,5463,16388,0.051842355914413926,0.0034883839543908834,0.37392663955688477
23860,1753229387.4782987,node,5466,16395,1.0433065742254257,0.0034883839543908834,0.0
23870,1753229391.1496336,graph,5468,16403,0.12857926376163958,0.0034883839543908834,0.37604665756225586
23880,1753229394.717419,node,5471,16410,0.18006030786782504,0.0034883839543908834,0.0
23890,1753229398.429263,graph,5473,16418,0.08207704350352288,0.0034883839543908834,0.35564541816711426
23900,1753229402.0137708,node,5476,16425,0.5501635459251701,0.0034883839543908834,0.0
23910,1753229405.6467476,graph,5478,16433,0.05653262105770409,0.0034883839543908834,0.35720372200012207
23920,1753229409.1658056,node,5481,16440,0.22128766253590584,0.0034883839543908834,0.0
23930,1753229412.7952683,graph,5483,16448,0.07199619994498789,0.0034883839543908834,0.40364718437194824
23940,1753229416.2200468,node,5486,16455,0.045952148362994195,0.0034883839543908834,0.0
23950,1753229419.826981,graph,5488,16463,0.05510473884642124,0.0034883839543908834,0.33238744735717773
23960,1753229423.3862753,node,5491,16470,0.22443877458572387,0.0034883839543908834,0.0
23970,1753229427.271095,graph,5493,16478,0.04901302065700293,0.0034883839543908834,0.38857507705688477
23980,1753229430.912579,node,5496,16485,0.13145297281444074,0.0034883839543908834,0.0
23990,1753229434.5769408,graph,5498,16493,0.4743912979960442,0.0034883839543908834,0.4253706932067871
24000,1753229438.417187,node,5501,16500,0.18760542795062066,0.0034883839543908834,0.0
24010,1753229442.5235133,graph,5503,16508,0.07481818050146102,0.0034883839543908834,0.3731563091278076
24020,1753229446.487164,node,5506,16515,0.0696114145219326,0.0034883839543908834,0.0
24030,1753229450.096338,graph,5508,16523,0.08362596370279789,0.0034883839543908834,0.35927724838256836
24040,1753229453.63633,node,5511,16530,0.061364348791539666,0.0034883839543908834,0.0
24050,1753229457.0450969,graph,5513,16538,0.13940481320023537,0.0034883839543908834,0.37781834602355957
24060,1753229460.627727,node,5516,16545,0.16289289062842727,0.0034883839543908834,0.0
24070,1753229464.224886,graph,5518,16553,0.15154929384589194,0.0034883839543908834,0.3556506633758545
24080,1753229467.8727524,node,5521,16560,0.7438900552690029,0.0034883839543908834,0.0
24090,1753229471.306122,graph,5523,16568,0.22989233285188676,0.0034883839543908834,0.3535470962524414
24100,1753229474.7977626,node,5526,16575,13.91214757412672,0.0034883839543908834,0.0
24110,1753229478.4611764,graph,5528,16583,0.09802982471883297,0.0034883839543908834,0.365877628326416
24120,1753229482.1023433,node,5531,16590,0.04399402216076851,0.0034883839543908834,0.0
24130,1753229485.9414022,graph,5533,16598,0.18530250266194342,0.0034883839543908834,0.37687110900878906
24140,1753229489.8455489,node,5536,16605,0.24549558833241464,0.0034883839543908834,0.0
24150,1753229493.5207577,graph,5538,16613,0.2105503764003515,0.0034883839543908834,0.41283583641052246
24160,1753229496.9887147,node,5541,16620,0.11043307781219483,0.0034883839543908834,0.0
24170,1753229500.495795,graph,5543,16628,0.16520891562104226,0.0034883839543908834,0.36357617378234863
24180,1753229504.111068,node,5546,16635,0.14538633553311228,0.0034883839543908834,0.0
24190,1753229507.6702452,graph,5548,16643,0.1421671487390995,0.0034883839543908834,0.3981466293334961
24200,1753229511.1428273,node,5551,16650,0.41341375224292276,0.0034883839543908834,0.0
24210,1753229514.7204576,graph,5553,16658,0.07844002172350883,0.0034883839543908834,0.37270307540893555
24220,1753229518.203473,node,5556,16665,0.5987545412033797,0.0034883839543908834,0.0
24230,1753229521.855423,graph,5558,16673,0.5658139020204545,0.0034883839543908834,0.35787057876586914
24240,1753229525.3834047,node,5561,16680,0.18813372440636159,0.0034883839543908834,0.0
24250,1753229528.9104276,graph,5563,16688,0.0654092151671648,0.0034883839543908834,0.39360499382019043
24260,1753229532.567896,node,5566,16695,0.05936009082943201,0.0034883839543908834,0.0
24270,1753229536.3950748,graph,5568,16703,0.15683520566672088,0.0034883839543908834,0.3512105941772461
24280,1753229540.0254364,node,5571,16710,0.13811417408287524,0.0034883839543908834,0.0
24290,1753229543.7933736,graph,5573,16718,0.2942957356572151,0.0034883839543908834,0.38729310035705566
24300,1753229547.5089548,node,5576,16725,0.08381314612925053,0.0034883839543908834,0.0
24310,1753229551.1663754,graph,5578,16733,18.88152555418201,0.0034883839543908834,0.35896992683410645
24320,1753229554.7058392,node,5581,16740,8.005236068181693,0.0034883839543908834,0.0
24330,1753229558.4731376,graph,5583,16748,0.06197517216205597,0.0034883839543908834,0.3416249752044678
24340,1753229562.1676414,node,5586,16755,0.4694640837609768,0.0034883839543908834,0.0
24350,1753229565.76236,graph,5588,16763,0.06574065163731575,0.0034883839543908834,0.37437939643859863
24360,1753229569.24332,node,5591,16770,0.2506412437185645,0.0034883839543908834,0.0
24370,1753229572.7824166,graph,5593,16778,0.29660499524325135,0.0034883839543908834,0.34792375564575195
24380,1753229576.306632,node,5596,16785,0.051536096911877396,0.0034883839543908834,0.0
24390,1753229579.8914096,graph,5598,16793,3.2444488894194365,0.0034883839543908834,0.34106993675231934
24400,1753229583.5243819,node,5601,16800,0.16935597434639932,0.0034883839543908834,0.0
24410,1753229587.095702,graph,5603,16808,0.10631056874990463,0.0034883839543908834,0.3521757125854492
24420,1753229590.6780534,node,5606,16815,0.04650268545374274,0.0034883839543908834,0.0
24430,1753229594.1742659,graph,5608,16823,0.12107971739023923,0.0034883839543908834,0.35400962829589844
24440,1753229597.72932,node,5611,16830,0.43142041079699994,0.0034883839543908834,0.0
24450,1753229601.3462856,graph,5613,16838,0.06225078590214252,0.0034883839543908834,0.34610438346862793
24460,1753229604.9551327,node,5616,16845,0.14019866725429891,0.0034883839543908834,0.0
24470,1753229608.5613863,graph,5618,16853,0.1913449216634035,0.0034883839543908834,0.35761404037475586
24480,1753229612.0448365,node,5621,16860,0.17376546356827022,0.0034883839543908834,0.0
24490,1753229615.6023302,graph,5623,16868,0.049672733247280124,0.0034883839543908834,0.3499410152435303
24500,1753229619.084155,node,5626,16875,0.34663055650889874,0.0034883839543908834,0.0
24510,1753229622.681665,graph,5628,16883,0.17333230637013913,0.0034883839543908834,0.38492512702941895
24520,1753229626.2299929,node,5631,16890,0.07563439309597016,0.0034883839543908834,0.0
24530,1753229629.740941,graph,5633,16898,0.5033808402717114,0.0034883839543908834,0.33223485946655273
24540,1753229633.3040729,node,5636,16905,0.061508432310074565,0.0034883839543908834,0.0
24550,1753229636.865659,graph,5638,16913,0.05030591432005167,0.0034883839543908834,0.38159942626953125
24560,1753229640.5066292,node,5641,16920,0.35618994757533073,0.0034883839543908834,0.0
24570,1753229644.2733166,graph,5643,16928,0.22404923401772975,0.0034883839543908834,0.40628838539123535
24580,1753229647.949163,node,5646,16935,0.42453049644827845,0.0034883839543908834,0.0
24590,1753229651.600678,graph,5648,16943,0.2165799755603075,0.0034883839543908834,0.3413231372833252
24600,1753229655.0045068,node,5651,16950,0.17913836799561977,0.0034883839543908834,0.0
24610,1753229658.60257,graph,5653,16958,0.21235600337386132,0.0034883839543908834,0.3621485233306885
24620,1753229662.120175,node,5656,16965,0.7723605761304497,0.0034883839543908834,0.0
24630,1753229665.733525,graph,5658,16973,0.05669948058202863,0.0034883839543908834,0.38333725929260254
24640,1753229669.4646142,node,5661,16980,0.5848620117176324,0.0034883839543908834,0.0
24650,1753229673.1950047,graph,5663,16988,0.14705295749008657,0.0034883839543908834,0.34601879119873047
24660,1753229676.8213496,node,5666,16995,0.3735200924798846,0.0034883839543908834,0.0
24670,1753229680.5667696,graph,5668,17003,0.15686637982726098,0.0034883839543908834,0.4150815010070801
24680,1753229684.2737355,node,5671,17010,0.17608114741742611,0.0034883839543908834,0.0
24690,1753229687.7657027,graph,5673,17018,2.0937978427857162,0.0034883839543908834,0.37663984298706055
24700,1753229691.2510746,node,5676,17025,0.46452711010351777,0.0034883839543908834,0.0
24710,1753229694.8959422,graph,5678,17033,0.11483422070741653,0.0034883839543908834,0.3435342311859131
24720,1753229698.41944,node,5681,17040,0.062176972348243,0.0034883839543908834,0.0
24730,1753229702.0629737,graph,5683,17048,0.07172276489436627,0.0034883839543908834,0.3771646022796631
24740,1753229705.5347178,node,5686,17055,0.04967823382467031,0.0034883839543908834,0.0
24750,1753229709.2788498,graph,5688,17063,0.2297372154891491,0.0034883839543908834,0.37687253952026367
24760,1753229713.0640237,node,5691,17070,0.08690824806690216,0.0034883839543908834,0.0
24770,1753229716.8115408,graph,5693,17078,1.9509690445382148,0.0034883839543908834,0.3583054542541504
24780,1753229720.5774615,node,5696,17085,0.25281292125582694,0.0034883839543908834,0.0
24790,1753229724.348265,graph,5698,17093,0.05294548291712999,0.0034883839543908834,0.3857913017272949
24800,1753229728.1601791,node,5701,17100,0.8858447739854455,0.0034883839543908834,0.0
24810,1753229731.9459066,graph,5703,17108,0.22850366048514842,0.0034883839543908834,0.41104698181152344
24820,1753229735.6022208,node,5706,17115,0.3253032620996237,0.0034883839543908834,0.0
24830,1753229739.259075,graph,5708,17123,0.06492179557681084,0.0034883839543908834,0.3548417091369629
24840,1753229743.149362,node,5711,17130,0.48545445799827575,0.0034883839543908834,0.0
24850,1753229746.971575,graph,5713,17138,0.07008475512266159,0.0034883839543908834,0.37191247940063477
24860,1753229750.6263318,node,5716,17145,0.08268279014155269,0.0034883839543908834,0.0
24870,1753229754.439622,graph,5718,17153,0.046662314841523764,0.0034883839543908834,0.4035773277282715
24880,1753229758.0391254,node,5721,17160,0.27118268683552743,0.0034883839543908834,0.0
24890,1753229761.7307453,graph,5723,17168,0.2523770801723003,0.0034883839543908834,0.3892343044281006
24900,1753229765.5473878,node,5726,17175,0.20147823356091976,0.0034883839543908834,0.0
24910,1753229769.245329,graph,5728,17183,0.05490875048562884,0.0034883839543908834,0.3485121726989746
24920,1753229772.9138231,node,5731,17190,0.272105472907424,0.0034883839543908834,0.0
24930,1753229776.6951842,graph,5733,17198,0.6625674441456795,0.0034883839543908834,0.3633430004119873
24940,1753229780.2509336,node,5736,17205,0.11316044311970472,0.0034883839543908834,0.0
24950,1753229784.1221817,graph,5738,17213,0.30888693779706955,0.0034883839543908834,0.4038820266723633
24960,1753229787.9109974,node,5741,17220,0.38068905705586076,0.0034883839543908834,0.0
24970,1753229791.4601142,graph,5743,17228,0.30295817237347367,0.0034883839543908834,0.37883687019348145
24980,1753229795.1272635,node,5746,17235,0.09969161041080951,0.0034883839543908834,0.0
24990,1753229798.9232879,graph,5748,17243,0.11141105741262436,0.0034883839543908834,0.3943359851837158
25000,1753229802.4138596,node,5751,17250,0.8890336962416768,0.0034883839543908834,0.0
25010,1753229806.1094043,graph,5753,17258,1.4288083415478467,0.0034883839543908834,0.3666961193084717
25020,1753229809.8317559,node,5756,17265,0.13915126360952854,0.0034883839543908834,0.0
25030,1753229813.4209607,graph,5758,17273,0.18923051059246063,0.0034883839543908834,0.3741295337677002
25040,1753229817.075639,node,5761,17280,0.1362198680639267,0.0034883839543908834,0.0
25050,1753229820.8714457,graph,5763,17288,0.134744006767869,0.0034883839543908834,0.39291834831237793
25060,1753229824.5269718,node,5766,17295,0.2124535383656621,0.0034883839543908834,0.0
25070,1753229828.3377469,graph,5768,17303,0.18798335269093513,0.0034883839543908834,0.41112518310546875
25080,1753229831.9507344,node,5771,17310,0.0543228555470705,0.0034883839543908834,0.0
25090,1753229835.7433088,graph,5773,17318,0.058354154229164124,0.0034883839543908834,0.3925454616546631
25100,1753229839.4764364,node,5776,17325,0.0460358215495944,0.0034883839543908834,0.0
25110,1753229843.171265,graph,5778,17333,0.14378996677696704,0.0034883839543908834,0.37102413177490234
25120,1753229846.996394,node,5781,17340,0.41004464998841283,0.0034883839543908834,0.0
25130,1753229850.7208033,graph,5783,17348,0.05391921568661928,0.0034883839543908834,0.3943910598754883
25140,1753229854.601923,node,5786,17355,0.5018775516189635,0.0034883839543908834,0.0
25150,1753229858.2583346,graph,5788,17363,0.05536741875112057,0.0034883839543908834,0.3551936149597168
25160,1753229861.9577646,node,5791,17370,0.0630980335175991,0.0034883839543908834,0.0
25170,1753229865.7900488,graph,5793,17378,0.20814140774309636,0.0034883839543908834,0.3583371639251709
25180,1753229869.432809,node,5796,17385,0.16619580537080764,0.0034883839543908834,0.0
25190,1753229873.3051417,graph,5798,17393,0.05705363266170025,0.0034883839543908834,0.3918931484222412
25200,1753229876.8335438,node,5801,17400,0.05445444136857987,0.0034883839543908834,0.0
25210,1753229880.658845,graph,5803,17408,0.19407980777323247,0.0034883839543908834,0.41538214683532715
25220,1753229884.5026178,node,5806,17415,0.14767090044915676,0.0034883839543908834,0.0
25230,1753229888.2778947,graph,5808,17423,0.18374429903924466,0.0034883839543908834,0.3907437324523926
25240,1753229892.0664306,node,5811,17430,1.391297697648406,0.0034883839543908834,0.0
25250,1753229895.6911101,graph,5813,17438,0.09468489475548267,0.0034883839543908834,0.36173343658447266
25260,1753229899.4495552,node,5816,17445,0.15042186621576548,0.0034883839543908834,0.0
25270,1753229903.104689,graph,5818,17453,0.058275374304503205,0.0034883839543908834,0.40633344650268555
25280,1753229906.7562742,node,5821,17460,0.05201636734418571,0.0034883839543908834,0.0
25290,1753229910.5713892,graph,5823,17468,0.16346075609326363,0.0034883839543908834,0.36963796615600586
25300,1753229914.2482417,node,5826,17475,0.051371194049716,0.0034883839543908834,0.0
25310,1753229918.004309,graph,5828,17483,0.11239653714001178,0.0034883839543908834,0.3638145923614502
25320,1753229921.7522283,node,5831,17490,0.058894875645637515,0.0034883839543908834,0.0
25330,1753229925.4074492,graph,5833,17498,0.04576143529266119,0.0034883839543908834,0.3786585330963135
25340,1753229929.0570626,node,5836,17505,1.635105173289776,0.0034883839543908834,0.0
25350,1753229932.784661,graph,5838,17513,0.057450665067881344,0.0034883839543908834,0.38889145851135254
25360,1753229936.3901296,node,5841,17520,0.2011057050898671,0.0034883839543908834,0.0
25370,1753229940.172631,graph,5843,17528,0.5027114300057292,0.0034883839543908834,0.38341760635375977
25380,1753229943.952757,node,5846,17535,0.38946797251701354,0.0034883839543908834,0.0
25390,1753229947.6583219,graph,5848,17543,0.07174374852329493,0.0034883839543908834,0.37334609031677246
25400,1753229951.494057,node,5851,17550,0.3865624699741602,0.0034883839543908834,0.0
25410,1753229955.1975212,graph,5853,17558,0.3793253265321255,0.0034883839543908834,0.36339735984802246
25420,1753229958.8032298,node,5856,17565,0.25346635840833187,0.0034883839543908834,0.0
25430,1753229962.4985876,graph,5858,17573,0.4841594435274601,0.0034883839543908834,0.36699461936950684
25440,1753229966.1382575,node,5861,17580,0.08293791115283966,0.0034883839543908834,0.0
25450,1753229969.7950358,graph,5863,17588,0.2203983709216118,0.0034883839543908834,0.3565068244934082
25460,1753229973.6506627,node,5866,17595,0.07332437364384532,0.0034883839543908834,0.0
25470,1753229977.4523745,graph,5868,17603,0.0541260052472353,0.0034883839543908834,0.42014551162719727
25480,1753229981.183038,node,5871,17610,0.16853350028395653,0.0034883839543908834,0.0
25490,1753229984.943139,graph,5873,17618,0.0448839733377099,0.0034883839543908834,0.43222546577453613
25500,1753229988.7318633,node,5876,17625,0.05237285643815994,0.0034883839543908834,0.0
25510,1753229992.4405596,graph,5878,17633,0.05522381104528904,0.0034883839543908834,0.34612154960632324
25520,1753229996.14628,node,5881,17640,0.04881807444617152,0.0034883839543908834,0.0
25530,1753229999.938697,graph,5883,17648,0.5566397357732058,0.0034883839543908834,0.36573171615600586
25540,1753230003.5769405,node,5886,17655,0.12575802812352777,0.0034883839543908834,0.0
25550,1753230007.43572,graph,5888,17663,0.1359633701853454,0.0034883839543908834,0.4339921474456787
25560,1753230011.043036,node,5891,17670,0.0726000601425767,0.0034883839543908834,0.0
25570,1753230014.7729452,graph,5893,17678,0.45896518640220163,0.0034883839543908834,0.36089491844177246
25580,1753230018.5304348,node,5896,17685,1.9503598190844058,0.0034883839543908834,0.0
25590,1753230022.1850812,graph,5898,17693,0.0481922822073102,0.0034883839543908834,0.3645670413970947
25600,1753230025.934561,node,5901,17700,0.0358677311334759,0.0034883839543908834,0.0
25610,1753230029.6124022,graph,5903,17708,0.20809450149536132,0.0034883839543908834,0.37220096588134766
25620,1753230033.2831001,node,5906,17715,0.05822627823799849,0.0034883839543908834,0.0
25630,1753230037.0496092,graph,5908,17723,0.2526121514849365,0.0034883839543908834,0.3805994987487793
25640,1753230040.7231877,node,5911,17730,0.27316594813019035,0.0034883839543908834,0.0
25650,1753230044.6301103,graph,5913,17738,0.05782463513314724,0.0034883839543908834,0.38518762588500977
25660,1753230048.3962703,node,5916,17745,0.05454733287915588,0.0034883839543908834,0.0
25670,1753230052.2892904,graph,5918,17753,0.05775458700954914,0.0034883839543908834,0.4070451259613037
25680,1753230055.9276104,node,5921,17760,0.06430854387581349,0.0034883839543908834,0.0
25690,1753230059.7202504,graph,5923,17768,0.18069994021207095,0.0034883839543908834,0.4390525817871094
25700,1753230063.398255,node,5926,17775,2.45433665253222,0.0034883839543908834,0.0
25710,1753230067.2248163,graph,5928,17783,0.21849173977971076,0.0034883839543908834,0.3821747303009033
25720,1753230070.9068696,node,5931,17790,0.17806526860222222,0.0034883839543908834,0.0
25730,1753230074.815817,graph,5933,17798,0.19829340875148774,0.0034883839543908834,0.3590073585510254
25740,1753230078.5041578,node,5936,17805,0.14853177722543479,0.0034883839543908834,0.0
25750,1753230082.2473366,graph,5938,17813,0.0465344475582242,0.0034883839543908834,0.4020533561706543
25760,1753230086.402919,node,5941,17820,0.1663983002305031,0.0034883839543908834,0.0
25770,1753230090.5612648,graph,5943,17828,0.3521707961335778,0.0034883839543908834,0.46714115142822266
25780,1753230094.6027691,node,5946,17835,0.6709582433104515,0.0034883839543908834,0.0
25790,1753230098.2747612,graph,5948,17843,0.0503084022551775,0.0034883839543908834,0.3657710552215576
25800,1753230102.14755,node,5951,17850,0.15957281151786445,0.0034883839543908834,0.0
25810,1753230105.9486053,graph,5953,17858,0.530395095422864,0.0034883839543908834,0.34015989303588867
25820,1753230109.6057572,node,5956,17865,0.1805982792750001,0.0034883839543908834,0.0
25830,1753230113.337947,graph,5958,17873,0.04763905094005168,0.0034883839543908834,0.3700857162475586
25840,1753230117.0569024,node,5961,17880,0.040835478063672784,0.0034883839543908834,0.0
25850,1753230120.6729667,graph,5963,17888,0.734959777072072,0.0034883839543908834,0.40659403800964355
25860,1753230124.398481,node,5966,17895,1.7352417471818626,0.0034883839543908834,0.0
25870,1753230128.1535196,graph,5968,17903,0.048199428245425224,0.0034883839543908834,0.3548917770385742
25880,1753230131.8218715,node,5971,17910,0.08346504792571068,0.0034883839543908834,0.0
25890,1753230135.6560423,graph,5973,17918,0.05824948213994503,0.0034883839543908834,0.3727681636810303
25900,1753230139.338405,node,5976,17925,0.20182407069951297,0.0034883839543908834,0.0
25910,1753230142.9089084,graph,5978,17933,0.05222911015152931,0.0034883839543908834,0.38902974128723145
25920,1753230146.611796,node,5981,17940,1.3078235439956187,0.0034883839543908834,0.0
25930,1753230150.4576373,graph,5983,17948,0.04714266397058964,0.0034883839543908834,0.36267638206481934
25940,1753230154.1689403,node,5986,17955,1.8456267099827528,0.0034883839543908834,0.0
25950,1753230157.975878,graph,5988,17963,0.1345305483788252,0.0034883839543908834,0.3814513683319092
25960,1753230161.6880667,node,5991,17970,1.430978726223111,0.0034883839543908834,0.0
25970,1753230165.4492905,graph,5993,17978,0.1578234277665615,0.0034883839543908834,0.4015471935272217
25980,1753230169.1334717,node,5996,17985,0.18835523054003717,0.0034883839543908834,0.0
25990,1753230172.8985133,graph,5998,17993,0.30822543054819107,0.0034883839543908834,0.3878047466278076
26000,1753230176.5979602,node,6001,18000,0.08697547949850559,0.0034883839543908834,0.0
26010,1753230180.7975342,graph,6003,18008,0.12358457176014781,0.0034883839543908834,0.39905238151550293
26020,1753230184.9141855,node,6006,18015,0.20350320721045137,0.0034883839543908834,0.0
26030,1753230188.7754161,graph,6008,18023,0.050643682945519686,0.0034883839543908834,0.35657763481140137
26040,1753230192.45022,node,6011,18030,0.5308789194561541,0.0034883839543908834,0.0
26050,1753230196.2340593,graph,6013,18038,0.06596582503989339,0.0034883839543908834,0.3584315776824951
26060,1753230199.9026592,node,6016,18045,0.2832557775080204,0.0034883839543908834,0.0
26070,1753230203.6301777,graph,6018,18053,0.1068643213249743,0.0034883839543908834,0.4293959140777588
26080,1753230207.3773744,node,6021,18060,0.20386009179055692,0.0034883839543908834,0.0
26090,1753230211.3213716,graph,6023,18068,0.08587747253477573,0.0034883839543908834,0.40552568435668945
26100,1753230215.0439515,node,6026,18075,0.04697741093114018,0.0034883839543908834,0.0
26110,1753230218.86152,graph,6028,18083,0.07743910914286971,0.0034883839543908834,0.34858036041259766
26120,1753230222.5959384,node,6031,18090,0.2511540252715349,0.0034883839543908834,0.0
26130,1753230226.4424725,graph,6033,18098,0.5913623485714197,0.0034883839543908834,0.3748281002044678
26140,1753230230.4351766,node,6036,18105,0.4936910856515169,0.0034883839543908834,0.0
26150,1753230234.3419144,graph,6038,18113,0.07521842359565198,0.0034883839543908834,0.4216156005859375
26160,1753230238.0570931,node,6041,18120,0.1661957792006433,0.0034883839543908834,0.0
26170,1753230241.821868,graph,6043,18128,0.19263825695961714,0.0034883839543908834,0.39436793327331543
26180,1753230245.655278,node,6046,18135,0.050497903302311895,0.0034883839543908834,0.0
26190,1753230249.4530635,graph,6048,18143,0.04577440740540624,0.0034883839543908834,0.3683896064758301
26200,1753230253.3390024,node,6051,18150,0.06681836433708668,0.0034883839543908834,0.0
26210,1753230257.3002164,graph,6053,18158,0.04885585615411401,0.0034883839543908834,0.3600637912750244
26220,1753230260.9950395,node,6056,18165,0.08929836675524712,0.0034883839543908834,0.0
26230,1753230264.8107078,graph,6058,18173,0.04814724065363407,0.0034883839543908834,0.4318387508392334
26240,1753230268.6656375,node,6061,18180,2.920989183615893,0.0034883839543908834,0.0
26250,1753230272.5327091,graph,6063,18188,0.20444667879492046,0.0034883839543908834,0.4086771011352539
26260,1753230276.3262365,node,6066,18195,0.5358017800375819,0.0034883839543908834,0.0
26270,1753230279.9648082,graph,6068,18203,0.048420951887965205,0.0034883839543908834,0.367382287979126
26280,1753230283.6588526,node,6071,18210,0.3679786157794297,0.0034883839543908834,0.0
26290,1753230287.4177475,graph,6073,18218,0.1924847260117531,0.0034883839543908834,0.37398433685302734
26300,1753230291.0732653,node,6076,18225,0.5810172244906425,0.0034883839543908834,0.0
26310,1753230294.9821913,graph,6078,18233,0.122356066852808,0.0034883839543908834,0.37928342819213867
26320,1753230298.6873922,node,6081,18240,0.040217897528782486,0.0034883839543908834,0.0
26330,1753230302.7387252,graph,6083,18248,0.05805850066244602,0.0034883839543908834,0.40112853050231934
26340,1753230306.4461737,node,6086,18255,0.3149369103834033,0.0034883839543908834,0.0
26350,1753230310.1636448,graph,6088,18263,0.06164087057113647,0.0034883839543908834,0.42484045028686523
26360,1753230313.862284,node,6091,18270,0.19497601240873336,0.0034883839543908834,0.0
26370,1753230317.592074,graph,6093,18278,0.046796600334346294,0.0034883839543908834,0.3725910186767578
26380,1753230321.3710759,node,6096,18285,1.2569651216734201,0.0034883839543908834,0.0
26390,1753230325.159794,graph,6098,18293,1.718368988018483,0.0034883839543908834,0.38179612159729004
26400,1753230329.035121,node,6101,18300,0.12243208037689328,0.0034883839543908834,0.0
26410,1753230332.7899213,graph,6103,18308,0.16220494429580867,0.0034883839543908834,0.39191246032714844
26420,1753230336.6170115,node,6106,18315,0.046432281378656626,0.0034883839543908834,0.0
26430,1753230340.468862,graph,6108,18323,0.17842640560120343,0.0034883839543908834,0.3982055187225342
26440,1753230344.2988737,node,6111,18330,0.048901270562782886,0.0034883839543908834,0.0
26450,1753230348.0964632,graph,6113,18338,0.1356936778873205,0.0034883839543908834,0.3602471351623535
26460,1753230351.9269829,node,6116,18345,0.05363402646034956,0.0034883839543908834,0.0
26470,1753230355.7359776,graph,6118,18353,0.06332813836634159,0.0034883839543908834,0.3698585033416748
26480,1753230359.4639266,node,6121,18360,0.20216488745063543,0.0034883839543908834,0.0
26490,1753230363.3073103,graph,6123,18368,0.15251138135790826,0.0034883839543908834,0.39690279960632324
26500,1753230367.0730927,node,6126,18375,0.06419154722243547,0.0034883839543908834,0.0
26510,1753230370.8070104,graph,6128,18383,0.12015769882127643,0.0034883839543908834,0.3814671039581299
26520,1753230374.5311534,node,6131,18390,0.08009924944490195,0.0034883839543908834,0.0
26530,1753230378.373062,graph,6133,18398,0.039292399678379296,0.0034883839543908834,0.36861133575439453
26540,1753230382.2017705,node,6136,18405,0.16788756307214497,0.0034883839543908834,0.0
26550,1753230386.0089912,graph,6138,18413,0.07450857553631067,0.0034883839543908834,0.3800990581512451
26560,1753230389.7105854,node,6141,18420,0.26753456946462395,0.0034883839543908834,0.0
26570,1753230393.4784925,graph,6143,18428,0.2368240501731634,0.0034883839543908834,0.38718748092651367
26580,1753230397.2346137,node,6146,18435,1.089726337697357,0.0034883839543908834,0.0
26590,1753230401.065325,graph,6148,18443,0.05886353962123394,0.0034883839543908834,0.3741469383239746
26600,1753230404.90948,node,6151,18450,0.19833239093422889,0.0034883839543908834,0.0
26610,1753230408.5841904,graph,6153,18458,0.1392899937927723,0.0034883839543908834,0.35888051986694336
26620,1753230412.3842962,node,6156,18465,0.6047284975647926,0.0034883839543908834,0.0
26630,1753230416.1577578,graph,6158,18473,0.1703720971941948,0.0034883839543908834,0.36090660095214844
26640,1753230419.9498959,node,6161,18480,0.7207603108137846,0.0034883839543908834,0.0
26650,1753230423.7077737,graph,6163,18488,20.822321571595968,0.0034883839543908834,0.36874961853027344
26660,1753230427.470743,node,6166,18495,0.0567880772985518,0.0034883839543908834,0.0
26670,1753230431.2688844,graph,6168,18503,0.07150256130844354,0.0034883839543908834,0.37850522994995117
26680,1753230434.990497,node,6171,18510,0.05194140896201134,0.0034883839543908834,0.0
26690,1753230438.836738,graph,6173,18518,0.11578892022371293,0.0034883839543908834,0.38301730155944824
26700,1753230442.4976575,node,6176,18525,0.7128323248587549,0.0034883839543908834,0.0
26710,1753230446.322768,graph,6178,18533,0.04338637487962842,0.0034883839543908834,0.3818473815917969
26720,1753230450.0300941,node,6181,18540,0.1351382002234459,0.0034883839543908834,0.0
26730,1753230453.701858,graph,6183,18548,0.16327160084620118,0.0034883839543908834,0.38985753059387207
26740,1753230457.470835,node,6186,18555,0.04809639677405357,0.0034883839543908834,0.0
26750,1753230461.2413325,graph,6188,18563,0.04706047503277659,0.0034883839543908834,0.3957500457763672
26760,1753230465.0835216,node,6191,18570,0.0987409527413547,0.0034883839543908834,0.0
26770,1753230468.7909024,graph,6193,18578,0.8889545012265444,0.0034883839543908834,0.36789774894714355
26780,1753230472.5051908,node,6196,18585,0.08655124716460705,0.0034883839543908834,0.0
26790,1753230476.313001,graph,6198,18593,0.04589510513469577,0.0034883839543908834,0.3643314838409424
26800,1753230480.1150901,node,6201,18600,0.16926331333816053,0.0034883839543908834,0.0
26810,1753230483.914555,graph,6203,18608,0.4479454644024372,0.0034883839543908834,0.39649319648742676
26820,1753230487.7469664,node,6206,18615,0.11472435435280204,0.0034883839543908834,0.0
26830,1753230491.544872,graph,6208,18623,0.16204202603548765,0.0034883839543908834,0.39860010147094727
26840,1753230495.2466307,node,6211,18630,0.04982983637601137,0.0034883839543908834,0.0
26850,1753230498.8665433,graph,6213,18638,0.20413966998457908,0.0034883839543908834,0.3618509769439697
26860,1753230502.5704522,node,6216,18645,0.06615536194294691,0.0034883839543908834,0.0
26870,1753230506.5458686,graph,6218,18653,0.06471655182540417,0.0034883839543908834,0.38484644889831543
26880,1753230510.445942,node,6221,18660,0.31961045544594524,0.0034883839543908834,0.0
26890,1753230514.2468872,graph,6223,18668,0.052542919851839544,0.0034883839543908834,0.39750051498413086
26900,1753230518.028803,node,6226,18675,0.0433752597309649,0.0034883839543908834,0.0
26910,1753230521.8912017,graph,6228,18683,0.0731281675864011,0.0034883839543908834,0.4183497428894043
26920,1753230525.5969684,node,6231,18690,0.04743138551712036,0.0034883839543908834,0.0
26930,1753230529.4255292,graph,6233,18698,0.04489913173019886,0.0034883839543908834,0.4290463924407959
26940,1753230533.20241,node,6236,18705,0.15934862494468688,0.0034883839543908834,0.0
26950,1753230537.067204,graph,6238,18713,0.04908540546894073,0.0034883839543908834,0.35875606536865234
26960,1753230540.8432214,node,6241,18720,0.4283786168321967,0.0034883839543908834,0.0
26970,1753230544.6986585,graph,6243,18728,0.26133299376815555,0.0034883839543908834,0.36632680892944336
26980,1753230548.4273143,node,6246,18735,1.0234283176250756,0.0034883839543908834,0.0
26990,1753230552.2482986,graph,6248,18743,0.05092878527939319,0.0034883839543908834,0.40297889709472656
27000,1753230556.0465066,node,6251,18750,0.11489421725273133,0.0034883839543908834,0.0
27010,1753230559.7260273,graph,6253,18758,0.04365721391513944,0.003416622057557106,0.3916282653808594
27020,1753230563.4621499,node,6256,18765,0.5492046468891203,0.003416622057557106,0.0
27030,1753230567.2890341,graph,6258,18773,0.11905727609992027,0.003416622057557106,0.356062650680542
27040,1753230571.06205,node,6261,18780,0.6107857632450759,0.003416622057557106,0.0
27050,1753230574.9030375,graph,6263,18788,0.5202327192761004,0.003416622057557106,0.3752002716064453
27060,1753230578.604665,node,6266,18795,0.09307638257741928,0.003416622057557106,0.0
27070,1753230582.4196093,graph,6268,18803,0.4166476964950562,0.003416622057557106,0.39105796813964844
27080,1753230586.0522869,node,6271,18810,0.1578575000166893,0.003416622057557106,0.0
27090,1753230589.7924035,graph,6273,18818,0.04987878538668156,0.003416622057557106,0.38730883598327637
27100,1753230593.562213,node,6276,18825,0.2861139071173966,0.003416622057557106,0.0
27110,1753230597.3498092,graph,6278,18833,0.1496016550809145,0.003416622057557106,0.3842144012451172
27120,1753230601.0166667,node,6281,18840,0.07347492165863515,0.003416622057557106,0.0
27130,1753230604.8323789,graph,6283,18848,0.5802182167768478,0.003416622057557106,0.38085031509399414
27140,1753230608.6211536,node,6286,18855,0.04722444415092468,0.003416622057557106,0.0
27150,1753230612.3144858,graph,6288,18863,0.06056182524189353,0.003416622057557106,0.38100719451904297
27160,1753230616.0277965,node,6291,18870,0.9466404728591442,0.003416622057557106,0.0
27170,1753230619.8249695,graph,6293,18878,0.04770303573459387,0.003416622057557106,0.362140417098999
27180,1753230623.6969883,node,6296,18885,0.2843900255858898,0.003416622057557106,0.0
27190,1753230627.6506624,graph,6298,18893,0.09047389635816216,0.003416622057557106,0.3601105213165283
27200,1753230631.399659,node,6301,18900,0.05165446689352393,0.003416622057557106,0.0
27210,1753230635.2826126,graph,6303,18908,0.11904224306344986,0.003416622057557106,0.36949777603149414
27220,1753230638.9234843,node,6306,18915,0.13367407359182834,0.003416622057557106,0.0
27230,1753230642.8410797,graph,6308,18923,0.1415394626557827,0.003416622057557106,0.407273530960083
27240,1753230646.5285945,node,6311,18930,0.04250015653669834,0.003416622057557106,0.0
27250,1753230650.2363656,graph,6313,18938,0.04992615021765232,0.003416622057557106,0.3906221389770508
27260,1753230654.0154428,node,6316,18945,0.14620942398905754,0.003416622057557106,0.0
27270,1753230657.836861,graph,6318,18953,0.04983420511707663,0.003416622057557106,0.3699030876159668
27280,1753230661.5799944,node,6321,18960,0.17488645259290933,0.003416622057557106,0.0
27290,1753230665.3638768,graph,6323,18968,0.19992329701781272,0.003416622057557106,0.36539268493652344
27300,1753230669.0506663,node,6326,18975,0.28981888499110936,0.003416622057557106,0.0
27310,1753230672.6770942,graph,6328,18983,0.152530281804502,0.003416622057557106,0.39321064949035645
27320,1753230676.3298564,node,6331,18990,0.0437548702582717,0.003416622057557106,0.0
27330,1753230680.1174011,graph,6333,18998,0.15775099210441113,0.003416622057557106,0.37749767303466797
27340,1753230683.8726568,node,6336,19005,0.25645031821914016,0.003382780123502016,0.0
27350,1753230688.0587456,graph,6338,19013,0.14331812206655742,0.003382780123502016,0.40729737281799316
27360,1753230692.4121287,node,6341,19020,0.1420848535373807,0.003382780123502016,0.0
27370,1753230696.4255228,graph,6343,19028,0.65948729775846,0.003382780123502016,0.39046144485473633
27380,1753230700.157019,node,6346,19035,0.04844042649492621,0.003382780123502016,0.0
27390,1753230704.0537744,graph,6348,19043,0.209286879748106,0.003382780123502016,0.4493715763092041
27400,1753230707.841411,node,6351,19050,0.047371743246912956,0.003382780123502016,0.0
27410,1753230711.7049444,graph,6353,19058,0.32669615410268305,0.003382780123502016,0.38663387298583984
27420,1753230715.4437366,node,6356,19065,0.49846720015630125,0.003382780123502016,0.0
27430,1753230719.2697139,graph,6358,19073,0.20404639281332493,0.003382780123502016,0.3857581615447998
27440,1753230723.0119622,node,6361,19080,0.099722471088171,0.003382780123502016,0.0
27450,1753230726.9067216,graph,6363,19088,0.19256487637758254,0.003382780123502016,0.366626501083374
27460,1753230730.6354218,node,6366,19095,0.048161763790994884,0.003382780123502016,0.0
27470,1753230734.594921,graph,6368,19103,0.5617925057187676,0.003382780123502016,0.4328033924102783
27480,1753230738.3748286,node,6371,19110,0.5557968618348241,0.003382780123502016,0.0
27490,1753230742.0965004,graph,6373,19118,0.08423414118587971,0.003382780123502016,0.40509819984436035
27500,1753230745.923036,node,6376,19125,0.1630107767879963,0.003382780123502016,0.0
27510,1753230749.617258,graph,6378,19133,0.06117246337234974,0.003382780123502016,0.3788285255432129
27520,1753230753.479037,node,6381,19140,0.2317569673061371,0.003382780123502016,0.0
27530,1753230757.2350209,graph,6383,19148,0.06445116251707077,0.003382780123502016,0.35732126235961914
27540,1753230760.9162524,node,6386,19155,2.2815948498435317,0.003382780123502016,0.0
27550,1753230764.7547922,graph,6388,19163,0.20831779772415757,0.003382780123502016,0.38205718994140625
27560,1753230768.525638,node,6391,19170,0.12580338176339864,0.003382780123502016,0.0
27570,1753230772.2712672,graph,6393,19178,0.2968912601470947,0.003382780123502016,0.3826897144317627
27580,1753230775.9741647,node,6396,19185,2.1409812450408934,0.003382780123502016,0.0
27590,1753230779.7152085,graph,6398,19193,0.15292162895202638,0.003382780123502016,0.3610422611236572
27600,1753230783.5591958,node,6401,19200,0.3088424468412995,0.003382780123502016,0.0
27610,1753230787.3194983,graph,6403,19208,0.18162026554346083,0.003382780123502016,0.35837626457214355
27620,1753230791.0512326,node,6406,19215,3.2182199976406993,0.003382780123502016,0.0
27630,1753230794.8312428,graph,6408,19223,0.05760719357058406,0.003382780123502016,0.43756866455078125
27640,1753230798.50549,node,6411,19230,0.05315413363277912,0.003382780123502016,0.0
27650,1753230802.2640011,graph,6413,19238,0.11383860344067216,0.003382780123502016,0.38076162338256836
27660,1753230806.050682,node,6416,19245,0.08832306265830994,0.003382780123502016,0.0
27670,1753230809.786983,graph,6418,19253,0.06901860572397708,0.003382780123502016,0.36665940284729004
27680,1753230813.4599261,node,6421,19260,0.058364964462816714,0.003382780123502016,0.0
27690,1753230817.3116682,graph,6423,19268,0.04842339097522199,0.003382780123502016,0.35945844650268555
27700,1753230821.0536,node,6426,19275,0.23818048629909755,0.003382780123502016,0.0
27710,1753230824.8442512,graph,6428,19283,0.046806170418858525,0.003382780123502016,0.41021037101745605
27720,1753230828.6352155,node,6431,19290,0.049608166329562664,0.003382780123502016,0.0
27730,1753230832.4612043,graph,6433,19298,0.1634554948657751,0.003382780123502016,0.4042949676513672
27740,1753230836.2027662,node,6436,19305,0.06095112711191177,0.003382780123502016,0.0
27750,1753230839.9879813,graph,6438,19313,0.14526548907160758,0.003382780123502016,0.3568406105041504
27760,1753230843.8072214,node,6441,19320,0.07054644580930472,0.003382780123502016,0.0
27770,1753230847.5676858,graph,6443,19328,0.5700558782555163,0.0033662626519799232,0.36327219009399414
27780,1753230851.3028882,node,6446,19335,0.05128312725573778,0.0033662626519799232,0.0
27790,1753230855.1512744,graph,6448,19343,0.05389960613101721,0.0033662626519799232,0.41247987747192383
27800,1753230858.761445,node,6451,19350,0.04664514628238976,0.0033662626519799232,0.0
27810,1753230862.5593383,graph,6453,19358,0.17472269544377922,0.0033662626519799232,0.4241158962249756
27820,1753230866.4110186,node,6456,19365,0.04130373280495405,0.0033662626519799232,0.0
27830,1753230870.100342,graph,6458,19373,0.18665212993510066,0.0033662626519799232,0.36756062507629395
27840,1753230873.848453,node,6461,19380,0.07249748464673758,0.0033662626519799232,0.0
27850,1753230877.5272565,graph,6463,19388,0.06456850729882717,0.0033662626519799232,0.3629264831542969
27860,1753230881.2561202,node,6466,19395,0.18355766308959573,0.0033662626519799232,0.0
27870,1753230884.9427326,graph,6468,19403,0.7730706920847297,0.0033662626519799232,0.3879551887512207
27880,1753230888.6451676,node,6471,19410,0.05536584854125977,0.0033662626519799232,0.0
27890,1753230892.4888322,graph,6473,19418,0.05138323046267033,0.0033662626519799232,0.3735644817352295
27900,1753230896.2278352,node,6476,19425,0.4719520403072238,0.0033662626519799232,0.0
27910,1753230900.010348,graph,6478,19433,0.04867544351145625,0.0033662626519799232,0.3633248805999756
27920,1753230903.7160916,node,6481,19440,0.17141394410282373,0.0033662626519799232,0.0
27930,1753230907.4896362,graph,6483,19448,0.04660906260833144,0.0033662626519799232,0.39452147483825684
27940,1753230911.2467253,node,6486,19455,0.17371245154645293,0.0026012815069407225,0.0
27950,1753230914.9680963,graph,6488,19463,0.1381416511721909,0.0026012815069407225,0.4085047245025635
27960,1753230918.6687982,node,6491,19470,0.05015999721363187,0.0026012815069407225,0.0
27970,1753230922.4054751,graph,6493,19478,0.3966737514361739,0.0026012815069407225,0.3800675868988037
27980,1753230926.2332768,node,6496,19485,0.2572310104034841,0.0026012815069407225,0.0
27990,1753230929.9361155,graph,6498,19493,0.09361579418182372,0.0026012815069407225,0.37215256690979004
28000,1753230933.6598082,node,6501,19500,0.4766526876948774,0.0026012815069407225,0.0
28010,1753230937.9922223,graph,6503,19508,1.9229283330962061,0.0026012815069407225,0.3769359588623047
28020,1753230941.7626343,node,6506,19515,0.17845452683977783,0.0026012815069407225,0.0
28030,1753230945.5808592,graph,6508,19523,0.602583122998476,0.0026012815069407225,0.42829132080078125
28040,1753230949.2823868,node,6511,19530,0.07013345547020436,0.0026012815069407225,0.0
28050,1753230953.0671751,graph,6513,19538,0.05413046814501286,0.0026012815069407225,0.3823544979095459
28060,1753230956.8237278,node,6516,19545,0.3358818585053086,0.0026012815069407225,0.0
28070,1753230960.6685455,graph,6518,19553,0.0426206411793828,0.0026012815069407225,0.36807942390441895
28080,1753230964.4067018,node,6521,19560,0.6226658883038908,0.0026012815069407225,0.0
28090,1753230968.038712,graph,6523,19568,0.15787182413041592,0.0026012815069407225,0.3731210231781006
28100,1753230971.8509617,node,6526,19575,0.102535692602396,0.0026012815069407225,0.0
28110,1753230975.5117967,graph,6528,19583,0.4461853690445423,0.0026012815069407225,0.3700408935546875
28120,1753230979.3190234,node,6531,19590,0.7873032540082932,0.0026012815069407225,0.0
28130,1753230983.0797362,graph,6533,19598,0.16753993332386016,0.0026012815069407225,0.377795934677124
28140,1753230986.8087916,node,6536,19605,0.039816906210035086,0.0026012815069407225,0.0
28150,1753230990.5358026,graph,6538,19613,0.043432494648732244,0.002444958547130227,0.3534567356109619
28160,1753230994.278626,node,6541,19620,0.8206933546811342,0.002444958547130227,0.0
28170,1753230998.0691886,graph,6543,19628,0.14143630415201186,0.002444958547130227,0.396014928817749
28180,1753231001.702772,node,6546,19635,0.7475298631936311,0.002444958547130227,0.0
28190,1753231005.489276,graph,6548,19643,0.15702703595161438,0.002444958547130227,0.3856983184814453
28200,1753231009.1806273,node,6551,19650,0.2961692612618208,0.002444958547130227,0.0
28210,1753231012.897813,graph,6553,19658,0.04513572650030255,0.002444958547130227,0.3531968593597412
28220,1753231016.6515448,node,6556,19665,0.05996314194053411,0.002444958547130227,0.0
28230,1753231020.394103,graph,6558,19673,0.04484587833285332,0.002444958547130227,0.37513232231140137
28240,1753231024.1892033,node,6561,19680,0.9703113455325365,0.002444958547130227,0.0
28250,1753231028.1652732,graph,6563,19688,0.5323741165921092,0.002444958547130227,0.400012731552124
28260,1753231031.8443315,node,6566,19695,1.0976020343601705,0.002444958547130227,0.0
28270,1753231035.6590312,graph,6568,19703,0.05520137837156654,0.002444958547130227,0.38464784622192383
28280,1753231039.3223884,node,6571,19710,0.042249043472111225,0.002444958547130227,0.0
28290,1753231043.148532,graph,6573,19718,0.15139990346506238,0.002444958547130227,0.3806440830230713
28300,1753231046.9245734,node,6576,19725,0.12909742072224617,0.002444958547130227,0.0
28310,1753231050.6029153,graph,6578,19733,0.3318179458379745,0.002444958547130227,0.3924560546875
28320,1753231054.3175328,node,6581,19740,0.20627114363014698,0.002444958547130227,0.0
28330,1753231057.9557037,graph,6583,19748,0.6200091119855642,0.002444958547130227,0.37966275215148926
28340,1753231061.7209585,node,6586,19755,0.04492697035893798,0.002444958547130227,0.0
28350,1753231065.3923383,graph,6588,19763,3.7095550298690796,0.002444958547130227,0.35953450202941895
28360,1753231069.1143348,node,6591,19770,0.13211051328107715,0.002444958547130227,0.0
28370,1753231072.7731335,graph,6593,19778,0.2086865186691284,0.002444958547130227,0.36687278747558594
28380,1753231076.3654838,node,6596,19785,0.6009060606360436,0.002444958547130227,0.0
28390,1753231080.2103508,graph,6598,19793,0.0968149345368147,0.002444958547130227,0.3612637519836426
28400,1753231083.7576933,node,6601,19800,0.19465267909690737,0.002444958547130227,0.0
28410,1753231087.566738,graph,6603,19808,0.04992392174899578,0.002444958547130227,0.3902308940887451
28420,1753231091.3747828,node,6606,19815,0.04889026153832674,0.002444958547130227,0.0
28430,1753231094.9970014,graph,6608,19823,0.6344264969229698,0.002444958547130227,0.3665788173675537
28440,1753231098.6698081,node,6611,19830,0.04929234413430095,0.002444958547130227,0.0
28450,1753231102.4580104,graph,6613,19838,0.14364880006760358,0.002444958547130227,0.38959598541259766
28460,1753231106.1873882,node,6616,19845,0.16918930374085903,0.002444958547130227,0.0
28470,1753231109.8952503,graph,6618,19853,0.4653735366649926,0.002444958547130227,0.3861098289489746
28480,1753231113.6866226,node,6621,19860,0.24141866602003575,0.002444958547130227,0.0
28490,1753231117.3954813,graph,6623,19868,0.04524309430271387,0.002444958547130227,0.34540629386901855
28500,1753231121.2525046,node,6626,19875,0.04471443695947528,0.002444958547130227,0.0
28510,1753231125.1325586,graph,6628,19883,0.054939546063542365,0.002444958547130227,0.3767058849334717
28520,1753231128.844302,node,6631,19890,0.18836612198501826,0.002444958547130227,0.0
28530,1753231132.7259672,graph,6633,19898,0.053205710276961325,0.002444958547130227,0.39053797721862793
28540,1753231136.569466,node,6636,19905,0.14636410744860767,0.002444958547130227,0.0
28550,1753231140.469766,graph,6638,19913,0.15314309671521187,0.002444958547130227,0.4489409923553467
28560,1753231144.2792447,node,6641,19920,0.04998893279116601,0.002444958547130227,0.0
28570,1753231147.9534204,graph,6643,19928,0.1489569444209337,0.002444958547130227,0.34380650520324707
28580,1753231151.4948885,node,6646,19935,0.3335449069738388,0.002444958547130227,0.0
28590,1753231155.1121275,graph,6648,19943,0.5247252028435468,0.002444958547130227,0.36057305335998535
28600,1753231158.684616,node,6651,19950,0.6097619846463204,0.002444958547130227,0.0
28610,1753231162.1679037,graph,6653,19958,0.061531441006809476,0.002444958547130227,0.34136319160461426
28620,1753231165.6471522,node,6656,19965,0.3809051144868135,0.002444958547130227,0.0
28630,1753231169.2984679,graph,6658,19973,0.05351176522672176,0.002444958547130227,0.36171889305114746
28640,1753231172.935352,node,6661,19980,0.09618427958339452,0.002444958547130227,0.0
28650,1753231176.653589,graph,6663,19988,0.35172572135925295,0.002444958547130227,0.36107563972473145
28660,1753231180.1919138,node,6666,19995,0.042780056782066825,0.002444958547130227,0.0
28670,1753231183.6608157,graph,6668,20003,0.04518692619167268,0.002444958547130227,0.385772705078125
28680,1753231187.166208,node,6671,20010,0.04251867132261396,0.002444958547130227,0.0
28690,1753231190.7262928,graph,6673,20018,0.07105713710188866,0.002444958547130227,0.34662771224975586
28700,1753231194.2272625,node,6676,20025,0.14288076795637608,0.002444958547130227,0.0
28710,1753231197.7565823,graph,6678,20033,0.12860699333250522,0.002444958547130227,0.3742361068725586
28720,1753231201.3774745,node,6681,20040,0.08526699282228947,0.002444958547130227,0.0
28730,1753231205.097909,graph,6683,20048,0.04259756859391928,0.002444958547130227,0.36887240409851074
28740,1753231208.8661053,node,6686,20055,0.045823811832815406,0.002444958547130227,0.0
28750,1753231212.6275415,graph,6688,20063,0.8258756179362535,0.002444958547130227,0.36984777450561523
28760,1753231216.471785,node,6691,20070,0.18677661949768662,0.002444958547130227,0.0
28770,1753231220.1912093,graph,6693,20078,0.041503234580159185,0.002444958547130227,0.3889143466949463
28780,1753231223.9174435,node,6696,20085,0.1605782825499773,0.002444958547130227,0.0
28790,1753231227.82455,graph,6698,20093,0.15273691564798356,0.002444958547130227,0.4000718593597412
28800,1753231231.5140219,node,6701,20100,0.17668214291334153,0.002444958547130227,0.0
28810,1753231235.416204,graph,6703,20108,0.05228845728561282,0.002444958547130227,0.40665245056152344
28820,1753231239.3824801,node,6706,20115,0.046139026805758473,0.002444958547130227,0.0
28830,1753231243.288969,graph,6708,20123,0.04180926033295691,0.002444958547130227,0.39220309257507324
28840,1753231247.0798266,node,6711,20130,0.11163648003712297,0.002444958547130227,0.0
28850,1753231250.9783309,graph,6713,20138,0.06582123301923275,0.002444958547130227,0.38487982749938965
28860,1753231254.7389672,node,6716,20145,0.21755940048024058,0.002444958547130227,0.0
28870,1753231258.504443,graph,6718,20153,0.18816661313176156,0.002444958547130227,0.37647366523742676
28880,1753231262.0597818,node,6721,20160,2.8995111193973573,0.002444958547130227,0.0
28890,1753231265.6059728,graph,6723,20168,0.04587671458721161,0.002444958547130227,0.34383201599121094
28900,1753231269.1200917,node,6726,20175,0.19964525625109672,0.002444958547130227,0.0
28910,1753231272.6760013,graph,6728,20183,0.18490740405395628,0.002444958547130227,0.37801170349121094
28920,1753231276.146623,node,6731,20190,0.3279119143029675,0.002284379443153739,0.0
28930,1753231279.7271068,graph,6733,20198,0.6814489157870411,0.002284379443153739,0.37867093086242676
28940,1753231283.534801,node,6736,20205,0.28390331119298934,0.002284379443153739,0.0
28950,1753231287.4140081,graph,6738,20213,0.34223729409277437,0.002284379443153739,0.3505849838256836
28960,1753231291.2751675,node,6741,20220,0.3210520721971989,0.002284379443153739,0.0
28970,1753231294.9427388,graph,6743,20228,0.045436603878624734,0.002284379443153739,0.38674283027648926
28980,1753231298.4572766,node,6746,20235,0.11812121272087098,0.002284379443153739,0.0
28990,1753231301.9302645,graph,6748,20243,0.2774120239540935,0.002284379443153739,0.35268616676330566
29000,1753231305.6312995,node,6751,20250,0.04698090045712888,0.002284379443153739,0.0
29010,1753231309.230685,graph,6753,20258,0.19500481560826302,0.002284379443153739,0.37204432487487793
29020,1753231312.7563004,node,6756,20265,1.1228937882930041,0.002284379443153739,0.0
29030,1753231316.4026291,graph,6758,20273,0.05751598831266165,0.002284379443153739,0.4229855537414551
29040,1753231320.0896707,node,6761,20280,0.18939328882843257,0.002284379443153739,0.0
29050,1753231323.9239886,graph,6763,20288,0.07762899920344353,0.002284379443153739,0.4039468765258789
29060,1753231327.770703,node,6766,20295,0.0785438682883978,0.002284379443153739,0.0
29070,1753231331.578728,graph,6768,20303,0.15633307732641696,0.002284379443153739,0.375079870223999
29080,1753231335.2035313,node,6771,20310,0.07046273490414023,0.002284379443153739,0.0
29090,1753231338.7868838,graph,6773,20318,0.3733192851766944,0.002284379443153739,0.3818635940551758
29100,1753231342.2770138,node,6776,20325,3.2234855795744806,0.002284379443153739,0.0
29110,1753231345.9142847,graph,6778,20333,0.15335824489593505,0.002284379443153739,0.3576235771179199
29120,1753231349.4496136,node,6781,20340,0.4061941521242261,0.002284379443153739,0.0
29130,1753231353.007796,graph,6783,20348,0.045598884113132954,0.002284379443153739,0.35129499435424805
29140,1753231356.6160135,node,6786,20355,0.038216402474790814,0.002284379443153739,0.0
29150,1753231360.337387,graph,6788,20363,0.4073888530023396,0.002284379443153739,0.39257073402404785
29160,1753231363.8431852,node,6791,20370,0.33785287775099276,0.002284379443153739,0.0
29170,1753231367.4131398,graph,6793,20378,0.5511323031038046,0.002284379443153739,0.3529350757598877
29180,1753231370.9111216,node,6796,20385,0.5516515750437975,0.002284379443153739,0.0
29190,1753231374.4972486,graph,6798,20393,0.2519934106618166,0.002284379443153739,0.360919713973999
29200,1753231378.164003,node,6801,20400,0.27108779139816763,0.002284379443153739,0.0
29210,1753231381.7695458,graph,6803,20408,0.14335248665884137,0.002284379443153739,0.3846728801727295
29220,1753231385.2774348,node,6806,20415,0.6910593800246716,0.002284379443153739,0.0
29230,1753231388.8419194,graph,6808,20423,0.1599724479019642,0.002284379443153739,0.35833311080932617
29240,1753231392.4645817,node,6811,20430,0.18005372062325478,0.002284379443153739,0.0
29250,1753231396.154315,graph,6813,20438,0.06846607634797693,0.002284379443153739,0.38271594047546387
29260,1753231399.6449964,node,6816,20445,1.3596406115218997,0.002284379443153739,0.0
29270,1753231403.6866133,graph,6818,20453,0.04954924061894417,0.002284379443153739,0.3707149028778076
29280,1753231407.2180758,node,6821,20460,0.1370634475722909,0.002284379443153739,0.0
29290,1753231410.7712595,graph,6823,20468,0.06830391995608806,0.002284379443153739,0.35941219329833984
29300,1753231414.3070815,node,6826,20475,1.29111004229635,0.002284379443153739,0.0
29310,1753231417.83068,graph,6828,20483,0.11985883638262748,0.002284379443153739,0.36910223960876465
29320,1753231421.4152732,node,6831,20490,0.12113382164388894,0.002284379443153739,0.0
29330,1753231425.0849707,graph,6833,20498,3.12304025106132,0.002284379443153739,0.3570685386657715
29340,1753231428.8572671,node,6836,20505,0.21814279332756997,0.002284379443153739,0.0
29350,1753231432.5952523,graph,6838,20513,0.05809108540415764,0.002284379443153739,0.3649022579193115
29360,1753231436.2738924,node,6841,20520,0.06631063390523195,0.002284379443153739,0.0
29370,1753231440.0154536,graph,6843,20528,0.20374429523944854,0.002284379443153739,0.40641307830810547
29380,1753231443.8079414,node,6846,20535,0.2540165515616536,0.002284379443153739,0.0
29390,1753231447.5064213,graph,6848,20543,0.5789840903133154,0.002284379443153739,0.3917205333709717
29400,1753231451.2814574,node,6851,20550,2.1124934908002615,0.002284379443153739,0.0
29410,1753231455.0256107,graph,6853,20558,0.11832985570654272,0.002284379443153739,0.36315178871154785
29420,1753231458.6785975,node,6856,20565,0.18941830284893513,0.002284379443153739,0.0
29430,1753231462.4960554,graph,6858,20573,0.1421324174851179,0.002284379443153739,0.39560985565185547
29440,1753231466.3694427,node,6861,20580,0.04752920875325799,0.002284379443153739,0.0
29450,1753231470.0152917,graph,6863,20588,0.19761586301028727,0.002284379443153739,0.36496806144714355
29460,1753231473.801319,node,6866,20595,0.06220035403966904,0.002284379443153739,0.0
29470,1753231477.5687008,graph,6868,20603,0.05836504455655813,0.002284379443153739,0.36112284660339355
29480,1753231481.3238869,node,6871,20610,0.03837554845958948,0.002284379443153739,0.0
29490,1753231485.1044166,graph,6873,20618,0.059584807604551315,0.002284379443153739,0.3789634704589844
29500,1753231488.8696113,node,6876,20625,0.04050851343199611,0.002284379443153739,0.0
29510,1753231492.6224108,graph,6878,20633,0.5789188488386572,0.002284379443153739,0.372225284576416
29520,1753231496.2745497,node,6881,20640,0.8131271046120674,0.002284379443153739,0.0
29530,1753231500.080059,graph,6883,20648,0.0426130237057805,0.002284379443153739,0.39223456382751465
29540,1753231503.8631618,node,6886,20655,0.130500958673656,0.002284379443153739,0.0
29550,1753231507.7090976,graph,6888,20663,0.17312575727701188,0.002284379443153739,0.37807488441467285
29560,1753231511.4254117,node,6891,20670,0.1347356134094298,0.002284379443153739,0.0
29570,1753231515.3399556,graph,6893,20678,0.04480980597436428,0.002284379443153739,0.3618748188018799
29580,1753231519.071065,node,6896,20685,0.044145989953540264,0.0016732660587877035,0.0
29590,1753231522.9932065,graph,6898,20693,0.05238784169778228,0.0016732660587877035,0.4041581153869629
29600,1753231526.6324959,node,6901,20700,0.07715445943176746,0.0016732660587877035,0.0
29610,1753231530.4687986,graph,6903,20708,0.07416693735867738,0.0016732660587877035,0.3789029121398926
29620,1753231534.2927778,node,6906,20715,0.07183860633522272,0.0016732660587877035,0.0
29630,1753231538.0901775,graph,6908,20723,0.041613942477852106,0.0016732660587877035,0.38828611373901367
29640,1753231541.9161894,node,6911,20730,0.04392562191933393,0.0016732660587877035,0.0
29650,1753231545.709155,graph,6913,20738,0.05165785327553749,0.0016732660587877035,0.3906416893005371
29660,1753231549.5383658,node,6916,20745,0.10220251521095633,0.0016732660587877035,0.0
29670,1753231553.305197,graph,6918,20753,0.15893118232488632,0.0016732660587877035,0.42496395111083984
29680,1753231557.172138,node,6921,20760,0.08911504913121462,0.0016732660587877035,0.0
29690,1753231560.9336784,graph,6923,20768,0.05064588412642479,0.0016732660587877035,0.4007449150085449
29700,1753231564.781214,node,6926,20775,0.2847952711395919,0.0016732660587877035,0.0
29710,1753231568.4633625,graph,6928,20783,0.0521429643034935,0.0016732660587877035,0.356395959854126
29720,1753231572.2880697,node,6931,20790,0.1665548224002123,0.0016732660587877035,0.0
29730,1753231576.0904596,graph,6933,20798,0.08521066568791866,0.0016732660587877035,0.39315223693847656
29740,1753231579.8183684,node,6936,20805,0.37522417586296797,0.0016732660587877035,0.0
29750,1753231583.6036532,graph,6938,20813,0.04895428251475096,0.0016732660587877035,0.40816617012023926
29760,1753231587.3329449,node,6941,20820,0.1433099880348891,0.0016732660587877035,0.0
29770,1753231591.1059594,graph,6943,20828,0.6747608214616776,0.0016732660587877035,0.3922913074493408
29780,1753231595.0158832,node,6946,20835,1.2108377531170844,0.0016732660587877035,0.0
29790,1753231598.863947,graph,6948,20843,9.137749402225017,0.0016732660587877035,0.37603139877319336
29800,1753231602.5293581,node,6951,20850,0.12476823665201664,0.0016732660587877035,0.0
29810,1753231606.4059908,graph,6953,20858,0.07303472813218832,0.0016732660587877035,0.3828999996185303
29820,1753231610.2221057,node,6956,20865,0.6543183747678996,0.0016732660587877035,0.0
29830,1753231613.7379963,graph,6958,20873,0.05021936744451523,0.0016732660587877035,0.3850533962249756
29840,1753231617.460459,node,6961,20880,0.2540386963635683,0.0016732660587877035,0.0
29850,1753231621.177094,graph,6963,20888,0.5291375666856766,0.0016732660587877035,0.3704807758331299
29860,1753231625.0362952,node,6966,20895,2.827495643822476,0.0016732660587877035,0.0
29870,1753231628.7762475,graph,6968,20903,0.04178037373349071,0.0016732660587877035,0.3496367931365967
29880,1753231632.5230114,node,6971,20910,0.06572039257735014,0.0016732660587877035,0.0
29890,1753231636.3383632,graph,6973,20918,0.041871970798820254,0.0016732660587877035,0.3952937126159668
29900,1753231640.145819,node,6976,20925,0.04513286710716784,0.0016732660587877035,0.0
29910,1753231643.8728478,graph,6978,20933,0.04342531291767955,0.0016732660587877035,0.37238216400146484
29920,1753231647.5991688,node,6981,20940,0.14667930067516863,0.0016732660587877035,0.0
29930,1753231651.3445728,graph,6983,20948,0.34212837629020215,0.0016732660587877035,0.3502030372619629
29940,1753231655.0217488,node,6986,20955,0.040270053409039976,0.0016732660587877035,0.0
29950,1753231658.9284403,graph,6988,20963,0.19453107044100762,0.0016732660587877035,0.36844968795776367
29960,1753231662.5391905,node,6991,20970,0.20525668263435365,0.0016732660587877035,0.0
29970,1753231666.3057702,graph,6993,20978,0.05010388027876615,0.0016732660587877035,0.38622450828552246
29980,1753231669.9803164,node,6996,20985,0.03986862413585186,0.0016732660587877035,0.0
29990,1753231673.6360118,graph,6998,20993,0.22786483801901342,0.0016732660587877035,0.3870368003845215
30000,1753231677.4643624,node,7001,21000,0.1546665444970131,0.0016732660587877035,0.0
30010,1753231681.5781176,graph,7003,21008,0.04431093353778124,0.0016732660587877035,0.38555383682250977
30020,1753231685.6350873,node,7006,21015,0.21248440630733967,0.0016732660587877035,0.0
30030,1753231689.3645313,graph,7008,21023,0.18069746866822242,0.0016732660587877035,0.3713834285736084
30040,1753231693.1771405,node,7011,21030,0.07223275154829026,0.0016732660587877035,0.0
30050,1753231696.9534922,graph,7013,21038,0.5497098036110402,0.0016732660587877035,0.3934464454650879
30060,1753231700.6915035,node,7016,21045,0.12282658577896655,0.0016732660587877035,0.0
30070,1753231704.48555,graph,7018,21053,0.05528860688209534,0.0016732660587877035,0.40157365798950195
30080,1753231708.2375178,node,7021,21060,1.167135103419423,0.0016732660587877035,0.0
30090,1753231712.0279546,graph,7023,21068,0.044194321427494285,0.0016732660587877035,0.38979077339172363
30100,1753231715.7965722,node,7026,21075,0.18056119005195798,0.0016732660587877035,0.0
30110,1753231719.596203,graph,7028,21083,0.048307436425238846,0.0016732660587877035,0.3736684322357178
30120,1753231723.33976,node,7031,21090,0.5249934593215585,0.0016732660587877035,0.0
30130,1753231727.0854883,graph,7033,21098,0.05286490856669843,0.0016732660587877035,0.36225104331970215
30140,1753231730.8398514,node,7036,21105,0.042034920770674944,0.0016732660587877035,0.0
30150,1753231734.645265,graph,7038,21113,0.44443361070007087,0.0016732660587877035,0.38897204399108887
30160,1753231738.3681293,node,7041,21120,0.10280918367207051,0.0016732660587877035,0.0
30170,1753231742.2213473,graph,7043,21128,0.125968861207366,0.0016732660587877035,0.39069247245788574
30180,1753231746.116534,node,7046,21135,0.1559016715735197,0.0016732660587877035,0.0
30190,1753231749.9714785,graph,7048,21143,0.5301464851945639,0.0016732660587877035,0.39397501945495605
30200,1753231753.7181838,node,7051,21150,0.16990913730114698,0.0016732660587877035,0.0
30210,1753231757.5056102,graph,7053,21158,0.051807495579123494,0.0016732660587877035,0.36434388160705566
30220,1753231761.3121288,node,7056,21165,0.039578924095258115,0.0016732660587877035,0.0
30230,1753231765.2273874,graph,7058,21173,0.06339443922042846,0.0016732660587877035,0.39145374298095703
30240,1753231768.9573956,node,7061,21180,0.04899557223543525,0.0016732660587877035,0.0
30250,1753231772.6924047,graph,7063,21188,0.09476044895127415,0.0016732660587877035,0.3840634822845459
30260,1753231776.428271,node,7066,21195,0.12615111782215535,0.0016732660587877035,0.0
30270,1753231780.2209597,graph,7068,21203,0.05284680128097534,0.0016732660587877035,0.3661208152770996
30280,1753231784.0573936,node,7071,21210,0.057558298110961914,0.0016732660587877035,0.0
30290,1753231787.8748958,graph,7073,21218,0.1636843044310808,0.0016732660587877035,0.35410404205322266
30300,1753231791.6762064,node,7076,21225,0.4651464931666851,0.0016732660587877035,0.0
30310,1753231795.4461277,graph,7078,21233,0.08865919001400471,0.0016732660587877035,0.3751041889190674
30320,1753231799.2325318,node,7081,21240,0.21674035470932723,0.0016732660587877035,0.0
30330,1753231803.0081954,graph,7083,21248,0.1704239882528782,0.0016732660587877035,0.4232597351074219
30340,1753231806.689698,node,7086,21255,0.1573029825463891,0.0016732660587877035,0.0
30350,1753231810.481941,graph,7088,21263,0.16800091322511435,0.0016732660587877035,0.37966179847717285
30360,1753231814.2278218,node,7091,21270,2.244302227720618,0.0016732660587877035,0.0
30370,1753231817.9922526,graph,7093,21278,0.16553233060985803,0.0016732660587877035,0.3440825939178467
30380,1753231821.8832927,node,7096,21285,0.46544679515063764,0.0016732660587877035,0.0
30390,1753231825.5498264,graph,7098,21293,0.4199926719069481,0.0016732660587877035,0.3753814697265625
30400,1753231829.2570963,node,7101,21300,0.09280179748311639,0.0016732660587877035,0.0
30410,1753231832.9829588,graph,7103,21308,0.7104157146066428,0.0016732660587877035,0.3790626525878906
30420,1753231836.7398849,node,7106,21315,0.32842349223792555,0.0016732660587877035,0.0
30430,1753231840.512065,graph,7108,21323,1.460069960448891,0.0016732660587877035,0.3822622299194336
30440,1753231844.1659167,node,7111,21330,0.050809653289616105,0.0016732660587877035,0.0
30450,1753231847.9197748,graph,7113,21338,0.15683333678171038,0.0016732660587877035,0.3716874122619629
30460,1753231851.6227124,node,7116,21345,0.9800165213644505,0.0016732660587877035,0.0
30470,1753231855.4637692,graph,7118,21353,0.22908082902431487,0.0016732660587877035,0.4070580005645752
30480,1753231859.1637812,node,7121,21360,0.39745250074192884,0.0016732660587877035,0.0
30490,1753231863.384314,graph,7123,21368,0.33065825179219244,0.0016732660587877035,0.38188886642456055
30500,1753231867.141711,node,7126,21375,0.06057792576029897,0.0016732660587877035,0.0
30510,1753231871.048099,graph,7128,21383,0.045467733312398194,0.0016732660587877035,0.4256408214569092
30520,1753231874.7062833,node,7131,21390,0.06133973561227322,0.0016732660587877035,0.0
30530,1753231878.6012228,graph,7133,21398,0.04213594850152731,0.0016732660587877035,0.36018872261047363
30540,1753231882.3447654,node,7136,21405,0.2446876561269164,0.0016732660587877035,0.0
30550,1753231886.4116046,graph,7138,21413,0.08584790080785751,0.0016732660587877035,0.37361621856689453
30560,1753231890.4995883,node,7141,21420,0.06206854917109013,0.0016732660587877035,0.0
30570,1753231894.3561924,graph,7143,21428,0.058791343867778775,0.0016732660587877035,0.3652527332305908
30580,1753231898.0680976,node,7146,21435,0.17656439393758774,0.0016732660587877035,0.0
30590,1753231901.9384754,graph,7148,21443,0.13811514638364314,0.0016732660587877035,0.39408159255981445
30600,1753231905.742777,node,7151,21450,0.05530458707362414,0.0016732660587877035,0.0
30610,1753231909.5466025,graph,7153,21458,0.22393333353102207,0.0016732660587877035,0.36356234550476074
30620,1753231913.3936162,node,7156,21465,0.03912360221147537,0.0016732660587877035,0.0
30630,1753231917.2280068,graph,7158,21473,0.04916931986808777,0.0016732660587877035,0.3558948040008545
30640,1753231920.982411,node,7161,21480,0.05865702517330647,0.0016732660587877035,0.0
30650,1753231924.8293242,graph,7163,21488,0.04551970046013594,0.0016732660587877035,0.41678810119628906
30660,1753231928.6865923,node,7166,21495,0.5021236512809992,0.0016732660587877035,0.0
30670,1753231932.4682379,graph,7168,21503,0.20700728520751,0.0016732660587877035,0.40480685234069824
30680,1753231936.2388303,node,7171,21510,1.4735006544739009,0.0016732660587877035,0.0
30690,1753231940.0368018,graph,7173,21518,0.07822260931134224,0.0016732660587877035,0.37223100662231445
30700,1753231943.7583046,node,7176,21525,0.05384131735190749,0.0016732660587877035,0.0
30710,1753231947.6403346,graph,7178,21533,0.14284738712012768,0.0016732660587877035,0.3726072311401367
30720,1753231951.4539094,node,7181,21540,0.0633956290781498,0.0016732660587877035,0.0
30730,1753231955.249864,graph,7183,21548,0.2876914950087667,0.0016732660587877035,0.3834109306335449
30740,1753231959.0005145,node,7186,21555,0.12314907694235444,0.0016732660587877035,0.0
30750,1753231962.76101,graph,7188,21563,1.1939291512593626,0.0016732660587877035,0.3824601173400879
30760,1753231966.459667,node,7191,21570,0.22137697376310825,0.0016732660587877035,0.0
30770,1753231970.2228174,graph,7193,21578,0.5752904571592807,0.0016732660587877035,0.368100643157959
30780,1753231973.9615095,node,7196,21585,0.040348780900239946,0.0016732660587877035,0.0
30790,1753231977.7625873,graph,7198,21593,0.38306269943714144,0.0016732660587877035,0.36348986625671387
30800,1753231981.5397549,node,7201,21600,0.3115274775773287,0.0016732660587877035,0.0
30810,1753231985.2836192,graph,7203,21608,0.057343481853604314,0.0016732660587877035,0.3750157356262207
30820,1753231989.04323,node,7206,21615,1.314544278755784,0.0016732660587877035,0.0
30830,1753231992.7908995,graph,7208,21623,0.40597255919128655,0.0016732660587877035,0.4000420570373535
30840,1753231996.4739552,node,7211,21630,0.048584134131669995,0.0016732660587877035,0.0
30850,1753232000.3157182,graph,7213,21638,0.04715411905199289,0.0016732660587877035,0.3719055652618408
30860,1753232004.200645,node,7216,21645,0.1010636679828167,0.0016732660587877035,0.0
30870,1753232007.9680417,graph,7218,21653,0.051193154975771905,0.0016732660587877035,0.35962367057800293
30880,1753232011.6376102,node,7221,21660,0.38498990051448345,0.0016732660587877035,0.0
30890,1753232015.4619727,graph,7223,21668,0.04333508722484112,0.0016732660587877035,0.36035776138305664
30900,1753232019.1660078,node,7226,21675,1.4877790096215904,0.0016732660587877035,0.0
30910,1753232022.9033272,graph,7228,21683,0.4598247393965721,0.0016732660587877035,0.3865656852722168
30920,1753232026.539087,node,7231,21690,0.569118831679225,0.0016732660587877035,0.0
30930,1753232030.3709126,graph,7233,21698,0.045575679279863834,0.0016732660587877035,0.3636927604675293
30940,1753232034.2219446,node,7236,21705,0.12006242456845939,0.0016732660587877035,0.0
30950,1753232037.94827,graph,7238,21713,0.060601527243852614,0.0016732660587877035,0.37087345123291016
30960,1753232041.7488713,node,7241,21720,0.05311041041277349,0.0016732660587877035,0.0
30970,1753232045.587834,graph,7243,21728,0.03753961827605963,0.0016732660587877035,0.3993206024169922
30980,1753232049.3550715,node,7246,21735,0.038274755049496886,0.0016732660587877035,0.0
30990,1753232053.058847,graph,7248,21743,0.04748292723670602,0.0016732660587877035,0.40973734855651855
31000,1753232056.797148,node,7251,21750,0.046129850763827564,0.0016732660587877035,0.0
31010,1753232060.6432502,graph,7253,21758,0.1610184647142887,0.0016732660587877035,0.35251736640930176
31020,1753232064.4927018,node,7256,21765,0.054146644100546835,0.0016732660587877035,0.0
31030,1753232068.413071,graph,7258,21773,0.04745710212737322,0.0016732660587877035,0.3652160167694092
31040,1753232072.1419024,node,7261,21780,0.04598272182047367,0.0016732660587877035,0.0
31050,1753232076.047949,graph,7263,21788,0.3081152314320207,0.0016732660587877035,0.3861088752746582
31060,1753232079.6907122,node,7266,21795,0.04788235044106841,0.0016732660587877035,0.0
31070,1753232083.3207927,graph,7268,21803,0.11831945851445198,0.0016732660587877035,0.3751850128173828
31080,1753232087.1562963,node,7271,21810,0.04139423593878746,0.0016732660587877035,0.0
31090,1753232090.8279543,graph,7273,21818,0.04128040838986635,0.0016732660587877035,0.361297607421875
31100,1753232094.6126084,node,7276,21825,0.07745016403496266,0.0016732660587877035,0.0
31110,1753232098.386719,graph,7278,21833,0.04279814977198839,0.0016732660587877035,0.36374521255493164
31120,1753232102.2358544,node,7281,21840,0.4236188501119614,0.0016732660587877035,0.0
31130,1753232106.0199132,graph,7283,21848,0.19990499690175056,0.0016732660587877035,0.38462352752685547
31140,1753232109.6346297,node,7286,21855,0.19025224559009074,0.0016732660587877035,0.0
31150,1753232113.4067574,graph,7288,21863,0.5296290691941976,0.0016732660587877035,0.40172457695007324
31160,1753232117.1379454,node,7291,21870,0.03867505267262459,0.0016732660587877035,0.0
31170,1753232120.975958,graph,7293,21878,0.20229365415871142,0.0016732660587877035,0.37931299209594727
31180,1753232124.6881459,node,7296,21885,1.0991061490029097,0.0016732660587877035,0.0
31190,1753232128.5122468,graph,7298,21893,0.054600562900304794,0.0016732660587877035,0.3567178249359131
31200,1753232132.3257546,node,7301,21900,1.8492560132406652,0.0016732660587877035,0.0
31210,1753232136.111323,graph,7303,21908,2.9939561154693366,0.0016732660587877035,0.36510491371154785
31220,1753232139.8837733,node,7306,21915,0.2380388176534325,0.0016732660587877035,0.0
31230,1753232143.554184,graph,7308,21923,0.04331457540392876,0.0016732660587877035,0.41802549362182617
31240,1753232147.272678,node,7311,21930,1.932373305456713,0.0016732660587877035,0.0
31250,1753232151.0642323,graph,7313,21938,0.3112528732046485,0.0016732660587877035,0.3690028190612793
31260,1753232154.8394785,node,7316,21945,0.0630423344206065,0.0016732660587877035,0.0
31270,1753232158.5969684,graph,7318,21953,0.06591141112148761,0.0016732660587877035,0.3688771724700928
31280,1753232162.3697884,node,7321,21960,0.038827714929357174,0.0016732660587877035,0.0
31290,1753232166.2179577,graph,7323,21968,0.04599627419374883,0.0016732660587877035,0.38265299797058105
31300,1753232170.0419648,node,7326,21975,0.21124916207045316,0.0016732660587877035,0.0
31310,1753232173.9888415,graph,7328,21983,0.21545181311666967,0.0016732660587877035,0.4038665294647217
31320,1753232177.7421143,node,7331,21990,0.8326252095401288,0.0016732660587877035,0.0
31330,1753232181.5945623,graph,7333,21998,0.19022044222801923,0.0016732660587877035,0.39221835136413574
31340,1753232185.2696798,node,7336,22005,0.10692999083548785,0.0016732660587877035,0.0
31350,1753232189.1525629,graph,7338,22013,0.19784880429506302,0.0016732660587877035,0.41439318656921387
31360,1753232192.882587,node,7341,22020,0.3198406293988228,0.0016732660587877035,0.0
31370,1753232196.739629,graph,7343,22028,0.06188763398677111,0.0016732660587877035,0.38294196128845215
31380,1753232200.5688558,node,7346,22035,0.26549346148967745,0.0016732660587877035,0.0
31390,1753232204.3691316,graph,7348,22043,18.881076502241193,0.0016732660587877035,0.39614176750183105
31400,1753232208.1507359,node,7351,22050,0.13276389464735985,0.0016732660587877035,0.0
31410,1753232212.01999,graph,7353,22058,1.968715614452958,0.0016732660587877035,0.404327392578125
31420,1753232215.6895428,node,7356,22065,0.06562218815088272,0.0016732660587877035,0.0
31430,1753232219.541348,graph,7358,22073,0.04211529875174165,0.0016732660587877035,0.4198641777038574
31440,1753232223.2342143,node,7361,22080,0.1541379453148693,0.0016732660587877035,0.0
31450,1753232227.061852,graph,7363,22088,0.060436668433249,0.0016732660587877035,0.38930296897888184
31460,1753232230.839857,node,7366,22095,0.6732018612325191,0.0016732660587877035,0.0
31470,1753232234.6027248,graph,7368,22103,0.16358810923993589,0.0016732660587877035,0.37187623977661133
31480,1753232238.433882,node,7371,22110,0.04018415957689285,0.0016732660587877035,0.0
31490,1753232242.1001816,graph,7373,22118,0.057249609008431436,0.0016732660587877035,0.3981928825378418
31500,1753232245.8666809,node,7376,22125,0.7343944507651031,0.0016732660587877035,0.0
31510,1753232249.6362693,graph,7378,22133,0.055896658450365067,0.0016732660587877035,0.3721604347229004
31520,1753232253.3991375,node,7381,22140,0.22451712302863597,0.0016732660587877035,0.0
31530,1753232257.1834068,graph,7383,22148,0.04271543137729168,0.0016732660587877035,0.35111427307128906
31540,1753232260.9864414,node,7386,22155,0.2551552414894104,0.0016732660587877035,0.0
31550,1753232264.8152213,graph,7388,22163,1.2319015958346426,0.0016732660587877035,0.40390801429748535
31560,1753232268.4252203,node,7391,22170,0.04578280989080667,0.0016732660587877035,0.0
31570,1753232272.1972609,graph,7393,22178,0.049245085939764975,0.0016732660587877035,0.37772059440612793
31580,1753232275.8983045,node,7396,22185,0.04882766474038362,0.0016732660587877035,0.0
31590,1753232279.504699,graph,7398,22193,0.04542699465528131,0.0016732660587877035,0.35488080978393555
31600,1753232283.1413186,node,7401,22200,0.046723475120961665,0.0016732660587877035,0.0
31610,1753232286.9261072,graph,7403,22208,0.3015780385583639,0.0016732660587877035,0.3829221725463867
31620,1753232290.7192712,node,7406,22215,0.07901492454111576,0.0016732660587877035,0.0
31630,1753232294.5413902,graph,7408,22223,0.060621684044599534,0.0016732660587877035,0.40375185012817383
31640,1753232298.1754384,node,7411,22230,0.12147079706192017,0.0016732660587877035,0.0
31650,1753232301.9871833,graph,7413,22238,0.13681883327662944,0.0016732660587877035,0.3967106342315674
31660,1753232305.8787193,node,7416,22245,0.04634277923032641,0.0016732660587877035,0.0
31670,1753232309.705586,graph,7418,22253,0.15613980069756508,0.0016732660587877035,0.3724088668823242
31680,1753232313.4535441,node,7421,22260,0.09497237680479884,0.0016732660587877035,0.0
31690,1753232317.2343342,graph,7423,22268,0.15276572699658572,0.0016732660587877035,0.3663966655731201
31700,1753232320.9545822,node,7426,22275,0.07562972283922136,0.0016732660587877035,0.0
31710,1753232324.7883687,graph,7428,22283,0.03740344378165901,0.0016732660587877035,0.38811302185058594
31720,1753232328.4541628,node,7431,22290,0.07057477408088744,0.0016732660587877035,0.0
31730,1753232332.2060497,graph,7433,22298,0.12963357474654913,0.0016732660587877035,0.3834822177886963
31740,1753232335.9424613,node,7436,22305,0.6249570558778942,0.0016732660587877035,0.0
31750,1753232339.7629764,graph,7438,22313,0.039966432144865394,0.0016732660587877035,0.3710465431213379
31760,1753232343.513539,node,7441,22320,0.2638909000903368,0.0016732660587877035,0.0
31770,1753232347.333629,graph,7443,22328,0.14989287443459035,0.0016732660587877035,0.3869144916534424
31780,1753232351.0905292,node,7446,22335,0.09271265733987093,0.0016732660587877035,0.0
31790,1753232355.018438,graph,7448,22343,0.042360861971974376,0.0016732660587877035,0.44338417053222656
31800,1753232358.6372623,node,7451,22350,0.05356150064617395,0.0016732660587877035,0.0
31810,1753232362.5556211,graph,7453,22358,0.4878511480987072,0.0016732660587877035,0.41651105880737305
31820,1753232366.2904975,node,7456,22365,0.041814770363271234,0.0016732660587877035,0.0
31830,1753232370.1532817,graph,7458,22373,0.09188803154975175,0.0016732660587877035,0.35777950286865234
31840,1753232374.0118618,node,7461,22380,1.0087099377065898,0.0016732660587877035,0.0
31850,1753232377.9910896,graph,7463,22388,0.1565475733950734,0.0016732660587877035,0.35610365867614746
31860,1753232381.8109016,node,7466,22395,0.04001415967941284,0.0016732660587877035,0.0
31870,1753232385.5244818,graph,7468,22403,0.09407184440642595,0.0016732660587877035,0.410555362701416
31880,1753232389.2842543,node,7471,22410,0.04522156836465001,0.0016732660587877035,0.0
31890,1753232393.0346336,graph,7473,22418,0.33878774754703045,0.0016732660587877035,0.39610767364501953
31900,1753232396.7491448,node,7476,22425,0.3443147622048855,0.0016732660587877035,0.0
31910,1753232400.518126,graph,7478,22433,0.09814894068986177,0.0016732660587877035,0.36527276039123535
31920,1753232404.3003616,node,7481,22440,0.06342849349603057,0.0016732660587877035,0.0
31930,1753232408.2146816,graph,7483,22448,0.30187859423458574,0.0016732660587877035,0.358536958694458
31940,1753232412.029651,node,7486,22455,0.07440962381660939,0.0016732660587877035,0.0
31950,1753232415.9287171,graph,7488,22463,0.062143435794860126,0.0016732660587877035,0.36545729637145996
31960,1753232419.649699,node,7491,22470,0.3958723578602076,0.0016732660587877035,0.0
31970,1753232423.4535966,graph,7493,22478,0.19848581589758396,0.0016732660587877035,0.3848237991333008
31980,1753232427.1649559,node,7496,22485,0.18792706746608018,0.0016732660587877035,0.0
31990,1753232431.0090492,graph,7498,22493,0.1878454301506281,0.0016732660587877035,0.3938624858856201
32000,1753232434.774644,node,7501,22500,0.15793112413957716,0.0016732660587877035,0.0
32010,1753232440.06763,graph,7503,22508,0.14388297852128745,0.0016732660587877035,0.4322013854980469
32020,1753232444.030981,node,7506,22515,0.04207291277125478,0.0016732660587877035,0.0
32030,1753232447.7690935,graph,7508,22523,0.039019637764431535,0.0016732660587877035,0.35780835151672363
32040,1753232451.5812843,node,7511,22530,0.06332552093081176,0.0016732660587877035,0.0
32050,1753232455.344621,graph,7513,22538,0.04915341553278267,0.0016732660587877035,0.3627588748931885
32060,1753232459.1400466,node,7516,22545,0.0416752373566851,0.0016732660587877035,0.0
32070,1753232462.819764,graph,7518,22553,0.05029711052775383,0.0016732660587877035,0.36951613426208496
32080,1753232466.662517,node,7521,22560,0.0912868011277169,0.0016732660587877035,0.0
32090,1753232470.365684,graph,7523,22568,0.05317078223451972,0.0016732660587877035,0.40395140647888184
32100,1753232474.0980515,node,7526,22575,21.07682329416275,0.0016732660587877035,0.0
32110,1753232477.7580903,graph,7528,22583,0.8247657865285873,0.0016732660587877035,0.39780402183532715
32120,1753232481.5594318,node,7531,22590,0.13371155112981797,0.0016732660587877035,0.0
32130,1753232485.7274466,graph,7533,22598,0.045682001113891604,0.0016732660587877035,0.38945484161376953
32140,1753232489.849247,node,7536,22605,0.1479344700463116,0.0016732660587877035,0.0
32150,1753232493.8261652,graph,7538,22613,0.04468305110931396,0.0016732660587877035,0.398012638092041
32160,1753232497.7355545,node,7541,22620,0.047654816042631866,0.0016732660587877035,0.0
32170,1753232501.4475443,graph,7543,22628,0.05037410333752632,0.0016732660587877035,0.42808055877685547
32180,1753232505.3334098,node,7546,22635,0.7188659442588687,0.0016732660587877035,0.0
32190,1753232509.0629659,graph,7548,22643,0.047201726399362084,0.0016732660587877035,0.3737797737121582
32200,1753232512.9473119,node,7551,22650,0.06165883094072342,0.0016732660587877035,0.0
32210,1753232516.6704323,graph,7553,22658,0.07329415641725064,0.0016732660587877035,0.3626251220703125
32220,1753232520.3982596,node,7556,22665,0.25625788010656836,0.0016732660587877035,0.0
32230,1753232524.1922703,graph,7558,22673,0.046462848968803885,0.0016732660587877035,0.3672642707824707
32240,1753232527.9295995,node,7561,22680,0.889916498400271,0.0016732660587877035,0.0
32250,1753232531.7376382,graph,7563,22688,0.09688547784462571,0.0016732660587877035,0.38514137268066406
32260,1753232535.5026004,node,7566,22695,0.2269510429352522,0.0016732660587877035,0.0
32270,1753232539.2572343,graph,7568,22703,0.05676554897800088,0.0016732660587877035,0.4135587215423584
32280,1753232543.0309923,node,7571,22710,0.40774157270789146,0.0016732660587877035,0.0
32290,1753232546.782344,graph,7573,22718,0.33734333515167236,0.0016732660587877035,0.357738733291626
32300,1753232550.5633044,node,7576,22725,0.19678641706705094,0.0016732660587877035,0.0
32310,1753232554.2722318,graph,7578,22733,0.5618546981364488,0.0016732660587877035,0.3810129165649414
32320,1753232558.1214886,node,7581,22740,0.07074263989925385,0.0016732660587877035,0.0
32330,1753232561.8977928,graph,7583,22748,0.6166741393506527,0.0016732660587877035,0.3996121883392334
32340,1753232565.61562,node,7586,22755,0.2984641223680228,0.0016732660587877035,0.0
32350,1753232569.3676972,graph,7588,22763,0.049786620773375034,0.0016732660587877035,0.36632728576660156
32360,1753232573.009936,node,7591,22770,3.303500774875283,0.0016732660587877035,0.0
32370,1753232576.8387864,graph,7593,22778,0.03900371240451932,0.0016732660587877035,0.36113619804382324
32380,1753232580.5727687,node,7596,22785,0.05646674726158381,0.0016732660587877035,0.0
32390,1753232584.3558419,graph,7598,22793,0.2759392000734806,0.0016732660587877035,0.3670473098754883
32400,1753232588.135235,node,7601,22800,0.0926370482891798,0.0016732660587877035,0.0
32410,1753232591.8785577,graph,7603,22808,0.08438052833080292,0.0016732660587877035,0.3915703296661377
32420,1753232595.579354,node,7606,22815,0.06329784886911512,0.0016732660587877035,0.0
32430,1753232599.3431447,graph,7608,22823,0.20359881902113558,0.0016732660587877035,0.372852087020874
32440,1753232603.0873058,node,7611,22830,0.14331381693482398,0.0016732660587877035,0.0
32450,1753232606.900544,graph,7613,22838,0.045271285064518454,0.0016732660587877035,0.3770315647125244
32460,1753232610.6375494,node,7616,22845,2.0873929016292094,0.0016732660587877035,0.0
32470,1753232614.4696064,graph,7618,22853,0.1381257764995098,0.0016732660587877035,0.4106426239013672
32480,1753232618.178143,node,7621,22860,0.042543310951441524,0.0016732660587877035,0.0
32490,1753232621.8577573,graph,7623,22868,0.05893723536282778,0.0016732660587877035,0.4002985954284668
32500,1753232625.7053332,node,7626,22875,0.0684321891516447,0.0016732660587877035,0.0
32510,1753232629.5280874,graph,7628,22883,0.47496906369924546,0.0016732660587877035,0.39768075942993164
32520,1753232633.3401823,node,7631,22890,0.16021216548979283,0.0016732660587877035,0.0
32530,1753232637.1240482,graph,7633,22898,0.06582947857677937,0.0016732660587877035,0.35634446144104004
32540,1753232640.9954917,node,7636,22905,0.04313454385846853,0.0016732660587877035,0.0
32550,1753232644.8559537,graph,7638,22913,0.1419290229678154,0.0016732660587877035,0.41210389137268066
32560,1753232648.7193527,node,7641,22920,0.12259899624623358,0.0016732660587877035,0.0
32570,1753232652.5985157,graph,7643,22928,0.14728848952800036,0.0016732660587877035,0.3875908851623535
32580,1753232656.302599,node,7646,22935,0.0591107364743948,0.0016732660587877035,0.0
32590,1753232660.0608602,graph,7648,22943,0.05216528233140707,0.0016732660587877035,0.3653864860534668
32600,1753232663.8743382,node,7651,22950,0.09819918014109134,0.0016732660587877035,0.0
32610,1753232668.0587437,graph,7653,22958,0.038062778976745905,0.0016732660587877035,0.38322949409484863
32620,1753232671.833018,node,7656,22965,0.454468740709126,0.0016732660587877035,0.0
32630,1753232675.7147923,graph,7658,22973,0.041832281998358666,0.0016732660587877035,0.4103100299835205
32640,1753232679.425104,node,7661,22980,0.06161448042839766,0.0016732660587877035,0.0
32650,1753232683.1439805,graph,7663,22988,0.06513106003403664,0.0016732660587877035,0.3892669677734375
32660,1753232686.8981884,node,7666,22995,0.04779367865994573,0.0016732660587877035,0.0
32670,1753232690.6508243,graph,7668,23003,0.45095129795372485,0.0016732660587877035,0.41729736328125
32680,1753232694.421587,node,7671,23010,0.16953101246617736,0.0016732660587877035,0.0
32690,1753232698.2104557,graph,7673,23018,0.1875727494712919,0.0016732660587877035,0.3650054931640625
32700,1753232702.1020708,node,7676,23025,0.17530712485313416,0.0016732660587877035,0.0
32710,1753232705.869375,graph,7678,23033,0.04210911234840751,0.0016732660587877035,0.4074363708496094
32720,1753232709.6938477,node,7681,23040,0.08023559637367725,0.0016732660587877035,0.0
32730,1753232713.5530953,graph,7683,23048,0.0745718665421009,0.0016732660587877035,0.3964977264404297
32740,1753232717.3275518,node,7686,23055,0.04964534305036068,0.0016732660587877035,0.0
32750,1753232721.1230836,graph,7688,23063,1.7697621004423127,0.0016732660587877035,0.3792445659637451
32760,1753232724.8302388,node,7691,23070,0.275360969081521,0.0016732660587877035,0.0
32770,1753232728.6339147,graph,7693,23078,0.14020757284015417,0.0016732660587877035,0.4095926284790039
32780,1753232732.280119,node,7696,23085,0.16808668635785579,0.0016732660587877035,0.0
32790,1753232736.0638504,graph,7698,23093,0.052196220867335795,0.0016732660587877035,0.3587207794189453
32800,1753232739.771188,node,7701,23100,0.09636421124450863,0.0016732660587877035,0.0
32810,1753232743.5423744,graph,7703,23108,0.8654799934942276,0.0016732660587877035,0.43492865562438965
32820,1753232747.3170793,node,7706,23115,0.0651762112043798,0.0016732660587877035,0.0
32830,1753232751.0030758,graph,7708,23123,0.04274863582104445,0.0016732660587877035,0.3809683322906494
32840,1753232754.798471,node,7711,23130,0.6352569475769997,0.0016732660587877035,0.0
32850,1753232758.5619187,graph,7713,23138,0.054087449237704276,0.0016732660587877035,0.3811979293823242
32860,1753232762.2760463,node,7716,23145,0.2930151641368866,0.0016732660587877035,0.0
32870,1753232766.0935986,graph,7718,23153,0.04725221428088844,0.0016732660587877035,0.3549494743347168
32880,1753232769.8110452,node,7721,23160,0.09077608287334442,0.0016732660587877035,0.0
32890,1753232773.4319634,graph,7723,23168,0.172237878292799,0.0016732660587877035,0.3969135284423828
32900,1753232776.9247994,node,7726,23175,0.04324883299414069,0.0016732660587877035,0.0
32910,1753232780.52808,graph,7728,23183,0.32476876326836646,0.0016732660587877035,0.37924671173095703
32920,1753232784.1530714,node,7731,23190,0.5909240141510963,0.0016732660587877035,0.0
32930,1753232788.043304,graph,7733,23198,0.04728117566555738,0.0016732660587877035,0.3560447692871094
32940,1753232791.7746716,node,7736,23205,0.037671509524807335,0.0016732660587877035,0.0
32950,1753232795.4502668,graph,7738,23213,0.06455611810088158,0.0016732660587877035,0.38964319229125977
32960,1753232799.1052027,node,7741,23220,0.3736934795975685,0.0016732660587877035,0.0
32970,1753232802.8601294,graph,7743,23228,0.29744435008615255,0.0016732660587877035,0.37264513969421387
32980,1753232806.706184,node,7746,23235,0.05627228301018476,0.0016732660587877035,0.0
32990,1753232810.611369,graph,7748,23243,0.1915416439063847,0.0016732660587877035,0.3753936290740967
33000,1753232814.283622,node,7751,23250,2.4240948535501956,0.0016732660587877035,0.0
33010,1753232818.0623958,graph,7753,23258,0.19133011661469937,0.0016732660587877035,0.3651700019836426
33020,1753232821.9007633,node,7756,23265,0.19571650251746178,0.0016732660587877035,0.0
33030,1753232825.5524406,graph,7758,23273,0.05327871032059193,0.0016732660587877035,0.38201236724853516
33040,1753232829.209449,node,7761,23280,0.21771353064104915,0.0016732660587877035,0.0
33050,1753232832.986869,graph,7763,23288,0.1607080467045307,0.0016732660587877035,0.3965294361114502
33060,1753232836.6357558,node,7766,23295,0.16511570271104575,0.0016732660587877035,0.0
33070,1753232840.423912,graph,7768,23303,0.20181088633835315,0.0016732660587877035,0.36104559898376465
33080,1753232844.1353924,node,7771,23310,0.05121863689273596,0.0016732660587877035,0.0
33090,1753232847.9452217,graph,7773,23318,0.046337615698575974,0.0016732660587877035,0.4295926094055176
33100,1753232851.6372435,node,7776,23325,0.6552040487527847,0.0016732660587877035,0.0
33110,1753232855.2027767,graph,7778,23333,0.05724986121058464,0.0016732660587877035,0.4032778739929199
33120,1753232858.747909,node,7781,23340,2.6356286586262287,0.0016732660587877035,0.0
33130,1753232862.6494198,graph,7783,23348,0.061296787858009336,0.0016732660587877035,0.38335728645324707
33140,1753232866.3276956,node,7786,23355,0.04671221133321524,0.0016732660587877035,0.0
33150,1753232869.8913841,graph,7788,23363,0.32115119686350224,0.0016732660587877035,0.34809112548828125
33160,1753232873.4182498,node,7791,23370,0.05122614996507764,0.0016732660587877035,0.0
33170,1753232876.9776452,graph,7793,23378,0.045619552163407205,0.0016732660587877035,0.367908239364624
33180,1753232880.557361,node,7796,23385,0.0989398960955441,0.0016732660587877035,0.0
33190,1753232884.164305,graph,7798,23393,0.3571354627609253,0.0016732660587877035,0.34766340255737305
33200,1753232887.7905226,node,7801,23400,0.06273517180234194,0.0016732660587877035,0.0
33210,1753232891.3762012,graph,7803,23408,0.523543057218194,0.0016732660587877035,0.35025811195373535
33220,1753232894.9566581,node,7806,23415,0.04963176595047116,0.0016732660587877035,0.0
33230,1753232898.4945505,graph,7808,23423,0.05717489616945386,0.0016732660587877035,0.33857083320617676
33240,1753232902.1182919,node,7811,23430,0.9306086581200361,0.0016732660587877035,0.0
33250,1753232905.6503437,graph,7813,23438,0.04015143821015954,0.0016732660587877035,0.3699345588684082
33260,1753232909.1475651,node,7816,23445,0.041337350569665435,0.0016732660587877035,0.0
33270,1753232912.7157404,graph,7818,23453,0.06208486412651837,0.0016732660587877035,0.3582777976989746
33280,1753232916.3635986,node,7821,23460,0.07759907087311149,0.0016732660587877035,0.0
33290,1753232919.9705436,graph,7823,23468,0.0422501876251772,0.0016732660587877035,0.35842013359069824
33300,1753232923.6746223,node,7826,23475,0.22956434367224574,0.0016732660587877035,0.0
33310,1753232927.5670145,graph,7828,23483,0.18306234311312436,0.0016732660587877035,0.4040048122406006
33320,1753232931.1384454,node,7831,23490,0.15633051986806096,0.0016732660587877035,0.0
33330,1753232934.6757689,graph,7833,23498,1.9271995375864208,0.0016732660587877035,0.34110474586486816
33340,1753232938.3076124,node,7836,23505,0.6454531032592058,0.0016732660587877035,0.0
33350,1753232941.9864855,graph,7838,23513,0.04855750063434243,0.0016732660587877035,0.3798975944519043
33360,1753232945.7777307,node,7841,23520,0.600214408710599,0.0016732660587877035,0.0
33370,1753232949.367348,graph,7843,23528,0.11861747452057898,0.0016732660587877035,0.36214399337768555
33380,1753232952.9254198,node,7846,23535,0.31053339773789046,0.0016732660587877035,0.0
33390,1753232956.612815,graph,7848,23543,0.38927356749773023,0.0016732660587877035,0.3584737777709961
33400,1753232960.222864,node,7851,23550,0.2786529283039272,0.0016732660587877035,0.0
33410,1753232963.93612,graph,7853,23558,0.09884512517601252,0.0016732660587877035,0.37401628494262695
33420,1753232967.7035587,node,7856,23565,0.45563581334427,0.0016732660587877035,0.0
33430,1753232971.3821406,graph,7858,23573,0.058282985165715215,0.0016732660587877035,0.37804675102233887
33440,1753232974.8985102,node,7861,23580,0.11908262697979807,0.0016732660587877035,0.0
33450,1753232978.500788,graph,7863,23588,0.07037668414413929,0.0016732660587877035,0.3411734104156494
33460,1753232982.2097497,node,7866,23595,0.11855730784591287,0.0016732660587877035,0.0
33470,1753232986.1674502,graph,7868,23603,4.188925144821406,0.0016732660587877035,0.38104987144470215
33480,1753232989.767723,node,7871,23610,0.05796072799712419,0.0016732660587877035,0.0
33490,1753232993.4464505,graph,7873,23618,0.06596126053482294,0.0016732660587877035,0.4152798652648926
33500,1753232997.3219628,node,7876,23625,0.15153419803828,0.0016732660587877035,0.0
33510,1753233001.040073,graph,7878,23633,0.05145560000091791,0.0016732660587877035,0.36583852767944336
33520,1753233004.8458762,node,7881,23640,0.037156842392869295,0.0016732660587877035,0.0
33530,1753233008.75021,graph,7883,23648,2.7343125067651273,0.0016732660587877035,0.37099647521972656
33540,1753233012.4071255,node,7886,23655,0.22236698027700186,0.0016732660587877035,0.0
33550,1753233016.2020378,graph,7888,23663,0.5935170238371938,0.0016732660587877035,0.3639981746673584
33560,1753233019.9901505,node,7891,23670,0.3392638277262449,0.0016732660587877035,0.0
33570,1753233023.5297987,graph,7893,23678,0.5495800226926804,0.0016732660587877035,0.38184499740600586
33580,1753233027.0467248,node,7896,23685,0.18285533636808396,0.0016732660587877035,0.0
33590,1753233030.5384839,graph,7898,23693,0.26599349016323687,0.0016732660587877035,0.33403873443603516
33600,1753233034.0377223,node,7901,23700,0.04475446622818709,0.0016732660587877035,0.0
33610,1753233037.625362,graph,7903,23708,0.04163742633536458,0.0016732660587877035,0.3891928195953369
33620,1753233041.261478,node,7906,23715,0.06553811305202543,0.0016732660587877035,0.0
33630,1753233044.8219845,graph,7908,23723,0.08015186432749033,0.0016732660587877035,0.349625825881958
33640,1753233048.4198194,node,7911,23730,0.6940145529806614,0.0016732660587877035,0.0
33650,1753233051.9462888,graph,7913,23738,0.04631734183058143,0.0016732660587877035,0.34671974182128906
33660,1753233055.5496125,node,7916,23745,1.1917809762060643,0.0016732660587877035,0.0
33670,1753233059.1875217,graph,7918,23753,0.25796077251434324,0.0016732660587877035,0.38683390617370605
33680,1753233062.8205512,node,7921,23760,0.13827732158824801,0.0016732660587877035,0.0
33690,1753233066.425279,graph,7923,23768,0.15961761232465504,0.0016732660587877035,0.3542773723602295
33700,1753233069.9953043,node,7926,23775,0.347614461556077,0.0016732660587877035,0.0
33710,1753233073.660993,graph,7928,23783,0.04097080084029585,0.0016732660587877035,0.37829160690307617
33720,1753233077.244537,node,7931,23790,0.24442579615861176,0.0016732660587877035,0.0
33730,1753233081.1436982,graph,7933,23798,0.06548683932051062,0.0016732660587877035,0.4371829032897949
33740,1753233085.0816123,node,7936,23805,0.2424585108179599,0.0016732660587877035,0.0
33750,1753233089.1464245,graph,7938,23813,0.23616164810955526,0.0016732660587877035,0.3983449935913086
33760,1753233093.090798,node,7941,23820,0.6066516444087029,0.0016732660587877035,0.0
33770,1753233096.7868822,graph,7943,23828,2.1659317065030335,0.0016732660587877035,0.3502645492553711
33780,1753233100.3878343,node,7946,23835,0.05404507592320442,0.0016732660587877035,0.0
33790,1753233103.922447,graph,7948,23843,0.20212793946266175,0.0016732660587877035,0.3887460231781006
33800,1753233107.5059626,node,7951,23850,0.47786071076989173,0.0016732660587877035,0.0
33810,1753233111.1654077,graph,7953,23858,0.04732259144075215,0.0016732660587877035,0.3684237003326416
33820,1753233114.8012173,node,7956,23865,0.14656473037321122,0.0016732660587877035,0.0
33830,1753233118.3779998,graph,7958,23873,0.0553498474881053,0.0016732660587877035,0.345120906829834
33840,1753233121.9195445,node,7961,23880,0.13999134670011698,0.0016732660587877035,0.0
33850,1753233125.4587636,graph,7963,23888,0.04472541175782681,0.0016732660587877035,0.37517452239990234
33860,1753233129.0206702,node,7966,23895,0.0486803209874779,0.0016732660587877035,0.0
33870,1753233132.610346,graph,7968,23903,0.06827056258916855,0.0016732660587877035,0.3292882442474365
33880,1753233136.1512825,node,7971,23910,0.15501369242556393,0.0016732660587877035,0.0
33890,1753233139.848856,graph,7973,23918,0.04506322368979454,0.0016732660587877035,0.37679147720336914
33900,1753233143.3521616,node,7976,23925,0.19271542616188525,0.0016732660587877035,0.0
33910,1753233146.9905124,graph,7978,23933,0.27436630688607694,0.0016732660587877035,0.35834312438964844
33920,1753233150.5296028,node,7981,23940,0.07577709145843983,0.0016732660587877035,0.0
33930,1753233154.1495955,graph,7983,23948,0.3988813627511263,0.0016732660587877035,0.34232306480407715
33940,1753233157.7371805,node,7986,23955,0.055713156890124085,0.0016732660587877035,0.0
33950,1753233161.3177633,graph,7988,23963,0.041582552064210174,0.0016732660587877035,0.3730916976928711
33960,1753233164.8015325,node,7991,23970,0.046733811032027006,0.0016732660587877035,0.0
33970,1753233168.3946455,graph,7993,23978,0.29933162964880466,0.0016732660587877035,0.340343713760376
33980,1753233171.9881763,node,7996,23985,1.0307711803354322,0.0016732660587877035,0.0
33990,1753233175.6518047,graph,7998,23993,0.06559721771627665,0.0016732660587877035,0.38498353958129883
34000,1753233179.1183693,node,8001,24000,0.040277367504313585,0.0016732660587877035,0.0
34010,1753233184.363998,graph,8003,24008,0.24886457473039628,0.0016732660587877035,0.5089583396911621
34020,1753233187.786358,node,8006,24015,0.12315602155867963,0.0016732660587877035,0.0
34030,1753233191.47264,graph,8008,24023,0.04204192887991667,0.0016732660587877035,0.37305641174316406
34040,1753233195.1676958,node,8011,24030,0.5931026846170425,0.0016732660587877035,0.0
34050,1753233198.9179103,graph,8013,24038,0.053348684683442116,0.0016732660587877035,0.3468630313873291
34060,1753233202.577648,node,8016,24045,0.27590970052406194,0.0016732660587877035,0.0
34070,1753233206.271815,graph,8018,24053,0.1481289638672024,0.0016732660587877035,0.3632814884185791
34080,1753233209.9669147,node,8021,24060,0.5457568485289812,0.0016732660587877035,0.0
34090,1753233213.6816113,graph,8023,24068,0.13621834199875593,0.0016732660587877035,0.385009765625
34100,1753233217.416213,node,8026,24075,0.17459768541157245,0.0016732660587877035,0.0
34110,1753233221.2269723,graph,8028,24083,0.12763242945075035,0.0016732660587877035,0.37104129791259766
34120,1753233224.95311,node,8031,24090,0.4250848438590765,0.0016732660587877035,0.0
34130,1753233228.7479699,graph,8033,24098,0.11783309765160084,0.0016732660587877035,0.35792970657348633
34140,1753233232.5159612,node,8036,24105,0.4443855244666338,0.0016732660587877035,0.0
34150,1753233236.3979456,graph,8038,24113,0.05324745438992977,0.0016732660587877035,0.38754892349243164
34160,1753233240.1613026,node,8041,24120,0.32064095214009286,0.0016732660587877035,0.0
34170,1753233243.9167967,graph,8043,24128,0.0386052168905735,0.0016732660587877035,0.3951537609100342
34180,1753233247.7138314,node,8046,24135,0.19528623819351196,0.0016732660587877035,0.0
34190,1753233251.5279841,graph,8048,24143,0.0995855265762657,0.0016732660587877035,0.36209654808044434
34200,1753233255.3351443,node,8051,24150,0.06968654245138169,0.0016732660587877035,0.0
34210,1753233259.1163013,graph,8053,24158,0.05397315919399261,0.0016732660587877035,0.39240550994873047
34220,1753233262.9085634,node,8056,24165,0.14824557341635228,0.0016732660587877035,0.0
34230,1753233266.745863,graph,8058,24173,0.04246967905201018,0.0016732660587877035,0.42328381538391113
34240,1753233270.5138857,node,8061,24180,0.056243038084357974,0.0016732660587877035,0.0
34250,1753233274.2894812,graph,8063,24188,0.05131218805909157,0.0016732660587877035,0.3770778179168701
34260,1753233278.0697412,node,8066,24195,0.9749555520713329,0.0016732660587877035,0.0
34270,1753233281.852461,graph,8068,24203,0.5565605079755187,0.0016732660587877035,0.3751547336578369
34280,1753233285.610613,node,8071,24210,0.14048985256813468,0.0016732660587877035,0.0
34290,1753233289.539452,graph,8073,24218,0.07363021858036518,0.0016732660587877035,0.38269543647766113
34300,1753233293.3469107,node,8076,24225,0.042813343345187604,0.0016732660587877035,0.0
34310,1753233297.0627625,graph,8078,24233,0.15985527858138085,0.0016732660587877035,0.4393343925476074
34320,1753233300.7146885,node,8081,24240,0.17591534052044153,0.0016732660587877035,0.0
34330,1753233304.4140599,graph,8083,24248,0.03916079830378294,0.0016732660587877035,0.35450029373168945
34340,1753233308.2705185,node,8086,24255,0.05424334313720465,0.0016732660587877035,0.0
34350,1753233312.1507046,graph,8088,24263,0.047994359163567424,0.0016732660587877035,0.36389780044555664
34360,1753233315.9161277,node,8091,24270,0.5227866388857365,0.0016732660587877035,0.0
34370,1753233319.663763,graph,8093,24278,0.04143578484654427,0.0016732660587877035,0.3986518383026123
34380,1753233323.4964592,node,8096,24285,1.1509898057207466,0.0016732660587877035,0.0
34390,1753233327.2956386,graph,8098,24293,0.14255612064152956,0.0016732660587877035,0.3718571662902832
34400,1753233330.8751233,node,8101,24300,0.36050943955779075,0.0016732660587877035,0.0
34410,1753233334.7046714,graph,8103,24308,0.04017824134789407,0.0016732660587877035,0.37015366554260254
34420,1753233338.4870741,node,8106,24315,0.05306085404008627,0.0016732660587877035,0.0
34430,1753233342.3867128,graph,8108,24323,0.19181701131165027,0.0016732660587877035,0.37395715713500977
34440,1753233346.1369834,node,8111,24330,0.8189838231541217,0.0016732660587877035,0.0
34450,1753233349.887848,graph,8113,24338,0.04517542943358421,0.0016732660587877035,0.41160154342651367
34460,1753233353.6571126,node,8116,24345,0.08531751171685756,0.0016732660587877035,0.0
34470,1753233357.443386,graph,8118,24353,0.19161109887063504,0.0016732660587877035,0.3848612308502197
34480,1753233361.196903,node,8121,24360,0.18653050009161234,0.0016732660587877035,0.0
34490,1753233365.079831,graph,8123,24368,0.044103349465876816,0.0016732660587877035,0.39600062370300293
34500,1753233368.8831341,node,8126,24375,0.04482276728376746,0.0016732660587877035,0.0
34510,1753233372.6568866,graph,8128,24383,0.04358058637008071,0.0016732660587877035,0.3666083812713623
34520,1753233376.4054275,node,8131,24390,0.32384603237733245,0.0016732660587877035,0.0
34530,1753233380.1978858,graph,8133,24398,0.1742365535348654,0.0016732660587877035,0.4154393672943115
34540,1753233384.054132,node,8136,24405,0.17497161235660313,0.0016732660587877035,0.0
34550,1753233387.8168147,graph,8138,24413,0.06500163227319718,0.0016732660587877035,0.38033509254455566
34560,1753233391.5718358,node,8141,24420,0.3002620153129101,0.0016732660587877035,0.0
34570,1753233395.31932,graph,8143,24428,0.04938102550804615,0.0016732660587877035,0.35890913009643555
34580,1753233399.1104782,node,8146,24435,0.37787597067654133,0.0016732660587877035,0.0
34590,1753233403.038983,graph,8148,24443,0.061119935289025304,0.0016732660587877035,0.35170984268188477
34600,1753233406.7570474,node,8151,24450,0.33719632010906936,0.0016732660587877035,0.0
34610,1753233410.377107,graph,8153,24458,0.18851592689752578,0.0016732660587877035,0.3737192153930664
34620,1753233413.9199336,node,8156,24465,0.3209984641522169,0.0016732660587877035,0.0
34630,1753233417.7558208,graph,8158,24473,0.04117533266544342,0.0016732660587877035,0.42470765113830566
34640,1753233421.4862764,node,8161,24480,0.6134223303757608,0.0016732660587877035,0.0
34650,1753233425.3657732,graph,8163,24488,0.08885043226182461,0.0016732660587877035,0.3857114315032959
34660,1753233429.2926917,node,8166,24495,0.4528785995207727,0.0016732660587877035,0.0
34670,1753233433.1719918,graph,8168,24503,0.043504833290353415,0.0016732660587877035,0.35912346839904785
34680,1753233436.9496756,node,8171,24510,1.055800939258188,0.0016732660587877035,0.0
34690,1753233440.7471306,graph,8173,24518,0.042846926022320986,0.0016732660587877035,0.3924388885498047
34700,1753233444.4986422,node,8176,24525,1.0704242863925173,0.0016732660587877035,0.0
34710,1753233448.192454,graph,8178,24533,0.24430167488753796,0.0016732660587877035,0.3996927738189697
34720,1753233452.2188845,node,8181,24540,0.29903926104307177,0.0016732660587877035,0.0
34730,1753233456.0900624,graph,8183,24548,0.08530476540327073,0.0016732660587877035,0.39783573150634766
34740,1753233459.824173,node,8186,24555,0.24735727212391795,0.0016732660587877035,0.0
34750,1753233463.544144,graph,8188,24563,0.17573720254004002,0.0016732660587877035,0.3591947555541992
34760,1753233467.3693964,node,8191,24570,0.2004550571553409,0.0016732660587877035,0.0
34770,1753233471.2394543,graph,8193,24578,0.8228977719321847,0.0016732660587877035,0.38431811332702637
34780,1753233475.278239,node,8196,24585,0.0453196270391345,0.0016732660587877035,0.0
34790,1753233479.0414429,graph,8198,24593,0.35267462208867073,0.0016732660587877035,0.4033477306365967
34800,1753233483.28132,node,8201,24600,0.14464588575065135,0.0016732660587877035,0.0
34810,1753233487.02673,graph,8203,24608,0.41189956068992617,0.0016732660587877035,0.3706936836242676
34820,1753233490.7637448,node,8206,24615,0.21454298943281175,0.0016732660587877035,0.0
34830,1753233494.6047165,graph,8208,24623,0.12430073022842407,0.0016732660587877035,0.40438032150268555
34840,1753233498.353222,node,8211,24630,0.5718050632625818,0.0016732660587877035,0.0
34850,1753233502.2779293,graph,8213,24638,0.21491973400115966,0.0016732660587877035,0.3593285083770752
34860,1753233505.9274518,node,8216,24645,0.1537298962008208,0.0016732660587877035,0.0
34870,1753233509.8044453,graph,8218,24653,0.04964501298964023,0.0016732660587877035,0.4078097343444824
34880,1753233513.4841232,node,8221,24660,4.796558756753802,0.0016732660587877035,0.0
34890,1753233517.3473253,graph,8223,24668,0.049897319404408336,0.0016732660587877035,0.4356982707977295
34900,1753233521.069191,node,8226,24675,0.4848323941230774,0.0016732660587877035,0.0
34910,1753233524.8621013,graph,8228,24683,0.07627945020794868,0.0016732660587877035,0.4014308452606201
34920,1753233528.6436205,node,8231,24690,0.0535839518532157,0.0016732660587877035,0.0
34930,1753233532.460175,graph,8233,24698,0.18713097646832466,0.0016732660587877035,0.3724830150604248
34940,1753233536.271914,node,8236,24705,0.044254370406270026,0.0016732660587877035,0.0
34950,1753233540.0346289,graph,8238,24713,0.05877867806702852,0.0016732660587877035,0.4003140926361084
34960,1753233543.848803,node,8241,24720,0.1916150813922286,0.0016732660587877035,0.0
34970,1753233547.6865323,graph,8243,24728,0.04429087620228529,0.0016732660587877035,0.44255614280700684
34980,1753233551.5054498,node,8246,24735,0.045988690853118894,0.0016732660587877035,0.0
34990,1753233555.2926733,graph,8248,24743,1.114324302971363,0.0016732660587877035,0.38164782524108887
35000,1753233559.1692393,node,8251,24750,6.056374686071649,0.0016732660587877035,0.0
35010,1753233562.9964986,graph,8253,24758,1.527828363329172,0.0016732660587877035,0.3564331531524658
35020,1753233566.752604,node,8256,24765,0.11376741249114275,0.0016732660587877035,0.0
35030,1753233570.6449795,graph,8258,24773,0.04183827193919569,0.0016732660587877035,0.38307833671569824
35040,1753233574.305314,node,8261,24780,0.1989916050573811,0.0016732660587877035,0.0
35050,1753233578.0373557,graph,8263,24788,0.03741839528083801,0.0016732660587877035,0.39954066276550293
35060,1753233581.8474312,node,8266,24795,0.7763178961351513,0.0016732660587877035,0.0
35070,1753233585.5697598,graph,8268,24803,0.28325492031872274,0.0016732660587877035,0.3666982650756836
35080,1753233589.3648546,node,8271,24810,0.0512929386459291,0.0016732660587877035,0.0
35090,1753233593.1448088,graph,8273,24818,0.07870577648282051,0.0016732660587877035,0.3646111488342285
35100,1753233596.9604323,node,8276,24825,0.05932970754802227,0.0016732660587877035,0.0
35110,1753233600.7602026,graph,8278,24833,0.04575743107125163,0.0016732660587877035,0.415297269821167
35120,1753233604.5314615,node,8281,24840,0.16195668685249984,0.0016732660587877035,0.0
35130,1753233608.3644829,graph,8283,24848,0.038875246932730076,0.0016732660587877035,0.44115161895751953
35140,1753233612.0461793,node,8286,24855,0.04503412041813135,0.0016732660587877035,0.0
35150,1753233615.736273,graph,8288,24863,0.0513206260278821,0.0016732660587877035,0.3467895984649658
35160,1753233619.51115,node,8291,24870,0.03752608834765851,0.0016732660587877035,0.0
35170,1753233623.3902047,graph,8293,24878,0.056766876764595506,0.0016732660587877035,0.35730767250061035
35180,1753233626.9924343,node,8296,24885,2.054433026490733,0.0016732660587877035,0.0
35190,1753233630.8389091,graph,8298,24893,0.06263233395293355,0.0016732660587877035,0.39194703102111816
35200,1753233634.570442,node,8301,24900,0.25325947790406644,0.0016732660587877035,0.0
35210,1753233638.2766073,graph,8303,24908,0.04741884432733059,0.0016732660587877035,0.3959014415740967
35220,1753233642.04522,node,8306,24915,0.2408950171433389,0.0016732660587877035,0.0
35230,1753233645.8765042,graph,8308,24923,0.04343709000386298,0.0016732660587877035,0.3604886531829834
35240,1753233649.561927,node,8311,24930,0.1533653922379017,0.0016732660587877035,0.0
35250,1753233653.399093,graph,8313,24938,0.11685158144682646,0.0016732660587877035,0.37807512283325195
35260,1753233657.1310904,node,8316,24945,0.26960006467998027,0.0016732660587877035,0.0
35270,1753233661.0065777,graph,8318,24953,0.0385931252501905,0.0016732660587877035,0.39612841606140137
35280,1753233664.8503532,node,8321,24960,0.07435560151934624,0.0016732660587877035,0.0
35290,1753233668.6405118,graph,8323,24968,0.17959879636764525,0.0016732660587877035,0.4003312587738037
35300,1753233672.337906,node,8326,24975,0.07595691597089171,0.0016732660587877035,0.0
35310,1753233676.1511462,graph,8328,24983,20.726630007848144,0.0016732660587877035,0.36344027519226074
35320,1753233679.9164186,node,8331,24990,0.10491719320416451,0.0016732660587877035,0.0
35330,1753233683.898855,graph,8333,24998,0.13997588343918324,0.0016732660587877035,0.38370561599731445
35340,1753233688.0007763,node,8336,25005,0.10952087100595236,0.0016732660587877035,0.0
35350,1753233692.2067232,graph,8338,25013,0.20005008317530154,0.0016732660587877035,0.4660775661468506
35360,1753233696.114389,node,8341,25020,0.1255936468951404,0.0016732660587877035,0.0
35370,1753233699.8875842,graph,8343,25028,0.11416658414527774,0.0016732660587877035,0.3968837261199951
35380,1753233703.6686034,node,8346,25035,0.32860288992524145,0.0016732660587877035,0.0
35390,1753233707.4793327,graph,8348,25043,0.04440000988543034,0.0016732660587877035,0.3747413158416748
35400,1753233711.3731306,node,8351,25050,0.23040466043166816,0.0016732660587877035,0.0
35410,1753233715.167173,graph,8353,25058,1.2473494858015328,0.0016732660587877035,0.374279260635376
35420,1753233718.8529859,node,8356,25065,0.12232105750590563,0.0016732660587877035,0.0
35430,1753233722.5799127,graph,8358,25073,0.06756658032536507,0.0016732660587877035,0.40112900733947754
35440,1753233726.393528,node,8361,25080,0.051019936334341764,0.0016732660587877035,0.0
35450,1753233730.1077452,graph,8363,25088,0.05639154687523842,0.0016732660587877035,0.37772560119628906
35460,1753233733.8663735,node,8366,25095,0.26563583994284273,0.0016732660587877035,0.0
35470,1753233737.5651863,graph,8368,25103,0.15218147598206996,0.0016732660587877035,0.3708047866821289
35480,1753233741.398277,node,8371,25110,0.050716199167072776,0.0016732660587877035,0.0
35490,1753233745.18643,graph,8373,25118,0.47646364076063036,0.0016732660587877035,0.37661194801330566
35500,1753233748.9928586,node,8376,25125,0.05104640861973166,0.0016732660587877035,0.0
35510,1753233752.725655,graph,8378,25133,0.17565613212063907,0.0016732660587877035,0.3931894302368164
35520,1753233756.4736092,node,8381,25140,0.1613713311497122,0.0016732660587877035,0.0
35530,1753233760.2999034,graph,8383,25148,0.15822062809020282,0.0016732660587877035,0.4235959053039551
35540,1753233764.0350351,node,8386,25155,0.1572839473374188,0.0016732660587877035,0.0
35550,1753233767.8552907,graph,8388,25163,0.06578874867409468,0.0016732660587877035,0.3990285396575928
35560,1753233771.6138291,node,8391,25170,2.6911292563658207,0.0016732660587877035,0.0
35570,1753233775.4055347,graph,8393,25178,0.07638424141332507,0.0016732660587877035,0.3534352779388428
35580,1753233779.1141102,node,8396,25185,0.18790166212711484,0.0016732660587877035,0.0
35590,1753233782.9689188,graph,8398,25193,0.04584962967783213,0.0016732660587877035,0.44713664054870605
35600,1753233786.7170787,node,8401,25200,0.5804258655756712,0.0016732660587877035,0.0
35610,1753233790.461393,graph,8403,25208,0.04255573190748692,0.0016732660587877035,0.3930792808532715
35620,1753233794.234028,node,8406,25215,0.042273901868611574,0.0016732660587877035,0.0
35630,1753233798.0508184,graph,8408,25223,0.040165785676799716,0.0016732660587877035,0.3554716110229492
35640,1753233801.8552878,node,8411,25230,0.15226660191547126,0.0016732660587877035,0.0
35650,1753233805.7199929,graph,8413,25238,0.04107131380587816,0.0016732660587877035,0.43297600746154785
35660,1753233809.525034,node,8416,25245,4.140750482771546,0.0016732660587877035,0.0
35670,1753233813.335735,graph,8418,25253,0.14622457828372717,0.0016732660587877035,0.3999953269958496
35680,1753233817.0784855,node,8421,25260,0.17735687224194407,0.0016732660587877035,0.0
35690,1753233820.783965,graph,8423,25268,0.2284799269400537,0.0016732660587877035,0.35974717140197754
35700,1753233824.5446932,node,8426,25275,0.04828542936593294,0.0016732660587877035,0.0
35710,1753233828.399353,graph,8428,25283,0.13191448049619794,0.0016732660587877035,0.37917423248291016
35720,1753233832.3543854,node,8431,25290,0.042746219970285895,0.0016732660587877035,0.0
35730,1753233836.2238085,graph,8433,25298,0.04115875018760562,0.0016732660587877035,0.37607669830322266
35740,1753233839.9866009,node,8436,25305,0.5184831384569406,0.0016732660587877035,0.0
35750,1753233843.8371127,graph,8438,25313,0.2680632058531046,0.0016732660587877035,0.38831496238708496
35760,1753233847.712046,node,8441,25320,3.0878435645252464,0.0016732660587877035,0.0
35770,1753233851.5743134,graph,8443,25328,0.3907632019370794,0.0016732660587877035,0.41614818572998047
35780,1753233855.4098864,node,8446,25335,0.03806010507978499,0.0016732660587877035,0.0
35790,1753233859.2172408,graph,8448,25343,0.14601392573677002,0.0016732660587877035,0.38443899154663086
35800,1753233862.980928,node,8451,25350,0.14606576613150538,0.0016732660587877035,0.0
35810,1753233866.7877274,graph,8453,25358,0.04516405719332397,0.0016732660587877035,0.38182806968688965
35820,1753233870.598842,node,8456,25365,0.046331468923017385,0.0016732660587877035,0.0
35830,1753233874.3956642,graph,8458,25373,0.048093794658780095,0.0016732660587877035,0.377028226852417
35840,1753233878.1106434,node,8461,25380,0.1561495926231146,0.0016732660587877035,0.0
35850,1753233881.884594,graph,8463,25388,0.1532863225787878,0.0016732660587877035,0.38976454734802246
35860,1753233885.642873,node,8466,25395,2.023371404595673,0.0016732660587877035,0.0
35870,1753233889.4786015,graph,8468,25403,0.18946720622479915,0.0016732660587877035,0.39908623695373535
35880,1753233893.14772,node,8471,25410,0.1558626126497984,0.0016732660587877035,0.0
35890,1753233897.011301,graph,8473,25418,0.2644475379958749,0.0016732660587877035,0.3605048656463623
35900,1753233900.7927508,node,8476,25425,0.05825344379991293,0.0016732660587877035,0.0
35910,1753233904.5763428,graph,8478,25433,0.17332156673073768,0.0016732660587877035,0.39023852348327637
35920,1753233908.4020283,node,8481,25440,0.24663784950971604,0.0016732660587877035,0.0
35930,1753233912.2153428,graph,8483,25448,0.167283316841349,0.0016732660587877035,0.3984684944152832
35940,1753233915.9816995,node,8486,25455,0.3137960559222847,0.0016732660587877035,0.0
35950,1753233919.767704,graph,8488,25463,0.7959618736058474,0.0016732660587877035,0.41298604011535645
35960,1753233923.487299,node,8491,25470,0.04257855471223593,0.0016732660587877035,0.0
35970,1753233927.3417718,graph,8493,25478,0.4789027986582369,0.0016732660587877035,0.3615114688873291
35980,1753233931.141796,node,8496,25485,0.03848173152655363,0.0016732660587877035,0.0
35990,1753233934.961303,graph,8498,25493,0.05175587893463671,0.0016732660587877035,0.35641002655029297
36000,1753233938.7638361,node,8501,25500,0.06439746376127005,0.0016732660587877035,0.0
36010,1753233942.9625647,graph,8503,25508,0.16778695099055768,0.0016732660587877035,0.3726019859313965
36020,1753233947.053776,node,8506,25515,0.16273530889302493,0.0016732660587877035,0.0
36030,1753233950.8407187,graph,8508,25523,0.046099154464900496,0.0016732660587877035,0.42060279846191406
36040,1753233954.5747406,node,8511,25530,0.03912144522182644,0.0016732660587877035,0.0
36050,1753233958.3698094,graph,8513,25538,0.1633564936928451,0.0016732660587877035,0.4030153751373291
36060,1753233962.19866,node,8516,25545,2.5487353754695503,0.0016732660587877035,0.0
36070,1753233966.0942612,graph,8518,25553,0.054119536792859434,0.0016732660587877035,0.38268160820007324
36080,1753233969.915385,node,8521,25560,0.2586670400574803,0.0016732660587877035,0.0
36090,1753233973.6864712,graph,8523,25568,0.14031048361212015,0.0016732660587877035,0.3731846809387207
36100,1753233977.5252993,node,8526,25575,0.15924674374982714,0.0016732660587877035,0.0
36110,1753233981.4244142,graph,8528,25583,0.27380436696112154,0.0016732660587877035,0.3825721740722656
36120,1753233985.1252072,node,8531,25590,0.15242844375316053,0.0016732660587877035,0.0
36130,1753233988.9369426,graph,8533,25598,0.04509088220074773,0.0016732660587877035,0.39196348190307617
36140,1753233992.5932758,node,8536,25605,0.05688396794721484,0.0016732660587877035,0.0
36150,1753233996.39924,graph,8538,25613,0.05259921285323799,0.0016732660587877035,0.36206746101379395
36160,1753234000.3148336,node,8541,25620,0.5921120238490403,0.0016732660587877035,0.0
36170,1753234004.1023245,graph,8543,25628,0.060272840224206446,0.0016732660587877035,0.36181116104125977
36180,1753234007.967792,node,8546,25635,0.16029277252964674,0.0016732660587877035,0.0
36190,1753234011.7201278,graph,8548,25643,0.8686106208711862,0.0016732660587877035,0.3775179386138916
36200,1753234015.3734298,node,8551,25650,0.24604491591453553,0.0016732660587877035,0.0
36210,1753234019.1357224,graph,8553,25658,0.06610640846192836,0.0016732660587877035,0.408782958984375
36220,1753234022.8786042,node,8556,25665,0.12991282176226376,0.0016732660587877035,0.0
36230,1753234026.7072957,graph,8558,25673,0.03956544897519052,0.0016732660587877035,0.3793520927429199
36240,1753234030.4472187,node,8561,25680,0.27588462382555007,0.0016732660587877035,0.0
36250,1753234034.346273,graph,8563,25688,0.17985140294767915,0.0016732660587877035,0.38625264167785645
36260,1753234038.0047424,node,8566,25695,0.7857588330982253,0.0016732660587877035,0.0
36270,1753234041.8744125,graph,8568,25703,0.039893968915566805,0.0016732660587877035,0.42722654342651367
36280,1753234045.5414646,node,8571,25710,0.4413167709019035,0.0016732660587877035,0.0
36290,1753234049.2879703,graph,8573,25718,0.42456785812973974,0.0016732660587877035,0.403505802154541
36300,1753234053.1631975,node,8576,25725,0.14375105435028673,0.0016732660587877035,0.0
36310,1753234056.9171185,graph,8578,25733,0.055436289962381126,0.0016732660587877035,0.3573746681213379
36320,1753234060.7541287,node,8581,25740,0.5179403901100159,0.0016732660587877035,0.0
36330,1753234064.6155624,graph,8583,25748,2.72003481797874,0.0016732660587877035,0.37754034996032715
36340,1753234068.4473836,node,8586,25755,0.12403653608635068,0.0016732660587877035,0.0
36350,1753234072.2803392,graph,8588,25763,0.16372447535395623,0.0016732660587877035,0.39508700370788574
36360,1753234076.073157,node,8591,25770,0.1463740596547723,0.0016732660587877035,0.0
36370,1753234079.928096,graph,8593,25778,0.16324478518217803,0.0016732660587877035,0.3917210102081299
36380,1753234083.5712302,node,8596,25785,0.36652110209688543,0.0016732660587877035,0.0
36390,1753234087.253313,graph,8598,25793,0.2021183547563851,0.0016732660587877035,0.36458325386047363
36400,1753234090.866753,node,8601,25800,0.6360900312662124,0.0016732660587877035,0.0
36410,1753234094.4939477,graph,8603,25808,0.04414644949138165,0.0016732660587877035,0.35597896575927734
36420,1753234098.1117098,node,8606,25815,0.1890577427111566,0.0016732660587877035,0.0
36430,1753234102.005624,graph,8608,25823,0.19800159884616733,0.0016732660587877035,0.42075300216674805
36440,1753234105.8133383,node,8611,25830,0.4790850067511201,0.0016732660587877035,0.0
36450,1753234109.4286954,graph,8613,25838,0.05772131350822747,0.0016732660587877035,0.36052918434143066
36460,1753234113.1693156,node,8616,25845,0.1290561339817941,0.0016732660587877035,0.0
36470,1753234116.949004,graph,8618,25853,0.29302378073334695,0.0016732660587877035,0.3713343143463135
36480,1753234120.6178784,node,8621,25860,0.060347769781947135,0.0016732660587877035,0.0
36490,1753234124.4030092,graph,8623,25868,0.1537201650440693,0.0016732660587877035,0.36850953102111816
36500,1753234128.090606,node,8626,25875,0.08492050827480853,0.0016732660587877035,0.0
36510,1753234131.692508,graph,8628,25883,0.05011375439353287,0.0016732660587877035,0.38816332817077637
36520,1753234135.4155853,node,8631,25890,0.1418777534738183,0.0016732660587877035,0.0
36530,1753234139.1835177,graph,8633,25898,0.05306877642869949,0.0016732660587877035,0.35729384422302246
36540,1753234142.7943084,node,8636,25905,0.08486445173621178,0.0016732660587877035,0.0
36550,1753234146.5487306,graph,8638,25913,0.13390944190323353,0.0016732660587877035,0.36596202850341797
36560,1753234150.3785338,node,8641,25920,0.2544585168361664,0.0016732660587877035,0.0
36570,1753234154.0793698,graph,8643,25928,0.0409269790048711,0.0014178174315020442,0.40581274032592773
36580,1753234157.807021,node,8646,25935,0.19835199231747538,0.0014178174315020442,0.0
36590,1753234161.6873345,graph,8648,25943,0.041819434333592656,0.0014178174315020442,0.36810827255249023
36600,1753234165.357253,node,8651,25950,0.2899557425640523,0.0014178174315020442,0.0
36610,1753234169.134074,graph,8653,25958,0.05196124948561191,0.0014178174315020442,0.3732016086578369
36620,1753234172.8909326,node,8656,25965,0.0397712305188179,0.0014178174315020442,0.0
36630,1753234176.5792813,graph,8658,25973,0.6976609495934099,0.0014178174315020442,0.363539457321167
36640,1753234180.310251,node,8661,25980,0.214635369181633,0.0014178174315020442,0.0
36650,1753234183.9384587,graph,8663,25988,0.13306936677545309,0.0014178174315020442,0.4043560028076172
36660,1753234187.6559038,node,8666,25995,0.03987136620562524,0.0014178174315020442,0.0
36670,1753234191.402194,graph,8668,26003,0.20996133065782488,0.0014178174315020442,0.36724257469177246
36680,1753234195.1517289,node,8671,26010,0.13941524657420815,0.0014178174315020442,0.0
36690,1753234198.9826005,graph,8673,26018,0.6222897295840084,0.0014178174315020442,0.36085987091064453
36700,1753234202.8221762,node,8676,26025,0.1289326439611614,0.0014178174315020442,0.0
36710,1753234206.6906576,graph,8678,26033,0.04243248673155904,0.0014178174315020442,0.3914783000946045
36720,1753234210.4456985,node,8681,26040,0.03900080444291234,0.0014178174315020442,0.0
36730,1753234214.3147092,graph,8683,26048,0.15242002289742232,0.0014178174315020442,0.4275503158569336
36740,1753234217.9936614,node,8686,26055,0.1035199873149395,0.0014178174315020442,0.0
36750,1753234221.7510877,graph,8688,26063,0.04794778530485928,0.0014178174315020442,0.38320302963256836
36760,1753234225.4929373,node,8691,26070,0.046395429456606505,0.0014178174315020442,0.0
36770,1753234229.2980552,graph,8693,26078,0.047483197809197006,0.0014178174315020442,0.3920326232910156
36780,1753234233.0647478,node,8696,26085,0.04371814061887562,0.0014178174315020442,0.0
36790,1753234236.8541293,graph,8698,26093,0.09445471218787134,0.0014178174315020442,0.3706228733062744
36800,1753234240.56708,node,8701,26100,0.13615728560835122,0.0014178174315020442,0.0
36810,1753234244.3262606,graph,8703,26108,0.037156673753634094,0.0014178174315020442,0.37203407287597656
36820,1753234248.0301788,node,8706,26115,1.3563768474385143,0.0014178174315020442,0.0
36830,1753234251.8118305,graph,8708,26123,1.2967864498496056,0.0014178174315020442,0.3891775608062744
36840,1753234255.5572042,node,8711,26130,1.0756137105636299,0.0014178174315020442,0.0
36850,1753234259.5051515,graph,8713,26138,0.1312012360431254,0.0014178174315020442,0.3649461269378662
36860,1753234263.2875106,node,8716,26145,0.03963937826920301,0.0014178174315020442,0.0
36870,1753234267.0094054,graph,8718,26153,0.10805091802030801,0.0014178174315020442,0.3415365219116211
36880,1753234271.000457,node,8721,26160,0.11498303906992077,0.0014178174315020442,0.0
36890,1753234274.7454586,graph,8723,26168,0.24377248012460767,0.0014178174315020442,0.39945316314697266
36900,1753234278.5594237,node,8726,26175,0.1290684912353754,0.0014178174315020442,0.0
36910,1753234282.2718093,graph,8728,26183,0.07002526447176934,0.0014178174315020442,0.4147319793701172
36920,1753234286.5157588,node,8731,26190,0.035614238539710644,0.0014178174315020442,0.0
36930,1753234290.594381,graph,8733,26198,0.04199367519468069,0.0014178174315020442,0.3647899627685547
36940,1753234294.57922,node,8736,26205,0.37695071659982204,0.0014178174315020442,0.0
36950,1753234298.5192192,graph,8738,26213,0.16837946134619414,0.0014178174315020442,0.4652974605560303
36960,1753234302.2067573,node,8741,26220,2.126245741918683,0.0014178174315020442,0.0
36970,1753234305.9820812,graph,8743,26228,0.08484383437316864,0.0014178174315020442,0.4166231155395508
36980,1753234309.8010697,node,8746,26235,0.34750954899936914,0.0014178174315020442,0.0
36990,1753234313.4429476,graph,8748,26243,0.13476489437744021,0.0014178174315020442,0.3559293746948242
37000,1753234317.4708722,node,8751,26250,0.04192256478127092,0.0014178174315020442,0.0
37010,1753234321.28545,graph,8753,26258,0.07017988599836826,0.0014178174315020442,0.3954000473022461
37020,1753234325.0519447,node,8756,26265,0.13037743829190732,0.0014178174315020442,0.0
37030,1753234328.7689915,graph,8758,26273,0.1788898579776287,0.0014178174315020442,0.3748297691345215
37040,1753234332.3893962,node,8761,26280,0.07987599493935704,0.0014178174315020442,0.0
37050,1753234336.199431,graph,8763,26288,0.5046502348035574,0.0014178174315020442,0.4122953414916992
37060,1753234339.9878523,node,8766,26295,0.14825838394463062,0.0014178174315020442,0.0
37070,1753234343.670414,graph,8768,26303,0.16148890145123004,0.0014178174315020442,0.3778495788574219
37080,1753234347.5048096,node,8771,26310,0.09606046229600906,0.0014178174315020442,0.0
37090,1753234351.2163649,graph,8773,26318,0.037053610337898134,0.0014178174315020442,0.35909557342529297
37100,1753234354.9215877,node,8776,26325,0.720848399028182,0.0014178174315020442,0.0
37110,1753234358.6769905,graph,8778,26333,0.28928606286644937,0.0014178174315020442,0.39931583404541016
37120,1753234362.40951,node,8781,26340,3.0149691818282007,0.0014178174315020442,0.0
37130,1753234366.1506455,graph,8783,26348,0.04130818748380989,0.0014178174315020442,0.3795962333679199
37140,1753234369.9799702,node,8786,26355,0.18054879186674952,0.0014178174315020442,0.0
37150,1753234373.8644133,graph,8788,26363,0.16914762333035469,0.0014178174315020442,0.387237548828125
37160,1753234377.617228,node,8791,26370,2.110992395505309,0.0014178174315020442,0.0
37170,1753234381.3642602,graph,8793,26378,0.12954695485532283,0.0014178174315020442,0.37755870819091797
37180,1753234385.1058178,node,8796,26385,0.19070757483132184,0.0014178174315020442,0.0
37190,1753234388.8235185,graph,8798,26393,0.041913841478526594,0.0014178174315020442,0.3752589225769043
37200,1753234392.5880978,node,8801,26400,0.06246952936053276,0.0014178174315020442,0.0
37210,1753234396.4038446,graph,8803,26408,0.046648400090634826,0.0014178174315020442,0.4008924961090088
37220,1753234400.0616322,node,8806,26415,0.06424893564544618,0.0014178174315020442,0.0
37230,1753234403.8267255,graph,8808,26423,0.05018675364553928,0.0014178174315020442,0.36112213134765625
37240,1753234407.587243,node,8811,26430,0.09587135193869471,0.0014178174315020442,0.0
37250,1753234411.3938909,graph,8813,26438,0.043600502493791285,0.0014178174315020442,0.39643168449401855
37260,1753234415.1620538,node,8816,26445,0.052216549031436445,0.0014178174315020442,0.0
37270,1753234418.9095392,graph,8818,26453,0.04599116686731577,0.0014178174315020442,0.4082016944885254
37280,1753234422.6432686,node,8821,26460,0.22995857456699015,0.0014178174315020442,0.0
37290,1753234426.4379842,graph,8823,26468,0.07329704253934324,0.0014178174315020442,0.36898374557495117
37300,1753234430.1654508,node,8826,26475,0.07889972869306802,0.0014178174315020442,0.0
37310,1753234434.0015028,graph,8828,26483,0.04274727255105972,0.0014178174315020442,0.38231754302978516
37320,1753234437.8230283,node,8831,26490,0.4125244069844484,0.0014178174315020442,0.0
37330,1753234441.6308846,graph,8833,26498,0.07614130415022373,0.0014178174315020442,0.3877899646759033
37340,1753234445.3071506,node,8836,26505,0.10733908894471825,0.0014178174315020442,0.0
37350,1753234449.0084214,graph,8838,26513,0.15839407220482826,0.0014178174315020442,0.38692235946655273
37360,1753234452.7623253,node,8841,26520,0.13981436151079835,0.0014178174315020442,0.0
37370,1753234456.4559956,graph,8843,26528,0.7031002055853606,0.0014178174315020442,0.33831024169921875
37380,1753234460.1907618,node,8846,26535,18.88617225717753,0.0014178174315020442,0.0
37390,1753234463.9317539,graph,8848,26543,0.043657832546159625,0.0014178174315020442,0.36046409606933594
37400,1753234467.7262864,node,8851,26550,0.0934923499589786,0.0014178174315020442,0.0
37410,1753234471.4372633,graph,8853,26558,0.07691424591466785,0.0014178174315020442,0.40830397605895996
37420,1753234475.1507666,node,8856,26565,0.08135500731877983,0.0014178174315020442,0.0
37430,1753234478.8973105,graph,8858,26573,0.20118130259215833,0.0014178174315020442,0.39431333541870117
37440,1753234482.6666744,node,8861,26580,0.3271888779476285,0.0014178174315020442,0.0
37450,1753234486.4026804,graph,8863,26588,0.1450923139229417,0.0014178174315020442,0.3545570373535156
37460,1753234490.233452,node,8866,26595,1.053480473253876,0.0014178174315020442,0.0
37470,1753234493.986814,graph,8868,26603,0.03654490718618035,0.0014178174315020442,0.3730735778808594
37480,1753234497.8384912,node,8871,26610,1.085512814577669,0.0014178174315020442,0.0
37490,1753234501.5143228,graph,8873,26618,0.05021067149937153,0.0014178174315020442,0.3926372528076172
37500,1753234505.2130446,node,8876,26625,0.9050335913896561,0.0014178174315020442,0.0
37510,1753234508.9838996,graph,8878,26633,0.22670945823192595,0.0014178174315020442,0.4097564220428467
37520,1753234512.7281682,node,8881,26640,0.04983266433700919,0.0014178174315020442,0.0
37530,1753234516.5465038,graph,8883,26648,0.16358899483457207,0.0014178174315020442,0.37726449966430664
37540,1753234520.2985723,node,8886,26655,0.627173124998808,0.0014178174315020442,0.0
37550,1753234524.14882,graph,8888,26663,0.16528730001300573,0.0014178174315020442,0.39287281036376953
37560,1753234527.8982863,node,8891,26670,0.17628416190855206,0.0014178174315020442,0.0
37570,1753234531.5547895,graph,8893,26678,0.508239755872637,0.0014178174315020442,0.37253332138061523
37580,1753234535.3291526,node,8896,26685,0.19610335496254266,0.0014178174315020442,0.0
37590,1753234539.0995324,graph,8898,26693,0.13517340645194054,0.0014178174315020442,0.3444783687591553
37600,1753234542.7581763,node,8901,26700,1.7348433755338193,0.0014178174315020442,0.0
37610,1753234546.486974,graph,8903,26708,0.4691776540130377,0.0014178174315020442,0.349776029586792
37620,1753234550.1197448,node,8906,26715,0.04121887141373008,0.0014178174315020442,0.0
37630,1753234553.7237496,graph,8908,26723,0.17655375420581548,0.0014178174315020442,0.35709476470947266
37640,1753234557.3102844,node,8911,26730,0.30217446833848954,0.0014178174315020442,0.0
37650,1753234561.0135448,graph,8913,26738,0.043680074904114005,0.0014178174315020442,0.3534667491912842
37660,1753234564.8383844,node,8916,26745,0.1559408340603113,0.0014178174315020442,0.0
37670,1753234568.5790675,graph,8918,26753,0.5779170909896493,0.0014178174315020442,0.363126277923584
37680,1753234572.3053086,node,8921,26760,0.5695521775633097,0.0014178174315020442,0.0
37690,1753234575.8628845,graph,8923,26768,0.049219658691436054,0.0014178174315020442,0.37181878089904785
37700,1753234579.4562666,node,8926,26775,0.05246459040790796,0.0014178174315020442,0.0
37710,1753234582.9870574,graph,8928,26783,0.04537578532472253,0.0014178174315020442,0.3525412082672119
37720,1753234586.5480685,node,8931,26790,0.04422309580259025,0.0014178174315020442,0.0
37730,1753234590.1084232,graph,8933,26798,0.05127886664122343,0.0014178174315020442,0.36891841888427734
37740,1753234593.6888878,node,8936,26805,0.5460962581448257,0.0014178174315020442,0.0
37750,1753234597.3108964,graph,8938,26813,0.05159013387747109,0.0014178174315020442,0.37143564224243164
37760,1753234601.0108905,node,8941,26820,0.17479576217010617,0.0014178174315020442,0.0
37770,1753234604.8559074,graph,8943,26828,0.20024338457733393,0.0014178174315020442,0.3606710433959961
37780,1753234608.5347404,node,8946,26835,0.04536719340831041,0.0014178174315020442,0.0
37790,1753234612.155847,graph,8948,26843,0.05863665174692869,0.0014178174315020442,0.3683319091796875
37800,1753234615.8729308,node,8951,26850,0.30322372149676086,0.0014178174315020442,0.0
37810,1753234619.7767885,graph,8953,26858,0.044059364963322876,0.0014178174315020442,0.40569114685058594
37820,1753234623.472468,node,8956,26865,0.20285393334925175,0.0014178174315020442,0.0
37830,1753234627.4117353,graph,8958,26873,0.5711005419492722,0.0014178174315020442,0.42308735847473145
37840,1753234631.0855756,node,8961,26880,0.04957228787243366,0.0014178174315020442,0.0
37850,1753234634.854506,graph,8963,26888,0.5737818464636802,0.0014178174315020442,0.386974573135376
37860,1753234638.787815,node,8966,26895,0.36795813106000425,0.0014178174315020442,0.0
37870,1753234642.4742088,graph,8968,26903,0.4774418952642009,0.0014178174315020442,0.36711812019348145
37880,1753234646.2257135,node,8971,26910,0.03870160430669785,0.0014178174315020442,0.0
37890,1753234649.881493,graph,8973,26918,0.19249982740730048,0.0014178174315020442,0.3901395797729492
37900,1753234653.6285326,node,8976,26925,0.5890248094685375,0.0014178174315020442,0.0
37910,1753234657.5057979,graph,8978,26933,0.2852611903101206,0.0014178174315020442,0.40792250633239746
37920,1753234661.1587455,node,8981,26940,0.04124669292941689,0.0014178174315020442,0.0
37930,1753234664.873538,graph,8983,26948,0.14936405569314956,0.0014178174315020442,0.361797571182251
37940,1753234668.5996559,node,8986,26955,0.28186794142238797,0.0014178174315020442,0.0
37950,1753234672.222443,graph,8988,26963,0.04362435941584408,0.0014178174315020442,0.36186957359313965
37960,1753234675.7704515,node,8991,26970,0.40566157607827336,0.0014178174315020442,0.0
37970,1753234679.278087,graph,8993,26978,0.06949550537392497,0.0014178174315020442,0.37564921379089355
37980,1753234682.8399973,node,8996,26985,0.6051403768360615,0.0014178174315020442,0.0
37990,1753234686.5109398,graph,8998,26993,0.4929350956343114,0.0014178174315020442,0.3439781665802002
38000,1753234690.1186886,node,9001,27000,0.15566622419282794,0.0014178174315020442,0.0
38010,1753234694.0083094,graph,9003,27008,0.0631998042576015,0.0014178174315020442,0.3671445846557617
38020,1753234697.6959205,node,9006,27015,0.1658289860934019,0.0014178174315020442,0.0
38030,1753234701.2548287,graph,9008,27023,0.06735455538146198,0.0014178174315020442,0.37554192543029785
38040,1753234704.810244,node,9011,27030,0.47151544420048597,0.0014178174315020442,0.0
38050,1753234708.4251323,graph,9013,27038,0.03971745832823217,0.0014178174315020442,0.35196495056152344
38060,1753234711.993347,node,9016,27045,0.34503900185227393,0.0014178174315020442,0.0
38070,1753234715.6067452,graph,9018,27053,0.15327866561710835,0.0014178174315020442,0.3984546661376953
38080,1753234719.2710507,node,9021,27060,0.10165551463142038,0.0014178174315020442,0.0
38090,1753234722.8328874,graph,9023,27068,0.2147850703448057,0.0014178174315020442,0.3645789623260498
38100,1753234726.637435,node,9026,27075,0.04777646735310555,0.0014178174315020442,0.0
38110,1753234730.5381532,graph,9028,27083,0.3285497140139341,0.0014178174315020442,0.361102819442749
38120,1753234734.3973665,node,9031,27090,0.04383270724210888,0.0014178174315020442,0.0
38130,1753234738.2827876,graph,9033,27098,0.08281846791505813,0.0014178174315020442,0.36847376823425293
38140,1753234742.078245,node,9036,27105,0.3130494965240359,0.0014178174315020442,0.0
38150,1753234745.9751563,graph,9038,27113,0.04630012968555093,0.0014178174315020442,0.42032742500305176
38160,1753234749.7401967,node,9041,27120,0.3393314527347684,0.0014178174315020442,0.0
38170,1753234753.5769846,graph,9043,27128,0.12704387325793504,0.0014178174315020442,0.3926677703857422
38180,1753234757.4307165,node,9046,27135,0.04931540871039033,0.0014178174315020442,0.0
38190,1753234761.4183652,graph,9048,27143,0.19186603042762726,0.0014178174315020442,0.4278428554534912
38200,1753234765.2782366,node,9051,27150,0.04684077221900225,0.0014178174315020442,0.0
38210,1753234769.0648558,graph,9053,27158,0.20132723934948443,0.0014178174315020442,0.36803293228149414
38220,1753234772.7929754,node,9056,27165,0.378302600979805,0.0014178174315020442,0.0
38230,1753234776.5143461,graph,9058,27173,0.2875757999718189,0.0014178174315020442,0.36836695671081543
38240,1753234780.1935062,node,9061,27180,0.14991205018013715,0.0014178174315020442,0.0
38250,1753234783.6886823,graph,9063,27188,0.04874421928543597,0.0014178174315020442,0.40013837814331055
38260,1753234787.1694732,node,9066,27195,0.25282523976638915,0.0014178174315020442,0.0
38270,1753234790.812442,graph,9068,27203,0.292254988476634,0.0014178174315020442,0.35021042823791504
38280,1753234794.410652,node,9071,27210,0.19190355390310287,0.0014178174315020442,0.0
38290,1753234798.073916,graph,9073,27218,0.04028043807484209,0.0014178174315020442,0.39212608337402344
38300,1753234801.5953827,node,9076,27225,4.241212898865342,0.0014178174315020442,0.0
38310,1753234805.164699,graph,9078,27233,0.4095988247543573,0.0014178174315020442,0.34627747535705566
38320,1753234808.8033702,node,9081,27240,0.2038163469173014,0.0014178174315020442,0.0
38330,1753234812.3647583,graph,9083,27248,0.06372939934954047,0.0014178174315020442,0.39551687240600586
38340,1753234815.741008,node,9086,27255,0.05724993236362934,0.0014178174315020442,0.0
38350,1753234819.1914113,graph,9088,27263,0.593604552000761,0.0014178174315020442,0.32375264167785645
38360,1753234822.6973782,node,9091,27270,0.04162227844353765,0.0014178174315020442,0.0
38370,1753234826.4342952,graph,9093,27278,0.05198652967810631,0.0014178174315020442,0.3893003463745117
38380,1753234830.026765,node,9096,27285,0.2630368199199438,0.0014178174315020442,0.0
38390,1753234833.7243032,graph,9098,27293,0.16486471947282552,0.0014178174315020442,0.41745567321777344
38400,1753234837.6889255,node,9101,27300,0.05207607359625399,0.0014178174315020442,0.0
38410,1753234841.5331256,graph,9103,27308,0.048216111678630116,0.0014178174315020442,0.37795281410217285
38420,1753234845.4241357,node,9106,27315,0.04526642491109669,0.0014178174315020442,0.0
38430,1753234849.230314,graph,9108,27323,9.071016306476668,0.0014178174315020442,0.35740184783935547
38440,1753234852.812924,node,9111,27330,3.40166470897384,0.0014178174315020442,0.0
38450,1753234856.4310205,graph,9113,27338,0.08335547191090882,0.0014178174315020442,0.35830092430114746
38460,1753234860.0085824,node,9116,27345,0.5995918822474777,0.0014178174315020442,0.0
38470,1753234863.6611786,graph,9118,27353,0.057700331695377825,0.0014178174315020442,0.37171411514282227
38480,1753234867.270064,node,9121,27360,0.1749692540615797,0.0014178174315020442,0.0
38490,1753234870.9579382,graph,9123,27368,0.03954994110390544,0.0014178174315020442,0.36910462379455566
38500,1753234874.535599,node,9126,27375,0.03739417679607868,0.0014178174315020442,0.0
38510,1753234878.151142,graph,9128,27383,1.1940395276993514,0.0014178174315020442,0.3858642578125
38520,1753234881.6402066,node,9131,27390,0.3090634897351265,0.0014178174315020442,0.0
38530,1753234885.5710924,graph,9133,27398,3.359782385174185,0.0014178174315020442,0.36627864837646484
38540,1753234889.383634,node,9136,27405,0.18550634123384951,0.0014178174315020442,0.0
38550,1753234893.2282152,graph,9138,27413,0.037436901847831904,0.0014178174315020442,0.413926362991333
38560,1753234896.8288133,node,9141,27420,1.7999291896354408,0.0014178174315020442,0.0
38570,1753234900.4956863,graph,9143,27428,0.052562957629561424,0.0014178174315020442,0.37643885612487793
38580,1753234904.201463,node,9146,27435,1.7762670525815338,0.0014178174315020442,0.0
38590,1753234907.9370754,graph,9148,27443,0.13114445516839623,0.0014178174315020442,0.35025978088378906
38600,1753234911.61603,node,9151,27450,0.4706672040745616,0.0014178174315020442,0.0
38610,1753234915.440842,graph,9153,27458,0.1798339482396841,0.0014178174315020442,0.45488691329956055
38620,1753234919.1966357,node,9156,27465,0.15133160594850778,0.0014178174315020442,0.0
38630,1753234922.917248,graph,9158,27473,0.04010882889851928,0.0014178174315020442,0.3447225093841553
38640,1753234926.5575879,node,9161,27480,1.0104624106548727,0.0014178174315020442,0.0
38650,1753234930.3388345,graph,9163,27488,0.8034105837345124,0.0014178174315020442,0.38083600997924805
38660,1753234933.9167979,node,9166,27495,0.14505754844285548,0.0014178174315020442,0.0
38670,1753234937.447406,graph,9168,27503,0.4569512063637376,0.0014178174315020442,0.38536500930786133
38680,1753234941.0617397,node,9171,27510,1.4843507766723634,0.0014178174315020442,0.0
38690,1753234944.8182335,graph,9173,27518,0.062497678212821484,0.0014178174315020442,0.3759002685546875
38700,1753234948.4886966,node,9176,27525,0.048081819294020535,0.0014178174315020442,0.0
38710,1753234952.3346233,graph,9178,27533,0.04877912290394306,0.0014178174315020442,0.3937051296234131
38720,1753234956.1119168,node,9181,27540,0.0497124838642776,0.0014178174315020442,0.0
38730,1753234960.0596669,graph,9183,27548,0.046238698344677684,0.0014178174315020442,0.44037961959838867
38740,1753234963.934202,node,9186,27555,0.1512455452233553,0.0014178174315020442,0.0
38750,1753234968.0517054,graph,9188,27563,0.048149265721440314,0.0014178174315020442,0.5631177425384521
38760,1753234971.8524308,node,9191,27570,0.10650449441745877,0.0014178174315020442,0.0
38770,1753234975.7227657,graph,9193,27578,0.5606359946541488,0.0014178174315020442,0.39182424545288086
38780,1753234979.3983335,node,9196,27585,0.4943434642627835,0.0014178174315020442,0.0
38790,1753234983.1683414,graph,9198,27593,1.8022390354424715,0.0014178174315020442,0.374194860458374
38800,1753234986.9619293,node,9201,27600,0.2538257759064436,0.0014178174315020442,0.0
38810,1753234990.6721137,graph,9203,27608,0.041754495818167925,0.0014178174315020442,0.38756418228149414
38820,1753234994.4025133,node,9206,27615,0.14863813184201718,0.0014178174315020442,0.0
38830,1753234998.1707606,graph,9208,27623,0.25203532837331294,0.0014178174315020442,0.39335179328918457
38840,1753235002.101877,node,9211,27630,0.2515633724629879,0.0014178174315020442,0.0
38850,1753235005.8518155,graph,9213,27638,0.22115969136357308,0.0014178174315020442,0.3637576103210449
38860,1753235009.6968336,node,9216,27645,0.26839831173419954,0.0014178174315020442,0.0
38870,1753235013.5159667,graph,9218,27653,0.04576443540863693,0.0014178174315020442,0.3654210567474365
38880,1753235017.328133,node,9221,27660,0.4799190033227205,0.0014178174315020442,0.0
38890,1753235021.124972,graph,9223,27668,0.10104457847774029,0.0014178174315020442,0.38935256004333496
38900,1753235024.7455187,node,9226,27675,0.04263334455899894,0.0014178174315020442,0.0
38910,1753235028.493512,graph,9228,27683,0.04284141976386309,0.0014178174315020442,0.40337228775024414
38920,1753235032.2818892,node,9231,27690,0.05065758684650064,0.0014178174315020442,0.0
38930,1753235036.089224,graph,9233,27698,0.07469327114522457,0.0014178174315020442,0.3776113986968994
38940,1753235039.9026382,node,9236,27705,0.25793583542108534,0.0014178174315020442,0.0
38950,1753235044.2414732,graph,9238,27713,0.09786838479340076,0.0014178174315020442,0.5284898281097412
38960,1753235048.294683,node,9241,27720,0.05125880516134203,0.0014178174315020442,0.0
38970,1753235052.575053,graph,9243,27728,0.4981030825525522,0.0014178174315020442,0.5055959224700928
38980,1753235057.0237987,node,9246,27735,0.08950192774645985,0.0014178174315020442,0.0
38990,1753235062.3658478,graph,9248,27743,0.0394167008344084,0.0014178174315020442,0.3974885940551758
39000,1753235066.4616022,node,9251,27750,3.077005262626335,0.0014178174315020442,0.0
39010,1753235070.5540164,graph,9253,27758,0.8570740777999163,0.0014178174315020442,0.41943883895874023
39020,1753235075.0330887,node,9256,27765,0.44610741063952447,0.0014178174315020442,0.0
39030,1753235080.4918628,graph,9258,27773,0.11490748561918736,0.0014178174315020442,0.4178473949432373
39040,1753235084.6332417,node,9261,27780,0.16064402456395327,0.0014178174315020442,0.0
39050,1753235088.8552392,graph,9263,27788,0.04048454724252224,0.0014178174315020442,0.43543457984924316
39060,1753235093.1447034,node,9266,27795,0.044073883444070816,0.0014178174315020442,0.0
39070,1753235098.722737,graph,9268,27803,0.12088125497102738,0.0014178174315020442,0.673703670501709
39080,1753235103.0625334,node,9271,27810,0.04031058819964528,0.0014178174315020442,0.0
39090,1753235107.319306,graph,9273,27818,0.04583240216597915,0.0014178174315020442,0.3582193851470947
39100,1753235111.745706,node,9276,27825,0.03402401627972722,0.0014178174315020442,0.0
39110,1753235116.6951184,graph,9278,27833,0.046584985125809907,0.0014178174315020442,0.6858656406402588
39120,1753235121.4369433,node,9281,27840,0.15521834397222847,0.0014178174315020442,0.0
39130,1753235125.60693,graph,9283,27848,1.0904319121036679,0.0014178174315020442,0.3982093334197998
39140,1753235129.8290744,node,9286,27855,0.2009518913924694,0.0014178174315020442,0.0
39150,1753235134.4413834,graph,9288,27863,0.20849733091890812,0.0014178174315020442,0.7457840442657471
39160,1753235139.5090456,node,9291,27870,0.04839098341763019,0.0014178174315020442,0.0
39170,1753235143.3771603,graph,9293,27878,0.06287922672927379,0.0014178174315020442,0.39714503288269043
39180,1753235147.3660603,node,9296,27885,0.19996923017315565,0.0014178174315020442,0.0
39190,1753235151.6687775,graph,9298,27893,0.04017742620781064,0.0014178174315020442,0.4389033317565918
39200,1753235156.9241543,node,9301,27900,0.08576361341401935,0.0014178174315020442,0.0
39210,1753235161.2569563,graph,9303,27908,0.17962974235415458,0.0014178174315020442,0.37042713165283203
39220,1753235165.4849072,node,9306,27915,0.1472333217971027,0.0014178174315020442,0.0
39230,1753235169.754346,graph,9308,27923,0.03977234517224133,0.0014178174315020442,0.395688533782959
39240,1753235175.3657618,node,9311,27930,0.3033264182507992,0.0014178174315020442,0.0
39250,1753235179.5258849,graph,9313,27938,0.1204690475948155,0.0014178174315020442,0.3761148452758789
39260,1753235183.7049308,node,9316,27945,0.047072516102343795,0.0014178174315020442,0.0
39270,1753235188.5661643,graph,9318,27953,0.03611667733639479,0.0014178174315020442,0.5978903770446777
39280,1753235194.3365164,node,9321,27960,4.564352017268538,0.0014178174315020442,0.0
39290,1753235198.5877638,graph,9323,27968,0.06106515489518642,0.0014178174315020442,0.41866040229797363
39300,1753235202.7424352,node,9326,27975,0.044630040600895884,0.0014178174315020442,0.0
39310,1753235206.9394734,graph,9328,27983,0.0681292537599802,0.0014178174315020442,0.42759251594543457
39320,1753235212.254875,node,9331,27990,0.3759869462810457,0.0014178174315020442,0.0
39330,1753235216.653875,graph,9333,27998,0.056219983100891116,0.0014178174315020442,0.3994436264038086
39340,1753235220.4670765,node,9336,28005,0.141764004714787,0.0014178174315020442,0.0
39350,1753235224.6196742,graph,9338,28013,0.06954700304195285,0.0014178174315020442,0.38153910636901855
39360,1753235229.022443,node,9341,28020,0.03872869750484824,0.0014178174315020442,0.0
39370,1753235234.0477538,graph,9343,28028,0.039601835608482364,0.0014178174315020442,0.4368629455566406
39380,1753235238.0816815,node,9346,28035,0.1485392140224576,0.0014178174315020442,0.0
39390,1753235242.1208944,graph,9348,28043,0.0643031146377325,0.0014178174315020442,0.379213809967041
39400,1753235246.5861113,node,9351,28050,0.3318435039371252,0.0014178174315020442,0.0
39410,1753235251.5914738,graph,9353,28058,0.11416674517095089,0.0014178174315020442,0.3732116222381592
39420,1753235255.5212693,node,9356,28065,0.3966887792106718,0.0014178174315020442,0.0
39430,1753235259.518233,graph,9358,28073,0.04592832257039845,0.0014178174315020442,0.4732198715209961
39440,1753235263.5097878,node,9361,28080,0.04872283418662846,0.0014178174315020442,0.0
39450,1753235268.8742023,graph,9363,28088,0.23054976798593999,0.0014178174315020442,0.39691710472106934
39460,1753235272.8572767,node,9366,28095,0.04518719557672739,0.0014178174315020442,0.0
39470,1753235276.895867,graph,9368,28103,0.04730297871865332,0.0014178174315020442,0.44490885734558105
39480,1753235280.9836838,node,9371,28110,0.04821373401209712,0.0014178174315020442,0.0
39490,1753235286.3748229,graph,9373,28118,0.045150622818619014,0.0014178174315020442,0.368243932723999
39500,1753235290.3801315,node,9376,28125,0.08533020624890923,0.0014178174315020442,0.0
39510,1753235294.359816,graph,9378,28133,0.04733552588149905,0.0014178174315020442,0.42070627212524414
39520,1753235298.3923361,node,9381,28140,0.3267385721206665,0.0014178174315020442,0.0
39530,1753235303.8803926,graph,9383,28148,0.15430227387696505,0.0014178174315020442,0.397597074508667
39540,1753235307.5708215,node,9386,28155,0.16123296930454672,0.0014178174315020442,0.0
39550,1753235311.2346652,graph,9388,28163,0.893914918601513,0.0014178174315020442,0.3864278793334961
39560,1753235314.8778646,node,9391,28170,0.14519753681961448,0.0014178174315020442,0.0
39570,1753235318.6879647,graph,9393,28178,0.046934856195002796,0.0014178174315020442,0.36160969734191895
39580,1753235322.3368073,node,9396,28185,0.04825678868219256,0.0014178174315020442,0.0
39590,1753235326.0836668,graph,9398,28193,0.0490849650464952,0.0014178174315020442,0.3893606662750244
39600,1753235329.6950283,node,9401,28200,0.056651255441829564,0.0014178174315020442,0.0
39610,1753235333.2563467,graph,9403,28208,0.6402379252016545,0.0014178174315020442,0.35418033599853516
39620,1753235336.7825654,node,9406,28215,0.04215261717326939,0.0014178174315020442,0.0
39630,1753235340.3607244,graph,9408,28223,0.1095047164708376,0.0014178174315020442,0.37468457221984863
39640,1753235343.9402149,node,9411,28230,0.1958535999059677,0.0014178174315020442,0.0
39650,1753235347.5093567,graph,9413,28238,0.0679178349673748,0.0014178174315020442,0.35480356216430664
39660,1753235350.9978426,node,9416,28245,0.03846580982208252,0.0014178174315020442,0.0
39670,1753235354.6367664,graph,9418,28253,0.04558819867670536,0.0014178174315020442,0.41737794876098633
39680,1753235358.1643188,node,9421,28260,0.5232076536398381,0.0014178174315020442,0.0
39690,1753235361.7077916,graph,9423,28268,0.6159972954541445,0.0014178174315020442,0.37993383407592773
39700,1753235365.1398318,node,9426,28275,0.13100608880631626,0.0014178174315020442,0.0
39710,1753235368.7229617,graph,9428,28283,0.05251537151634693,0.0014178174315020442,0.34917569160461426
39720,1753235372.1849747,node,9431,28290,0.30967162661254405,0.0014178174315020442,0.0
39730,1753235375.7506099,graph,9433,28298,0.05190711794421077,0.0014178174315020442,0.38919925689697266
39740,1753235379.1956673,node,9436,28305,0.11043113963678479,0.0014178174315020442,0.0
39750,1753235382.7329335,graph,9438,28313,0.18827205151319504,0.0014178174315020442,0.36547350883483887
39760,1753235386.215178,node,9441,28320,0.03500510442536324,0.0014178174315020442,0.0
39770,1753235389.780877,graph,9443,28328,0.07621761001646518,0.0014178174315020442,0.37152791023254395
39780,1753235393.313064,node,9446,28335,0.351137334946543,0.0014178174315020442,0.0
39790,1753235396.901425,graph,9448,28343,0.09961851104162633,0.0014178174315020442,0.3595452308654785
39800,1753235400.4804292,node,9451,28350,0.188696491997689,0.0014178174315020442,0.0
39810,1753235404.1023223,graph,9453,28358,0.8000411830842495,0.0014178174315020442,0.37461161613464355
39820,1753235407.6369207,node,9456,28365,0.05141126834787428,0.0014178174315020442,0.0
39830,1753235411.1980329,graph,9458,28373,0.05888224244117737,0.0014178174315020442,0.360598087310791
39840,1753235414.7436194,node,9461,28380,0.16322714905254543,0.0014178174315020442,0.0
39850,1753235418.388821,graph,9463,28388,0.04008582509122789,0.0014178174315020442,0.3521606922149658
39860,1753235421.8721757,node,9466,28395,0.6726499104872345,0.0014178174315020442,0.0
39870,1753235425.5395453,graph,9468,28403,0.04368272577412426,0.0014178174315020442,0.38430070877075195
39880,1753235429.270173,node,9471,28410,0.03832906698808074,0.0014178174315020442,0.0
39890,1753235432.945983,graph,9473,28418,0.03982614390552044,0.0014178174315020442,0.3447556495666504
39900,1753235436.548641,node,9476,28425,0.07280791839584708,0.0014178174315020442,0.0
39910,1753235440.171102,graph,9478,28433,0.04229093575850129,0.0014178174315020442,0.3682229518890381
39920,1753235443.6992295,node,9481,28440,0.18571031838655472,0.0014178174315020442,0.0
39930,1753235447.240817,graph,9483,28448,0.044819559622555974,0.0014178174315020442,0.3481483459472656
39940,1753235450.756505,node,9486,28455,0.08342622411437332,0.0014178174315020442,0.0
39950,1753235454.3731718,graph,9488,28463,0.04600920770317316,0.0014178174315020442,0.3596227169036865
39960,1753235458.0066133,node,9491,28470,0.03803017043974251,0.0014178174315020442,0.0
39970,1753235461.6361156,graph,9493,28478,0.24559487029910088,0.0014178174315020442,0.39293909072875977
39980,1753235465.1437519,node,9496,28485,0.046352206356823446,0.0014178174315020442,0.0
39990,1753235468.7087922,graph,9498,28493,0.048409747704863546,0.0014178174315020442,0.3656432628631592
