step,task_type,total_loss,node_loss,graph_loss,energy_loss,physics_loss,lr,phase
10000,node,0.0,0.0004863516369368881,0.0,0.39814484119415283,0.0,9.999999969157486e-06,2
10001,graph,0.0,0.0,0.10040432214736938,0.0,0.001426885137334466,9.999999876629947e-06,2
10002,graph,0.0,0.0,0.09366562962532043,0.0,0.0016556053888052702,9.999999722417382e-06,2
10003,graph,0.0,0.0,0.05806657671928406,0.0,0.0012232490116730332,9.999999506519797e-06,2
10004,node,0.0,0.00037555440212599933,0.0,4.813702583312988,0.0,9.999999228937196e-06,2
10005,graph,0.0,0.0,0.08257883042097092,0.0,0.0014699655584990978,9.999998889669588e-06,2
10006,graph,0.0,0.0,0.09311123192310333,0.0,0.001118388376198709,9.999998488716979e-06,2
10007,graph,0.0,0.0,0.07853929698467255,0.0,0.0018934630788862705,9.99999802607938e-06,2
10008,node,0.0,0.0004369125817902386,0.0,0.15480171144008636,0.0,9.999997501756803e-06,2
10009,graph,0.0,0.0,0.10727845132350922,0.0,0.0011898105731233954,9.999996915749259e-06,2
10010,graph,0.0,0.0,0.09080967307090759,0.0,0.0014003970427438617,9.999996268056764e-06,2
10011,graph,0.0,0.0,0.20899486541748047,0.0,0.0013939657947048545,9.999995558679334e-06,2
10012,node,0.0,0.0005606985068880022,0.0,0.19904175400733948,0.0,9.999994787616987e-06,2
10013,graph,0.0,0.0,0.11532153189182281,0.0,0.0014835968613624573,9.99999395486974e-06,2
10014,graph,0.0,0.0,0.08339430391788483,0.0,0.0015157499583438039,9.999993060437617e-06,2
10015,graph,0.0,0.0,0.0711345300078392,0.0,0.0009631243301555514,9.999992104320636e-06,2
10016,node,0.0,0.0005959749105386436,0.0,0.5000125765800476,0.0,9.999991086518823e-06,2
10017,graph,0.0,0.0,0.10535673797130585,0.0,0.001271950313821435,9.999990007032201e-06,2
10018,graph,0.0,0.0,0.16966113448143005,0.0,0.001766881556250155,9.999988865860799e-06,2
10019,graph,0.0,0.0,0.09912101179361343,0.0,0.0010444305371493101,9.999987663004645e-06,2
10020,node,0.0,0.0004329696239437908,0.0,1.1994168758392334,0.0,9.999986398463767e-06,2
10021,graph,0.0,0.0,0.09033183753490448,0.0,0.0017122674034908414,9.999985072238198e-06,2
10022,graph,0.0,0.0,0.06157680228352547,0.0,0.0013561403611674905,9.99998368432797e-06,2
10023,graph,0.0,0.0,0.10223822295665741,0.0,0.0013491290155798197,9.999982234733118e-06,2
10024,node,0.0,0.0005097989342175424,0.0,100.0,0.0,9.999980723453677e-06,2
10025,graph,0.0,0.0,0.07816740870475769,0.0,0.0016272134380415082,9.999979150489684e-06,2
10026,graph,0.0,0.0,0.1497301459312439,0.0,0.0016873496351763606,9.999977515841177e-06,2
10027,graph,0.0,0.0,0.11527279019355774,0.0,0.0017389575950801373,9.999975819508199e-06,2
10028,node,0.0,0.0004142142424825579,0.0,4.905482769012451,0.0,9.999974061490788e-06,2
10029,graph,0.0,0.0,0.0762854740023613,0.0,0.0010115538025274873,9.999972241788991e-06,2
10030,graph,0.0,0.0,0.12143419682979584,0.0,0.0020968124736100435,9.99997036040285e-06,2
10031,graph,0.0,0.0,0.1445237398147583,0.0,0.0018255466129630804,9.999968417332413e-06,2
10032,node,0.0,0.0005259055178612471,0.0,9.222057342529297,0.0,9.99996641257773e-06,2
10033,graph,0.0,0.0,0.09258704632520676,0.0,0.0015491166850551963,9.999964346138849e-06,2
10034,graph,0.0,0.0,0.0830979198217392,0.0,0.0016970359720289707,9.99996221801582e-06,2
10035,graph,0.0,0.0,0.08957348018884659,0.0,0.0020311407279223204,9.999960028208694e-06,2
10036,node,0.0,0.00036317078047432005,0.0,0.1465132236480713,0.0,9.999957776717529e-06,2
10037,graph,0.0,0.0,0.09829925000667572,0.0,0.0017723810160532594,9.999955463542376e-06,2
10038,graph,0.0,0.0,0.09387386590242386,0.0,0.0011745180236175656,9.999953088683296e-06,2
10039,graph,0.0,0.0,0.11626648902893066,0.0,0.0016147729475051165,9.999950652140345e-06,2
10040,node,0.0,0.0005514678196050227,0.0,0.504666805267334,0.0,9.999948153913585e-06,2
10041,graph,0.0,0.0,0.08576931059360504,0.0,0.0012582466006278992,9.999945594003076e-06,2
10042,graph,0.0,0.0,0.05571790784597397,0.0,0.0012188070686534047,9.99994297240888e-06,2
10043,graph,0.0,0.0,0.10305577516555786,0.0,0.0012216129107400775,9.999940289131068e-06,2
10044,node,0.0,0.000455791741842404,0.0,1.0663042068481445,0.0,9.9999375441697e-06,2
10045,graph,0.0,0.0,0.10820382833480835,0.0,0.002076655626296997,9.999934737524847e-06,2
10046,graph,0.0,0.0,0.08430299162864685,0.0,0.0018092332175001502,9.999931869196574e-06,2
10047,graph,0.0,0.0,0.08978897333145142,0.0,0.001470366376452148,9.999928939184957e-06,2
10048,node,0.0,0.0004730198998004198,0.0,1.5121300220489502,0.0,9.999925947490066e-06,2
10049,graph,0.0,0.0,0.08784403651952744,0.0,0.0011327111860737205,9.999922894111974e-06,2
10050,graph,0.0,0.0,0.16172078251838684,0.0,0.001402034773491323,9.999919779050758e-06,2
10051,graph,0.0,0.0,0.08890430629253387,0.0,0.0011019801022484899,9.999916602306493e-06,2
10052,node,0.0,0.0004161439719609916,0.0,2.117572546005249,0.0,9.99991336387926e-06,2
10053,graph,0.0,0.0,0.0684192031621933,0.0,0.0020485713612288237,9.999910063769136e-06,2
10054,graph,0.0,0.0,0.11536572873592377,0.0,0.0016810385277494788,9.999906701976204e-06,2
10055,graph,0.0,0.0,0.10697092115879059,0.0,0.0014337218599393964,9.999903278500547e-06,2
10056,node,0.0,0.00039633846608921885,0.0,5.166830539703369,0.0,9.999899793342249e-06,2
10057,graph,0.0,0.0,0.1033858060836792,0.0,0.0018189226975664496,9.999896246501395e-06,2
10058,graph,0.0,0.0,0.10786809027194977,0.0,0.0009364109137095511,9.999892637978074e-06,2
10059,graph,0.0,0.0,0.07250892370939255,0.0,0.001468439120799303,9.999888967772376e-06,2
10060,node,0.0,0.00046944868518039584,0.0,0.077971912920475,0.0,9.99988523588439e-06,2
10061,graph,0.0,0.0,0.08122226595878601,0.0,0.0011556921526789665,9.999881442314207e-06,2
10062,graph,0.0,0.0,0.07519380748271942,0.0,0.0029622495640069246,9.999877587061921e-06,2
10063,graph,0.0,0.0,0.08608739823102951,0.0,0.001152475131675601,9.999873670127631e-06,2
10064,node,0.0,0.00043246595305390656,0.0,2.4443821907043457,0.0,9.99986969151143e-06,2
10065,graph,0.0,0.0,0.06538815796375275,0.0,0.0016540344804525375,9.999865651213416e-06,2
10066,graph,0.0,0.0,0.06950008869171143,0.0,0.0013203957350924611,9.999861549233689e-06,2
10067,graph,0.0,0.0,0.09506556391716003,0.0,0.0018013035878539085,9.999857385572352e-06,2
10068,node,0.0,0.0005366404075175524,0.0,2.6506967544555664,0.0,9.999853160229506e-06,2
10069,graph,0.0,0.0,0.08120876550674438,0.0,0.0013773055979982018,9.999848873205256e-06,2
10070,graph,0.0,0.0,0.08600848913192749,0.0,0.001813581446185708,9.999844524499707e-06,2
10071,graph,0.0,0.0,0.11757484823465347,0.0,0.0015398183604702353,9.999840114112966e-06,2
10072,node,0.0,0.0004144675040151924,0.0,0.44494155049324036,0.0,9.999835642045144e-06,2
10073,graph,0.0,0.0,0.07641242444515228,0.0,0.0012891106307506561,9.99983110829635e-06,2
10074,graph,0.0,0.0,0.11755026131868362,0.0,0.0013293391093611717,9.999826512866696e-06,2
10075,graph,0.0,0.0,0.13178540766239166,0.0,0.002114763017743826,9.999821855756295e-06,2
10076,node,0.0,0.0004885249072685838,0.0,1.9156994819641113,0.0,9.999817136965262e-06,2
10077,graph,0.0,0.0,0.11545057594776154,0.0,0.0015089469961822033,9.999812356493713e-06,2
10078,graph,0.0,0.0,0.10022032260894775,0.0,0.001168875372968614,9.999807514341766e-06,2
10079,graph,0.0,0.0,0.08916064351797104,0.0,0.0017657577991485596,9.999802610509541e-06,2
10080,node,0.0,0.0003587992105167359,0.0,55.0308952331543,0.0,9.99979764499716e-06,2
10081,graph,0.0,0.0,0.08104366064071655,0.0,0.001177257508970797,9.999792617804744e-06,2
10082,graph,0.0,0.0,0.08229886740446091,0.0,0.0013220012187957764,9.999787528932417e-06,2
10083,graph,0.0,0.0,0.07828623056411743,0.0,0.0012275762856006622,9.999782378380307e-06,2
10084,node,0.0,0.0004155732167419046,0.0,0.38462430238723755,0.0,9.999777166148537e-06,2
10085,graph,0.0,0.0,0.10350090265274048,0.0,0.0014138537226244807,9.99977189223724e-06,2
10086,graph,0.0,0.0,0.08648235350847244,0.0,0.0015909334179013968,9.999766556646542e-06,2
10087,graph,0.0,0.0,0.08012239634990692,0.0,0.0013336014235392213,9.999761159376578e-06,2
10088,node,0.0,0.0004515992768574506,0.0,3.9686787128448486,0.0,9.999755700427479e-06,2
10089,graph,0.0,0.0,0.08148813247680664,0.0,0.001576741924509406,9.99975017979938e-06,2
10090,graph,0.0,0.0,0.1098896935582161,0.0,0.0015278162900358438,9.999744597492418e-06,2
10091,graph,0.0,0.0,0.06199192255735397,0.0,0.001371020800434053,9.999738953506733e-06,2
10092,node,0.0,0.0005420848028734326,0.0,0.7996937036514282,0.0,9.999733247842459e-06,2
10093,graph,0.0,0.0,0.1509615182876587,0.0,0.0019480828195810318,9.99972748049974e-06,2
10094,graph,0.0,0.0,0.07597116380929947,0.0,0.001422064728103578,9.999721651478718e-06,2
10095,graph,0.0,0.0,0.06846052408218384,0.0,0.0014028128935024142,9.999715760779536e-06,2
10096,node,0.0,0.00043726697913371027,0.0,0.24435248970985413,0.0,9.99970980840234e-06,2
10097,graph,0.0,0.0,0.06949436664581299,0.0,0.0015300348168238997,9.999703794347278e-06,2
10098,graph,0.0,0.0,0.0644816979765892,0.0,0.00155668577644974,9.999697718614496e-06,2
10099,graph,0.0,0.0,0.06906601786613464,0.0,0.0012231454020366073,9.999691581204146e-06,2
10100,node,0.0,0.0004936588229611516,0.0,0.9894737601280212,0.0,9.999685382116377e-06,2
10101,graph,0.0,0.0,0.10145363211631775,0.0,0.001722353626973927,9.999679121351345e-06,2
10102,graph,0.0,0.0,0.10484497994184494,0.0,0.0014106902526691556,9.999672798909203e-06,2
10103,graph,0.0,0.0,0.05964498221874237,0.0,0.0012106711510568857,9.999666414790107e-06,2
10104,node,0.0,0.0005266802036203444,0.0,19.323978424072266,0.0,9.999659968994214e-06,2
10105,graph,0.0,0.0,0.0848708301782608,0.0,0.0014175395481288433,9.999653461521683e-06,2
10106,graph,0.0,0.0,0.11273877322673798,0.0,0.001480508130043745,9.999646892372677e-06,2
10107,graph,0.0,0.0,0.10630366206169128,0.0,0.0012759524397552013,9.999640261547356e-06,2
10108,node,0.0,0.00040948876994661987,0.0,0.20061182975769043,0.0,9.999633569045884e-06,2
10109,graph,0.0,0.0,0.10025592893362045,0.0,0.0012757948134094477,9.999626814868426e-06,2
10110,graph,0.0,0.0,0.07308391481637955,0.0,0.001535350107587874,9.999619999015148e-06,2
10111,graph,0.0,0.0,0.0760754644870758,0.0,0.0013663435820490122,9.999613121486218e-06,2
10112,node,0.0,0.0006846415344625711,0.0,1.166498064994812,0.0,9.999606182281807e-06,2
10113,graph,0.0,0.0,0.059987638145685196,0.0,0.0013215932995080948,9.999599181402084e-06,2
10114,graph,0.0,0.0,0.07100571691989899,0.0,0.0015049225185066462,9.999592118847225e-06,2
10115,graph,0.0,0.0,0.08021442592144012,0.0,0.0008419918012805283,9.999584994617403e-06,2
10116,node,0.0,0.0003485836205072701,0.0,7.083736419677734,0.0,9.999577808712793e-06,2
10117,graph,0.0,0.0,0.10044936835765839,0.0,0.0013070069253444672,9.99957056113357e-06,2
10118,graph,0.0,0.0,0.06419620662927628,0.0,0.0014154685195535421,9.999563251879918e-06,2
10119,graph,0.0,0.0,0.07026734203100204,0.0,0.0021568620577454567,9.999555880952016e-06,2
10120,node,0.0,0.0005051359767094254,0.0,23.78202247619629,0.0,9.999548448350044e-06,2
10121,graph,0.0,0.0,0.07721327990293503,0.0,0.0013455557636916637,9.999540954074186e-06,2
10122,graph,0.0,0.0,0.12281656265258789,0.0,0.001464177155867219,9.999533398124626e-06,2
10123,graph,0.0,0.0,0.1201162189245224,0.0,0.0011170072248205543,9.999525780501553e-06,2
10124,node,0.0,0.0004238106484990567,0.0,2.138050079345703,0.0,9.999518101205154e-06,2
10125,graph,0.0,0.0,0.09824120998382568,0.0,0.0013374118134379387,9.999510360235618e-06,2
10126,graph,0.0,0.0,0.08283143490552902,0.0,0.0016540930373594165,9.999502557593136e-06,2
10127,graph,0.0,0.0,0.12951183319091797,0.0,0.0015017976984381676,9.9994946932779e-06,2
10128,node,0.0,0.00050328578799963,0.0,0.13020187616348267,0.0,9.999486767290104e-06,2
10129,graph,0.0,0.0,0.10474348813295364,0.0,0.0016351258382201195,9.999478779629946e-06,2
10130,graph,0.0,0.0,0.07463712990283966,0.0,0.0014264301862567663,9.99947073029762e-06,2
10131,graph,0.0,0.0,0.1252957433462143,0.0,0.001360072405077517,9.999462619293326e-06,2
10132,node,0.0,0.0005047720624133945,0.0,0.9655547738075256,0.0,9.999454446617263e-06,2
10133,graph,0.0,0.0,0.13356909155845642,0.0,0.001853058929555118,9.999446212269635e-06,2
10134,graph,0.0,0.0,0.11222084611654282,0.0,0.0020913819316774607,9.999437916250642e-06,2
10135,graph,0.0,0.0,0.07959695160388947,0.0,0.0014140792191028595,9.999429558560492e-06,2
10136,node,0.0,0.00042245042277500033,0.0,5.292298793792725,0.0,9.99942113919939e-06,2
10137,graph,0.0,0.0,0.09494228661060333,0.0,0.0014848806895315647,9.999412658167543e-06,2
10138,graph,0.0,0.0,0.12673087418079376,0.0,0.0014907305594533682,9.999404115465162e-06,2
10139,graph,0.0,0.0,0.09155214577913284,0.0,0.0018619367619976401,9.999395511092454e-06,2
10140,node,0.0,0.0004286777984816581,0.0,4.819301605224609,0.0,9.999386845049636e-06,2
10141,graph,0.0,0.0,0.07833075523376465,0.0,0.0016555421752855182,9.999378117336919e-06,2
10142,graph,0.0,0.0,0.07948799431324005,0.0,0.0016655796207487583,9.999369327954518e-06,2
10143,graph,0.0,0.0,0.08194205164909363,0.0,0.0016473749419674277,9.999360476902651e-06,2
10144,node,0.0,0.0005145593313500285,0.0,1.105283260345459,0.0,9.999351564181537e-06,2
10145,graph,0.0,0.0,0.07141435146331787,0.0,0.0014534273650497198,9.999342589791395e-06,2
10146,graph,0.0,0.0,0.07452425360679626,0.0,0.0013222679262980819,9.999333553732446e-06,2
10147,graph,0.0,0.0,0.15420451760292053,0.0,0.003312806598842144,9.999324456004914e-06,2
10148,node,0.0,0.0004992762114852667,0.0,1.7989007234573364,0.0,9.999315296609022e-06,2
10149,graph,0.0,0.0,0.09968648850917816,0.0,0.0019168000435456634,9.999306075544999e-06,2
10150,graph,0.0,0.0,0.06706634163856506,0.0,0.0016513681039214134,9.99929679281307e-06,2
10151,graph,0.0,0.0,0.15104596316814423,0.0,0.2668856680393219,9.999287448413464e-06,2
10152,node,0.0,0.000378240249119699,0.0,0.32241666316986084,0.0,9.999278042346413e-06,2
10153,graph,0.0,0.0,0.07757602632045746,0.0,0.0011896007927134633,9.999268574612147e-06,2
10154,graph,0.0,0.0,0.07488487660884857,0.0,0.0013973667519167066,9.9992590452109e-06,2
10155,graph,0.0,0.0,0.07366853952407837,0.0,0.0014987951144576073,9.99924945414291e-06,2
10156,node,0.0,0.0005329565028659999,0.0,0.8884232640266418,0.0,9.99923980140841e-06,2
10157,graph,0.0,0.0,0.06308691948652267,0.0,0.0013341703452169895,9.99923008700764e-06,2
10158,graph,0.0,0.0,0.0859706699848175,0.0,0.0012511203531175852,9.99922031094084e-06,2
10159,graph,0.0,0.0,0.10113302618265152,0.0,0.001392316771671176,9.99921047320825e-06,2
10160,node,0.0,0.0007438620086759329,0.0,0.26379090547561646,0.0,9.999200573810114e-06,2
10161,graph,0.0,0.0,0.09261950105428696,0.0,0.0012434496311470866,9.999190612746677e-06,2
10162,graph,0.0,0.0,0.12627388536930084,0.0,0.0017116466769948602,9.999180590018182e-06,2
10163,graph,0.0,0.0,0.1285003423690796,0.0,0.00170470355078578,9.999170505624878e-06,2
10164,node,0.0,0.0003418163978494704,0.0,4.138985633850098,0.0,9.999160359567014e-06,2
10165,graph,0.0,0.0,0.09667514264583588,0.0,0.0014515280490741134,9.99915015184484e-06,2
10166,graph,0.0,0.0,0.08575700223445892,0.0,0.001453464268706739,9.999139882458607e-06,2
10167,graph,0.0,0.0,0.1259021908044815,0.0,0.00192625995259732,9.999129551408569e-06,2
10168,node,0.0,0.00039602775359526277,0.0,0.1508086621761322,0.0,9.999119158694981e-06,2
10169,graph,0.0,0.0,0.09649726748466492,0.0,0.0011314509902149439,9.9991087043181e-06,2
10170,graph,0.0,0.0,0.06709381192922592,0.0,0.001327974139712751,9.999098188278184e-06,2
10171,graph,0.0,0.0,0.10890784859657288,0.0,0.0014136654790490866,9.99908761057549e-06,2
10172,node,0.0,0.0005964827141724527,0.0,4.668520450592041,0.0,9.999076971210283e-06,2
10173,graph,0.0,0.0,0.07037563621997833,0.0,0.0011980183189734817,9.999066270182823e-06,2
10174,graph,0.0,0.0,0.0725461095571518,0.0,0.0020889441948384047,9.999055507493374e-06,2
10175,graph,0.0,0.0,0.08456722646951675,0.0,0.0011766533134505153,9.999044683142201e-06,2
10176,node,0.0,0.0004733398964162916,0.0,5.381784439086914,0.0,9.999033797129573e-06,2
10177,graph,0.0,0.0,0.11482082307338715,0.0,0.001926875556819141,9.999022849455758e-06,2
10178,graph,0.0,0.0,0.0790078341960907,0.0,0.0016584723489359021,9.999011840121027e-06,2
10179,graph,0.0,0.0,0.10266748815774918,0.0,0.00221543968655169,9.999000769125649e-06,2
10180,node,0.0,0.0004944094107486308,0.0,0.2514033019542694,0.0,9.998989636469898e-06,2
10181,graph,0.0,0.0,0.05322163179516792,0.0,0.0011633578687906265,9.99897844215405e-06,2
10182,graph,0.0,0.0,0.08304956555366516,0.0,0.0011376994661986828,9.99896718617838e-06,2
10183,graph,0.0,0.0,0.08424453437328339,0.0,0.001070199767127633,9.998955868543167e-06,2
10184,node,0.0,0.0004211222694721073,0.0,0.14307533204555511,0.0,9.998944489248689e-06,2
10185,graph,0.0,0.0,0.0797751396894455,0.0,0.0013231333578005433,9.998933048295227e-06,2
10186,graph,0.0,0.0,0.0875421017408371,0.0,0.0013459395850077271,9.998921545683064e-06,2
10187,graph,0.0,0.0,0.09449153393507004,0.0,0.001744230161421001,9.998909981412483e-06,2
10188,node,0.0,0.0004218889807816595,0.0,0.09482094645500183,0.0,9.998898355483771e-06,2
10189,graph,0.0,0.0,0.08544620871543884,0.0,0.002109321067109704,9.998886667897214e-06,2
10190,graph,0.0,0.0,0.09767557680606842,0.0,0.0015348169254139066,9.998874918653099e-06,2
10191,graph,0.0,0.0,0.10346086323261261,0.0,0.0009159606415778399,9.998863107751717e-06,2
10192,node,0.0,0.00045978138223290443,0.0,1.127495527267456,0.0,9.998851235193361e-06,2
10193,graph,0.0,0.0,0.07998952269554138,0.0,0.001127668539993465,9.998839300978321e-06,2
10194,graph,0.0,0.0,0.06709206104278564,0.0,0.001437589293345809,9.998827305106892e-06,2
10195,graph,0.0,0.0,0.09957128763198853,0.0,0.001544249476864934,9.998815247579371e-06,2
10196,node,0.0,0.000449700397439301,0.0,4.989321708679199,0.0,9.998803128396054e-06,2
10197,graph,0.0,0.0,0.0843750536441803,0.0,0.0015504774637520313,9.998790947557243e-06,2
10198,graph,0.0,0.0,0.09425727277994156,0.0,0.0010602655820548534,9.998778705063235e-06,2
10199,graph,0.0,0.0,0.10451415181159973,0.0,0.0016343106981366873,9.998766400914335e-06,2
10200,node,1.368052363395691,0.00047434214502573013,0.0,1.3675780296325684,0.0,9.998754035110845e-06,3
10201,graph,0.08550898730754852,0.0,0.08418697118759155,0.0,0.0013220187975093722,9.99874160765307e-06,3
10202,graph,0.09624005109071732,0.0,0.09486649930477142,0.0,0.0013735498068854213,9.998729118541318e-06,3
10203,graph,0.08636602759361267,0.0,0.0848986953496933,0.0,0.0014673297991976142,9.998716567775897e-06,3
10204,node,0.3899326026439667,0.0005317217437550426,0.0,0.3894008696079254,0.0,9.998703955357116e-06,3
10205,graph,0.08655265718698502,0.0,0.08531301468610764,0.0,0.0012396429665386677,9.998691281285286e-06,3
10206,graph,0.12660245597362518,0.0,0.12524503469467163,0.0,0.001357424072921276,9.99867854556072e-06,3
10207,graph,0.11565949022769928,0.0,0.11392204463481903,0.0,0.0017374466406181455,9.998665748183732e-06,3
10208,node,4.57438325881958,0.0005073674255982041,0.0,4.573875904083252,0.0,9.998652889154637e-06,3
10209,graph,0.07670573145151138,0.0,0.07538450509309769,0.0,0.0013212264748290181,9.998639968473754e-06,3
10210,graph,0.06146014481782913,0.0,0.060032930225133896,0.0,0.0014272129628807306,9.998626986141403e-06,3
10211,graph,0.11295831948518753,0.0,0.1116168424487114,0.0,0.001341475173830986,9.9986139421579e-06,3
10212,node,1.3918614387512207,0.00043829777860082686,0.0,1.3914231061935425,0.0,9.99860083652357e-06,3
10213,graph,0.08068078756332397,0.0,0.07941839098930359,0.0,0.001262395060621202,9.998587669238735e-06,3
10214,graph,0.13458018004894257,0.0,0.13311699032783508,0.0,0.0014631864614784718,9.99857444030372e-06,3
10215,graph,0.07331112027168274,0.0,0.07178520411252975,0.0,0.001525912550278008,9.998561149718853e-06,3
10216,node,1.134296178817749,0.00044856095337308943,0.0,1.1338475942611694,0.0,9.998547797484462e-06,3
10217,graph,0.10002034902572632,0.0,0.09844282269477844,0.0,0.0015775286592543125,9.998534383600875e-06,3
10218,graph,0.09473247081041336,0.0,0.09336812794208527,0.0,0.0013643413549289107,9.998520908068421e-06,3
10219,graph,0.10619817674160004,0.0,0.1050434559583664,0.0,0.0011547231115400791,9.998507370887437e-06,3
10220,node,0.1170576736330986,0.00040538638131693006,0.0,0.11665228754281998,0.0,9.998493772058253e-06,3
10221,graph,0.09663999825716019,0.0,0.09471459686756134,0.0,0.0019254013895988464,9.998480111581207e-06,3
10222,graph,0.11442729085683823,0.0,0.11292237043380737,0.0,0.0015049208886921406,9.998466389456635e-06,3
10223,graph,0.07438380271196365,0.0,0.07259497046470642,0.0,0.0017888303846120834,9.998452605684876e-06,3
10224,node,1.6716557741165161,0.000421849632402882,0.0,1.671233892440796,0.0,9.99843876026627e-06,3
10225,graph,0.09054066240787506,0.0,0.08888430148363113,0.0,0.001656359643675387,9.99842485320116e-06,3
10226,graph,0.09379507601261139,0.0,0.09246590733528137,0.0,0.0013291719369590282,9.998410884489886e-06,3
10227,graph,0.0862526223063469,0.0,0.08513690531253815,0.0,0.0011157193221151829,9.998396854132796e-06,3
10228,node,1.0663353204727173,0.0006112433038651943,0.0,1.0657241344451904,0.0,9.998382762130234e-06,3
10229,graph,0.11785336583852768,0.0,0.1166778951883316,0.0,0.0011754692532122135,9.998368608482548e-06,3
10230,graph,0.08738048374652863,0.0,0.08613407611846924,0.0,0.0012464042520150542,9.998354393190088e-06,3
10231,graph,0.08561293035745621,0.0,0.08411090075969696,0.0,0.0015020298305898905,9.998340116253205e-06,3
10232,node,1.543092131614685,0.0004924663808196783,0.0,1.5425996780395508,0.0,9.998325777672249e-06,3
10233,graph,0.07914288341999054,0.0,0.07702253758907318,0.0,0.0021203437354415655,9.998311377447577e-06,3
10234,graph,0.07205018401145935,0.0,0.07023336738348007,0.0,0.0018168187234550714,9.998296915579542e-06,3
10235,graph,0.09421949833631516,0.0,0.09293593466281891,0.0,0.00128356518689543,9.998282392068501e-06,3
10236,node,2.5244438648223877,0.00033459774567745626,0.0,2.524109363555908,0.0,9.998267806914814e-06,3
10237,graph,0.11876160651445389,0.0,0.11689276993274689,0.0,0.00186883972492069,9.99825316011884e-06,3
10238,graph,0.09038030356168747,0.0,0.0884159654378891,0.0,0.001964335795491934,9.998238451680938e-06,3
10239,graph,0.09984691441059113,0.0,0.0974319726228714,0.0,0.0024149410892277956,9.998223681601475e-06,3
10240,node,6.6105451583862305,0.000570460339076817,0.0,6.6099748611450195,0.0,9.998208849880813e-06,3
10241,graph,0.10209556668996811,0.0,0.1001003161072731,0.0,0.0019952484872192144,9.99819395651932e-06,3
10242,graph,0.09207167476415634,0.0,0.09051878750324249,0.0,0.0015528894728049636,9.998179001517359e-06,3
10243,graph,0.08727313578128815,0.0,0.08573861420154572,0.0,0.0015345221618190408,9.998163984875304e-06,3
10244,node,0.3169248700141907,0.0005915046203881502,0.0,0.3163333535194397,0.0,9.998148906593522e-06,3
10245,graph,0.09376636147499084,0.0,0.09234368801116943,0.0,0.0014226763742044568,9.998133766672387e-06,3
10246,graph,0.11125940084457397,0.0,0.10977530479431152,0.0,0.001484094769693911,9.998118565112272e-06,3
10247,graph,0.07515545189380646,0.0,0.07351933419704437,0.0,0.0016361142043024302,9.998103301913554e-06,3
10248,node,0.7749987244606018,0.000449402432423085,0.0,0.7745493054389954,0.0,9.998087977076607e-06,3
10249,graph,0.1074201837182045,0.0,0.10616043955087662,0.0,0.0012597475433722138,9.99807259060181e-06,3
10250,graph,0.09670282900333405,0.0,0.09487234055995941,0.0,0.0018304871628060937,9.998057142489542e-06,3
10251,graph,0.07790839672088623,0.0,0.07703497260808945,0.0,0.0008734219591133296,9.998041632740185e-06,3
10252,node,0.23518133163452148,0.00043693423504009843,0.0,0.23474439978599548,0.0,9.998026061354121e-06,3
10253,graph,0.07476337254047394,0.0,0.07313041388988495,0.0,0.0016329580685123801,9.998010428331734e-06,3
10254,graph,0.07147517055273056,0.0,0.07008315622806549,0.0,0.0013920149067416787,9.997994733673412e-06,3
10255,graph,0.09025944024324417,0.0,0.08847533911466599,0.0,0.001784097752533853,9.997978977379539e-06,3
10256,node,2.546035051345825,0.0005428158910945058,0.0,2.545492172241211,0.0,9.997963159450507e-06,3
10257,graph,0.0839390754699707,0.0,0.08237519860267639,0.0,0.0015638771001249552,9.997947279886703e-06,3
10258,graph,0.08914648741483688,0.0,0.08778682351112366,0.0,0.0013596633216366172,9.997931338688519e-06,3
10259,graph,0.07793375104665756,0.0,0.07611265778541565,0.0,0.0018210967537015676,9.997915335856352e-06,3
10260,node,0.8146719336509705,0.00044636469101533294,0.0,0.8142255544662476,0.0,9.997899271390595e-06,3
10261,graph,0.08165416866540909,0.0,0.07998906075954437,0.0,0.0016651054611429572,9.997883145291644e-06,3
10262,graph,0.06469565629959106,0.0,0.06355522572994232,0.0,0.0011404338292777538,9.997866957559896e-06,3
10263,graph,0.08765502274036407,0.0,0.0860169529914856,0.0,0.001638067071326077,9.997850708195751e-06,3
10264,node,0.16020631790161133,0.0003859857970383018,0.0,0.1598203331232071,0.0,9.997834397199611e-06,3
10265,graph,0.08374585956335068,0.0,0.0825553610920906,0.0,0.0011904974235221744,9.997818024571877e-06,3
10266,graph,0.10636414587497711,0.0,0.1047133281826973,0.0,0.0016508179251104593,9.997801590312955e-06,3
10267,graph,0.06935660541057587,0.0,0.0680045336484909,0.0,0.0013520725769922137,9.997785094423249e-06,3
10268,node,0.9497663974761963,0.0004809345700778067,0.0,0.9492854475975037,0.0,9.997768536903165e-06,3
10269,graph,0.06348583847284317,0.0,0.062146976590156555,0.0,0.0013388623483479023,9.997751917753114e-06,3
10270,graph,0.10441502928733826,0.0,0.10195817053318024,0.0,0.0024568613152951,9.997735236973505e-06,3
10271,graph,0.11230204254388809,0.0,0.1111234501004219,0.0,0.0011785952374339104,9.997718494564749e-06,3
10272,node,1.0750784873962402,0.0004422867204993963,0.0,1.0746362209320068,0.0,9.99770169052726e-06,3
10273,graph,0.21186603605747223,0.0,0.20989878475666046,0.0,0.001967248972505331,9.99768482486145e-06,3
10274,graph,0.12243661284446716,0.0,0.12101822346448898,0.0,0.0014183877501636744,9.99766789756774e-06,3
10275,graph,0.07248298823833466,0.0,0.07112003862857819,0.0,0.0013629486784338951,9.997650908646545e-06,3
10276,node,0.7396038174629211,0.0006372707430273294,0.0,0.7389665246009827,0.0,9.997633858098282e-06,3
10277,graph,0.0763358473777771,0.0,0.07503851503133774,0.0,0.0012973296688869596,9.997616745923374e-06,3
10278,graph,0.15275992453098297,0.0,0.15072670578956604,0.0,0.0020332145504653454,9.997599572122242e-06,3
10279,graph,0.08371289074420929,0.0,0.0819074884057045,0.0,0.0018054035026580095,9.997582336695313e-06,3
10280,node,1.849793553352356,0.00045478393440134823,0.0,1.8493387699127197,0.0,9.99756503964301e-06,3
10281,graph,0.05526161193847656,0.0,0.054009199142456055,0.0,0.001252414076589048,9.99754768096576e-06,3
10282,graph,0.10098195821046829,0.0,0.09937135875225067,0.0,0.0016105985268950462,9.99753026066399e-06,3
10283,graph,0.08653358370065689,0.0,0.0850016251206398,0.0,0.0015319602098315954,9.997512778738132e-06,3
10284,node,0.5549269914627075,0.00039241276681423187,0.0,0.5545345544815063,0.0,9.997495235188615e-06,3
10285,graph,0.22848005592823029,0.0,0.22682896256446838,0.0,0.0016510941786691546,9.997477630015873e-06,3
10286,graph,0.08668418228626251,0.0,0.08544160425662994,0.0,0.00124257686547935,9.997459963220343e-06,3
10287,graph,0.06977777183055878,0.0,0.0687452182173729,0.0,0.0010325550101697445,9.997442234802458e-06,3
10288,node,0.1336267590522766,0.00047849019756540656,0.0,0.13314826786518097,0.0,9.997424444762654e-06,3
10289,graph,0.08326655626296997,0.0,0.08147376775741577,0.0,0.0017927853623405099,9.997406593101374e-06,3
10290,graph,0.14979204535484314,0.0,0.1489381492137909,0.0,0.0008538987021893263,9.997388679819056e-06,3
10291,graph,0.0899384468793869,0.0,0.08871658891439438,0.0,0.0012218584306538105,9.997370704916141e-06,3
10292,node,0.11193499714136124,0.0003362010756973177,0.0,0.11159879714250565,0.0,9.997352668393074e-06,3
10293,graph,0.08404610306024551,0.0,0.08258671313524246,0.0,0.00145939108915627,9.997334570250301e-06,3
10294,graph,0.06222398579120636,0.0,0.060502395033836365,0.0,0.0017215919215232134,9.997316410488267e-06,3
10295,graph,0.10300644487142563,0.0,0.10088380426168442,0.0,0.0021226441022008657,9.997298189107422e-06,3
10296,node,1.5338371992111206,0.00028511614073067904,0.0,1.5335520505905151,0.0,9.997279906108212e-06,3
10297,graph,0.07610040158033371,0.0,0.0748555064201355,0.0,0.001244892948307097,9.997261561491092e-06,3
10298,graph,0.09792807698249817,0.0,0.09625276178121567,0.0,0.0016753158997744322,9.997243155256512e-06,3
10299,graph,0.07293177396059036,0.0,0.07158751785755157,0.0,0.001344254589639604,9.997224687404927e-06,3
10300,node,2.724067449569702,0.0004708293708972633,0.0,2.7235965728759766,0.0,9.99720615793679e-06,3
10301,graph,0.06429221481084824,0.0,0.06294633448123932,0.0,0.0013458824250847101,9.997187566852566e-06,3
10302,graph,0.07914901524782181,0.0,0.07748819142580032,0.0,0.0016608259174972773,9.997168914152704e-06,3
10303,graph,0.09843198210000992,0.0,0.09701579809188843,0.0,0.0014161852886900306,9.99715019983767e-06,3
10304,node,1.2955284118652344,0.0005143788293935359,0.0,1.2950140237808228,0.0,9.997131423907926e-06,3
10305,graph,0.09752821177244186,0.0,0.09554271399974823,0.0,0.0019854996353387833,9.997112586363934e-06,3
10306,graph,0.0927942767739296,0.0,0.09142136573791504,0.0,0.0013729110360145569,9.997093687206159e-06,3
10307,graph,0.06965150684118271,0.0,0.06807643175125122,0.0,0.001575075788423419,9.997074726435066e-06,3
10308,node,0.3492443561553955,0.000426814251113683,0.0,0.34881752729415894,0.0,9.997055704051124e-06,3
10309,graph,0.1050412729382515,0.0,0.10392855107784271,0.0,0.0011127212783321738,9.997036620054803e-06,3
10310,graph,0.06667966395616531,0.0,0.0652216449379921,0.0,0.0014580180868506432,9.997017474446572e-06,3
10311,graph,0.07704471796751022,0.0,0.07585284858942032,0.0,0.0011918693780899048,9.996998267226905e-06,3
10312,node,47.45851135253906,0.0006785216392017901,0.0,47.45783233642578,0.0,9.996978998396274e-06,3
10313,graph,0.09697030484676361,0.0,0.09546423703432083,0.0,0.0015060704899951816,9.996959667955156e-06,3
10314,graph,0.12171377241611481,0.0,0.1193506270647049,0.0,0.0023631430231034756,9.99694027590403e-06,3
10315,graph,0.08548702299594879,0.0,0.0835455134510994,0.0,0.0019415076822042465,9.996920822243372e-06,3
10316,node,6.4553704261779785,0.0004999059601686895,0.0,6.454870700836182,0.0,9.99690130697366e-06,3
10317,graph,0.06070869415998459,0.0,0.05883876234292984,0.0,0.0018699312349781394,9.996881730095379e-06,3
10318,graph,0.09238158911466599,0.0,0.09077228605747223,0.0,0.001609301776625216,9.99686209160901e-06,3
10319,graph,0.0933666005730629,0.0,0.09216117113828659,0.0,0.0012054290855303407,9.99684239151504e-06,3
10320,node,0.1308385580778122,0.0004445271333679557,0.0,0.13039402663707733,0.0,9.996822629813954e-06,3
10321,graph,0.0779590830206871,0.0,0.0769902765750885,0.0,0.0009688094141893089,9.996802806506239e-06,3
10322,graph,0.1334194839000702,0.0,0.13156643509864807,0.0,0.0018530504312366247,9.996782921592383e-06,3
10323,graph,0.077140212059021,0.0,0.07616811245679855,0.0,0.0009720989619381726,9.996762975072878e-06,3
10324,node,1.3020422458648682,0.0003828863555099815,0.0,1.301659345626831,0.0,9.996742966948217e-06,3
10325,graph,0.11824215948581696,0.0,0.11654700338840485,0.0,0.0016951547004282475,9.996722897218893e-06,3
10326,graph,0.12983453273773193,0.0,0.1279769241809845,0.0,0.0018576130969449878,9.9967027658854e-06,3
10327,graph,0.056371286511421204,0.0,0.055525824427604675,0.0,0.0008454616763629019,9.996682572948235e-06,3
10328,node,0.07670758664608002,0.00048143757157959044,0.0,0.07622615247964859,0.0,9.996662318407897e-06,3
10329,graph,0.08551784604787827,0.0,0.08403240144252777,0.0,0.0014854478649795055,9.996642002264887e-06,3
10330,graph,0.10751862823963165,0.0,0.10610742121934891,0.0,0.0014112105127424002,9.996621624519704e-06,3
10331,graph,0.1075066402554512,0.0,0.1060648262500763,0.0,0.001441815635189414,9.996601185172852e-06,3
10332,node,3.900564193725586,0.0004888611729256809,0.0,3.9000754356384277,0.0,9.996580684224833e-06,3
10333,graph,0.07366269826889038,0.0,0.07235662639141083,0.0,0.001306070713326335,9.996560121676157e-06,3
10334,graph,0.09483154863119125,0.0,0.09339045733213425,0.0,0.001441091881133616,9.996539497527328e-06,3
10335,graph,0.07152251899242401,0.0,0.06990844756364822,0.0,0.0016140721272677183,9.996518811778856e-06,3
10336,node,4.62221097946167,0.0005981061258353293,0.0,4.621613025665283,0.0,9.996498064431251e-06,3
10337,graph,0.06543118506669998,0.0,0.06400434672832489,0.0,0.001426835311576724,9.996477255485027e-06,3
10338,graph,0.10160548985004425,0.0,0.1001950204372406,0.0,0.0014104715082794428,9.996456384940697e-06,3
10339,graph,0.06031135842204094,0.0,0.05938464775681496,0.0,0.00092671177117154,9.996435452798772e-06,3
10340,node,0.2236558496952057,0.00039521086728200316,0.0,0.22326064109802246,0.0,9.996414459059773e-06,3
10341,graph,0.10633228719234467,0.0,0.10451368987560272,0.0,0.0018185953376814723,9.996393403724216e-06,3
10342,graph,0.07186831533908844,0.0,0.07027370482683182,0.0,0.0015946089988574386,9.996372286792621e-06,3
10343,graph,0.07368938624858856,0.0,0.07266473770141602,0.0,0.0010246511083096266,9.996351108265509e-06,3
10344,node,5.408597469329834,0.0004933808231726289,0.0,5.408103942871094,0.0,9.996329868143403e-06,3
10345,graph,0.08754020184278488,0.0,0.08603501319885254,0.0,0.001505187712609768,9.996308566426825e-06,3
10346,graph,0.08992841094732285,0.0,0.08870024979114532,0.0,0.0012281599920243025,9.996287203116304e-06,3
10347,graph,0.11577266454696655,0.0,0.11454741656780243,0.0,0.0012252485612407327,9.996265778212363e-06,3
10348,node,0.4219173192977905,0.00035370985278859735,0.0,0.42156359553337097,0.0,9.996244291715533e-06,3
10349,graph,0.10473137348890305,0.0,0.10307057201862335,0.0,0.0016608011210337281,9.996222743626345e-06,3
10350,graph,0.09683576226234436,0.0,0.09525887668132782,0.0,0.0015768841840326786,9.996201133945328e-06,3
10351,graph,0.058718495070934296,0.0,0.057439424097537994,0.0,0.0012790701584890485,9.996179462673018e-06,3
10352,node,4.667800426483154,0.0003800557169597596,0.0,4.667420387268066,0.0,9.996157729809949e-06,3
10353,graph,0.09588076919317245,0.0,0.09482647478580475,0.0,0.0010542921954765916,9.996135935356657e-06,3
10354,graph,0.07346834987401962,0.0,0.07227581739425659,0.0,0.001192529802210629,9.996114079313679e-06,3
10355,graph,0.06557423621416092,0.0,0.06396874785423279,0.0,0.0016054847510531545,9.996092161681555e-06,3
10356,node,21.449928283691406,0.00035849769483320415,0.0,21.449569702148438,0.0,9.996070182460826e-06,3
10357,graph,0.0926545038819313,0.0,0.09124121069908142,0.0,0.0014132934156805277,9.996048141652034e-06,3
10358,graph,0.08422882109880447,0.0,0.08260419964790344,0.0,0.0016246205195784569,9.996026039255723e-06,3
10359,graph,0.11655906587839127,0.0,0.11529886722564697,0.0,0.0012601964408531785,9.996003875272438e-06,3
10360,node,1.2933508157730103,0.0005088973557576537,0.0,1.292841911315918,0.0,9.995981649702726e-06,3
10361,graph,0.10208692401647568,0.0,0.100847527384758,0.0,0.0012393976794555783,9.995959362547135e-06,3
10362,graph,0.09436260163784027,0.0,0.09290412068367004,0.0,0.0014584806049242616,9.995937013806215e-06,3
10363,graph,0.09047362208366394,0.0,0.08946719765663147,0.0,0.0010064258240163326,9.995914603480518e-06,3
10364,node,0.12443708628416061,0.00042618950828909874,0.0,0.12401089817285538,0.0,9.995892131570595e-06,3
10365,graph,0.10213391482830048,0.0,0.10070973634719849,0.0,0.0014241801109164953,9.995869598077005e-06,3
10366,graph,0.4167671203613281,0.0,0.15685996413230896,0.0,0.25990715622901917,9.995847003000301e-06,3
10367,graph,0.07270057499408722,0.0,0.07114578783512115,0.0,0.0015547906514257193,9.995824346341041e-06,3
10368,node,0.32342734932899475,0.0005220329039730132,0.0,0.3229053020477295,0.0,9.995801628099782e-06,3
10369,graph,0.08222372084856033,0.0,0.08039914071559906,0.0,0.001824578270316124,9.995778848277086e-06,3
10370,graph,0.07679042965173721,0.0,0.07520018517971039,0.0,0.001590247149579227,9.995756006873516e-06,3
10371,graph,0.08418384939432144,0.0,0.08318167924880981,0.0,0.00100217096041888,9.995733103889636e-06,3
10372,node,1.0072972774505615,0.00047481487854383886,0.0,1.0068224668502808,0.0,9.99571013932601e-06,3
10373,graph,0.16322457790374756,0.0,0.16214270889759064,0.0,0.0010818684240803123,9.995687113183205e-06,3
10374,graph,0.07003843039274216,0.0,0.06838013231754303,0.0,0.0016583007527515292,9.995664025461788e-06,3
10375,graph,0.07148130238056183,0.0,0.0688866525888443,0.0,0.0025946530513465405,9.99564087616233e-06,3
10376,node,0.15809260308742523,0.0004146227438468486,0.0,0.15767797827720642,0.0,9.9956176652854e-06,3
10377,graph,0.08088928461074829,0.0,0.07949001342058182,0.0,0.0013992699095979333,9.995594392831573e-06,3
10378,graph,0.09004296362400055,0.0,0.08834803104400635,0.0,0.0016949300188571215,9.995571058801424e-06,3
10379,graph,0.13015885651111603,0.0,0.12871739268302917,0.0,0.0014414646429941058,9.995547663195527e-06,3
10380,node,5.223701000213623,0.0003468446375336498,0.0,5.223354339599609,0.0,9.995524206014459e-06,3
10381,graph,0.0756511315703392,0.0,0.07391929626464844,0.0,0.0017318379832431674,9.995500687258799e-06,3
10382,graph,0.10034321248531342,0.0,0.09839126467704773,0.0,0.0019519475754350424,9.995477106929127e-06,3
10383,graph,0.08222855627536774,0.0,0.08083273470401764,0.0,0.001395817962475121,9.995453465026027e-06,3
10384,node,0.18263110518455505,0.0005384566611610353,0.0,0.18209265172481537,0.0,9.995429761550083e-06,3
10385,graph,0.0641261637210846,0.0,0.06284953653812408,0.0,0.0012766289291903377,9.995405996501875e-06,3
10386,graph,0.10471247881650925,0.0,0.1034514382481575,0.0,0.0012610378907993436,9.995382169881992e-06,3
10387,graph,0.08936552703380585,0.0,0.08846676349639893,0.0,0.0008987657492980361,9.995358281691023e-06,3
10388,node,19.781658172607422,0.00045954581582918763,0.0,19.781198501586914,0.0,9.995334331929554e-06,3
10389,graph,0.10566346347332001,0.0,0.10439914464950562,0.0,0.001264320919290185,9.99531032059818e-06,3
10390,graph,0.06917441636323929,0.0,0.06807464361190796,0.0,0.0010997714707627892,9.995286247697493e-06,3
10391,graph,0.06994062662124634,0.0,0.06873661279678345,0.0,0.0012040126603096724,9.995262113228085e-06,3
10392,node,3.656212091445923,0.0004379024321679026,0.0,3.6557741165161133,0.0,9.995237917190552e-06,3
10393,graph,0.11685390025377274,0.0,0.11474105715751648,0.0,0.0021128403022885323,9.995213659585492e-06,3
10394,graph,0.0843011662364006,0.0,0.08317804336547852,0.0,0.0011231197277083993,9.995189340413504e-06,3
10395,graph,0.11239344626665115,0.0,0.11120425164699554,0.0,0.0011891929898411036,9.995164959675187e-06,3
10396,node,6.018008232116699,0.0004225210577715188,0.0,6.017585754394531,0.0,9.99514051737114e-06,3
10397,graph,0.08585520088672638,0.0,0.08430555462837219,0.0,0.0015496474225074053,9.99511601350197e-06,3
10398,graph,0.0824291929602623,0.0,0.0810183510184288,0.0,0.0014108415925875306,9.99509144806828e-06,3
10399,graph,0.06881939619779587,0.0,0.06778545677661896,0.0,0.0010339414002373815,9.995066821070675e-06,3
10400,node,2.561610698699951,0.0004519584181252867,0.0,2.5611586570739746,0.0,9.995042132509765e-06,3
10401,graph,0.07161761075258255,0.0,0.07042114436626434,0.0,0.0011964691802859306,9.995017382386158e-06,3
10402,graph,0.058659035712480545,0.0,0.05725128576159477,0.0,0.0014077486703172326,9.994992570700466e-06,3
10403,graph,0.06402681022882462,0.0,0.062330372631549835,0.0,0.001696441089734435,9.994967697453298e-06,3
10404,node,0.22550849616527557,0.0003556250303518027,0.0,0.2251528650522232,0.0,9.99494276264527e-06,3
10405,graph,0.09189540147781372,0.0,0.09046734869480133,0.0,0.001428053597919643,9.994917766276997e-06,3
10406,graph,0.07874976098537445,0.0,0.07782651484012604,0.0,0.0009232430602423847,9.994892708349096e-06,3
10407,graph,0.06621360778808594,0.0,0.06491029262542725,0.0,0.0013033151626586914,9.994867588862185e-06,3
10408,node,0.25075116753578186,0.0003274091868661344,0.0,0.25042375922203064,0.0,9.994842407816883e-06,3
10409,graph,0.08983832597732544,0.0,0.0880470871925354,0.0,0.001791236805729568,9.994817165213813e-06,3
10410,graph,0.08694400638341904,0.0,0.08564841002225876,0.0,0.0012955990387126803,9.994791861053597e-06,3
10411,graph,0.08424722403287888,0.0,0.0827358141541481,0.0,0.0015114101115614176,9.99476649533686e-06,3
10412,node,3.202857255935669,0.00026717514265328646,0.0,3.202589988708496,0.0,9.994741068064227e-06,3
10413,graph,0.08084552735090256,0.0,0.07937728613615036,0.0,0.0014682423789054155,9.994715579236324e-06,3
10414,graph,0.06520583480596542,0.0,0.0635729506611824,0.0,0.00163288414478302,9.994690028853781e-06,3
10415,graph,0.12996701896190643,0.0,0.1288246065378189,0.0,0.001142418012022972,9.99466441691723e-06,3
10416,node,0.2630496025085449,0.00031143848900683224,0.0,0.2627381682395935,0.0,9.994638743427304e-06,3
10417,graph,0.06815335899591446,0.0,0.06661248207092285,0.0,0.0015408803010359406,9.994613008384633e-06,3
10418,graph,0.1006799265742302,0.0,0.09841720759868622,0.0,0.0022627171128988266,9.994587211789853e-06,3
10419,graph,0.0775674358010292,0.0,0.07603912055492401,0.0,0.001528313965536654,9.994561353643602e-06,3
10420,node,0.2882099449634552,0.00038026206311769783,0.0,0.2878296971321106,0.0,9.994535433946515e-06,3
10421,graph,0.06671647727489471,0.0,0.065178282558918,0.0,0.001538192736916244,9.994509452699234e-06,3
10422,graph,0.09928523004055023,0.0,0.09805182367563248,0.0,0.0012334032217040658,9.994483409902398e-06,3
10423,graph,0.09005408734083176,0.0,0.08834344893693924,0.0,0.001710636424832046,9.994457305556652e-06,3
10424,node,0.3578295409679413,0.0006559432367794216,0.0,0.3571735918521881,0.0,9.99443113966264e-06,3
10425,graph,0.09627718478441238,0.0,0.09493314474821091,0.0,0.0013440406182780862,9.994404912221006e-06,3
10426,graph,0.06348634511232376,0.0,0.06214897707104683,0.0,0.001337364548817277,9.9943786232324e-06,3
10427,graph,0.09387103468179703,0.0,0.09237661957740784,0.0,0.0014944138238206506,9.994352272697466e-06,3
10428,node,0.7743995785713196,0.00041324429912492633,0.0,0.7739863395690918,0.0,9.994325860616857e-06,3
10429,graph,0.12185721844434738,0.0,0.11986473202705383,0.0,0.001992488745599985,9.994299386991224e-06,3
10430,graph,0.08147037774324417,0.0,0.08024659752845764,0.0,0.0012237823102623224,9.994272851821221e-06,3
10431,graph,0.06262879073619843,0.0,0.06148046627640724,0.0,0.0011483279522508383,9.994246255107502e-06,3
10432,node,0.4536591172218323,0.0004889367846772075,0.0,0.45317018032073975,0.0,9.994219596850725e-06,3
10433,graph,0.09480921179056168,0.0,0.09331908077001572,0.0,0.0014901318354532123,9.994192877051546e-06,3
10434,graph,0.07722926884889603,0.0,0.07600027322769165,0.0,0.0012289928272366524,9.994166095710624e-06,3
10435,graph,0.1144910529255867,0.0,0.1133970320224762,0.0,0.0010940240463241935,9.994139252828621e-06,3
10436,node,0.0434756837785244,0.0002648202935233712,0.0,0.04321086406707764,0.0,9.994112348406199e-06,3
10437,graph,0.08878752589225769,0.0,0.0868111252784729,0.0,0.001976402709260583,9.994085382444021e-06,3
10438,graph,0.07613912969827652,0.0,0.07469774782657623,0.0,0.0014413818717002869,9.994058354942753e-06,3
10439,graph,0.08360999822616577,0.0,0.08244666457176208,0.0,0.0011633310932666063,9.99403126590306e-06,3
10440,node,4.5589213371276855,0.0004100244550500065,0.0,4.558511257171631,0.0,9.994004115325615e-06,3
10441,graph,0.08649975806474686,0.0,0.08515222370624542,0.0,0.001347532495856285,9.993976903211083e-06,3
10442,graph,0.10561148822307587,0.0,0.1035296618938446,0.0,0.0020818286575376987,9.993949629560138e-06,3
10443,graph,0.09647911041975021,0.0,0.09471675008535385,0.0,0.0017623576568439603,9.993922294373454e-06,3
10444,node,1.2808257341384888,0.00033252505818381906,0.0,1.2804932594299316,0.0,9.993894897651704e-06,3
10445,graph,0.09801357239484787,0.0,0.09624601155519485,0.0,0.0017675593262538314,9.993867439395562e-06,3
10446,graph,0.2497963011264801,0.0,0.2468465268611908,0.0,0.0029497777577489614,9.99383991960571e-06,3
10447,graph,0.08775696903467178,0.0,0.08589363098144531,0.0,0.001863341312855482,9.993812338282823e-06,3
10448,node,0.04704061150550842,0.0005042115226387978,0.0,0.0465364009141922,0.0,9.993784695427582e-06,3
10449,graph,0.09315425902605057,0.0,0.09151332080364227,0.0,0.001640934613533318,9.993756991040673e-06,3
10450,graph,0.14555644989013672,0.0,0.14307527244091034,0.0,0.0024811807088553905,9.993729225122775e-06,3
10451,graph,0.06605519354343414,0.0,0.06434620171785355,0.0,0.0017089894972741604,9.993701397674574e-06,3
10452,node,1.358999490737915,0.0004674587107729167,0.0,1.3585320711135864,0.0,9.993673508696758e-06,3
10453,graph,0.0927475169301033,0.0,0.09078165888786316,0.0,0.0019658596720546484,9.993645558190015e-06,3
10454,graph,0.07009340822696686,0.0,0.06862281262874603,0.0,0.001470595016144216,9.993617546155034e-06,3
10455,graph,0.08464818447828293,0.0,0.08315439522266388,0.0,0.001493786578066647,9.993589472592507e-06,3
10456,node,0.8794281482696533,0.00040127558168023825,0.0,0.8790268898010254,0.0,9.993561337503126e-06,3
10457,graph,0.0656982883810997,0.0,0.0645531415939331,0.0,0.0011451435275375843,9.993533140887585e-06,3
10458,graph,0.08205585926771164,0.0,0.08087967336177826,0.0,0.0011761854402720928,9.99350488274658e-06,3
10459,graph,0.08723294734954834,0.0,0.08572404831647873,0.0,0.0015088955406099558,9.993476563080808e-06,3
10460,node,0.19677768647670746,0.0004925599205307662,0.0,0.19628512859344482,0.0,9.993448181890967e-06,3
10461,graph,0.07186445593833923,0.0,0.07067083567380905,0.0,0.0011936170049011707,9.993419739177759e-06,3
10462,graph,0.07333283126354218,0.0,0.07221764326095581,0.0,0.001115187187679112,9.993391234941885e-06,3
10463,graph,0.07818038761615753,0.0,0.07662731409072876,0.0,0.0015530729433521628,9.993362669184047e-06,3
10464,node,1.8995773792266846,0.0005193021497689188,0.0,1.8990581035614014,0.0,9.993334041904954e-06,3
10465,graph,0.0873231291770935,0.0,0.08569057285785675,0.0,0.0016325563192367554,9.993305353105306e-06,3
10466,graph,0.0894545167684555,0.0,0.08743548393249512,0.0,0.0020190326031297445,9.993276602785815e-06,3
10467,graph,0.09389321506023407,0.0,0.09267456084489822,0.0,0.0012186550302430987,9.993247790947192e-06,3
10468,node,0.10200440138578415,0.00044785920181311667,0.0,0.10155653953552246,0.0,9.993218917590145e-06,3
10469,graph,0.07675140351057053,0.0,0.07577357441186905,0.0,0.0009778289822861552,9.993189982715387e-06,3
10470,graph,0.07147346436977386,0.0,0.07021832466125488,0.0,0.001255137613043189,9.993160986323633e-06,3
10471,graph,0.13944602012634277,0.0,0.13794708251953125,0.0,0.0014989421470090747,9.993131928415597e-06,3
10472,node,0.16722173988819122,0.00046509341336786747,0.0,0.16675664484500885,0.0,9.993102808991996e-06,3
10473,graph,0.1060997024178505,0.0,0.1041780561208725,0.0,0.001921647461131215,9.993073628053548e-06,3
10474,graph,0.06814242154359818,0.0,0.06691348552703857,0.0,0.0012289338046684861,9.993044385600976e-06,3
10475,graph,0.11802545934915543,0.0,0.11670424044132233,0.0,0.0013212172780185938,9.993015081635e-06,3
10476,node,1.50515615940094,0.0004309568030294031,0.0,1.5047252178192139,0.0,9.992985716156341e-06,3
10477,graph,0.0788184180855751,0.0,0.077538400888443,0.0,0.0012800199910998344,9.992956289165725e-06,3
10478,graph,0.08470829576253891,0.0,0.08304698765277863,0.0,0.0016613112529739738,9.992926800663878e-06,3
10479,graph,0.09671366214752197,0.0,0.09518662095069885,0.0,0.0015270408475771546,9.992897250651529e-06,3
10480,node,3.4047739505767822,0.0005309192347340286,0.0,3.404242992401123,0.0,9.992867639129405e-06,3
10481,graph,0.0882318988442421,0.0,0.08683209121227264,0.0,0.001399808912537992,9.992837966098239e-06,3
10482,graph,0.0700918585062027,0.0,0.0685013085603714,0.0,0.0015905526233837008,9.99280823155876e-06,3
10483,graph,0.07379420846700668,0.0,0.07249892503023148,0.0,0.0012952834367752075,9.992778435511704e-06,3
10484,node,1.2446846961975098,0.0003440584405325353,0.0,1.2443406581878662,0.0,9.992748577957805e-06,3
10485,graph,0.0629282221198082,0.0,0.061982981860637665,0.0,0.0009452397935092449,9.992718658897801e-06,3
10486,graph,0.0740651786327362,0.0,0.07235993444919586,0.0,0.0017052422044798732,9.99268867833243e-06,3
10487,graph,0.9679690599441528,0.0,0.9664404392242432,0.0,0.0015286385314539075,9.99265863626243e-06,3
10488,node,0.1761132776737213,0.00046779715921729803,0.0,0.17564548552036285,0.0,9.992628532688546e-06,3
10489,graph,0.06388703733682632,0.0,0.06213400512933731,0.0,0.0017530309269204736,9.992598367611516e-06,3
10490,graph,0.07831430435180664,0.0,0.07690417021512985,0.0,0.0014101347187533975,9.992568141032086e-06,3
10491,graph,0.05990198627114296,0.0,0.05855307728052139,0.0,0.0013489087577909231,9.992537852951003e-06,3
10492,node,0.23422931134700775,0.0003839177079498768,0.0,0.23384539783000946,0.0,9.992507503369014e-06,3
10493,graph,0.08334214240312576,0.0,0.0821748748421669,0.0,0.0011672675609588623,9.992477092286869e-06,3
10494,graph,0.1030423566699028,0.0,0.1009850949048996,0.0,0.0020572608336806297,9.992446619705315e-06,3
10495,graph,0.10365349054336548,0.0,0.102323979139328,0.0,0.001329507795162499,9.992416085625107e-06,3
10496,node,1.5601469278335571,0.0005155985709279776,0.0,1.55963134765625,0.0,9.992385490046997e-06,3
10497,graph,0.09128527343273163,0.0,0.09052177518606186,0.0,0.0007634970243088901,9.99235483297174e-06,3
10498,graph,0.0933511033654213,0.0,0.09229275584220886,0.0,0.0010583496186882257,9.992324114400092e-06,3
10499,graph,0.07064298540353775,0.0,0.06935949623584747,0.0,0.0012834889348596334,9.992293334332812e-06,3
10500,node,0.1697622835636139,0.00047158324741758406,0.0,0.1692907065153122,0.0,9.992262492770658e-06,3
10501,graph,0.10959837585687637,0.0,0.108163982629776,0.0,0.0014343964867293835,9.992231589714394e-06,3
10502,graph,0.09598059207201004,0.0,0.09503228962421417,0.0,0.0009482987807132304,9.99220062516478e-06,3
10503,graph,0.08910141885280609,0.0,0.08680005371570587,0.0,0.0023013646714389324,9.99216959912258e-06,3
10504,node,55.278411865234375,0.0004366371431387961,0.0,55.277976989746094,0.0,9.99213851158856e-06,3
10505,graph,0.0800459161400795,0.0,0.07870098948478699,0.0,0.0013449247926473618,9.992107362563486e-06,3
10506,graph,0.07569482922554016,0.0,0.07446321099996567,0.0,0.0012316207867115736,9.99207615204813e-06,3
10507,graph,0.08374562859535217,0.0,0.0823126882314682,0.0,0.001432938501238823,9.992044880043258e-06,3
10508,node,1.112052321434021,0.0004436940071173012,0.0,1.111608624458313,0.0,9.992013546549643e-06,3
10509,graph,0.08568431437015533,0.0,0.08438140153884888,0.0,0.0013029096880927682,9.991982151568058e-06,3
10510,graph,0.14487390220165253,0.0,0.1432880312204361,0.0,0.001585877500474453,9.991950695099279e-06,3
10511,graph,0.08165323734283447,0.0,0.08033489435911179,0.0,0.0013183420524001122,9.991919177144082e-06,3
10512,node,0.8222293853759766,0.0004617590457201004,0.0,0.8217676281929016,0.0,9.991887597703242e-06,3
10513,graph,0.05461771413683891,0.0,0.05346396565437317,0.0,0.001153747085481882,9.991855956777541e-06,3
10514,graph,0.09692741930484772,0.0,0.09532872587442398,0.0,0.001598695176653564,9.991824254367759e-06,3
10515,graph,0.1419699788093567,0.0,0.14063671231269836,0.0,0.001333270687609911,9.991792490474678e-06,3
10516,node,0.22122156620025635,0.0003076662542298436,0.0,0.22091390192508698,0.0,9.991760665099081e-06,3
10517,graph,0.0859423577785492,0.0,0.08482198417186737,0.0,0.0011203732574358582,9.991728778241755e-06,3
10518,graph,0.08718830347061157,0.0,0.08516085147857666,0.0,0.0020274496637284756,9.991696829903487e-06,3
10519,graph,0.061654165387153625,0.0,0.06048586964607239,0.0,0.001168296323157847,9.991664820085063e-06,3
10520,node,2.2483694553375244,0.0004796248394995928,0.0,2.247889757156372,0.0,9.991632748787275e-06,3
10521,graph,0.07837429642677307,0.0,0.0771394744515419,0.0,0.0012348189484328032,9.991600616010912e-06,3
10522,graph,0.07755415141582489,0.0,0.07605604082345963,0.0,0.0014981089625507593,9.99156842175677e-06,3
10523,graph,0.12552547454833984,0.0,0.12412287294864655,0.0,0.0014026036951690912,9.99153616602564e-06,3
10524,node,1.4990129470825195,0.0004287472111172974,0.0,1.4985841512680054,0.0,9.991503848818319e-06,3
10525,graph,0.0919502004981041,0.0,0.09077571332454681,0.0,0.0011744844960048795,9.991471470135605e-06,3
10526,graph,0.09214738756418228,0.0,0.09058210253715515,0.0,0.001565281767398119,9.991439029978296e-06,3
10527,graph,0.06532418727874756,0.0,0.06427653133869171,0.0,0.0010476554743945599,9.991406528347193e-06,3
10528,node,2.57548189163208,0.0005827410495840013,0.0,2.574899196624756,0.0,9.991373965243099e-06,3
10529,graph,0.06545808911323547,0.0,0.06404103338718414,0.0,0.0014170568902045488,9.991341340666815e-06,3
10530,graph,0.08526052534580231,0.0,0.08329162001609802,0.0,0.0019689074251800776,9.99130865461915e-06,3
10531,graph,0.18316881358623505,0.0,0.181756854057312,0.0,0.0014119565021246672,9.991275907100907e-06,3
10532,node,0.09863581508398056,0.00042487637256272137,0.0,0.09821093827486038,0.0,9.991243098112895e-06,3
10533,graph,0.07358213514089584,0.0,0.07256755977869034,0.0,0.0010145719861611724,9.991210227655923e-06,3
10534,graph,0.06264391541481018,0.0,0.06151009351015091,0.0,0.0011338217882439494,9.991177295730804e-06,3
10535,graph,0.07541565597057343,0.0,0.07391087710857391,0.0,0.0015047822380438447,9.991144302338348e-06,3
10536,node,0.3043433427810669,0.0004474316374398768,0.0,0.3038959205150604,0.0,9.991111247479371e-06,3
10537,graph,0.24752365052700043,0.0,0.2461445927619934,0.0,0.0013790541561320424,9.991078131154686e-06,3
10538,graph,0.08190292119979858,0.0,0.08022027462720871,0.0,0.0016826438950374722,9.991044953365113e-06,3
10539,graph,0.07889328896999359,0.0,0.07764138281345367,0.0,0.0012519069714471698,9.991011714111468e-06,3
10540,node,1.0904985666275024,0.0006242874660529196,0.0,1.089874267578125,0.0,9.990978413394575e-06,3
10541,graph,0.10140726715326309,0.0,0.0996653139591217,0.0,0.0017419561045244336,9.990945051215253e-06,3
10542,graph,0.08285821974277496,0.0,0.0812533050775528,0.0,0.0016049143159762025,9.990911627574327e-06,3
10543,graph,0.11850491911172867,0.0,0.1172688752412796,0.0,0.0012360411928966641,9.990878142472618e-06,3
10544,node,2.7203965187072754,0.0004571502504404634,0.0,2.7199394702911377,0.0,9.990844595910955e-06,3
10545,graph,0.1015738919377327,0.0,0.1001284122467041,0.0,0.0014454794581979513,9.990810987890164e-06,3
10546,graph,0.07308418303728104,0.0,0.07175731658935547,0.0,0.0013268629554659128,9.990777318411075e-06,3
10547,graph,0.09157467633485794,0.0,0.08975395560264587,0.0,0.001820719218812883,9.99074358747452e-06,3
10548,node,2.811720371246338,0.0004436423478182405,0.0,2.81127667427063,0.0,9.99070979508133e-06,3
10549,graph,0.13289470970630646,0.0,0.13178271055221558,0.0,0.0011119955452159047,9.990675941232341e-06,3
10550,graph,0.06651737540960312,0.0,0.06500634551048279,0.0,0.0015110309468582273,9.990642025928385e-06,3
10551,graph,0.09553828090429306,0.0,0.09335698187351227,0.0,0.002181301126256585,9.9906080491703e-06,3
10552,node,0.26821833848953247,0.0004616937367245555,0.0,0.2677566409111023,0.0,9.990574010958927e-06,3
10553,graph,0.07820524275302887,0.0,0.07684455811977386,0.0,0.0013606850989162922,9.990539911295103e-06,3
10554,graph,0.0946977287530899,0.0,0.09329931437969208,0.0,0.0013984119286760688,9.990505750179669e-06,3
10555,graph,0.09362192451953888,0.0,0.09187895804643631,0.0,0.0017429654253646731,9.990471527613468e-06,3
10556,node,0.7810779213905334,0.00039677906897850335,0.0,0.7806811332702637,0.0,9.990437243597346e-06,3
10557,graph,0.08164230734109879,0.0,0.08045782148838043,0.0,0.001184483407996595,9.990402898132148e-06,3
10558,graph,0.08227692544460297,0.0,0.08091995120048523,0.0,0.0013569738948717713,9.990368491218724e-06,3
10559,graph,0.07715898007154465,0.0,0.07611724734306335,0.0,0.0010417297016829252,9.990334022857919e-06,3
10560,node,9.444892883300781,0.0003593291330616921,0.0,9.444533348083496,0.0,9.990299493050584e-06,3
10561,graph,0.07338979840278625,0.0,0.07167832553386688,0.0,0.0017114762449637055,9.990264901797574e-06,3
10562,graph,0.07684294879436493,0.0,0.07566296309232712,0.0,0.0011799883795902133,9.990230249099739e-06,3
10563,graph,0.06732603162527084,0.0,0.06576162576675415,0.0,0.0015644053928554058,9.990195534957936e-06,3
10564,node,2.0012123584747314,0.0019931145943701267,0.0,1.999219298362732,0.0,9.990160759373022e-06,3
10565,graph,0.14526060223579407,0.0,0.1442262828350067,0.0,0.0010343148605898023,9.990125922345853e-06,3
10566,graph,0.07420647144317627,0.0,0.07302702963352203,0.0,0.0011794451856985688,9.99009102387729e-06,3
10567,graph,0.07800143212080002,0.0,0.07646559923887253,0.0,0.0015358345117419958,9.990056063968193e-06,3
10568,node,2.6698548793792725,0.00037355651147663593,0.0,2.6694812774658203,0.0,9.990021042619427e-06,3
10569,graph,0.07098493725061417,0.0,0.06946885585784912,0.0,0.0015160789480432868,9.989985959831854e-06,3
10570,graph,0.06952854245901108,0.0,0.06840317696332932,0.0,0.0011253636330366135,9.989950815606338e-06,3
10571,graph,0.0792442038655281,0.0,0.07792556285858154,0.0,0.001318642171099782,9.989915609943751e-06,3
10572,node,1.144485354423523,0.0003118086897302419,0.0,1.144173502922058,0.0,9.989880342844958e-06,3
10573,graph,0.07333503663539886,0.0,0.07189278304576874,0.0,0.0014422559179365635,9.989845014310832e-06,3
10574,graph,0.08278996497392654,0.0,0.08170163631439209,0.0,0.0010883299401029944,9.989809624342241e-06,3
10575,graph,0.07616765797138214,0.0,0.07485119998455048,0.0,0.0013164598494768143,9.989774172940061e-06,3
10576,node,0.47326478362083435,0.0003560876357369125,0.0,0.47290870547294617,0.0,9.989738660105165e-06,3
10577,graph,0.09999412298202515,0.0,0.09874552488327026,0.0,0.0012485949555411935,9.989703085838429e-06,3
10578,graph,0.07324635982513428,0.0,0.07187920808792114,0.0,0.0013671492924913764,9.989667450140733e-06,3
10579,graph,0.11387860774993896,0.0,0.1125386580824852,0.0,0.001339946174994111,9.989631753012956e-06,3
10580,node,1.0070432424545288,0.0005103855510242283,0.0,1.006532907485962,0.0,9.989595994455975e-06,3
10581,graph,0.09895377606153488,0.0,0.0974944457411766,0.0,0.00145932927262038,9.989560174470677e-06,3
10582,graph,0.08425285667181015,0.0,0.08300966024398804,0.0,0.0012431943323463202,9.989524293057944e-06,3
10583,graph,0.09261491149663925,0.0,0.09118883311748505,0.0,0.0014260810567066073,9.98948835021866e-06,3
10584,node,1.721421480178833,0.00047887032269500196,0.0,1.7209426164627075,0.0,9.989452345953716e-06,3
10585,graph,0.07082713395357132,0.0,0.0694846361875534,0.0,0.0013425012584775686,9.989416280263997e-06,3
10586,graph,0.08656714111566544,0.0,0.08540312945842743,0.0,0.0011640129378065467,9.989380153150392e-06,3
10587,graph,0.0643387883901596,0.0,0.06335078179836273,0.0,0.0009880043799057603,9.989343964613796e-06,3
10588,node,0.96181321144104,0.00029793978319503367,0.0,0.9615152478218079,0.0,9.989307714655098e-06,3
10589,graph,0.06541077792644501,0.0,0.06386755406856537,0.0,0.001543222228065133,9.989271403275195e-06,3
10590,graph,0.08652891963720322,0.0,0.08537107706069946,0.0,0.0011578458361327648,9.98923503047498e-06,3
10591,graph,0.11927779763936996,0.0,0.11772032082080841,0.0,0.0015574746066704392,9.989198596255354e-06,3
10592,node,0.6221822500228882,0.0004624373104888946,0.0,0.6217198371887207,0.0,9.989162100617213e-06,3
10593,graph,0.07889202982187271,0.0,0.07717373967170715,0.0,0.0017182896845042706,9.98912554356146e-06,3
10594,graph,0.0839596688747406,0.0,0.08091951906681061,0.0,0.0030401477124542,9.989088925088996e-06,3
10595,graph,0.14532294869422913,0.0,0.14362168312072754,0.0,0.0017012684838846326,9.989052245200725e-06,3
10596,node,0.08982543647289276,0.00045826699351891875,0.0,0.08936716616153717,0.0,9.989015503897552e-06,3
10597,graph,0.33335885405540466,0.0,0.10251950472593307,0.0,0.23083935678005219,9.988978701180384e-06,3
10598,graph,nan,0.0,0.5685614347457886,0.0,1.0,9.988941837050128e-06,3
10599,graph,nan,0.0,1.0683783292770386,0.0,1.0,9.988904911507692e-06,3
10600,node,nan,0.0005230708629824221,0.0,2.0320987701416016,0.0,9.98886792455399e-06,3
10601,graph,nan,0.0,1.0126841068267822,0.0,1.0,9.988830876189932e-06,3
10602,graph,nan,0.0,0.9203269481658936,0.0,1.0,9.995004976533396e-06,2
10603,graph,nan,0.0,0.07490226626396179,0.0,0.0009072530083358288,9.994967759072047e-06,3
10604,node,nan,0.00034066755324602127,0.0,2.722623825073242,0.0,9.994930480126635e-06,3
10605,graph,nan,0.0,0.9067516922950745,0.0,1.0,9.994893139698083e-06,3
10606,graph,nan,0.0,0.9419716596603394,0.0,1.0,9.994855737787308e-06,3
10607,graph,nan,0.0,0.8022298812866211,0.0,1.0,9.99500466771966e-06,2
10608,node,nan,0.00040382667793892324,0.0,0.30906420946121216,0.0,9.994967141446885e-06,3
10609,graph,nan,0.0,0.9699380993843079,0.0,1.0,9.99492955369237e-06,3
10610,graph,nan,0.0,0.9893410205841064,0.0,1.0,9.99489190445704e-06,3
10611,graph,nan,0.0,0.8247957825660706,0.0,1.0,9.994854193741825e-06,3
10612,node,nan,0.00035094955819658935,0.0,3.087062358856201,0.0,9.995004358894361e-06,2
10613,graph,nan,0.0,0.09585240483283997,0.0,0.0015927912900224328,9.99496652379862e-06,3
10614,graph,nan,0.0,0.7457154393196106,0.0,1.0,9.994928627223477e-06,3
10615,graph,nan,0.0,1.0656473636627197,0.0,1.0,9.994890669169865e-06,3
10616,node,nan,0.000436100090155378,0.0,3.7464029788970947,0.0,9.994852649638722e-06,3
10617,graph,nan,0.0,0.8841361999511719,0.0,1.0,9.9950040500574e-06,2
10618,graph,nan,0.0,0.09354279190301895,0.0,0.0013698706170544028,9.99496590612705e-06,3
10619,graph,nan,0.0,1.3006802797317505,0.0,1.0,9.994927700719658e-06,3
10620,node,nan,0.0003627308760769665,0.0,3.313814878463745,0.0,9.994889433836162e-06,3
10621,graph,nan,0.0,0.8383951187133789,0.0,1.0,9.99485110547751e-06,3
10622,graph,nan,0.0,0.5706740021705627,0.0,1.0,9.99500374120869e-06,2
10623,graph,nan,0.0,0.07549174129962921,0.0,0.0008575206738896668,9.994965288431997e-06,3
10624,node,nan,0.00032959735835902393,0.0,8.648921966552734,0.0,9.99492677418064e-06,3
10625,graph,nan,0.0,1.0867037773132324,0.0,1.0,9.994888198455566e-06,3
10626,graph,nan,0.0,0.9128198623657227,0.0,1.0,9.994849561257728e-06,3
10627,graph,nan,0.0,0.9240759611129761,0.0,1.0,9.995003432348127e-06,2
10628,node,nan,0.00045883338316343725,0.0,0.3273696303367615,0.0,9.994964670713264e-06,3
10629,graph,nan,0.0,0.945237398147583,0.0,1.0,9.994925847606133e-06,3
10630,graph,nan,0.0,1.0968711376190186,0.0,1.0,9.994886963027687e-06,3
10631,graph,nan,0.0,1.0395478010177612,0.0,1.0,9.99484801697889e-06,3
10632,node,nan,0.00020994283840991557,0.0,10.457944869995117,0.0,9.995003123475621e-06,2
10633,graph,nan,0.0,0.07188031077384949,0.0,0.0011328180553391576,9.994964052970659e-06,3
10634,graph,nan,0.0,1.3949302434921265,0.0,1.0,9.994924920995843e-06,3
10635,graph,nan,0.0,0.8818630576133728,0.0,1.0,9.994885727552139e-06,3
10636,node,nan,0.0004475358873605728,0.0,3.0963685512542725,0.0,9.994846472640512e-06,3
10637,graph,nan,0.0,0.9509441256523132,0.0,1.0,9.995002814591071e-06,2
10638,graph,nan,0.0,0.07217182219028473,0.0,0.00134194060228765,9.994963435203987e-06,3
10639,graph,nan,0.0,1.0951834917068481,0.0,1.0,9.994923994349484e-06,3
10640,node,nan,0.00033221582998521626,0.0,2.8071446418762207,0.0,9.994884492028535e-06,3
10641,graph,nan,0.0,1.4001390933990479,0.0,1.0,9.994844928242114e-06,3
10642,graph,nan,0.0,1.169343113899231,0.0,1.0,9.995002505694384e-06,2
10643,graph,nan,0.0,0.08949390053749084,0.0,0.0014863304095342755,9.994962817413058e-06,3
10644,node,nan,0.0005009915912523866,0.0,2.11507511138916,0.0,9.994923067666768e-06,3
10645,graph,nan,0.0,0.9880459308624268,0.0,1.0,9.994883256456492e-06,3
10646,graph,nan,0.0,1.1132736206054688,0.0,1.0,9.994843383783217e-06,3
10647,graph,nan,0.0,0.7653748989105225,0.0,1.0,9.995002196785461e-06,2
10648,node,nan,0.0003401528229005635,0.0,6.433629989624023,0.0,9.99496219959768e-06,3
10649,graph,nan,0.0,1.3036139011383057,0.0,1.0,9.994922140947409e-06,3
10650,graph,nan,0.0,1.1080975532531738,0.0,1.0,9.994882020835634e-06,3
10651,graph,nan,0.0,0.9385027289390564,0.0,1.0,9.994841839263346e-06,3
10652,node,nan,0.0006319560925476253,0.0,3.083416700363159,0.0,9.995001887864209e-06,2
10653,graph,nan,0.0,0.0661868155002594,0.0,0.0014804544625803828,9.994961581757661e-06,3
10654,graph,nan,0.0,1.1151360273361206,0.0,1.0,9.994921214191114e-06,3
10655,graph,nan,0.0,1.0811545848846436,0.0,1.0,9.994880785165566e-06,3
10656,node,nan,0.00028540968196466565,0.0,3.758714437484741,0.0,9.994840294682014e-06,3
10657,graph,nan,0.0,1.0355737209320068,0.0,1.0,9.995001578930534e-06,2
10658,graph,nan,0.0,0.07926372438669205,0.0,0.0017079967074096203,9.994960963892813e-06,3
10659,graph,nan,0.0,0.8352675437927246,0.0,1.0,9.994920287397606e-06,3
10660,node,nan,0.0005197188584133983,0.0,5.308358669281006,0.0,9.994879549445916e-06,3
10661,graph,nan,0.0,1.151482343673706,0.0,1.0,9.994838750038749e-06,3
10662,graph,nan,0.0,0.8456761240959167,0.0,1.0,9.995001269984333e-06,2
10663,graph,nan,0.0,0.07925495505332947,0.0,0.001037532463669777,9.994960346002936e-06,3
10664,node,nan,0.0007649255567230284,0.0,3.7230606079101562,0.0,9.994919360566584e-06,3
10665,graph,nan,0.0,0.8838321566581726,0.0,1.0,9.994878313676288e-06,3
10666,graph,nan,0.0,1.5637686252593994,0.0,1.0,9.99483720533306e-06,3
10667,graph,nan,0.0,0.8348305225372314,0.0,1.0,9.995000961025515e-06,2
10668,node,nan,0.0003476876299828291,0.0,0.23483067750930786,0.0,9.994959728087844e-06,3
10669,graph,nan,0.0,0.9884602427482605,0.0,1.0,9.994918433697766e-06,3
10670,graph,nan,0.0,1.0429961681365967,0.0,1.0,9.994877077856304e-06,3
10671,graph,nan,0.0,0.9356691837310791,0.0,1.0,9.994835660564477e-06,3
10672,node,nan,0.0003991886042058468,0.0,4.381162643432617,0.0,9.995000652053984e-06,2
10673,graph,nan,0.0,0.08267898857593536,0.0,0.0014723828062415123,9.994959110147342e-06,3
10674,graph,nan,0.0,1.123664140701294,0.0,1.0,9.994917506790866e-06,3
10675,graph,nan,0.0,0.9064044952392578,0.0,1.0,9.99487584198558e-06,3
10676,node,nan,0.0003294275375083089,0.0,4.615942478179932,0.0,9.994834115732515e-06,3
10677,graph,nan,0.0,1.1181299686431885,0.0,1.0,9.995000343069641e-06,2
10678,graph,nan,0.0,0.09207012504339218,0.0,0.0014406716218218207,9.994958492181239e-06,3
10679,graph,nan,0.0,0.7924529910087585,0.0,1.0,9.994916579845591e-06,3
10680,node,nan,0.00034007985959760845,0.0,3.4537248611450195,0.0,9.99487460606373e-06,3
10681,graph,nan,0.0,1.225701928138733,0.0,1.0,9.994832570836691e-06,3
10682,graph,nan,0.0,0.7556458711624146,0.0,1.0,9.995000034072393e-06,2
10683,graph,nan,0.0,0.10218022018671036,0.0,0.0016937790205702186,9.994957874189343e-06,3
10684,node,nan,0.0004201986885163933,0.0,2.541903018951416,0.0,9.994915652861655e-06,3
10685,graph,nan,0.0,0.9650292992591858,0.0,1.0,9.99487337009037e-06,3
10686,graph,nan,0.0,0.7038958072662354,0.0,1.0,9.99483102587653e-06,3
10687,graph,nan,0.0,0.685001015663147,0.0,1.0,9.994999725062143e-06,2
10688,node,nan,0.0004373854899313301,0.0,2.121035099029541,0.0,9.994957256171461e-06,3
10689,graph,nan,0.0,0.922135591506958,0.0,1.0,9.994914725838768e-06,3
10690,graph,nan,0.0,1.1495254039764404,0.0,1.0,9.994872134065115e-06,3
10691,graph,nan,0.0,1.0048136711120605,0.0,1.0,9.994829480851552e-06,3
10692,node,nan,0.00043717602966353297,0.0,2.800032615661621,0.0,9.994999416038793e-06,2
10693,graph,nan,0.0,0.07651150971651077,0.0,0.001251238863915205,9.994956638127402e-06,3
10694,graph,nan,0.0,0.8978299498558044,0.0,1.0,9.994913798776647e-06,3
10695,graph,nan,0.0,0.7986893653869629,0.0,1.0,9.994870897987584e-06,3
10696,node,nan,0.0005805339314974844,0.0,3.446427822113037,0.0,9.994827935761273e-06,3
10697,graph,nan,0.0,0.9337203502655029,0.0,1.0,9.994999107002249e-06,2
10698,graph,nan,0.0,0.07950954139232635,0.0,0.0016617891378700733,9.994956020056972e-06,3
10699,graph,nan,0.0,0.9635641574859619,0.0,1.0,9.994912871674997e-06,3
10700,node,nan,0.0004341998719610274,0.0,4.266517639160156,0.0,9.994869661857386e-06,3
10701,graph,nan,0.0,0.6445519924163818,0.0,1.0,9.994826390605207e-06,3
10702,graph,nan,0.0,0.742505669593811,0.0,1.0,9.994998797952415e-06,2
10703,graph,nan,0.0,0.07944372296333313,0.0,0.0014123028377071023,9.994955401959982e-06,3
10704,node,nan,0.0004136053321417421,0.0,2.1920413970947266,0.0,9.994911944533532e-06,3
10705,graph,nan,0.0,1.177563190460205,0.0,1.0,9.994868425674142e-06,3
10706,graph,nan,0.0,0.8437715768814087,0.0,1.0,9.994824845382883e-06,3
10707,graph,nan,0.0,0.8227733373641968,0.0,1.0,9.994998488889192e-06,2
10708,node,nan,0.0004028306866530329,0.0,0.2541269063949585,0.0,9.994954783836232e-06,3
10709,graph,nan,0.0,0.8804739713668823,0.0,1.0,9.994911017351963e-06,3
10710,graph,nan,0.0,0.912312388420105,0.0,1.0,9.994867189437463e-06,3
10711,graph,nan,0.0,1.1402931213378906,0.0,1.0,9.994823300093816e-06,3
10712,node,nan,0.00032797802123241127,0.0,6.507718086242676,0.0,9.994998179812487e-06,2
10713,graph,nan,0.0,0.08937641978263855,0.0,0.0015809980686753988,9.994954165685539e-06,3
10714,graph,nan,0.0,0.885407030582428,0.0,1.0,9.994910090130003e-06,3
10715,graph,nan,0.0,0.8934213519096375,0.0,1.0,9.99486595314697e-06,3
10716,node,nan,0.0004883866058662534,0.0,2.3803231716156006,0.0,9.994821754737527e-06,3
10717,graph,nan,0.0,0.9717642664909363,0.0,1.0,9.994997870722202e-06,2
10718,graph,nan,0.0,0.095426544547081,0.0,0.0011877297656610608,9.994953547507704e-06,3
10719,graph,nan,0.0,0.9598580002784729,0.0,1.0,9.994909162867362e-06,3
10720,node,nan,0.00023793510627001524,0.0,3.08272123336792,0.0,9.994864716802272e-06,3
10721,graph,nan,0.0,1.0973870754241943,0.0,1.0,9.99482020931353e-06,3
10722,graph,nan,0.0,0.8620254993438721,0.0,1.0,9.994997561618243e-06,2
10723,graph,nan,0.0,0.0893513411283493,0.0,0.0014686798676848412,9.994952929302539e-06,3
10724,node,nan,0.0003710394958034158,0.0,3.4768638610839844,0.0,9.994908235563752e-06,3
10725,graph,nan,0.0,0.9951769709587097,0.0,1.0,9.994863480402986e-06,3
10726,graph,nan,0.0,0.897261381149292,0.0,1.0,9.994818663821348e-06,3
10727,graph,nan,0.0,0.8031384348869324,0.0,1.0,9.99499725250051e-06,2
10728,node,nan,0.000594751036260277,0.0,0.10538119077682495,0.0,9.994952311069847e-06,3
10729,graph,nan,0.0,0.676040530204773,0.0,1.0,9.994907308218881e-06,3
10730,graph,nan,0.0,0.7669416069984436,0.0,1.0,9.994862243948729e-06,3
10731,graph,nan,0.0,1.003929615020752,0.0,1.0,9.994817118260498e-06,3
10732,node,nan,0.00038424492231570184,0.0,2.860428810119629,0.0,9.994996943368909e-06,2
10733,graph,nan,0.0,0.06733427941799164,0.0,0.0015496006235480309,9.994951692809438e-06,3
10734,graph,nan,0.0,0.9436959028244019,0.0,1.0,9.994906380832467e-06,3
10735,graph,nan,0.0,1.1852262020111084,0.0,1.0,9.994861007439114e-06,3
10736,node,nan,0.0004266256291884929,0.0,3.3280770778656006,0.0,9.994815572630499e-06,3
10737,graph,nan,0.0,0.9491908550262451,0.0,1.0,9.994996634223347e-06,2
10738,graph,nan,0.0,0.05999842286109924,0.0,0.0012213223380967975,9.994951074521123e-06,3
10739,graph,nan,0.0,0.9075631499290466,0.0,1.0,9.994905453404218e-06,3
10740,node,nan,0.00038994764327071607,0.0,2.3021528720855713,0.0,9.994859770873758e-06,3
10741,graph,nan,0.0,1.2579150199890137,0.0,1.0,9.994814026930873e-06,3
10742,graph,nan,0.0,1.063352108001709,0.0,1.0,9.99499632506372e-06,2
10743,graph,nan,0.0,0.07029422372579575,0.0,0.001569399842992425,9.994950456204703e-06,3
10744,node,nan,0.00037324579898267984,0.0,3.8878209590911865,0.0,9.994904525933842e-06,3
10745,graph,nan,0.0,1.0112507343292236,0.0,1.0,9.994858534252276e-06,3
10746,graph,nan,0.0,0.6547598838806152,0.0,1.0,9.994812481161136e-06,3
10747,graph,nan,0.0,0.7397570013999939,0.0,1.0,9.994996015889936e-06,2
10748,node,nan,0.0004332582466304302,0.0,0.9704922437667847,0.0,9.994949837859986e-06,3
10749,graph,nan,0.0,1.6430474519729614,0.0,1.0,9.994903598421052e-06,3
10750,graph,nan,0.0,1.3281818628311157,0.0,1.0,9.994857297574276e-06,3
10751,graph,nan,0.0,1.0953857898712158,0.0,1.0,9.994810935320801e-06,3
10752,node,nan,0.0004347551439423114,0.0,2.2846839427948,0.0,9.9949957067019e-06,2
10753,graph,nan,0.0,0.06699179857969284,0.0,0.0014013993786647916,9.994949219486784e-06,3
10754,graph,nan,0.0,1.2917283773422241,0.0,1.0,9.994902670865561e-06,3
10755,graph,nan,0.0,1.507615566253662,0.0,1.0,9.994856060839383e-06,3
10756,node,nan,0.0004845371295232326,0.0,6.5418500900268555,0.0,9.994809389409397e-06,3
10757,graph,nan,0.0,1.2377183437347412,0.0,1.0,9.994995397499512e-06,2
10758,graph,nan,0.0,0.2283248007297516,0.0,0.0012383010471239686,9.9949486010849e-06,3
10759,graph,nan,0.0,1.1748387813568115,0.0,1.0,9.994901743267075e-06,3
10760,node,nan,0.0003642630181275308,0.0,3.836252450942993,0.0,9.9948548240472e-06,3
10761,graph,nan,0.0,0.765745997428894,0.0,1.0,9.99480784342643e-06,3
10762,graph,nan,0.0,0.9282448291778564,0.0,1.0,9.994995088282681e-06,2
10763,graph,nan,0.0,0.08574259281158447,0.0,0.0017731478437781334,9.994947982654142e-06,3
10764,node,nan,0.0003675626066979021,0.0,4.03667688369751,0.0,9.994900815625313e-06,3
10765,graph,nan,0.0,0.6653501391410828,0.0,1.0,9.994853587197354e-06,3
10766,graph,nan,0.0,0.7336105108261108,0.0,1.0,9.994806297371432e-06,3
10767,graph,nan,0.0,0.9675456285476685,0.0,1.0,9.994994779051308e-06,2
10768,node,nan,0.0003639720962382853,0.0,1.8065619468688965,0.0,9.994947364194323e-06,3
10769,graph,nan,0.0,0.7593858242034912,0.0,1.0,9.99489988793998e-06,3
10770,graph,nan,0.0,0.8985970616340637,0.0,1.0,9.994852350289452e-06,3
10771,graph,nan,0.0,1.028651237487793,0.0,1.0,9.994804751243911e-06,3
10772,node,nan,0.0005542397848330438,0.0,3.8270788192749023,0.0,9.994994469805291e-06,2
10773,graph,nan,0.0,0.11352083086967468,0.0,0.003008041065186262,9.994946745705239e-06,3
10774,graph,nan,0.0,0.8651940822601318,0.0,1.0,9.994898960210785e-06,3
10775,graph,nan,0.0,0.8456409573554993,0.0,1.0,9.994851113323106e-06,3
10776,node,nan,0.00027141885948367417,0.0,3.3668060302734375,0.0,9.994803205043386e-06,3
10777,graph,nan,0.0,0.8927929401397705,0.0,1.0,9.994994160544543e-06,2
10778,graph,nan,0.0,0.07727010548114777,0.0,0.0008615322876721621,9.994946127186709e-06,3
10779,graph,nan,0.0,0.9523862600326538,0.0,1.0,9.994898032437445e-06,3
10780,node,nan,0.0003686007403302938,0.0,3.0493855476379395,0.0,9.994849876297938e-06,3
10781,graph,nan,0.0,0.9894101023674011,0.0,1.0,9.994801658769379e-06,3
10782,graph,nan,0.0,0.9115498661994934,0.0,1.0,9.994993851268962e-06,2
10783,graph,nan,0.0,0.07141698896884918,0.0,0.0015417630784213543,9.994945508638533e-06,3
10784,node,nan,0.0003350364859215915,0.0,2.6903297901153564,0.0,9.994897104619667e-06,3
10785,graph,nan,0.0,1.0102646350860596,0.0,1.0,9.994848639213559e-06,3
10786,graph,nan,0.0,0.9798177480697632,0.0,1.0,9.994800112421406e-06,3
10787,graph,nan,0.0,1.2433562278747559,0.0,1.0,9.994993541978452e-06,2
10788,node,nan,0.00045520253479480743,0.0,0.3104298710823059,0.0,9.994944890060517e-06,3
10789,graph,nan,0.0,0.8435637950897217,0.0,1.0,9.994896176757159e-06,3
10790,graph,nan,0.0,1.040613055229187,0.0,1.0,9.994847402069579e-06,3
10791,graph,nan,0.0,0.6724938154220581,0.0,1.0,9.994798565998982e-06,3
10792,node,nan,0.0003055540146306157,0.0,3.518723964691162,0.0,9.99499323267292e-06,2
10793,graph,nan,0.0,0.07700316607952118,0.0,0.0015234751626849174,9.994944271452474e-06,3
10794,graph,nan,0.0,0.9030610918998718,0.0,1.0,9.994895248849638e-06,3
10795,graph,nan,0.0,0.9804413318634033,0.0,1.0,9.994846164865619e-06,3
10796,node,nan,0.0003511985996738076,0.0,4.295647144317627,0.0,9.99479701950163e-06,3
10797,graph,nan,0.0,1.0480042695999146,0.0,1.0,9.994992923352262e-06,2
10798,graph,nan,0.0,0.08701252937316895,0.0,0.001940830727107823,9.994943652814204e-06,3
10799,graph,nan,0.0,1.2034759521484375,0.0,1.0,9.994894320896808e-06,3
10800,node,nan,0.0003390837518963963,0.0,3.0035409927368164,0.0,9.994844927601286e-06,3
10801,graph,nan,0.0,1.0423036813735962,0.0,1.0,9.994795472928862e-06,3
10802,graph,nan,0.0,1.1007786989212036,0.0,1.0,9.994992614016389e-06,2
10803,graph,nan,0.0,0.08861736208200455,0.0,0.0010869060643017292,9.99494303414552e-06,3
10804,node,nan,0.0004057420592289418,0.0,4.018259048461914,0.0,9.994893392898383e-06,3
10805,graph,nan,0.0,1.2733020782470703,0.0,1.0,9.9948436902762e-06,3
10806,graph,nan,0.0,1.1565673351287842,0.0,1.0,9.9947939262802e-06,3
10807,graph,nan,0.0,0.9848198890686035,0.0,1.0,9.994992304665201e-06,2
10808,node,nan,0.00033474538940936327,0.0,1.1684132814407349,0.0,9.994942415446228e-06,3
10809,graph,nan,0.0,0.7912040948867798,0.0,1.0,9.994892464854075e-06,3
10810,graph,nan,0.0,1.4451160430908203,0.0,1.0,9.994842452889973e-06,3
10811,graph,nan,0.0,0.8686496019363403,0.0,1.0,9.994792379555158e-06,3
10812,node,nan,0.0005393945029936731,0.0,13.595866203308105,0.0,9.994991995298603e-06,2
10813,graph,nan,0.0,0.058060914278030396,0.0,0.0011520048137754202,9.994941796716131e-06,3
10814,graph,nan,0.0,0.9662395715713501,0.0,1.0,9.99489153676359e-06,3
10815,graph,nan,0.0,0.8094327449798584,0.0,1.0,9.994841215442217e-06,3
10816,node,nan,0.0005427667638286948,0.0,2.4174957275390625,0.0,9.994790832753255e-06,3
10817,graph,nan,0.0,0.8960083723068237,0.0,1.0,9.994991685916497e-06,2
10818,graph,nan,0.0,0.0521545372903347,0.0,0.001468330156058073,9.99494117795504e-06,3
10819,graph,nan,0.0,1.274009108543396,0.0,1.0,9.994890608626641e-06,3
10820,node,nan,0.0003721873799804598,0.0,4.369050979614258,0.0,9.994839977932546e-06,3
10821,graph,nan,0.0,0.9769118428230286,0.0,1.0,9.994789285874007e-06,3
10822,graph,nan,0.0,0.9001729488372803,0.0,1.0,9.994991376518787e-06,2
10823,graph,nan,0.0,0.10610637813806534,0.0,0.0018038138514384627,9.99494055916276e-06,3
10824,node,nan,0.0004099371435586363,0.0,4.600470542907715,0.0,9.994889680442939e-06,3
10825,graph,nan,0.0,0.952014684677124,0.0,1.0,9.994838740360578e-06,3
10826,graph,nan,0.0,0.7625105977058411,0.0,1.0,9.994787738916934e-06,3
10827,graph,nan,0.0,0.7148486375808716,0.0,1.0,9.994991067105376e-06,2
10828,node,nan,0.0004602906119544059,0.0,1.0927268266677856,0.0,9.994939940339098e-06,3
10829,graph,nan,0.0,0.9054656028747559,0.0,1.0,9.994888752212192e-06,3
10830,graph,nan,0.0,1.2417900562286377,0.0,1.0,9.994837502725922e-06,3
10831,graph,nan,0.0,0.8465240001678467,0.0,1.0,9.994786191881551e-06,3
10832,node,nan,0.0005217309226281941,0.0,5.993741035461426,0.0,9.994990757676168e-06,2
10833,graph,nan,0.0,0.07289361953735352,0.0,0.001381448470056057,9.99493932148386e-06,3
10834,graph,nan,0.0,1.133301019668579,0.0,1.0,9.99488782393411e-06,3
10835,graph,nan,0.0,1.0485568046569824,0.0,1.0,9.99483626502819e-06,3
10836,node,nan,0.00040245105628855526,0.0,4.541533946990967,0.0,9.99478464476737e-06,3
10837,graph,nan,0.0,1.0035289525985718,0.0,1.0,9.994990448231066e-06,2
10838,graph,nan,0.0,0.08159689605236053,0.0,0.0013772278325632215,9.994938702596854e-06,3
10839,graph,nan,0.0,0.970904529094696,0.0,1.0,9.994886895608406e-06,3
10840,node,nan,0.0006009751814417541,0.0,6.266814231872559,0.0,9.994835027267e-06,3
10841,graph,nan,0.0,1.2947392463684082,0.0,1.0,9.994783097573918e-06,3
10842,graph,nan,0.0,1.029996633529663,0.0,1.0,9.994990138769973e-06,2
10843,graph,nan,0.0,0.08988648653030396,0.0,0.001240078010596335,9.994938083677886e-06,3
10844,node,nan,0.0003394800878595561,0.0,4.715813636779785,0.0,9.994885967234788e-06,3
10845,graph,nan,0.0,1.1033408641815186,0.0,1.0,9.994833789441966e-06,3
10846,graph,nan,0.0,1.0284485816955566,0.0,1.0,9.994781550300705e-06,3
10847,graph,nan,0.0,0.8001990914344788,0.0,1.0,9.994989829292792e-06,2
10848,node,nan,0.000366491440217942,0.0,19.633371353149414,0.0,9.99493746472676e-06,3
10849,graph,nan,0.0,0.8968389630317688,0.0,1.0,9.994885038812964e-06,3
10850,graph,nan,0.0,0.756366491317749,0.0,1.0,9.994832551552694e-06,3
10851,graph,nan,0.0,1.113926887512207,0.0,1.0,9.994780002947246e-06,3
10852,node,nan,0.0003637407498899847,0.0,2.9785823822021484,0.0,9.994989519799429e-06,2
10853,graph,nan,0.0,0.1073095053434372,0.0,0.0015015130629763007,9.994936845743289e-06,3
10854,graph,nan,0.0,0.9310239553451538,0.0,1.0,9.994884110342648e-06,3
10855,graph,nan,0.0,0.9860575795173645,0.0,1.0,9.994831313598805e-06,3
10856,node,nan,0.0020135471131652594,0.0,14.933491706848145,0.0,9.994778455513063e-06,3
10857,graph,nan,0.0,1.0047309398651123,0.0,1.0,9.994989210289785e-06,2
10858,graph,nan,0.0,0.08006148785352707,0.0,0.001347836572676897,9.994936226727276e-06,3
10859,graph,nan,0.0,0.8785421848297119,0.0,1.0,9.994883181823549e-06,3
10860,node,nan,0.000455850618891418,0.0,4.007291793823242,0.0,9.99483007557991e-06,3
10861,graph,nan,0.0,1.290311574935913,0.0,1.0,9.99477690799767e-06,3
10862,graph,nan,0.0,0.8253034353256226,0.0,1.0,9.994988900763761e-06,2
10863,graph,nan,0.0,0.0777687057852745,0.0,0.0010943651432171464,9.994935607678525e-06,3
10864,node,nan,0.000300812505884096,0.0,8.490005493164062,0.0,9.994882253255373e-06,3
10865,graph,nan,0.0,0.8755905032157898,0.0,1.0,9.994828837495618e-06,3
10866,graph,nan,0.0,1.1599823236465454,0.0,1.0,9.994775360400582e-06,3
10867,graph,nan,0.0,0.8749740719795227,0.0,1.0,9.994988591221264e-06,2
10868,node,nan,0.0004257445689290762,0.0,31.74802017211914,0.0,9.994934988596847e-06,3
10869,graph,nan,0.0,0.9615733623504639,0.0,1.0,9.994881324637831e-06,3
10870,graph,nan,0.0,0.9440597295761108,0.0,1.0,9.994827599345547e-06,3
10871,graph,nan,0.0,0.9556289911270142,0.0,1.0,9.994773812721314e-06,3
10872,node,nan,0.00044341114698909223,0.0,2.478463649749756,0.0,9.994988281662196e-06,2
10873,graph,nan,0.0,0.08142106235027313,0.0,0.0017947605811059475,9.994934369482044e-06,3
10874,graph,nan,0.0,0.8161737322807312,0.0,1.0,9.994880395970637e-06,3
10875,graph,nan,0.0,1.088197946548462,0.0,1.0,9.994826361129308e-06,3
10876,node,nan,0.0004770356754306704,0.0,5.135604381561279,0.0,9.994772264959388e-06,3
10877,graph,nan,0.0,0.8956087827682495,0.0,1.0,9.994987972086462e-06,2
10878,graph,nan,0.0,0.08292806148529053,0.0,0.0014833390014246106,9.994933750333925e-06,3
10879,graph,nan,0.0,0.9241122007369995,0.0,1.0,9.994879467253495e-06,3
10880,node,nan,0.00036545947659760714,0.0,10.10390853881836,0.0,9.99482512284651e-06,3
10881,graph,nan,0.0,1.1049976348876953,0.0,1.0,9.994770717114311e-06,3
10882,graph,nan,0.0,1.0931727886199951,0.0,1.0,9.99498766249396e-06,2
10883,graph,nan,0.0,0.0575905442237854,0.0,0.0011983582517132163,9.994933131152295e-06,3
10884,node,nan,0.0005227979272603989,0.0,3.110513687133789,0.0,9.994878538486117e-06,3
10885,graph,nan,0.0,0.8365805149078369,0.0,1.0,9.994823884496772e-06,3
10886,graph,nan,0.0,0.943148136138916,0.0,1.0,9.994769169185609e-06,3
10887,graph,nan,0.0,1.2482483386993408,0.0,1.0,9.994987352884598e-06,2
10888,node,nan,0.00043442638707347214,0.0,1.2143632173538208,0.0,9.994932511936961e-06,3
10889,graph,nan,0.0,1.1362563371658325,0.0,1.0,9.994877609668212e-06,3
10890,graph,nan,0.0,0.9573832750320435,0.0,1.0,9.994822646079701e-06,3
10891,graph,nan,0.0,0.8789904117584229,0.0,1.0,9.994767621172787e-06,3
10892,node,nan,0.00040663499385118484,0.0,38.78636932373047,0.0,9.994987043258277e-06,2
10893,graph,nan,0.0,0.07698729634284973,0.0,0.0017200092552229762,9.994931892687731e-06,3
10894,graph,nan,0.0,1.3745520114898682,0.0,1.0,9.99487668079949e-06,3
10895,graph,nan,0.0,1.2014892101287842,0.0,1.0,9.994821407594916e-06,3
10896,node,nan,0.00048348138807341456,0.0,7.765520095825195,0.0,9.99476607307537e-06,3
10897,graph,nan,0.0,1.3198596239089966,0.0,1.0,9.9949867336149e-06,2
10898,graph,nan,0.0,0.10404415428638458,0.0,0.0011214505648240447,9.99493127340441e-06,3
10899,graph,nan,0.0,0.9903894662857056,0.0,1.0,9.994875751879661e-06,3
10900,node,nan,0.00041666917968541384,0.0,2.9396228790283203,0.0,9.994820169042024e-06,3
10901,graph,nan,0.0,0.8977035880088806,0.0,1.0,9.99476452489287e-06,3
10902,graph,nan,0.0,1.0659657716751099,0.0,1.0,9.994986423954373e-06,2
10903,graph,nan,0.0,0.11855560541152954,0.0,0.001888086786493659,9.994930654086804e-06,3
10904,node,nan,0.00043170538265258074,0.0,2.800079345703125,0.0,9.994874822908433e-06,3
10905,graph,nan,0.0,0.9715074300765991,0.0,1.0,9.99481893042064e-06,3
10906,graph,nan,0.0,1.408180832862854,0.0,1.0,9.994762976624801e-06,3
10907,graph,nan,0.0,0.8675458431243896,0.0,1.0,9.994986114276595e-06,2
10908,node,nan,0.0004094050673302263,0.0,1.988869309425354,0.0,9.994930034734717e-06,3
10909,graph,nan,0.0,0.8120794892311096,0.0,1.0,9.994873893885515e-06,3
10910,graph,nan,0.0,0.96747887134552,0.0,1.0,9.994817691730374e-06,3
10911,graph,nan,0.0,1.107177734375,0.0,1.0,9.994761428270681e-06,3
10912,node,nan,0.0004895416786894202,0.0,2.525303363800049,0.0,9.994985804581471e-06,2
10913,graph,nan,0.0,0.10480265319347382,0.0,0.003663400886580348,9.994929415347956e-06,3
10914,graph,nan,0.0,0.9849177002906799,0.0,1.0,9.994872964810615e-06,3
10915,graph,nan,0.0,0.9600136876106262,0.0,1.0,9.994816452970838e-06,3
10916,node,nan,0.0003915262932423502,0.0,8.147653579711914,0.0,9.994759879830021e-06,3
10917,graph,nan,0.0,1.158431053161621,0.0,1.0,9.994985494868903e-06,2
10918,graph,nan,0.0,0.06475291401147842,0.0,0.0014661811292171478,9.994928795926331e-06,3
10919,graph,nan,0.0,1.2708630561828613,0.0,1.0,9.994872035683446e-06,3
10920,node,nan,0.00041938951471820474,0.0,1.6650035381317139,0.0,9.99481521414165e-06,3
10921,graph,nan,0.0,0.8341757655143738,0.0,1.0,9.994758331302343e-06,3
10922,graph,nan,0.0,0.957087516784668,0.0,1.0,9.994985185138797e-06,2
10923,graph,nan,0.0,0.06354359537363052,0.0,0.0009487392380833626,9.994928176469646e-06,3
10924,node,nan,0.0004007650713901967,0.0,10.387823104858398,0.0,9.994871106503716e-06,3
10925,graph,nan,0.0,1.3224691152572632,0.0,1.0,9.994813975242416e-06,3
10926,graph,nan,0.0,0.7834265828132629,0.0,1.0,9.994756782687155e-06,3
10927,graph,nan,0.0,0.8454487919807434,0.0,1.0,9.994984875391053e-06,2
10928,node,nan,0.0005383571842685342,0.0,0.7068307399749756,0.0,9.994927556977704e-06,3
10929,graph,nan,0.0,1.5256528854370117,0.0,1.0,9.99487017727113e-06,3
10930,graph,nan,0.0,0.9339106678962708,0.0,1.0,9.994812736272751e-06,3
10931,graph,nan,0.0,0.845624566078186,0.0,1.0,9.99475523398398e-06,3
10932,node,nan,0.00034349961788393557,0.0,9.548653602600098,0.0,9.994984565625574e-06,2
10933,graph,nan,0.0,0.07996292412281036,0.0,0.001383183291181922,9.994926937450312e-06,3
10934,graph,nan,0.0,1.0114645957946777,0.0,1.0,9.994869247985399e-06,3
10935,graph,nan,0.0,0.9475424289703369,0.0,1.0,9.994811497232262e-06,3
10936,node,nan,0.0007602153345942497,0.0,3.5913665294647217,0.0,9.994753685192323e-06,3
10937,graph,nan,0.0,1.0729187726974487,0.0,1.0,9.994984255842263e-06,2
10938,graph,nan,0.0,0.06934243440628052,0.0,0.0012991722906008363,9.994926317887277e-06,3
10939,graph,nan,0.0,0.9388318061828613,0.0,1.0,9.994868318646233e-06,3
10940,node,nan,0.00030612683622166514,0.0,6.042557716369629,0.0,9.994810258120565e-06,3
10941,graph,nan,0.0,0.843819260597229,0.0,1.0,9.994752136311704e-06,3
10942,graph,nan,0.0,1.0256235599517822,0.0,1.0,9.994983946041024e-06,2
10943,graph,nan,0.0,0.08502750843763351,0.0,0.0012801699340343475,9.994925698288403e-06,3
10944,node,nan,0.00047234082012437284,0.0,14.189164161682129,0.0,9.994867389253338e-06,3
10945,graph,nan,0.0,0.9665459394454956,0.0,1.0,9.994809018937269e-06,3
10946,graph,nan,0.0,1.0465980768203735,0.0,1.0,9.994750587341636e-06,3
10947,graph,nan,0.0,0.7899425625801086,0.0,1.0,9.994983636221761e-06,2
10948,node,nan,0.0005177546408958733,0.0,2.4978785514831543,0.0,9.9949250786535e-06,3
10949,graph,nan,0.0,0.9082790613174438,0.0,1.0,9.99486645980643e-06,3
10950,graph,nan,0.0,0.7437023520469666,0.0,1.0,9.994807779681994e-06,3
10951,graph,nan,0.0,1.3330566883087158,0.0,1.0,9.994749038281639e-06,3
10952,node,nan,0.00038745172787457705,0.0,5.732741355895996,0.0,9.994983326384373e-06,2
10953,graph,nan,0.0,0.08706462383270264,0.0,0.001262700418010354,9.99492445898237e-06,3
10954,graph,nan,0.0,0.9263465404510498,0.0,1.0,9.994865530305206e-06,3
10955,graph,nan,0.0,0.9966508746147156,0.0,1.0,9.994806540354338e-06,3
10956,node,nan,0.0007099391659721732,0.0,2.4412946701049805,0.0,9.994747489131218e-06,3
10957,graph,nan,0.0,0.953376054763794,0.0,1.0,9.994983016528767e-06,2
10958,graph,nan,0.0,0.06535553187131882,0.0,0.0014631717931479216,9.994923839274821e-06,3
10959,graph,nan,0.0,0.8925153613090515,0.0,1.0,9.994864600749386e-06,3
10960,node,nan,0.0003837036492768675,0.0,2.8389883041381836,0.0,9.994805300953923e-06,3
10961,graph,nan,0.0,0.7554025053977966,0.0,1.0,9.994745939889897e-06,3
10962,graph,nan,0.0,0.8704305291175842,0.0,1.0,9.994982706654843e-06,2
10963,graph,nan,0.0,0.07914932072162628,0.0,0.0012235918547958136,9.994923219530656e-06,3
10964,node,nan,0.0004079146310687065,0.0,2.7959768772125244,0.0,9.99486367113867e-06,3
10965,graph,nan,0.0,1.0368058681488037,0.0,1.0,9.994804061480354e-06,3
10966,graph,nan,0.0,0.9724234938621521,0.0,1.0,9.99474439055718e-06,3
10967,graph,nan,0.0,1.1590166091918945,0.0,1.0,9.994982396762507e-06,2
10968,node,nan,0.0003937267465516925,0.0,0.08913299441337585,0.0,9.994922599749683e-06,3
10969,graph,nan,0.0,0.9186341166496277,0.0,1.0,9.994862741472772e-06,3
10970,graph,nan,0.0,0.9852572679519653,0.0,1.0,9.994802821933247e-06,3
10971,graph,nan,0.0,0.7722858190536499,0.0,1.0,9.99474284113259e-06,3
10972,node,nan,0.0003503684129100293,0.0,5.332563877105713,0.0,9.994982086851657e-06,2
10973,graph,nan,0.0,0.08362770825624466,0.0,0.001073388266377151,9.994921979931707e-06,3
10974,graph,nan,0.0,0.7696655988693237,0.0,1.0,9.994861811751397e-06,3
10975,graph,nan,0.0,1.1698131561279297,0.0,1.0,9.994801582312211e-06,3
10976,node,nan,0.00043162715155631304,0.0,13.794815063476562,0.0,9.994741291615637e-06,3
10977,graph,nan,0.0,0.9649877548217773,0.0,1.0,9.994981776922199e-06,2
10978,graph,nan,0.0,0.07322650402784348,0.0,0.0013049518456682563,9.99492136007653e-06,3
10979,graph,nan,0.0,0.7848544120788574,0.0,1.0,9.994860881974253e-06,3
10980,node,nan,0.00041091637103818357,0.0,5.80060338973999,0.0,9.994800342616856e-06,3
10981,graph,nan,0.0,0.8396280407905579,0.0,1.0,9.994739742005833e-06,3
10982,graph,nan,0.0,0.7750146389007568,0.0,1.0,9.994981466974034e-06,2
10983,graph,nan,0.0,0.07983166724443436,0.0,0.002021840075030923,9.994920740183962e-06,3
10984,node,nan,0.0005396310589276254,0.0,4.607715606689453,0.0,9.994859952141048e-06,3
10985,graph,nan,0.0,0.535183310508728,0.0,1.0,9.994799102846791e-06,3
10986,graph,nan,0.0,0.8363016843795776,0.0,1.0,9.994738192302693e-06,3
10987,graph,nan,0.0,1.2842769622802734,0.0,1.0,9.994981157007067e-06,2
10988,node,nan,0.00045398040674626827,0.0,0.5578587651252747,0.0,9.994920120253809e-06,3
10989,graph,nan,0.0,1.0300143957138062,0.0,1.0,9.994859022251497e-06,3
10990,graph,nan,0.0,1.0685770511627197,0.0,1.0,9.994797863001636e-06,3
10991,graph,nan,0.0,0.9666801691055298,0.0,1.0,9.994736642505735e-06,3
10992,node,nan,0.0003734678903128952,0.0,3.5811679363250732,0.0,9.994980847021201e-06,2
10993,graph,nan,0.0,0.07775971293449402,0.0,0.0014145871391519904,9.994919500285873e-06,3
10994,graph,nan,0.0,0.9581241011619568,0.0,1.0,9.994858092305298e-06,3
10995,graph,nan,0.0,0.8646699786186218,0.0,1.0,9.99479662308099e-06,3
10996,node,nan,0.00038235573447309434,0.0,4.108912944793701,0.0,9.994735092614467e-06,3
10997,graph,nan,0.0,0.9102886319160461,0.0,1.0,9.994980537016334e-06,2
10998,graph,nan,0.0,0.0785035789012909,0.0,0.0009176858584396541,9.99491888027996e-06,3
10999,graph,nan,0.0,0.684696614742279,0.0,1.0,9.994857162302165e-06,3
11000,node,nan,0.00037541170604526997,0.0,1.8449714183807373,0.0,9.994795383084472e-06,3
11001,graph,nan,0.0,0.9590061902999878,0.0,1.0,9.994733542628403e-06,3
11002,graph,nan,0.0,1.0407449007034302,0.0,1.0,9.994980226992372e-06,2
11003,graph,nan,0.0,0.07040025293827057,0.0,0.0013961633667349815,9.994918260235875e-06,3
11004,node,nan,0.00037302423152141273,0.0,2.5208706855773926,0.0,9.994856232241802e-06,3
11005,graph,nan,0.0,0.8928459882736206,0.0,1.0,9.994794143011686e-06,3
11006,graph,nan,0.0,0.8783310651779175,0.0,1.0,9.994731992547056e-06,3
11007,graph,nan,0.0,1.1371214389801025,0.0,1.0,9.99497991694922e-06,2
11008,node,nan,0.0006315171485766768,0.0,0.8655162453651428,0.0,9.994917640153427e-06,3
11009,graph,nan,0.0,0.8702350854873657,0.0,1.0,9.994855302123925e-06,3
11010,graph,nan,0.0,0.865399181842804,0.0,1.0,9.99479290286225e-06,3
11011,graph,nan,0.0,1.0383015871047974,0.0,1.0,9.994730442369943e-06,3
11012,node,nan,0.0003493713156785816,0.0,15.950055122375488,0.0,9.994979606886775e-06,2
11013,graph,nan,0.0,0.0991189032793045,0.0,0.0015172973508015275,9.994917020032415e-06,3
11014,graph,nan,0.0,0.7852306962013245,0.0,1.0,9.994854371948231e-06,3
11015,graph,nan,0.0,0.8514493703842163,0.0,1.0,9.994791662635769e-06,3
11016,node,nan,0.0005488781607709825,0.0,12.280590057373047,0.0,9.994728892096575e-06,3
11017,graph,nan,0.0,1.2422730922698975,0.0,1.0,9.994979296804943e-06,2
11018,graph,nan,0.0,0.1353769749403,0.0,0.0018650357378646731,9.994916399872649e-06,3
11019,graph,nan,0.0,1.1700347661972046,0.0,1.0,9.994853441714434e-06,3
11020,node,nan,0.0003265140694566071,0.0,2.976440668106079,0.0,9.994790422331853e-06,3
11021,graph,nan,0.0,1.0670812129974365,0.0,1.0,9.994727341726459e-06,3
11022,graph,nan,0.0,0.678217351436615,0.0,1.0,9.994978986703627e-06,2
11023,graph,nan,0.0,0.08171956241130829,0.0,0.001279367133975029,9.994915779673932e-06,3
11024,node,nan,0.0004414243157953024,0.0,3.0368969440460205,0.0,9.994852511422241e-06,3
11025,graph,nan,0.0,0.8410727977752686,0.0,1.0,9.994789181950115e-06,3
11026,graph,nan,0.0,0.9797533750534058,0.0,1.0,9.994725791259117e-06,3
11027,graph,nan,0.0,0.9977644085884094,0.0,1.0,9.994978676582727e-06,2
11028,node,nan,0.00046502845361828804,0.0,3.906775951385498,0.0,9.994915159436069e-06,3
11029,graph,nan,0.0,1.0272616147994995,0.0,1.0,9.994851581071359e-06,3
11030,graph,nan,0.0,0.7151612043380737,0.0,1.0,9.994787941490164e-06,3
11031,graph,nan,0.0,1.0825223922729492,0.0,1.0,9.994724240694055e-06,3
11032,node,nan,0.00034221119130961597,0.0,100.0,0.0,9.994978366442148e-06,2
11033,graph,nan,0.0,0.06227414309978485,0.0,0.0012003552401438355,9.994914539158866e-06,3
11034,graph,nan,0.0,1.0324798822402954,0.0,1.0,9.994850650661496e-06,3
11035,graph,nan,0.0,1.2076854705810547,0.0,1.0,9.99478670095161e-06,3
11036,node,nan,0.0003769956820178777,0.0,4.961784362792969,0.0,9.99472269003079e-06,3
11037,graph,nan,0.0,1.2341642379760742,0.0,1.0,9.994978056281792e-06,2
11038,graph,nan,0.0,0.15940088033676147,0.0,0.0016303248703479767,9.994913918842129e-06,3
11039,graph,nan,0.0,0.9883993268013,0.0,1.0,9.994849720192357e-06,3
11040,node,nan,0.0004048475529998541,0.0,6.061404228210449,0.0,9.994785460334065e-06,3
11041,graph,nan,0.0,1.4011974334716797,0.0,1.0,9.994721139268834e-06,3
11042,graph,nan,0.0,0.7659097909927368,0.0,1.0,9.99497774610156e-06,2
11043,graph,nan,0.0,0.07454128563404083,0.0,0.0010185824939981103,9.99491329848566e-06,3
11044,node,nan,0.00028257048688828945,0.0,4.453617095947266,0.0,9.994848789663654e-06,3
11045,graph,nan,0.0,1.2458494901657104,0.0,1.0,9.994784219637135e-06,3
11046,graph,nan,0.0,1.3362677097320557,0.0,1.0,9.994719588407696e-06,3
11047,graph,nan,0.0,0.9561381340026855,0.0,1.0,9.994977435901354e-06,2
11048,node,nan,0.0005677328445017338,0.0,0.5167943239212036,0.0,9.994912678089264e-06,3
11049,graph,nan,0.0,1.10921311378479,0.0,1.0,9.994847859075089e-06,3
11050,graph,nan,0.0,0.8116176128387451,0.0,1.0,9.99478297886043e-06,3
11051,graph,nan,0.0,1.3458151817321777,0.0,0.009999999776482582,9.994718037446888e-06,3
11052,node,nan,0.0005124162416905165,0.0,3.5299534797668457,0.0,9.99497712568108e-06,2
11053,graph,nan,0.0,0.06736452132463455,0.0,0.001323580159805715,9.994912057652748e-06,3
11054,graph,nan,0.0,0.8998640775680542,0.0,1.0,9.994846928426373e-06,3
11055,graph,nan,0.0,1.0935137271881104,0.0,1.0,9.994781738003562e-06,3
11056,node,nan,0.00034764708834700286,0.0,4.661492347717285,0.0,9.994716486385924e-06,3
11057,graph,nan,0.0,0.9792232513427734,0.0,1.0,9.994976815440637e-06,2
11058,graph,nan,0.0,0.07591332495212555,0.0,0.001123012276366353,9.994911437175915e-06,3
11059,graph,nan,0.0,1.018748164176941,0.0,1.0,9.99484599771721e-06,3
11060,node,nan,0.0004324368783272803,0.0,3.551712989807129,0.0,9.994780497066137e-06,3
11061,graph,nan,0.0,1.133732795715332,0.0,1.0,9.994714935224313e-06,3
11062,graph,nan,0.0,1.1482744216918945,0.0,1.0,9.994976505179929e-06,2
11063,graph,nan,0.0,0.057482410222291946,0.0,0.0012911042431369424,9.99491081665857e-06,3
11064,node,nan,0.0005191135569475591,0.0,3.5000500679016113,0.0,9.99484506694731e-06,3
11065,graph,nan,0.0,0.7802374362945557,0.0,1.0,9.994779256047769e-06,3
11066,graph,nan,0.0,0.7879431247711182,0.0,1.0,9.994713383961573e-06,3
11067,graph,nan,0.0,0.9768864512443542,0.0,1.0,9.994976194898857e-06,2
11068,node,nan,0.0003803771978709847,0.0,0.28499075770378113,0.0,9.994910196100516e-06,3
11069,graph,nan,0.0,0.8500255942344666,0.0,1.0,9.994844136116377e-06,3
11070,graph,nan,0.0,1.2203176021575928,0.0,1.0,9.994778014948064e-06,3
11071,graph,nan,0.0,1.2258803844451904,0.0,1.0,9.99471183259721e-06,3
11072,node,nan,0.000345721811754629,0.0,5.1561598777771,0.0,9.994975884597324e-06,2
11073,graph,nan,0.0,0.07377396523952484,0.0,0.0019693670328706503,9.994909575501563e-06,3
11074,graph,nan,0.0,1.2147107124328613,0.0,1.0,9.994843205224122e-06,3
11075,graph,nan,0.0,0.8643616437911987,0.0,1.0,9.994776773766633e-06,3
11076,node,nan,0.001762525411322713,0.0,2.494457244873047,0.0,9.994710281130738e-06,3
11077,graph,nan,0.0,0.973183274269104,0.0,1.0,9.994975574275233e-06,2
11078,graph,nan,0.0,0.060885779559612274,0.0,0.0012144559295848012,9.994908954861512e-06,3
11079,graph,nan,0.0,0.9504485726356506,0.0,1.0,9.994842274270247e-06,3
11080,node,nan,0.0004206130397506058,0.0,2.975419521331787,0.0,9.994775532503084e-06,3
11081,graph,nan,0.0,1.2044923305511475,0.0,1.0,9.99470872956167e-06,3
11082,graph,nan,0.0,1.1574225425720215,0.0,1.0,9.994975263932485e-06,2
11083,graph,nan,0.0,0.08142002671957016,0.0,0.26689261198043823,9.994908334180166e-06,3
11084,node,nan,0.0004266524047125131,0.0,1.5263009071350098,0.0,9.994841343254462e-06,3
11085,graph,nan,0.0,0.7224679589271545,0.0,1.0,9.994774291157025e-06,3
11086,graph,nan,0.0,1.135237455368042,0.0,1.0,9.99470717788951e-06,3
11087,graph,nan,0.0,1.19716215133667,0.0,1.0,9.994974953568981e-06,2
11088,node,nan,0.00037968577817082405,0.0,0.7660582065582275,0.0,9.99490771345733e-06,3
11089,graph,nan,0.0,1.0834784507751465,0.0,1.0,9.994840412176472e-06,3
11090,graph,nan,0.0,1.2035146951675415,0.0,1.0,9.994773049728067e-06,3
11091,graph,nan,0.0,0.8907254934310913,0.0,1.0,9.994705626113776e-06,3
11092,node,nan,0.00028518226463347673,0.0,5.613954544067383,0.0,9.994974643184627e-06,2
11093,graph,nan,0.0,0.10366792976856232,0.0,0.0015193050494417548,9.994907092692812e-06,3
11094,graph,nan,0.0,1.0795941352844238,0.0,1.0,9.994839481035985e-06,3
11095,graph,nan,0.0,1.3569645881652832,0.0,1.0,9.994771808215818e-06,3
11096,node,nan,0.000492909224703908,0.0,48.50079345703125,0.0,9.994704074233976e-06,3
11097,graph,nan,0.0,1.2180898189544678,0.0,1.0,9.994974332779323e-06,2
11098,graph,nan,0.0,0.0891556590795517,0.0,0.002450656145811081,9.994906471886413e-06,3
11099,graph,nan,0.0,1.039633870124817,0.0,1.0,9.99483854983271e-06,3
11100,node,nan,0.000328894704580307,0.0,4.089600086212158,0.0,9.994770566619889e-06,3
11101,graph,nan,0.0,0.6547058820724487,0.0,1.0,9.994702522249627e-06,3
11102,graph,nan,0.0,1.1484379768371582,0.0,1.0,9.99497402235297e-06,2
11103,graph,nan,0.0,0.0725746750831604,0.0,0.0014750483678653836,9.994905851037936e-06,3
11104,node,nan,0.00042068009497597814,0.0,6.418062210083008,0.0,9.994837618566344e-06,3
11105,graph,nan,0.0,1.0529119968414307,0.0,1.0,9.99476932493988e-06,3
11106,graph,nan,0.0,1.2012343406677246,0.0,1.0,9.994700970160229e-06,3
11107,graph,nan,0.0,1.29127836227417,0.0,1.0,9.99497371190547e-06,2
11108,node,nan,0.0005539548583328724,0.0,0.9980117082595825,0.0,9.994905230147188e-06,3
11109,graph,nan,0.0,1.1805047988891602,0.0,1.0,9.994836687236604e-06,3
11110,graph,nan,0.0,0.9698788523674011,0.0,1.0,9.99476808317541e-06,3
11111,graph,nan,0.0,1.1735904216766357,0.0,1.0,9.9946994179653e-06,3
11112,node,nan,0.0003694473998621106,0.0,4.780933380126953,0.0,9.994973401436728e-06,2
11113,graph,nan,0.0,0.08636103570461273,0.0,0.0011913198977708817,9.994904609213972e-06,3
11114,graph,nan,0.0,1.3769810199737549,0.0,1.0,9.99483575584319e-06,3
11115,graph,nan,0.0,0.9633140563964844,0.0,1.0,9.994766841326081e-06,3
11116,node,nan,0.0007374262204393744,0.0,8.30202865600586,0.0,9.994697865664348e-06,3
11117,graph,nan,0.0,0.971230149269104,0.0,1.0,9.994973090946645e-06,2
11118,graph,nan,0.0,0.11659037321805954,0.0,0.0011230196105316281,9.994903988238093e-06,3
11119,graph,nan,0.0,0.9597026109695435,0.0,1.0,9.994834824385811e-06,3
11120,node,nan,0.00042160882730968297,0.0,15.189117431640625,0.0,9.994765599391507e-06,3
11121,graph,nan,0.0,0.9229397773742676,0.0,1.0,9.994696313256887e-06,3
11122,graph,nan,0.0,0.9208791851997375,0.0,1.0,9.994972780435122e-06,2
11123,graph,nan,0.0,0.08477593213319778,0.0,0.0016640250105410814,9.994903367219353e-06,3
11124,node,nan,0.00039274958544410765,0.0,4.766267776489258,0.0,9.99483389286417e-06,3
11125,graph,nan,0.0,0.7457504272460938,0.0,1.0,9.994764357371287e-06,3
11126,graph,nan,0.0,0.869552493095398,0.0,1.0,9.994694760742419e-06,3
11127,graph,nan,0.0,0.9568328857421875,0.0,1.0,9.994972469902063e-06,2
11128,node,nan,0.0004174569621682167,0.0,0.13199245929718018,0.0,9.994902746157561e-06,3
11129,graph,nan,0.0,1.002044439315796,0.0,1.0,9.994832961277978e-06,3
11130,graph,nan,0.0,0.8963505625724792,0.0,1.0,9.99476311526504e-06,3
11131,graph,nan,0.0,1.1557689905166626,0.0,1.0,9.994693208120466e-06,3
11132,node,nan,0.0006172614521346986,0.0,3.0184452533721924,0.0,9.994972159347365e-06,2
11133,graph,nan,0.0,0.09027375280857086,0.0,0.003157972125336528,9.994902125052512e-06,3
11134,graph,nan,0.0,0.8578002452850342,0.0,1.0,9.994832029626934e-06,3
11135,graph,nan,0.0,0.9736742377281189,0.0,1.0,9.99476187307236e-06,3
11136,node,nan,0.00042739202035591006,0.0,3.165982484817505,0.0,9.994691655390523e-06,3
11137,graph,nan,0.0,0.8657592535018921,0.0,1.0,9.994971848770936e-06,2
11138,graph,nan,0.0,0.07610058784484863,0.0,0.001297959010116756,9.99490150390402e-06,3
11139,graph,nan,0.0,0.9676124453544617,0.0,1.0,9.99483109791075e-06,3
11140,node,nan,0.00037344679003581405,0.0,4.2935791015625,0.0,9.994760630792868e-06,3
11141,graph,nan,0.0,0.8647756576538086,0.0,1.0,9.994690102552109e-06,3
11142,graph,nan,0.0,0.9381223917007446,0.0,1.0,9.994971538172673e-06,2
11143,graph,nan,0.0,0.10532769560813904,0.0,0.0016814295668154955,9.99490088271188e-06,3
11144,node,nan,0.00040358887054026127,0.0,2.003718852996826,0.0,9.99483016612913e-06,3
11145,graph,nan,0.0,0.8593884706497192,0.0,1.0,9.994759388426164e-06,3
11146,graph,nan,0.0,1.1986209154129028,0.0,1.0,9.994688549604734e-06,3
11147,graph,nan,0.0,0.9442229270935059,0.0,1.0,9.994971227552481e-06,2
11148,node,nan,0.0003467662027105689,0.0,1.6235891580581665,0.0,9.994900261475903e-06,3
11149,graph,nan,0.0,1.2746686935424805,0.0,1.0,9.994829234281779e-06,3
11150,graph,nan,0.0,0.9839757680892944,0.0,1.0,9.994758145971862e-06,3
11151,graph,nan,0.0,0.948540210723877,0.0,1.0,9.99468699654791e-06,3
11152,node,nan,0.00048752178554423153,0.0,3.5724904537200928,0.0,9.994970916910261e-06,2
11153,graph,nan,0.0,0.0771888718008995,0.0,0.001619230955839157,9.994899640195888e-06,3
11154,graph,nan,0.0,1.0102136135101318,0.0,1.0,9.994828302368402e-06,3
11155,graph,nan,0.0,0.8939564824104309,0.0,1.0,9.994756903429564e-06,3
11156,node,nan,0.0004417717282194644,0.0,2.108705997467041,0.0,9.994685443381134e-06,3
11157,graph,nan,0.0,1.0711110830307007,0.0,1.0,9.994970606245917e-06,2
11158,graph,nan,0.0,0.08835546672344208,0.0,0.0012466346379369497,9.994899018871642e-06,3
11159,graph,nan,0.0,1.0079245567321777,0.0,1.0,9.994827370388707e-06,3
11160,node,nan,0.0005024239071644843,0.0,3.3819375038146973,0.0,9.994755660798881e-06,3
11161,graph,nan,0.0,0.8647829294204712,0.0,1.0,9.994683890103932e-06,3
11162,graph,nan,0.0,1.0029606819152832,0.0,1.0,9.994970295559346e-06,2
11163,graph,nan,0.0,0.06682746857404709,0.0,0.001638738322071731,9.994898397502966e-06,3
11164,node,nan,0.0004339766746852547,0.0,1.8355069160461426,0.0,9.994826438342399e-06,3
11165,graph,nan,0.0,1.0182021856307983,0.0,1.0,9.994754418079419e-06,3
11166,graph,nan,0.0,1.1984689235687256,0.0,1.0,9.994682336715802e-06,3
11167,graph,nan,0.0,1.0861960649490356,0.0,1.0,9.994969984850453e-06,2
11168,node,nan,0.0004640142433345318,0.0,1.446727991104126,0.0,9.994897776089664e-06,3
11169,graph,nan,0.0,1.1869750022888184,0.0,1.0,9.994825506229178e-06,3
11170,graph,nan,0.0,1.1375041007995605,0.0,1.0,9.99475317527078e-06,3
11171,graph,nan,0.0,1.242585301399231,0.0,1.0,9.994680783216253e-06,3
11172,node,nan,0.0004021048080176115,0.0,4.051670551300049,0.0,9.99496967411914e-06,2
11173,graph,nan,0.0,0.06789769977331161,0.0,0.0015810542972758412,9.994897154631541e-06,3
11174,graph,nan,0.0,1.0147356986999512,0.0,1.0,9.994824574048757e-06,3
11175,graph,nan,0.0,1.006772518157959,0.0,1.0,9.994751932372578e-06,3
11176,node,nan,0.00031533316359855235,0.0,3.4166178703308105,0.0,9.994679229604798e-06,3
11177,graph,nan,0.0,0.9814701080322266,0.0,1.0,9.994969363365307e-06,2
11178,graph,nan,0.0,0.08163300901651382,0.0,0.0010933049488812685,9.994896533128399e-06,3
11179,graph,nan,0.0,0.8198181390762329,0.0,1.0,9.994823641800836e-06,3
11180,node,nan,0.0004044711822643876,0.0,2.5953006744384766,0.0,9.99475068938442e-06,3
11181,graph,nan,0.0,0.8530842065811157,0.0,1.0,9.994677675880946e-06,3
11182,graph,nan,0.0,1.2647496461868286,0.0,1.0,9.994969052588857e-06,2
11183,graph,nan,0.0,0.09283574670553207,0.0,0.0014546215534210205,9.994895911580042e-06,3
11184,node,nan,0.0004291083896532655,0.0,2.8509442806243896,0.0,9.994822709485123e-06,3
11185,graph,nan,0.0,1.0389277935028076,0.0,1.0,9.994749446305907e-06,3
11186,graph,nan,0.0,0.7726552486419678,0.0,1.0,9.994676122044202e-06,3
11187,graph,nan,0.0,1.0194861888885498,0.0,1.0,9.994968741789692e-06,2
11188,node,nan,0.00043317998643033206,0.0,1.8750323057174683,0.0,9.994895289986274e-06,3
11189,graph,nan,0.0,1.0951241254806519,0.0,1.0,9.994821777101323e-06,3
11190,graph,nan,0.0,1.1874101161956787,0.0,1.0,9.994748203136653e-06,3
11191,graph,nan,0.0,1.019315242767334,0.0,1.0,9.994674568094078e-06,3
11192,node,nan,0.0005291415145620704,0.0,3.420490026473999,0.0,9.994968430967711e-06,2
11193,graph,nan,0.0,0.0994580090045929,0.0,0.0012372107012197375,9.994894668346895e-06,3
11194,graph,nan,0.0,1.1291615962982178,0.0,1.0,9.994820844649137e-06,3
11195,graph,nan,0.0,1.3116768598556519,0.0,1.0,9.994746959876256e-06,3
11196,node,nan,0.0003902652533724904,0.0,2.658405303955078,0.0,9.994673014030076e-06,3
11197,graph,nan,0.0,0.9974335432052612,0.0,1.0,9.99496812012282e-06,2
11198,graph,nan,0.0,0.09457867592573166,0.0,0.0016140519874170423,9.994894046661714e-06,3
11199,graph,nan,0.0,1.050736665725708,0.0,1.0,9.994819912128274e-06,3
11200,node,nan,0.0005109892808832228,0.0,3.7302165031433105,0.0,9.99474571652433e-06,3
11201,graph,nan,0.0,0.8063052296638489,0.0,1.0,9.994671459851712e-06,3
11202,graph,nan,0.0,0.7115026116371155,0.0,1.0,9.994967809254917e-06,2
11203,graph,nan,0.0,0.05789411813020706,0.0,0.001435490557923913,9.99489342493053e-06,3
11204,node,nan,0.0004084240645170212,0.0,13.512897491455078,0.0,9.994818979538438e-06,3
11205,graph,nan,0.0,0.9354220628738403,0.0,1.0,9.99474447308048e-06,3
11206,graph,nan,0.0,1.1631442308425903,0.0,1.0,9.994669905558492e-06,3
11207,graph,nan,0.0,0.9558955430984497,0.0,1.0,9.994967498363904e-06,2
11208,node,nan,0.0004676551907323301,0.0,7.221787452697754,0.0,9.994892803153147e-06,3
11209,graph,nan,0.0,1.0704320669174194,0.0,1.0,9.994818046879334e-06,3
11210,graph,nan,0.0,1.0511658191680908,0.0,1.0,9.994743229544308e-06,3
