CASRN,Preferred_Name,SMILES,Molecular_Formula,Average_Mass,F_Count,F_Percentage,C_Count,CF_Bonds,Chain_Length,MW_RDKit,Rotatable_Bonds,H_Acceptors,H_Donors,Ring_Count,Aromatic_Rings,Chain_Category,Is_Aromatic,Has_Rings,Is_Cyclic,Is_Branched,PFAS_Type,Treatment_Process,Test_Scale,Matrix,Treatment_Temp_C,Treatment_Time_Minutes,Effectiveness_Percent_Numeric,Treatment_Success,Temperature_Category,Time_Category,Initial_Concentration_Numeric,Post_Concentration_Numeric
1135682-88-0,Perfluoro-1-(perfluoroethyl)cyclohexanesulfonic acid,OS(=O)(=O)C1(C(F)(F)C(F)(F)F)C(F)(F)C(F)(F)C(F)(F)C(F)(F)C1(F)F,C8HF15O3S,462.13,15,55.55555555555556,8,15,8,462.12999999999994,2.0,2.0,1.0,1.0,0.0,Long-chain,False,True,True,True,Long-chain Cyclic Branched Highly-fluorinated,Hydrothermal Treatment,Lab,Other,350.0,180.0,100.0,True,Medium,Medium,28.7,0.0
1135682-88-0,Perfluoro-1-(perfluoroethyl)cyclohexanesulfonic acid,OS(=O)(=O)C1(C(F)(F)C(F)(F)F)C(F)(F)C(F)(F)C(F)(F)C(F)(F)C1(F)F,C8HF15O3S,462.13,15,55.55555555555556,8,15,8,462.12999999999994,2.0,2.0,1.0,1.0,0.0,Long-chain,False,True,True,True,Long-chain Cyclic Branched Highly-fluorinated,Hydrothermal Treatment,Lab,Other,350.0,180.0,100.0,True,Medium,Medium,28.7,0.0
865-86-1,Fluorotelomer alcohol 10:2,OCCC(F)(F)C(F)(F)C(F)(F)C(F)(F)C(F)(F)C(F)(F)C(F)(F)C(F)(F)C(F)(F)C(F)(F)F,C12H5F21O,564.137,21,61.76470588235294,12,21,12,564.1290000000001,10.0,1.0,1.0,0.0,0.0,Long-chain,False,False,False,True,Long-chain Branched Highly-fluorinated,Indirect Thermal Desorption,Lab,Other,700.0,,,False,High,,50.0,
865-86-1,Fluorotelomer alcohol 10:2,OCCC(F)(F)C(F)(F)C(F)(F)C(F)(F)C(F)(F)C(F)(F)C(F)(F)C(F)(F)C(F)(F)C(F)(F)F,C12H5F21O,564.137,21,61.76470588235294,12,21,12,564.1290000000001,10.0,1.0,1.0,0.0,0.0,Long-chain,False,False,False,True,Long-chain Branched Highly-fluorinated,Indirect Thermal Desorption,Lab,Other,500.0,,,False,High,,50.0,
865-86-1,Fluorotelomer alcohol 10:2,OCCC(F)(F)C(F)(F)C(F)(F)C(F)(F)C(F)(F)C(F)(F)C(F)(F)C(F)(F)C(F)(F)C(F)(F)F,C12H5F21O,564.137,21,61.76470588235294,12,21,12,564.1290000000001,10.0,1.0,1.0,0.0,0.0,Long-chain,False,False,False,True,Long-chain Branched Highly-fluorinated,Indirect Thermal Desorption,Lab,Other,300.0,,,False,Medium,,50.0,
865-86-1,Fluorotelomer alcohol 10:2,OCCC(F)(F)C(F)(F)C(F)(F)C(F)(F)C(F)(F)C(F)(F)C(F)(F)C(F)(F)C(F)(F)C(F)(F)F,C12H5F21O,564.137,21,61.76470588235294,12,21,12,564.1290000000001,10.0,1.0,1.0,0.0,0.0,Long-chain,False,False,False,True,Long-chain Branched Highly-fluorinated,Indirect Thermal Desorption,Lab,Other,700.0,,,False,High,,50.0,
865-86-1,Fluorotelomer alcohol 10:2,OCCC(F)(F)C(F)(F)C(F)(F)C(F)(F)C(F)(F)C(F)(F)C(F)(F)C(F)(F)C(F)(F)C(F)(F)F,C12H5F21O,564.137,21,61.76470588235294,12,21,12,564.1290000000001,10.0,1.0,1.0,0.0,0.0,Long-chain,False,False,False,True,Long-chain Branched Highly-fluorinated,Indirect Thermal Desorption,Lab,Other,700.0,,,False,High,,50.0,
865-86-1,Fluorotelomer alcohol 10:2,OCCC(F)(F)C(F)(F)C(F)(F)C(F)(F)C(F)(F)C(F)(F)C(F)(F)C(F)(F)C(F)(F)C(F)(F)F,C12H5F21O,564.137,21,61.76470588235294,12,21,12,564.1290000000001,10.0,1.0,1.0,0.0,0.0,Long-chain,False,False,False,True,Long-chain Branched Highly-fluorinated,Indirect Thermal Desorption,Lab,Other,500.0,,,False,High,,50.0,
865-86-1,Fluorotelomer alcohol 10:2,OCCC(F)(F)C(F)(F)C(F)(F)C(F)(F)C(F)(F)C(F)(F)C(F)(F)C(F)(F)C(F)(F)C(F)(F)F,C12H5F21O,564.137,21,61.76470588235294,12,21,12,564.1290000000001,10.0,1.0,1.0,0.0,0.0,Long-chain,False,False,False,True,Long-chain Branched Highly-fluorinated,Indirect Thermal Desorption,Lab,Other,500.0,,,False,High,,50.0,
865-86-1,Fluorotelomer alcohol 10:2,OCCC(F)(F)C(F)(F)C(F)(F)C(F)(F)C(F)(F)C(F)(F)C(F)(F)C(F)(F)C(F)(F)C(F)(F)F,C12H5F21O,564.137,21,61.76470588235294,12,21,12,564.1290000000001,10.0,1.0,1.0,0.0,0.0,Long-chain,False,False,False,True,Long-chain Branched Highly-fluorinated,Indirect Thermal Desorption,Lab,Other,300.0,,,False,Medium,,50.0,
865-86-1,Fluorotelomer alcohol 10:2,OCCC(F)(F)C(F)(F)C(F)(F)C(F)(F)C(F)(F)C(F)(F)C(F)(F)C(F)(F)C(F)(F)C(F)(F)F,C12H5F21O,564.137,21,61.76470588235294,12,21,12,564.1290000000001,10.0,1.0,1.0,0.0,0.0,Long-chain,False,False,False,True,Long-chain Branched Highly-fluorinated,Indirect Thermal Desorption,Lab,Other,300.0,,,False,Medium,,50.0,
75-73-0,Carbon tetrafluoride,FC(F)(F)F,CF4,88.005,4,80.0,1,4,1,88.00300000000001,0.0,0.0,0.0,0.0,0.0,Short-chain,False,False,False,True,Short-chain Branched Highly-fluorinated,Incineration,Pilot,Other,875.0,0.055,,False,High,Short,,
75-73-0,Carbon tetrafluoride,FC(F)(F)F,CF4,88.005,4,80.0,1,4,1,88.00300000000001,0.0,0.0,0.0,0.0,0.0,Short-chain,False,False,False,True,Short-chain Branched Highly-fluorinated,Incineration,Pilot,Other,930.0,0.06,,False,High,Short,,
75-73-0,Carbon tetrafluoride,FC(F)(F)F,CF4,88.005,4,80.0,1,4,1,88.00300000000001,0.0,0.0,0.0,0.0,0.0,Short-chain,False,False,False,True,Short-chain Branched Highly-fluorinated,Incineration,Pilot,Other,1050.0,0.07,,False,High,Short,,
75-73-0,Carbon tetrafluoride,FC(F)(F)F,CF4,88.005,4,80.0,1,4,1,88.00300000000001,0.0,0.0,0.0,0.0,0.0,Short-chain,False,False,False,True,Short-chain Branched Highly-fluorinated,Incineration,Pilot,Other,1080.0,0.0833333333333333,,False,High,Short,,
75-73-0,Carbon tetrafluoride,FC(F)(F)F,CF4,88.005,4,80.0,1,4,1,88.00300000000001,0.0,0.0,0.0,0.0,0.0,Short-chain,False,False,False,True,Short-chain Branched Highly-fluorinated,Incineration,Pilot,Other,1300.0,0.0833333333333333,,False,High,Short,,
75-73-0,Carbon tetrafluoride,FC(F)(F)F,CF4,88.005,4,80.0,1,4,1,88.00300000000001,0.0,0.0,0.0,0.0,0.0,Short-chain,False,False,False,True,Short-chain Branched Highly-fluorinated,Incineration,Pilot,Other,2071.0,0.1233333333333333,,False,High,Short,,
75-73-0,Carbon tetrafluoride,FC(F)(F)F,CF4,88.005,4,80.0,1,4,1,88.00300000000001,0.0,0.0,0.0,0.0,0.0,Short-chain,False,False,False,True,Short-chain Branched Highly-fluorinated,Incineration,Pilot,Other,2071.0,0.1233333333333333,,False,High,Short,,
75-73-0,Carbon tetrafluoride,FC(F)(F)F,CF4,88.005,4,80.0,1,4,1,88.00300000000001,0.0,0.0,0.0,0.0,0.0,Short-chain,False,False,False,True,Short-chain Branched Highly-fluorinated,Incineration,Pilot,Other,2071.0,0.1233333333333333,,False,High,Short,,
75-73-0,Carbon tetrafluoride,FC(F)(F)F,CF4,88.005,4,80.0,1,4,1,88.00300000000001,0.0,0.0,0.0,0.0,0.0,Short-chain,False,False,False,True,Short-chain Branched Highly-fluorinated,Incineration,Pilot,Other,2071.0,0.1233333333333333,,False,High,Short,,
75-73-0,Carbon tetrafluoride,FC(F)(F)F,CF4,88.005,4,80.0,1,4,1,88.00300000000001,0.0,0.0,0.0,0.0,0.0,Short-chain,False,False,False,True,Short-chain Branched Highly-fluorinated,Incineration,Pilot,Other,2071.0,0.1233333333333333,,False,High,Short,,
75-73-0,Carbon tetrafluoride,FC(F)(F)F,CF4,88.005,4,80.0,1,4,1,88.00300000000001,0.0,0.0,0.0,0.0,0.0,Short-chain,False,False,False,True,Short-chain Branched Highly-fluorinated,Incineration,Pilot,Other,1235.0,0.105,,False,High,Short,,
75-73-0,Carbon tetrafluoride,FC(F)(F)F,CF4,88.005,4,80.0,1,4,1,88.00300000000001,0.0,0.0,0.0,0.0,0.0,Short-chain,False,False,False,True,Short-chain Branched Highly-fluorinated,Incineration,Pilot,Other,1235.0,0.105,,False,High,Short,,
75-73-0,Carbon tetrafluoride,FC(F)(F)F,CF4,88.005,4,80.0,1,4,1,88.00300000000001,0.0,0.0,0.0,0.0,0.0,Short-chain,False,False,False,True,Short-chain Branched Highly-fluorinated,Incineration,Pilot,Other,1200.0,0.1166666666666666,,False,High,Short,,
75-73-0,Carbon tetrafluoride,FC(F)(F)F,CF4,88.005,4,80.0,1,4,1,88.00300000000001,0.0,0.0,0.0,0.0,0.0,Short-chain,False,False,False,True,Short-chain Branched Highly-fluorinated,Incineration,Pilot,Other,1200.0,0.1166666666666666,,False,High,Short,,
75-73-0,Carbon tetrafluoride,FC(F)(F)F,CF4,88.005,4,80.0,1,4,1,88.00300000000001,0.0,0.0,0.0,0.0,0.0,Short-chain,False,False,False,True,Short-chain Branched Highly-fluorinated,Incineration,Pilot,Other,900.0,0.055,,False,High,Short,,
75-73-0,Carbon tetrafluoride,FC(F)(F)F,CF4,88.005,4,80.0,1,4,1,88.00300000000001,0.0,0.0,0.0,0.0,0.0,Short-chain,False,False,False,True,Short-chain Branched Highly-fluorinated,Incineration,Pilot,Other,2071.0,0.1233333333333333,,False,High,Short,,
76-16-4,Perfluoroethane,FC(F)(F)C(F)(F)F,C2F6,138.012,6,75.0,2,6,2,138.01000000000002,0.0,0.0,0.0,0.0,0.0,Short-chain,False,False,False,True,Short-chain Branched Highly-fluorinated,Incineration,Pilot,Other,850.0,0.05,,False,High,Short,,
76-16-4,Perfluoroethane,FC(F)(F)C(F)(F)F,C2F6,138.012,6,75.0,2,6,2,138.01000000000002,0.0,0.0,0.0,0.0,0.0,Short-chain,False,False,False,True,Short-chain Branched Highly-fluorinated,Incineration,Pilot,Other,825.0,0.05,,False,High,Short,,
76-16-4,Perfluoroethane,FC(F)(F)C(F)(F)F,C2F6,138.012,6,75.0,2,6,2,138.01000000000002,0.0,0.0,0.0,0.0,0.0,Short-chain,False,False,False,True,Short-chain Branched Highly-fluorinated,Incineration,Pilot,Other,930.0,0.06,,False,High,Short,,
76-16-4,Perfluoroethane,FC(F)(F)C(F)(F)F,C2F6,138.012,6,75.0,2,6,2,138.01000000000002,0.0,0.0,0.0,0.0,0.0,Short-chain,False,False,False,True,Short-chain Branched Highly-fluorinated,Incineration,Pilot,Other,900.0,0.06,,False,High,Short,,
76-16-4,Perfluoroethane,FC(F)(F)C(F)(F)F,C2F6,138.012,6,75.0,2,6,2,138.01000000000002,0.0,0.0,0.0,0.0,0.0,Short-chain,False,False,False,True,Short-chain Branched Highly-fluorinated,Incineration,Pilot,Other,1050.0,0.07,,False,High,Short,,
76-16-4,Perfluoroethane,FC(F)(F)C(F)(F)F,C2F6,138.012,6,75.0,2,6,2,138.01000000000002,0.0,0.0,0.0,0.0,0.0,Short-chain,False,False,False,True,Short-chain Branched Highly-fluorinated,Incineration,Pilot,Other,950.0,0.07,,False,High,Short,,
76-16-4,Perfluoroethane,FC(F)(F)C(F)(F)F,C2F6,138.012,6,75.0,2,6,2,138.01000000000002,0.0,0.0,0.0,0.0,0.0,Short-chain,False,False,False,True,Short-chain Branched Highly-fluorinated,Incineration,Pilot,Other,1080.0,0.0833333333333333,,False,High,Short,,
76-16-4,Perfluoroethane,FC(F)(F)C(F)(F)F,C2F6,138.012,6,75.0,2,6,2,138.01000000000002,0.0,0.0,0.0,0.0,0.0,Short-chain,False,False,False,True,Short-chain Branched Highly-fluorinated,Incineration,Pilot,Other,1300.0,0.0833333333333333,,False,High,Short,,
76-16-4,Perfluoroethane,FC(F)(F)C(F)(F)F,C2F6,138.012,6,75.0,2,6,2,138.01000000000002,0.0,0.0,0.0,0.0,0.0,Short-chain,False,False,False,True,Short-chain Branched Highly-fluorinated,Incineration,Pilot,Other,1100.0,0.0833333333333333,,False,High,Short,,
76-16-4,Perfluoroethane,FC(F)(F)C(F)(F)F,C2F6,138.012,6,75.0,2,6,2,138.01000000000002,0.0,0.0,0.0,0.0,0.0,Short-chain,False,False,False,True,Short-chain Branched Highly-fluorinated,Incineration,Pilot,Other,2071.0,0.1233333333333333,,False,High,Short,,
76-16-4,Perfluoroethane,FC(F)(F)C(F)(F)F,C2F6,138.012,6,75.0,2,6,2,138.01000000000002,0.0,0.0,0.0,0.0,0.0,Short-chain,False,False,False,True,Short-chain Branched Highly-fluorinated,Incineration,Pilot,Other,2071.0,0.1233333333333333,,False,High,Short,,
76-16-4,Perfluoroethane,FC(F)(F)C(F)(F)F,C2F6,138.012,6,75.0,2,6,2,138.01000000000002,0.0,0.0,0.0,0.0,0.0,Short-chain,False,False,False,True,Short-chain Branched Highly-fluorinated,Incineration,Pilot,Other,831.0,0.05,,False,High,Short,,
76-16-4,Perfluoroethane,FC(F)(F)C(F)(F)F,C2F6,138.012,6,75.0,2,6,2,138.01000000000002,0.0,0.0,0.0,0.0,0.0,Short-chain,False,False,False,True,Short-chain Branched Highly-fluorinated,Incineration,Pilot,Other,925.0,0.06,,False,High,Short,,
76-16-4,Perfluoroethane,FC(F)(F)C(F)(F)F,C2F6,138.012,6,75.0,2,6,2,138.01000000000002,0.0,0.0,0.0,0.0,0.0,Short-chain,False,False,False,True,Short-chain Branched Highly-fluorinated,Incineration,Pilot,Other,963.0,0.07,,False,High,Short,,
76-16-4,Perfluoroethane,FC(F)(F)C(F)(F)F,C2F6,138.012,6,75.0,2,6,2,138.01000000000002,0.0,0.0,0.0,0.0,0.0,Short-chain,False,False,False,True,Short-chain Branched Highly-fluorinated,Incineration,Pilot,Other,1090.0,0.0833333333333333,,False,High,Short,,
76-16-4,Perfluoroethane,FC(F)(F)C(F)(F)F,C2F6,138.012,6,75.0,2,6,2,138.01000000000002,0.0,0.0,0.0,0.0,0.0,Short-chain,False,False,False,True,Short-chain Branched Highly-fluorinated,Incineration,Pilot,Other,2071.0,0.1233333333333333,,False,High,Short,,
4151-50-2,N-Ethylperfluorooctane sulfonamide,CCNS(=O)(=O)C(F)(F)C(F)(F)C(F)(F)C(F)(F)C(F)(F)C(F)(F)C(F)(F)C(F)(F)F,C10H6F17NO2S,527.2,17,54.83870967741935,10,17,10,527.196,9.0,2.0,1.0,0.0,0.0,Long-chain,False,False,False,True,Long-chain Branched Highly-fluorinated,Pyrolysis,Lab,Sludge,700.0,,100.0,True,High,,5.3,0.0
4151-50-2,N-Ethylperfluorooctane sulfonamide,CCNS(=O)(=O)C(F)(F)C(F)(F)C(F)(F)C(F)(F)C(F)(F)C(F)(F)C(F)(F)C(F)(F)F,C10H6F17NO2S,527.2,17,54.83870967741935,10,17,10,527.196,9.0,2.0,1.0,0.0,0.0,Long-chain,False,False,False,True,Long-chain Branched Highly-fluorinated,Pyrolysis,Lab,Sludge,700.0,,100.0,True,High,,3.2,0.0
4151-50-2,N-Ethylperfluorooctane sulfonamide,CCNS(=O)(=O)C(F)(F)C(F)(F)C(F)(F)C(F)(F)C(F)(F)C(F)(F)C(F)(F)C(F)(F)F,C10H6F17NO2S,527.2,17,54.83870967741935,10,17,10,527.196,9.0,2.0,1.0,0.0,0.0,Long-chain,False,False,False,True,Long-chain Branched Highly-fluorinated,Pyrolysis,Lab,Sludge,700.0,,100.0,True,High,,2.9,0.0
4151-50-2,N-Ethylperfluorooctane sulfonamide,CCNS(=O)(=O)C(F)(F)C(F)(F)C(F)(F)C(F)(F)C(F)(F)C(F)(F)C(F)(F)C(F)(F)F,C10H6F17NO2S,527.2,17,54.83870967741935,10,17,10,527.196,9.0,2.0,1.0,0.0,0.0,Long-chain,False,False,False,True,Long-chain Branched Highly-fluorinated,Pyrolysis,Lab,Sludge,500.0,,100.0,True,High,,5.3,0.0
4151-50-2,N-Ethylperfluorooctane sulfonamide,CCNS(=O)(=O)C(F)(F)C(F)(F)C(F)(F)C(F)(F)C(F)(F)C(F)(F)C(F)(F)C(F)(F)F,C10H6F17NO2S,527.2,17,54.83870967741935,10,17,10,527.196,9.0,2.0,1.0,0.0,0.0,Long-chain,False,False,False,True,Long-chain Branched Highly-fluorinated,Pyrolysis,Lab,Sludge,500.0,,100.0,True,High,,3.2,0.0
4151-50-2,N-Ethylperfluorooctane sulfonamide,CCNS(=O)(=O)C(F)(F)C(F)(F)C(F)(F)C(F)(F)C(F)(F)C(F)(F)C(F)(F)C(F)(F)F,C10H6F17NO2S,527.2,17,54.83870967741935,10,17,10,527.196,9.0,2.0,1.0,0.0,0.0,Long-chain,False,False,False,True,Long-chain Branched Highly-fluorinated,Pyrolysis,Lab,Sludge,500.0,,100.0,True,High,,2.9,0.0
4151-50-2,N-Ethylperfluorooctane sulfonamide,CCNS(=O)(=O)C(F)(F)C(F)(F)C(F)(F)C(F)(F)C(F)(F)C(F)(F)C(F)(F)C(F)(F)F,C10H6F17NO2S,527.2,17,54.83870967741935,10,17,10,527.196,9.0,2.0,1.0,0.0,0.0,Long-chain,False,False,False,True,Long-chain Branched Highly-fluorinated,Infrared Heating,Pilot,Soil,350.0,11520.0,,False,Medium,Extended,60.0,
4151-50-2,N-Ethylperfluorooctane sulfonamide,CCNS(=O)(=O)C(F)(F)C(F)(F)C(F)(F)C(F)(F)C(F)(F)C(F)(F)C(F)(F)C(F)(F)F,C10H6F17NO2S,527.2,17,54.83870967741935,10,17,10,527.196,9.0,2.0,1.0,0.0,0.0,Long-chain,False,False,False,True,Long-chain Branched Highly-fluorinated,Infrared Heating,Pilot,Soil,350.0,11520.0,,False,Medium,Extended,0.362,
4151-50-2,N-Ethylperfluorooctane sulfonamide,CCNS(=O)(=O)C(F)(F)C(F)(F)C(F)(F)C(F)(F)C(F)(F)C(F)(F)C(F)(F)C(F)(F)F,C10H6F17NO2S,527.2,17,54.83870967741935,10,17,10,527.196,9.0,2.0,1.0,0.0,0.0,Long-chain,False,False,False,True,Long-chain Branched Highly-fluorinated,Infrared Heating,Pilot,Soil,350.0,11520.0,,False,Medium,Extended,1.98,
4151-50-2,N-Ethylperfluorooctane sulfonamide,CCNS(=O)(=O)C(F)(F)C(F)(F)C(F)(F)C(F)(F)C(F)(F)C(F)(F)C(F)(F)C(F)(F)F,C10H6F17NO2S,527.2,17,54.83870967741935,10,17,10,527.196,9.0,2.0,1.0,0.0,0.0,Long-chain,False,False,False,True,Long-chain Branched Highly-fluorinated,Infrared Heating,Pilot,Soil,350.0,11520.0,,False,Medium,Extended,0.0,
4151-50-2,N-Ethylperfluorooctane sulfonamide,CCNS(=O)(=O)C(F)(F)C(F)(F)C(F)(F)C(F)(F)C(F)(F)C(F)(F)C(F)(F)C(F)(F)F,C10H6F17NO2S,527.2,17,54.83870967741935,10,17,10,527.196,9.0,2.0,1.0,0.0,0.0,Long-chain,False,False,False,True,Long-chain Branched Highly-fluorinated,Pyrolysis,Not specified,Sludge,593.33,,,False,High,,0.0,
375-85-9,Perfluoroheptanoic acid,OC(=O)C(F)(F)C(F)(F)C(F)(F)C(F)(F)C(F)(F)C(F)(F)F,C7HF13O2,364.062,13,59.09090909090909,7,13,7,364.057,5.0,1.0,1.0,0.0,0.0,Medium-chain,False,False,False,True,Medium-chain Branched Highly-fluorinated,Hydrothermal Treatment,Lab,Sludge,300.0,120.0,,False,Medium,Medium,,
375-85-9,Perfluoroheptanoic acid,OC(=O)C(F)(F)C(F)(F)C(F)(F)C(F)(F)C(F)(F)C(F)(F)F,C7HF13O2,364.062,13,59.09090909090909,7,13,7,364.057,5.0,1.0,1.0,0.0,0.0,Medium-chain,False,False,False,True,Medium-chain Branched Highly-fluorinated,Hydrothermal Treatment,Lab,Sludge,300.0,120.0,,False,Medium,Medium,,
375-85-9,Perfluoroheptanoic acid,OC(=O)C(F)(F)C(F)(F)C(F)(F)C(F)(F)C(F)(F)C(F)(F)F,C7HF13O2,364.062,13,59.09090909090909,7,13,7,364.057,5.0,1.0,1.0,0.0,0.0,Medium-chain,False,False,False,True,Medium-chain Branched Highly-fluorinated,Hydrothermal Treatment,Lab,Sludge,300.0,120.0,,False,Medium,Medium,,
375-85-9,Perfluoroheptanoic acid,OC(=O)C(F)(F)C(F)(F)C(F)(F)C(F)(F)C(F)(F)C(F)(F)F,C7HF13O2,364.062,13,59.09090909090909,7,13,7,364.057,5.0,1.0,1.0,0.0,0.0,Medium-chain,False,False,False,True,Medium-chain Branched Highly-fluorinated,Hydrothermal Treatment,Lab,Sludge,300.0,120.0,,False,Medium,Medium,,
375-85-9,Perfluoroheptanoic acid,OC(=O)C(F)(F)C(F)(F)C(F)(F)C(F)(F)C(F)(F)C(F)(F)F,C7HF13O2,364.062,13,59.09090909090909,7,13,7,364.057,5.0,1.0,1.0,0.0,0.0,Medium-chain,False,False,False,True,Medium-chain Branched Highly-fluorinated,Hydrothermal Treatment,Lab,Sludge,300.0,120.0,,False,Medium,Medium,,
375-85-9,Perfluoroheptanoic acid,OC(=O)C(F)(F)C(F)(F)C(F)(F)C(F)(F)C(F)(F)C(F)(F)F,C7HF13O2,364.062,13,59.09090909090909,7,13,7,364.057,5.0,1.0,1.0,0.0,0.0,Medium-chain,False,False,False,True,Medium-chain Branched Highly-fluorinated,Hydrothermal Treatment,Lab,Other,350.0,2.5,100.0,True,Medium,Short,19.0,0.0
375-85-9,Perfluoroheptanoic acid,OC(=O)C(F)(F)C(F)(F)C(F)(F)C(F)(F)C(F)(F)C(F)(F)F,C7HF13O2,364.062,13,59.09090909090909,7,13,7,364.057,5.0,1.0,1.0,0.0,0.0,Medium-chain,False,False,False,True,Medium-chain Branched Highly-fluorinated,Hydrothermal Treatment,Lab,Other,350.0,2.5,100.0,True,Medium,Short,110.0,0.0
375-85-9,Perfluoroheptanoic acid,OC(=O)C(F)(F)C(F)(F)C(F)(F)C(F)(F)C(F)(F)C(F)(F)F,C7HF13O2,364.062,13,59.09090909090909,7,13,7,364.057,5.0,1.0,1.0,0.0,0.0,Medium-chain,False,False,False,True,Medium-chain Branched Highly-fluorinated,Hydrothermal Treatment,Lab,Other,350.0,2.5,100.0,True,Medium,Short,110.0,0.0
375-85-9,Perfluoroheptanoic acid,OC(=O)C(F)(F)C(F)(F)C(F)(F)C(F)(F)C(F)(F)C(F)(F)F,C7HF13O2,364.062,13,59.09090909090909,7,13,7,364.057,5.0,1.0,1.0,0.0,0.0,Medium-chain,False,False,False,True,Medium-chain Branched Highly-fluorinated,Pyrolysis,Lab,Sludge,800.0,20.0,94.13407821229048,True,High,Short,0.358,0.021
375-85-9,Perfluoroheptanoic acid,OC(=O)C(F)(F)C(F)(F)C(F)(F)C(F)(F)C(F)(F)C(F)(F)F,C7HF13O2,364.062,13,59.09090909090909,7,13,7,364.057,5.0,1.0,1.0,0.0,0.0,Medium-chain,False,False,False,True,Medium-chain Branched Highly-fluorinated,Pyrolysis,Lab,Sludge,800.0,20.0,96.00798403193612,True,High,Short,0.501,0.02
375-85-9,Perfluoroheptanoic acid,OC(=O)C(F)(F)C(F)(F)C(F)(F)C(F)(F)C(F)(F)C(F)(F)F,C7HF13O2,364.062,13,59.09090909090909,7,13,7,364.057,5.0,1.0,1.0,0.0,0.0,Medium-chain,False,False,False,True,Medium-chain Branched Highly-fluorinated,Pyrolysis,Lab,Sludge,800.0,20.0,97.12121212121212,True,High,Short,0.66,0.019
375-85-9,Perfluoroheptanoic acid,OC(=O)C(F)(F)C(F)(F)C(F)(F)C(F)(F)C(F)(F)C(F)(F)F,C7HF13O2,364.062,13,59.09090909090909,7,13,7,364.057,5.0,1.0,1.0,0.0,0.0,Medium-chain,False,False,False,True,Medium-chain Branched Highly-fluorinated,Pyrolysis,Lab,Sludge,800.0,20.0,90.86956521739133,True,High,Short,0.23,0.021
375-85-9,Perfluoroheptanoic acid,OC(=O)C(F)(F)C(F)(F)C(F)(F)C(F)(F)C(F)(F)C(F)(F)F,C7HF13O2,364.062,13,59.09090909090909,7,13,7,364.057,5.0,1.0,1.0,0.0,0.0,Medium-chain,False,False,False,True,Medium-chain Branched Highly-fluorinated,Pyrolysis,Lab,Sludge,800.0,20.0,71.42857142857143,False,High,Short,0.07,0.02
375-85-9,Perfluoroheptanoic acid,OC(=O)C(F)(F)C(F)(F)C(F)(F)C(F)(F)C(F)(F)C(F)(F)F,C7HF13O2,364.062,13,59.09090909090909,7,13,7,364.057,5.0,1.0,1.0,0.0,0.0,Medium-chain,False,False,False,True,Medium-chain Branched Highly-fluorinated,Pyrolysis,Lab,Sludge,800.0,20.0,51.28205128205129,False,High,Short,0.039,0.019
375-85-9,Perfluoroheptanoic acid,OC(=O)C(F)(F)C(F)(F)C(F)(F)C(F)(F)C(F)(F)C(F)(F)F,C7HF13O2,364.062,13,59.09090909090909,7,13,7,364.057,5.0,1.0,1.0,0.0,0.0,Medium-chain,False,False,False,True,Medium-chain Branched Highly-fluorinated,Pyrolysis,Lab,Sludge,650.0,20.0,94.6927374301676,True,High,Short,0.358,0.019
375-85-9,Perfluoroheptanoic acid,OC(=O)C(F)(F)C(F)(F)C(F)(F)C(F)(F)C(F)(F)C(F)(F)F,C7HF13O2,364.062,13,59.09090909090909,7,13,7,364.057,5.0,1.0,1.0,0.0,0.0,Medium-chain,False,False,False,True,Medium-chain Branched Highly-fluorinated,Pyrolysis,Lab,Sludge,650.0,20.0,96.20758483033931,True,High,Short,0.501,0.019
375-85-9,Perfluoroheptanoic acid,OC(=O)C(F)(F)C(F)(F)C(F)(F)C(F)(F)C(F)(F)C(F)(F)F,C7HF13O2,364.062,13,59.09090909090909,7,13,7,364.057,5.0,1.0,1.0,0.0,0.0,Medium-chain,False,False,False,True,Medium-chain Branched Highly-fluorinated,Pyrolysis,Lab,Sludge,650.0,20.0,96.8181818181818,True,High,Short,0.66,0.021
375-85-9,Perfluoroheptanoic acid,OC(=O)C(F)(F)C(F)(F)C(F)(F)C(F)(F)C(F)(F)C(F)(F)F,C7HF13O2,364.062,13,59.09090909090909,7,13,7,364.057,5.0,1.0,1.0,0.0,0.0,Medium-chain,False,False,False,True,Medium-chain Branched Highly-fluorinated,Pyrolysis,Lab,Sludge,650.0,20.0,91.30434782608695,True,High,Short,0.23,0.02
375-85-9,Perfluoroheptanoic acid,OC(=O)C(F)(F)C(F)(F)C(F)(F)C(F)(F)C(F)(F)C(F)(F)F,C7HF13O2,364.062,13,59.09090909090909,7,13,7,364.057,5.0,1.0,1.0,0.0,0.0,Medium-chain,False,False,False,True,Medium-chain Branched Highly-fluorinated,Pyrolysis,Lab,Sludge,650.0,20.0,72.85714285714285,False,High,Short,0.07,0.019
375-85-9,Perfluoroheptanoic acid,OC(=O)C(F)(F)C(F)(F)C(F)(F)C(F)(F)C(F)(F)C(F)(F)F,C7HF13O2,364.062,13,59.09090909090909,7,13,7,364.057,5.0,1.0,1.0,0.0,0.0,Medium-chain,False,False,False,True,Medium-chain Branched Highly-fluorinated,Pyrolysis,Lab,Sludge,650.0,20.0,48.717948717948715,False,High,Short,0.039,0.02
375-85-9,Perfluoroheptanoic acid,OC(=O)C(F)(F)C(F)(F)C(F)(F)C(F)(F)C(F)(F)C(F)(F)F,C7HF13O2,364.062,13,59.09090909090909,7,13,7,364.057,5.0,1.0,1.0,0.0,0.0,Medium-chain,False,False,False,True,Medium-chain Branched Highly-fluorinated,Pyrolysis,Lab,Sludge,500.0,20.0,94.41340782122904,True,High,Short,0.358,0.02
375-85-9,Perfluoroheptanoic acid,OC(=O)C(F)(F)C(F)(F)C(F)(F)C(F)(F)C(F)(F)C(F)(F)F,C7HF13O2,364.062,13,59.09090909090909,7,13,7,364.057,5.0,1.0,1.0,0.0,0.0,Medium-chain,False,False,False,True,Medium-chain Branched Highly-fluorinated,Pyrolysis,Lab,Sludge,500.0,20.0,96.00798403193612,True,High,Short,0.501,0.02
375-85-9,Perfluoroheptanoic acid,OC(=O)C(F)(F)C(F)(F)C(F)(F)C(F)(F)C(F)(F)C(F)(F)F,C7HF13O2,364.062,13,59.09090909090909,7,13,7,364.057,5.0,1.0,1.0,0.0,0.0,Medium-chain,False,False,False,True,Medium-chain Branched Highly-fluorinated,Pyrolysis,Lab,Sludge,500.0,20.0,97.12121212121212,True,High,Short,0.66,0.019
375-85-9,Perfluoroheptanoic acid,OC(=O)C(F)(F)C(F)(F)C(F)(F)C(F)(F)C(F)(F)C(F)(F)F,C7HF13O2,364.062,13,59.09090909090909,7,13,7,364.057,5.0,1.0,1.0,0.0,0.0,Medium-chain,False,False,False,True,Medium-chain Branched Highly-fluorinated,Pyrolysis,Lab,Sludge,500.0,20.0,91.30434782608695,True,High,Short,0.23,0.02
375-85-9,Perfluoroheptanoic acid,OC(=O)C(F)(F)C(F)(F)C(F)(F)C(F)(F)C(F)(F)C(F)(F)F,C7HF13O2,364.062,13,59.09090909090909,7,13,7,364.057,5.0,1.0,1.0,0.0,0.0,Medium-chain,False,False,False,True,Medium-chain Branched Highly-fluorinated,Pyrolysis,Lab,Sludge,500.0,20.0,71.42857142857143,False,High,Short,0.07,0.02
375-85-9,Perfluoroheptanoic acid,OC(=O)C(F)(F)C(F)(F)C(F)(F)C(F)(F)C(F)(F)C(F)(F)F,C7HF13O2,364.062,13,59.09090909090909,7,13,7,364.057,5.0,1.0,1.0,0.0,0.0,Medium-chain,False,False,False,True,Medium-chain Branched Highly-fluorinated,Pyrolysis,Lab,Sludge,500.0,20.0,51.28205128205129,False,High,Short,0.039,0.019
375-85-9,Perfluoroheptanoic acid,OC(=O)C(F)(F)C(F)(F)C(F)(F)C(F)(F)C(F)(F)C(F)(F)F,C7HF13O2,364.062,13,59.09090909090909,7,13,7,364.057,5.0,1.0,1.0,0.0,0.0,Medium-chain,False,False,False,True,Medium-chain Branched Highly-fluorinated,GAC Reactivation,Full,Treatment Media,1093.0,,99.95538461538462,True,High,,1300.0,0.58
375-85-9,Perfluoroheptanoic acid,OC(=O)C(F)(F)C(F)(F)C(F)(F)C(F)(F)C(F)(F)C(F)(F)F,C7HF13O2,364.062,13,59.09090909090909,7,13,7,364.057,5.0,1.0,1.0,0.0,0.0,Medium-chain,False,False,False,True,Medium-chain Branched Highly-fluorinated,GAC Reactivation,Full,Treatment Media,1093.0,,99.90645161290324,True,High,,620.0,0.58
375-85-9,Perfluoroheptanoic acid,OC(=O)C(F)(F)C(F)(F)C(F)(F)C(F)(F)C(F)(F)C(F)(F)F,C7HF13O2,364.062,13,59.09090909090909,7,13,7,364.057,5.0,1.0,1.0,0.0,0.0,Medium-chain,False,False,False,True,Medium-chain Branched Highly-fluorinated,GAC Reactivation,Full,Treatment Media,1093.0,,99.96375,True,High,,1600.0,0.58
375-85-9,Perfluoroheptanoic acid,OC(=O)C(F)(F)C(F)(F)C(F)(F)C(F)(F)C(F)(F)C(F)(F)F,C7HF13O2,364.062,13,59.09090909090909,7,13,7,364.057,5.0,1.0,1.0,0.0,0.0,Medium-chain,False,False,False,True,Medium-chain Branched Highly-fluorinated,Electric Furnace,Lab,Other,250.0,75.0,,False,Medium,Medium,,1.65
375-85-9,Perfluoroheptanoic acid,OC(=O)C(F)(F)C(F)(F)C(F)(F)C(F)(F)C(F)(F)C(F)(F)F,C7HF13O2,364.062,13,59.09090909090909,7,13,7,364.057,5.0,1.0,1.0,0.0,0.0,Medium-chain,False,False,False,True,Medium-chain Branched Highly-fluorinated,Electric Furnace,Lab,Other,300.0,75.0,,False,Medium,Medium,,0.19
375-85-9,Perfluoroheptanoic acid,OC(=O)C(F)(F)C(F)(F)C(F)(F)C(F)(F)C(F)(F)C(F)(F)F,C7HF13O2,364.062,13,59.09090909090909,7,13,7,364.057,5.0,1.0,1.0,0.0,0.0,Medium-chain,False,False,False,True,Medium-chain Branched Highly-fluorinated,GAC Reactivation,Lab,Treatment Media,500.0,30.0,,False,High,Short,,
375-85-9,Perfluoroheptanoic acid,OC(=O)C(F)(F)C(F)(F)C(F)(F)C(F)(F)C(F)(F)C(F)(F)F,C7HF13O2,364.062,13,59.09090909090909,7,13,7,364.057,5.0,1.0,1.0,0.0,0.0,Medium-chain,False,False,False,True,Medium-chain Branched Highly-fluorinated,Thermal Oxidation of Off-gas,Lab,Treatment Media,595.0,0.1333333333333333,,False,High,Short,1000.0,
375-85-9,Perfluoroheptanoic acid,OC(=O)C(F)(F)C(F)(F)C(F)(F)C(F)(F)C(F)(F)C(F)(F)F,C7HF13O2,364.062,13,59.09090909090909,7,13,7,364.057,5.0,1.0,1.0,0.0,0.0,Medium-chain,False,False,False,True,Medium-chain Branched Highly-fluorinated,Thermal Oxidation of Off-gas,Lab,Treatment Media,590.0,0.1666666666666666,,False,High,Short,1000.0,
375-85-9,Perfluoroheptanoic acid,OC(=O)C(F)(F)C(F)(F)C(F)(F)C(F)(F)C(F)(F)C(F)(F)F,C7HF13O2,364.062,13,59.09090909090909,7,13,7,364.057,5.0,1.0,1.0,0.0,0.0,Medium-chain,False,False,False,True,Medium-chain Branched Highly-fluorinated,Thermal Oxidation of Off-gas,Lab,Treatment Media,590.0,1.0,,False,High,Short,1000.0,
375-85-9,Perfluoroheptanoic acid,OC(=O)C(F)(F)C(F)(F)C(F)(F)C(F)(F)C(F)(F)C(F)(F)F,C7HF13O2,364.062,13,59.09090909090909,7,13,7,364.057,5.0,1.0,1.0,0.0,0.0,Medium-chain,False,False,False,True,Medium-chain Branched Highly-fluorinated,Pyrolysis,Lab,Soil,450.0,30.0,,False,High,Short,0.0062,
375-85-9,Perfluoroheptanoic acid,OC(=O)C(F)(F)C(F)(F)C(F)(F)C(F)(F)C(F)(F)C(F)(F)F,C7HF13O2,364.062,13,59.09090909090909,7,13,7,364.057,5.0,1.0,1.0,0.0,0.0,Medium-chain,False,False,False,True,Medium-chain Branched Highly-fluorinated,Pyrolysis,Lab,Soil,300.0,30.0,,False,Medium,Short,0.0062,
375-85-9,Perfluoroheptanoic acid,OC(=O)C(F)(F)C(F)(F)C(F)(F)C(F)(F)C(F)(F)C(F)(F)F,C7HF13O2,364.062,13,59.09090909090909,7,13,7,364.057,5.0,1.0,1.0,0.0,0.0,Medium-chain,False,False,False,True,Medium-chain Branched Highly-fluorinated,Pyrolysis,Lab,Soil,200.0,30.0,,False,Medium,Short,0.0062,
375-85-9,Perfluoroheptanoic acid,OC(=O)C(F)(F)C(F)(F)C(F)(F)C(F)(F)C(F)(F)C(F)(F)F,C7HF13O2,364.062,13,59.09090909090909,7,13,7,364.057,5.0,1.0,1.0,0.0,0.0,Medium-chain,False,False,False,True,Medium-chain Branched Highly-fluorinated,Pyrolysis,Pilot,Sludge,649.0,19.1,94.50934579439252,True,High,Short,8.56,0.47
375-85-9,Perfluoroheptanoic acid,OC(=O)C(F)(F)C(F)(F)C(F)(F)C(F)(F)C(F)(F)C(F)(F)F,C7HF13O2,364.062,13,59.09090909090909,7,13,7,364.057,5.0,1.0,1.0,0.0,0.0,Medium-chain,False,False,False,True,Medium-chain Branched Highly-fluorinated,Pyrolysis,Pilot,Sludge,649.0,19.1,99.6742671009772,True,High,Short,9.21,0.03
375-85-9,Perfluoroheptanoic acid,OC(=O)C(F)(F)C(F)(F)C(F)(F)C(F)(F)C(F)(F)C(F)(F)F,C7HF13O2,364.062,13,59.09090909090909,7,13,7,364.057,5.0,1.0,1.0,0.0,0.0,Medium-chain,False,False,False,True,Medium-chain Branched Highly-fluorinated,Pyrolysis,Pilot,Sludge,649.0,19.1,100.0,True,High,Short,8.9,0.0
375-85-9,Perfluoroheptanoic acid,OC(=O)C(F)(F)C(F)(F)C(F)(F)C(F)(F)C(F)(F)C(F)(F)F,C7HF13O2,364.062,13,59.09090909090909,7,13,7,364.057,5.0,1.0,1.0,0.0,0.0,Medium-chain,False,False,False,True,Medium-chain Branched Highly-fluorinated,Hydrothermal Treatment,Not specified,Sludge,300.0,120.0,100.0,True,Medium,Medium,0.58,0.0
375-85-9,Perfluoroheptanoic acid,OC(=O)C(F)(F)C(F)(F)C(F)(F)C(F)(F)C(F)(F)C(F)(F)F,C7HF13O2,364.062,13,59.09090909090909,7,13,7,364.057,5.0,1.0,1.0,0.0,0.0,Medium-chain,False,False,False,True,Medium-chain Branched Highly-fluorinated,Hydrothermal Treatment,Not specified,Sludge,165.0,120.0,0.0,False,Medium,Medium,0.58,0.8
375-85-9,Perfluoroheptanoic acid,OC(=O)C(F)(F)C(F)(F)C(F)(F)C(F)(F)C(F)(F)C(F)(F)F,C7HF13O2,364.062,13,59.09090909090909,7,13,7,364.057,5.0,1.0,1.0,0.0,0.0,Medium-chain,False,False,False,True,Medium-chain Branched Highly-fluorinated,Hydrothermal Treatment,Not specified,Sludge,300.0,120.0,100.0,True,Medium,Medium,0.58,0.0
375-85-9,Perfluoroheptanoic acid,OC(=O)C(F)(F)C(F)(F)C(F)(F)C(F)(F)C(F)(F)C(F)(F)F,C7HF13O2,364.062,13,59.09090909090909,7,13,7,364.057,5.0,1.0,1.0,0.0,0.0,Medium-chain,False,False,False,True,Medium-chain Branched Highly-fluorinated,Hydrothermal Treatment,Not specified,Sludge,300.0,300.0,100.0,True,Medium,Long,0.58,0.0
375-85-9,Perfluoroheptanoic acid,OC(=O)C(F)(F)C(F)(F)C(F)(F)C(F)(F)C(F)(F)C(F)(F)F,C7HF13O2,364.062,13,59.09090909090909,7,13,7,364.057,5.0,1.0,1.0,0.0,0.0,Medium-chain,False,False,False,True,Medium-chain Branched Highly-fluorinated,Hydrothermal Treatment,Not specified,Sludge,250.0,120.0,100.0,True,Medium,Medium,0.58,0.0
375-85-9,Perfluoroheptanoic acid,OC(=O)C(F)(F)C(F)(F)C(F)(F)C(F)(F)C(F)(F)C(F)(F)F,C7HF13O2,364.062,13,59.09090909090909,7,13,7,364.057,5.0,1.0,1.0,0.0,0.0,Medium-chain,False,False,False,True,Medium-chain Branched Highly-fluorinated,Hydrothermal Treatment,Not specified,Sludge,250.0,300.0,0.0,False,Medium,Long,0.58,0.58
375-85-9,Perfluoroheptanoic acid,OC(=O)C(F)(F)C(F)(F)C(F)(F)C(F)(F)C(F)(F)C(F)(F)F,C7HF13O2,364.062,13,59.09090909090909,7,13,7,364.057,5.0,1.0,1.0,0.0,0.0,Medium-chain,False,False,False,True,Medium-chain Branched Highly-fluorinated,Hydrothermal Treatment,Not specified,Sludge,165.0,120.0,0.0,False,Medium,Medium,0.58,0.58
375-85-9,Perfluoroheptanoic acid,OC(=O)C(F)(F)C(F)(F)C(F)(F)C(F)(F)C(F)(F)C(F)(F)F,C7HF13O2,364.062,13,59.09090909090909,7,13,7,364.057,5.0,1.0,1.0,0.0,0.0,Medium-chain,False,False,False,True,Medium-chain Branched Highly-fluorinated,Hydrothermal Treatment,Not specified,Sludge,165.0,300.0,0.0,False,Medium,Long,0.58,0.7
375-85-9,Perfluoroheptanoic acid,OC(=O)C(F)(F)C(F)(F)C(F)(F)C(F)(F)C(F)(F)C(F)(F)F,C7HF13O2,364.062,13,59.09090909090909,7,13,7,364.057,5.0,1.0,1.0,0.0,0.0,Medium-chain,False,False,False,True,Medium-chain Branched Highly-fluorinated,Pyrolysis,Pilot,Sludge,,300.0,,False,,Long,,
375-85-9,Perfluoroheptanoic acid,OC(=O)C(F)(F)C(F)(F)C(F)(F)C(F)(F)C(F)(F)C(F)(F)F,C7HF13O2,364.062,13,59.09090909090909,7,13,7,364.057,5.0,1.0,1.0,0.0,0.0,Medium-chain,False,False,False,True,Medium-chain Branched Highly-fluorinated,GAC Reactivation,Full,Treatment Media,,,,False,,,,0.22
375-85-9,Perfluoroheptanoic acid,OC(=O)C(F)(F)C(F)(F)C(F)(F)C(F)(F)C(F)(F)C(F)(F)F,C7HF13O2,364.062,13,59.09090909090909,7,13,7,364.057,5.0,1.0,1.0,0.0,0.0,Medium-chain,False,False,False,True,Medium-chain Branched Highly-fluorinated,Rotary Kiln,Full,Soil,,,,False,,,,4.225
375-85-9,Perfluoroheptanoic acid,OC(=O)C(F)(F)C(F)(F)C(F)(F)C(F)(F)C(F)(F)C(F)(F)F,C7HF13O2,364.062,13,59.09090909090909,7,13,7,364.057,5.0,1.0,1.0,0.0,0.0,Medium-chain,False,False,False,True,Medium-chain Branched Highly-fluorinated,Rotary Kiln,Full,Soil,,,,False,,,,
375-85-9,Perfluoroheptanoic acid,OC(=O)C(F)(F)C(F)(F)C(F)(F)C(F)(F)C(F)(F)C(F)(F)F,C7HF13O2,364.062,13,59.09090909090909,7,13,7,364.057,5.0,1.0,1.0,0.0,0.0,Medium-chain,False,False,False,True,Medium-chain Branched Highly-fluorinated,Rotary Kiln,Full,Soil,,,,False,,,,
375-85-9,Perfluoroheptanoic acid,OC(=O)C(F)(F)C(F)(F)C(F)(F)C(F)(F)C(F)(F)C(F)(F)F,C7HF13O2,364.062,13,59.09090909090909,7,13,7,364.057,5.0,1.0,1.0,0.0,0.0,Medium-chain,False,False,False,True,Medium-chain Branched Highly-fluorinated,Indirect Thermal Desorption,Pilot,Soil,650.0,,,False,High,,28.1,
375-85-9,Perfluoroheptanoic acid,OC(=O)C(F)(F)C(F)(F)C(F)(F)C(F)(F)C(F)(F)C(F)(F)F,C7HF13O2,364.062,13,59.09090909090909,7,13,7,364.057,5.0,1.0,1.0,0.0,0.0,Medium-chain,False,False,False,True,Medium-chain Branched Highly-fluorinated,Indirect Thermal Desorption,Pilot,Soil,650.0,,,False,High,,39.1,
375-85-9,Perfluoroheptanoic acid,OC(=O)C(F)(F)C(F)(F)C(F)(F)C(F)(F)C(F)(F)C(F)(F)F,C7HF13O2,364.062,13,59.09090909090909,7,13,7,364.057,5.0,1.0,1.0,0.0,0.0,Medium-chain,False,False,False,True,Medium-chain Branched Highly-fluorinated,Indirect Thermal Desorption,Pilot,Soil,500.0,,,False,High,,22.1,
375-85-9,Perfluoroheptanoic acid,OC(=O)C(F)(F)C(F)(F)C(F)(F)C(F)(F)C(F)(F)C(F)(F)F,C7HF13O2,364.062,13,59.09090909090909,7,13,7,364.057,5.0,1.0,1.0,0.0,0.0,Medium-chain,False,False,False,True,Medium-chain Branched Highly-fluorinated,Indirect Thermal Desorption,Pilot,Soil,500.0,,,False,High,,22.6,
375-85-9,Perfluoroheptanoic acid,OC(=O)C(F)(F)C(F)(F)C(F)(F)C(F)(F)C(F)(F)C(F)(F)F,C7HF13O2,364.062,13,59.09090909090909,7,13,7,364.057,5.0,1.0,1.0,0.0,0.0,Medium-chain,False,False,False,True,Medium-chain Branched Highly-fluorinated,Indirect Thermal Desorption,Pilot,Soil,650.0,,,False,High,,35.2,
375-85-9,Perfluoroheptanoic acid,OC(=O)C(F)(F)C(F)(F)C(F)(F)C(F)(F)C(F)(F)C(F)(F)F,C7HF13O2,364.062,13,59.09090909090909,7,13,7,364.057,5.0,1.0,1.0,0.0,0.0,Medium-chain,False,False,False,True,Medium-chain Branched Highly-fluorinated,Indirect Thermal Desorption,Pilot,Soil,500.0,,,False,High,,38.0,
375-85-9,Perfluoroheptanoic acid,OC(=O)C(F)(F)C(F)(F)C(F)(F)C(F)(F)C(F)(F)C(F)(F)F,C7HF13O2,364.062,13,59.09090909090909,7,13,7,364.057,5.0,1.0,1.0,0.0,0.0,Medium-chain,False,False,False,True,Medium-chain Branched Highly-fluorinated,Indirect Thermal Desorption,Pilot,Soil,650.0,,,False,High,,23.9,
375-85-9,Perfluoroheptanoic acid,OC(=O)C(F)(F)C(F)(F)C(F)(F)C(F)(F)C(F)(F)C(F)(F)F,C7HF13O2,364.062,13,59.09090909090909,7,13,7,364.057,5.0,1.0,1.0,0.0,0.0,Medium-chain,False,False,False,True,Medium-chain Branched Highly-fluorinated,Indirect Thermal Desorption,Pilot,Soil,500.0,,,False,High,,148.0,
375-85-9,Perfluoroheptanoic acid,OC(=O)C(F)(F)C(F)(F)C(F)(F)C(F)(F)C(F)(F)C(F)(F)F,C7HF13O2,364.062,13,59.09090909090909,7,13,7,364.057,5.0,1.0,1.0,0.0,0.0,Medium-chain,False,False,False,True,Medium-chain Branched Highly-fluorinated,GAC Reactivation,Lab,Treatment Media,200.0,60.0,,False,Medium,Medium,,
375-85-9,Perfluoroheptanoic acid,OC(=O)C(F)(F)C(F)(F)C(F)(F)C(F)(F)C(F)(F)C(F)(F)F,C7HF13O2,364.062,13,59.09090909090909,7,13,7,364.057,5.0,1.0,1.0,0.0,0.0,Medium-chain,False,False,False,True,Medium-chain Branched Highly-fluorinated,GAC Reactivation,Lab,Treatment Media,200.0,40.0,,False,Medium,Medium,,
375-85-9,Perfluoroheptanoic acid,OC(=O)C(F)(F)C(F)(F)C(F)(F)C(F)(F)C(F)(F)C(F)(F)F,C7HF13O2,364.062,13,59.09090909090909,7,13,7,364.057,5.0,1.0,1.0,0.0,0.0,Medium-chain,False,False,False,True,Medium-chain Branched Highly-fluorinated,GAC Reactivation,Lab,Treatment Media,200.0,20.0,,False,Medium,Short,,
375-85-9,Perfluoroheptanoic acid,OC(=O)C(F)(F)C(F)(F)C(F)(F)C(F)(F)C(F)(F)C(F)(F)F,C7HF13O2,364.062,13,59.09090909090909,7,13,7,364.057,5.0,1.0,1.0,0.0,0.0,Medium-chain,False,False,False,True,Medium-chain Branched Highly-fluorinated,GAC Reactivation,Lab,Treatment Media,200.0,10.0,,False,Medium,Short,,
375-85-9,Perfluoroheptanoic acid,OC(=O)C(F)(F)C(F)(F)C(F)(F)C(F)(F)C(F)(F)C(F)(F)F,C7HF13O2,364.062,13,59.09090909090909,7,13,7,364.057,5.0,1.0,1.0,0.0,0.0,Medium-chain,False,False,False,True,Medium-chain Branched Highly-fluorinated,GAC Reactivation,Lab,Treatment Media,200.0,5.0,,False,Medium,Short,,
375-85-9,Perfluoroheptanoic acid,OC(=O)C(F)(F)C(F)(F)C(F)(F)C(F)(F)C(F)(F)C(F)(F)F,C7HF13O2,364.062,13,59.09090909090909,7,13,7,364.057,5.0,1.0,1.0,0.0,0.0,Medium-chain,False,False,False,True,Medium-chain Branched Highly-fluorinated,GAC Reactivation,Lab,Treatment Media,500.0,30.0,,False,High,Short,,
375-85-9,Perfluoroheptanoic acid,OC(=O)C(F)(F)C(F)(F)C(F)(F)C(F)(F)C(F)(F)C(F)(F)F,C7HF13O2,364.062,13,59.09090909090909,7,13,7,364.057,5.0,1.0,1.0,0.0,0.0,Medium-chain,False,False,False,True,Medium-chain Branched Highly-fluorinated,GAC Reactivation,Lab,Treatment Media,250.0,30.0,,False,Medium,Short,,
375-85-9,Perfluoroheptanoic acid,OC(=O)C(F)(F)C(F)(F)C(F)(F)C(F)(F)C(F)(F)C(F)(F)F,C7HF13O2,364.062,13,59.09090909090909,7,13,7,364.057,5.0,1.0,1.0,0.0,0.0,Medium-chain,False,False,False,True,Medium-chain Branched Highly-fluorinated,GAC Reactivation,Lab,Treatment Media,200.0,30.0,,False,Medium,Short,,
375-85-9,Perfluoroheptanoic acid,OC(=O)C(F)(F)C(F)(F)C(F)(F)C(F)(F)C(F)(F)C(F)(F)F,C7HF13O2,364.062,13,59.09090909090909,7,13,7,364.057,5.0,1.0,1.0,0.0,0.0,Medium-chain,False,False,False,True,Medium-chain Branched Highly-fluorinated,GAC Reactivation,Lab,Treatment Media,150.0,30.0,,False,Medium,Short,,
375-85-9,Perfluoroheptanoic acid,OC(=O)C(F)(F)C(F)(F)C(F)(F)C(F)(F)C(F)(F)C(F)(F)F,C7HF13O2,364.062,13,59.09090909090909,7,13,7,364.057,5.0,1.0,1.0,0.0,0.0,Medium-chain,False,False,False,True,Medium-chain Branched Highly-fluorinated,GAC Reactivation,Lab,Treatment Media,25.0,30.0,,False,Ambient,Short,,
375-85-9,Perfluoroheptanoic acid,OC(=O)C(F)(F)C(F)(F)C(F)(F)C(F)(F)C(F)(F)C(F)(F)F,C7HF13O2,364.062,13,59.09090909090909,7,13,7,364.057,5.0,1.0,1.0,0.0,0.0,Medium-chain,False,False,False,True,Medium-chain Branched Highly-fluorinated,GAC Reactivation,Lab,Treatment Media,500.0,30.0,,False,High,Short,,
375-85-9,Perfluoroheptanoic acid,OC(=O)C(F)(F)C(F)(F)C(F)(F)C(F)(F)C(F)(F)C(F)(F)F,C7HF13O2,364.062,13,59.09090909090909,7,13,7,364.057,5.0,1.0,1.0,0.0,0.0,Medium-chain,False,False,False,True,Medium-chain Branched Highly-fluorinated,GAC Reactivation,Lab,Treatment Media,475.0,30.0,,False,High,Short,,
375-85-9,Perfluoroheptanoic acid,OC(=O)C(F)(F)C(F)(F)C(F)(F)C(F)(F)C(F)(F)C(F)(F)F,C7HF13O2,364.062,13,59.09090909090909,7,13,7,364.057,5.0,1.0,1.0,0.0,0.0,Medium-chain,False,False,False,True,Medium-chain Branched Highly-fluorinated,GAC Reactivation,Lab,Treatment Media,300.0,30.0,,False,Medium,Short,,
375-85-9,Perfluoroheptanoic acid,OC(=O)C(F)(F)C(F)(F)C(F)(F)C(F)(F)C(F)(F)C(F)(F)F,C7HF13O2,364.062,13,59.09090909090909,7,13,7,364.057,5.0,1.0,1.0,0.0,0.0,Medium-chain,False,False,False,True,Medium-chain Branched Highly-fluorinated,GAC Reactivation,Lab,Treatment Media,200.0,30.0,,False,Medium,Short,,
375-85-9,Perfluoroheptanoic acid,OC(=O)C(F)(F)C(F)(F)C(F)(F)C(F)(F)C(F)(F)C(F)(F)F,C7HF13O2,364.062,13,59.09090909090909,7,13,7,364.057,5.0,1.0,1.0,0.0,0.0,Medium-chain,False,False,False,True,Medium-chain Branched Highly-fluorinated,GAC Reactivation,Lab,Treatment Media,500.0,30.0,,False,High,Short,,
375-85-9,Perfluoroheptanoic acid,OC(=O)C(F)(F)C(F)(F)C(F)(F)C(F)(F)C(F)(F)C(F)(F)F,C7HF13O2,364.062,13,59.09090909090909,7,13,7,364.057,5.0,1.0,1.0,0.0,0.0,Medium-chain,False,False,False,True,Medium-chain Branched Highly-fluorinated,GAC Reactivation,Lab,Treatment Media,475.0,30.0,,False,High,Short,,
375-85-9,Perfluoroheptanoic acid,OC(=O)C(F)(F)C(F)(F)C(F)(F)C(F)(F)C(F)(F)C(F)(F)F,C7HF13O2,364.062,13,59.09090909090909,7,13,7,364.057,5.0,1.0,1.0,0.0,0.0,Medium-chain,False,False,False,True,Medium-chain Branched Highly-fluorinated,GAC Reactivation,Lab,Treatment Media,250.0,30.0,,False,Medium,Short,,
375-85-9,Perfluoroheptanoic acid,OC(=O)C(F)(F)C(F)(F)C(F)(F)C(F)(F)C(F)(F)C(F)(F)F,C7HF13O2,364.062,13,59.09090909090909,7,13,7,364.057,5.0,1.0,1.0,0.0,0.0,Medium-chain,False,False,False,True,Medium-chain Branched Highly-fluorinated,GAC Reactivation,Lab,Treatment Media,200.0,30.0,,False,Medium,Short,,
375-85-9,Perfluoroheptanoic acid,OC(=O)C(F)(F)C(F)(F)C(F)(F)C(F)(F)C(F)(F)C(F)(F)F,C7HF13O2,364.062,13,59.09090909090909,7,13,7,364.057,5.0,1.0,1.0,0.0,0.0,Medium-chain,False,False,False,True,Medium-chain Branched Highly-fluorinated,GAC Reactivation,Lab,Treatment Media,185.0,30.0,,False,Medium,Short,,
375-85-9,Perfluoroheptanoic acid,OC(=O)C(F)(F)C(F)(F)C(F)(F)C(F)(F)C(F)(F)C(F)(F)F,C7HF13O2,364.062,13,59.09090909090909,7,13,7,364.057,5.0,1.0,1.0,0.0,0.0,Medium-chain,False,False,False,True,Medium-chain Branched Highly-fluorinated,Infrared Heating,Pilot,Soil,350.0,11520.0,,False,Medium,Extended,2400.0,
375-85-9,Perfluoroheptanoic acid,OC(=O)C(F)(F)C(F)(F)C(F)(F)C(F)(F)C(F)(F)C(F)(F)F,C7HF13O2,364.062,13,59.09090909090909,7,13,7,364.057,5.0,1.0,1.0,0.0,0.0,Medium-chain,False,False,False,True,Medium-chain Branched Highly-fluorinated,Infrared Heating,Pilot,Soil,350.0,11520.0,,False,Medium,Extended,0.17,
375-85-9,Perfluoroheptanoic acid,OC(=O)C(F)(F)C(F)(F)C(F)(F)C(F)(F)C(F)(F)C(F)(F)F,C7HF13O2,364.062,13,59.09090909090909,7,13,7,364.057,5.0,1.0,1.0,0.0,0.0,Medium-chain,False,False,False,True,Medium-chain Branched Highly-fluorinated,Infrared Heating,Pilot,Soil,350.0,11520.0,,False,Medium,Extended,0.17,
375-85-9,Perfluoroheptanoic acid,OC(=O)C(F)(F)C(F)(F)C(F)(F)C(F)(F)C(F)(F)C(F)(F)F,C7HF13O2,364.062,13,59.09090909090909,7,13,7,364.057,5.0,1.0,1.0,0.0,0.0,Medium-chain,False,False,False,True,Medium-chain Branched Highly-fluorinated,Infrared Heating,Pilot,Soil,350.0,11520.0,,False,Medium,Extended,6.08,
375-85-9,Perfluoroheptanoic acid,OC(=O)C(F)(F)C(F)(F)C(F)(F)C(F)(F)C(F)(F)C(F)(F)F,C7HF13O2,364.062,13,59.09090909090909,7,13,7,364.057,5.0,1.0,1.0,0.0,0.0,Medium-chain,False,False,False,True,Medium-chain Branched Highly-fluorinated,Incineration,Pilot,Other,986.0,180.0,,False,High,Medium,,0.3
375-85-9,Perfluoroheptanoic acid,OC(=O)C(F)(F)C(F)(F)C(F)(F)C(F)(F)C(F)(F)C(F)(F)F,C7HF13O2,364.062,13,59.09090909090909,7,13,7,364.057,5.0,1.0,1.0,0.0,0.0,Medium-chain,False,False,False,True,Medium-chain Branched Highly-fluorinated,Incineration,Pilot,Other,986.0,180.0,,False,High,Medium,,0.0
375-85-9,Perfluoroheptanoic acid,OC(=O)C(F)(F)C(F)(F)C(F)(F)C(F)(F)C(F)(F)C(F)(F)F,C7HF13O2,364.062,13,59.09090909090909,7,13,7,364.057,5.0,1.0,1.0,0.0,0.0,Medium-chain,False,False,False,True,Medium-chain Branched Highly-fluorinated,Incineration,Pilot,Other,986.0,180.0,,False,High,Medium,,0.1
375-85-9,Perfluoroheptanoic acid,OC(=O)C(F)(F)C(F)(F)C(F)(F)C(F)(F)C(F)(F)C(F)(F)F,C7HF13O2,364.062,13,59.09090909090909,7,13,7,364.057,5.0,1.0,1.0,0.0,0.0,Medium-chain,False,False,False,True,Medium-chain Branched Highly-fluorinated,Incineration,Pilot,Other,986.0,180.0,,False,High,Medium,,3.5
375-85-9,Perfluoroheptanoic acid,OC(=O)C(F)(F)C(F)(F)C(F)(F)C(F)(F)C(F)(F)C(F)(F)F,C7HF13O2,364.062,13,59.09090909090909,7,13,7,364.057,5.0,1.0,1.0,0.0,0.0,Medium-chain,False,False,False,True,Medium-chain Branched Highly-fluorinated,Incineration,Pilot,Other,986.0,180.0,,False,High,Medium,,
375-85-9,Perfluoroheptanoic acid,OC(=O)C(F)(F)C(F)(F)C(F)(F)C(F)(F)C(F)(F)C(F)(F)F,C7HF13O2,364.062,13,59.09090909090909,7,13,7,364.057,5.0,1.0,1.0,0.0,0.0,Medium-chain,False,False,False,True,Medium-chain Branched Highly-fluorinated,Incineration,Pilot,Other,998.0,140.0,,False,High,Medium,,0.0
375-85-9,Perfluoroheptanoic acid,OC(=O)C(F)(F)C(F)(F)C(F)(F)C(F)(F)C(F)(F)C(F)(F)F,C7HF13O2,364.062,13,59.09090909090909,7,13,7,364.057,5.0,1.0,1.0,0.0,0.0,Medium-chain,False,False,False,True,Medium-chain Branched Highly-fluorinated,Incineration,Pilot,Other,998.0,140.0,,False,High,Medium,,0.0
375-85-9,Perfluoroheptanoic acid,OC(=O)C(F)(F)C(F)(F)C(F)(F)C(F)(F)C(F)(F)C(F)(F)F,C7HF13O2,364.062,13,59.09090909090909,7,13,7,364.057,5.0,1.0,1.0,0.0,0.0,Medium-chain,False,False,False,True,Medium-chain Branched Highly-fluorinated,Incineration,Pilot,Other,998.0,140.0,,False,High,Medium,,
375-85-9,Perfluoroheptanoic acid,OC(=O)C(F)(F)C(F)(F)C(F)(F)C(F)(F)C(F)(F)C(F)(F)F,C7HF13O2,364.062,13,59.09090909090909,7,13,7,364.057,5.0,1.0,1.0,0.0,0.0,Medium-chain,False,False,False,True,Medium-chain Branched Highly-fluorinated,Incineration,Pilot,Other,998.0,140.0,,False,High,Medium,,3.8
375-85-9,Perfluoroheptanoic acid,OC(=O)C(F)(F)C(F)(F)C(F)(F)C(F)(F)C(F)(F)C(F)(F)F,C7HF13O2,364.062,13,59.09090909090909,7,13,7,364.057,5.0,1.0,1.0,0.0,0.0,Medium-chain,False,False,False,True,Medium-chain Branched Highly-fluorinated,Incineration,Pilot,Other,998.0,140.0,,False,High,Medium,,
375-85-9,Perfluoroheptanoic acid,OC(=O)C(F)(F)C(F)(F)C(F)(F)C(F)(F)C(F)(F)C(F)(F)F,C7HF13O2,364.062,13,59.09090909090909,7,13,7,364.057,5.0,1.0,1.0,0.0,0.0,Medium-chain,False,False,False,True,Medium-chain Branched Highly-fluorinated,Incineration,Pilot,Other,976.0,210.0,,False,High,Long,,0.0
375-85-9,Perfluoroheptanoic acid,OC(=O)C(F)(F)C(F)(F)C(F)(F)C(F)(F)C(F)(F)C(F)(F)F,C7HF13O2,364.062,13,59.09090909090909,7,13,7,364.057,5.0,1.0,1.0,0.0,0.0,Medium-chain,False,False,False,True,Medium-chain Branched Highly-fluorinated,Incineration,Pilot,Other,976.0,210.0,,False,High,Long,,0.0
375-85-9,Perfluoroheptanoic acid,OC(=O)C(F)(F)C(F)(F)C(F)(F)C(F)(F)C(F)(F)C(F)(F)F,C7HF13O2,364.062,13,59.09090909090909,7,13,7,364.057,5.0,1.0,1.0,0.0,0.0,Medium-chain,False,False,False,True,Medium-chain Branched Highly-fluorinated,Incineration,Pilot,Other,976.0,210.0,,False,High,Long,,0.1
375-85-9,Perfluoroheptanoic acid,OC(=O)C(F)(F)C(F)(F)C(F)(F)C(F)(F)C(F)(F)C(F)(F)F,C7HF13O2,364.062,13,59.09090909090909,7,13,7,364.057,5.0,1.0,1.0,0.0,0.0,Medium-chain,False,False,False,True,Medium-chain Branched Highly-fluorinated,Infrared Heating,Pilot,Soil,350.0,11520.0,,False,Medium,Extended,1.17,
375-85-9,Perfluoroheptanoic acid,OC(=O)C(F)(F)C(F)(F)C(F)(F)C(F)(F)C(F)(F)C(F)(F)F,C7HF13O2,364.062,13,59.09090909090909,7,13,7,364.057,5.0,1.0,1.0,0.0,0.0,Medium-chain,False,False,False,True,Medium-chain Branched Highly-fluorinated,Incineration,Pilot,Other,976.0,210.0,,False,High,Long,,2.7
375-85-9,Perfluoroheptanoic acid,OC(=O)C(F)(F)C(F)(F)C(F)(F)C(F)(F)C(F)(F)C(F)(F)F,C7HF13O2,364.062,13,59.09090909090909,7,13,7,364.057,5.0,1.0,1.0,0.0,0.0,Medium-chain,False,False,False,True,Medium-chain Branched Highly-fluorinated,Incineration,Pilot,Other,976.0,210.0,,False,High,Long,,
375-85-9,Perfluoroheptanoic acid,OC(=O)C(F)(F)C(F)(F)C(F)(F)C(F)(F)C(F)(F)C(F)(F)F,C7HF13O2,364.062,13,59.09090909090909,7,13,7,364.057,5.0,1.0,1.0,0.0,0.0,Medium-chain,False,False,False,True,Medium-chain Branched Highly-fluorinated,Incineration,Pilot,Other,980.0,180.0,,False,High,Medium,,0.2
375-85-9,Perfluoroheptanoic acid,OC(=O)C(F)(F)C(F)(F)C(F)(F)C(F)(F)C(F)(F)C(F)(F)F,C7HF13O2,364.062,13,59.09090909090909,7,13,7,364.057,5.0,1.0,1.0,0.0,0.0,Medium-chain,False,False,False,True,Medium-chain Branched Highly-fluorinated,Incineration,Pilot,Other,980.0,180.0,,False,High,Medium,,0.0
375-85-9,Perfluoroheptanoic acid,OC(=O)C(F)(F)C(F)(F)C(F)(F)C(F)(F)C(F)(F)C(F)(F)F,C7HF13O2,364.062,13,59.09090909090909,7,13,7,364.057,5.0,1.0,1.0,0.0,0.0,Medium-chain,False,False,False,True,Medium-chain Branched Highly-fluorinated,Incineration,Pilot,Other,980.0,180.0,,False,High,Medium,,0.3
375-85-9,Perfluoroheptanoic acid,OC(=O)C(F)(F)C(F)(F)C(F)(F)C(F)(F)C(F)(F)C(F)(F)F,C7HF13O2,364.062,13,59.09090909090909,7,13,7,364.057,5.0,1.0,1.0,0.0,0.0,Medium-chain,False,False,False,True,Medium-chain Branched Highly-fluorinated,Incineration,Pilot,Other,980.0,180.0,,False,High,Medium,,2.9
375-85-9,Perfluoroheptanoic acid,OC(=O)C(F)(F)C(F)(F)C(F)(F)C(F)(F)C(F)(F)C(F)(F)F,C7HF13O2,364.062,13,59.09090909090909,7,13,7,364.057,5.0,1.0,1.0,0.0,0.0,Medium-chain,False,False,False,True,Medium-chain Branched Highly-fluorinated,Incineration,Pilot,Other,980.0,180.0,,False,High,Medium,,
375-85-9,Perfluoroheptanoic acid,OC(=O)C(F)(F)C(F)(F)C(F)(F)C(F)(F)C(F)(F)C(F)(F)F,C7HF13O2,364.062,13,59.09090909090909,7,13,7,364.057,5.0,1.0,1.0,0.0,0.0,Medium-chain,False,False,False,True,Medium-chain Branched Highly-fluorinated,Incineration,Pilot,Other,952.0,145.0,,False,High,Medium,,0.0
375-85-9,Perfluoroheptanoic acid,OC(=O)C(F)(F)C(F)(F)C(F)(F)C(F)(F)C(F)(F)C(F)(F)F,C7HF13O2,364.062,13,59.09090909090909,7,13,7,364.057,5.0,1.0,1.0,0.0,0.0,Medium-chain,False,False,False,True,Medium-chain Branched Highly-fluorinated,Incineration,Pilot,Other,952.0,145.0,,False,High,Medium,,0.0
375-85-9,Perfluoroheptanoic acid,OC(=O)C(F)(F)C(F)(F)C(F)(F)C(F)(F)C(F)(F)C(F)(F)F,C7HF13O2,364.062,13,59.09090909090909,7,13,7,364.057,5.0,1.0,1.0,0.0,0.0,Medium-chain,False,False,False,True,Medium-chain Branched Highly-fluorinated,Incineration,Pilot,Other,952.0,145.0,,False,High,Medium,,0.4
375-85-9,Perfluoroheptanoic acid,OC(=O)C(F)(F)C(F)(F)C(F)(F)C(F)(F)C(F)(F)C(F)(F)F,C7HF13O2,364.062,13,59.09090909090909,7,13,7,364.057,5.0,1.0,1.0,0.0,0.0,Medium-chain,False,False,False,True,Medium-chain Branched Highly-fluorinated,Incineration,Pilot,Other,952.0,145.0,,False,High,Medium,,6.9
375-85-9,Perfluoroheptanoic acid,OC(=O)C(F)(F)C(F)(F)C(F)(F)C(F)(F)C(F)(F)C(F)(F)F,C7HF13O2,364.062,13,59.09090909090909,7,13,7,364.057,5.0,1.0,1.0,0.0,0.0,Medium-chain,False,False,False,True,Medium-chain Branched Highly-fluorinated,Incineration,Pilot,Other,952.0,145.0,,False,High,Medium,,
375-85-9,Perfluoroheptanoic acid,OC(=O)C(F)(F)C(F)(F)C(F)(F)C(F)(F)C(F)(F)C(F)(F)F,C7HF13O2,364.062,13,59.09090909090909,7,13,7,364.057,5.0,1.0,1.0,0.0,0.0,Medium-chain,False,False,False,True,Medium-chain Branched Highly-fluorinated,Incineration,Pilot,Other,869.0,180.0,,False,High,Medium,,0.0
375-85-9,Perfluoroheptanoic acid,OC(=O)C(F)(F)C(F)(F)C(F)(F)C(F)(F)C(F)(F)C(F)(F)F,C7HF13O2,364.062,13,59.09090909090909,7,13,7,364.057,5.0,1.0,1.0,0.0,0.0,Medium-chain,False,False,False,True,Medium-chain Branched Highly-fluorinated,Hydrothermal Treatment,Lab,Other,350.0,180.0,100.0,True,Medium,Medium,59.2,0.0
375-85-9,Perfluoroheptanoic acid,OC(=O)C(F)(F)C(F)(F)C(F)(F)C(F)(F)C(F)(F)C(F)(F)F,C7HF13O2,364.062,13,59.09090909090909,7,13,7,364.057,5.0,1.0,1.0,0.0,0.0,Medium-chain,False,False,False,True,Medium-chain Branched Highly-fluorinated,Hydrothermal Treatment,Lab,Other,350.0,180.0,100.0,True,Medium,Medium,59.2,0.0
375-85-9,Perfluoroheptanoic acid,OC(=O)C(F)(F)C(F)(F)C(F)(F)C(F)(F)C(F)(F)C(F)(F)F,C7HF13O2,364.062,13,59.09090909090909,7,13,7,364.057,5.0,1.0,1.0,0.0,0.0,Medium-chain,False,False,False,True,Medium-chain Branched Highly-fluorinated,Incineration,Pilot,Other,869.0,180.0,,False,High,Medium,,0.0
375-85-9,Perfluoroheptanoic acid,OC(=O)C(F)(F)C(F)(F)C(F)(F)C(F)(F)C(F)(F)C(F)(F)F,C7HF13O2,364.062,13,59.09090909090909,7,13,7,364.057,5.0,1.0,1.0,0.0,0.0,Medium-chain,False,False,False,True,Medium-chain Branched Highly-fluorinated,Incineration,Pilot,Other,869.0,180.0,,False,High,Medium,,0.5
375-85-9,Perfluoroheptanoic acid,OC(=O)C(F)(F)C(F)(F)C(F)(F)C(F)(F)C(F)(F)C(F)(F)F,C7HF13O2,364.062,13,59.09090909090909,7,13,7,364.057,5.0,1.0,1.0,0.0,0.0,Medium-chain,False,False,False,True,Medium-chain Branched Highly-fluorinated,Incineration,Pilot,Other,869.0,180.0,,False,High,Medium,,3.9
375-85-9,Perfluoroheptanoic acid,OC(=O)C(F)(F)C(F)(F)C(F)(F)C(F)(F)C(F)(F)C(F)(F)F,C7HF13O2,364.062,13,59.09090909090909,7,13,7,364.057,5.0,1.0,1.0,0.0,0.0,Medium-chain,False,False,False,True,Medium-chain Branched Highly-fluorinated,Incineration,Pilot,Other,869.0,180.0,,False,High,Medium,,
375-85-9,Perfluoroheptanoic acid,OC(=O)C(F)(F)C(F)(F)C(F)(F)C(F)(F)C(F)(F)C(F)(F)F,C7HF13O2,364.062,13,59.09090909090909,7,13,7,364.057,5.0,1.0,1.0,0.0,0.0,Medium-chain,False,False,False,True,Medium-chain Branched Highly-fluorinated,Hydrothermal Treatment,Lab,Soil,350.0,90.0,99.971671388102,True,Medium,Medium,35.3,0.01
375-85-9,Perfluoroheptanoic acid,OC(=O)C(F)(F)C(F)(F)C(F)(F)C(F)(F)C(F)(F)C(F)(F)F,C7HF13O2,364.062,13,59.09090909090909,7,13,7,364.057,5.0,1.0,1.0,0.0,0.0,Medium-chain,False,False,False,True,Medium-chain Branched Highly-fluorinated,Hydrothermal Treatment,Lab,Other,350.0,90.0,94.98861047835992,True,Medium,Medium,4.39,0.22
375-85-9,Perfluoroheptanoic acid,OC(=O)C(F)(F)C(F)(F)C(F)(F)C(F)(F)C(F)(F)C(F)(F)F,C7HF13O2,364.062,13,59.09090909090909,7,13,7,364.057,5.0,1.0,1.0,0.0,0.0,Medium-chain,False,False,False,True,Medium-chain Branched Highly-fluorinated,Hydrothermal Treatment,Lab,Other,350.0,90.0,63.33333333333334,False,Medium,Medium,0.6,0.22
375-85-9,Perfluoroheptanoic acid,OC(=O)C(F)(F)C(F)(F)C(F)(F)C(F)(F)C(F)(F)C(F)(F)F,C7HF13O2,364.062,13,59.09090909090909,7,13,7,364.057,5.0,1.0,1.0,0.0,0.0,Medium-chain,False,False,False,True,Medium-chain Branched Highly-fluorinated,Pyrolysis,Not specified,Sludge,593.33,,,False,High,,7.45,
375-85-9,Perfluoroheptanoic acid,OC(=O)C(F)(F)C(F)(F)C(F)(F)C(F)(F)C(F)(F)C(F)(F)F,C7HF13O2,364.062,13,59.09090909090909,7,13,7,364.057,5.0,1.0,1.0,0.0,0.0,Medium-chain,False,False,False,True,Medium-chain Branched Highly-fluorinated,Hydrothermal Treatment,Lab,Other,300.0,120.0,,False,Medium,Medium,1200.0,
375-85-9,Perfluoroheptanoic acid,OC(=O)C(F)(F)C(F)(F)C(F)(F)C(F)(F)C(F)(F)C(F)(F)F,C7HF13O2,364.062,13,59.09090909090909,7,13,7,364.057,5.0,1.0,1.0,0.0,0.0,Medium-chain,False,False,False,True,Medium-chain Branched Highly-fluorinated,Hydrothermal Treatment,Lab,Other,300.0,120.0,,False,Medium,Medium,1000.0,
375-85-9,Perfluoroheptanoic acid,OC(=O)C(F)(F)C(F)(F)C(F)(F)C(F)(F)C(F)(F)C(F)(F)F,C7HF13O2,364.062,13,59.09090909090909,7,13,7,364.057,5.0,1.0,1.0,0.0,0.0,Medium-chain,False,False,False,True,Medium-chain Branched Highly-fluorinated,Hydrothermal Treatment,Lab,Other,300.0,120.0,,False,Medium,Medium,,
375-85-9,Perfluoroheptanoic acid,OC(=O)C(F)(F)C(F)(F)C(F)(F)C(F)(F)C(F)(F)C(F)(F)F,C7HF13O2,364.062,13,59.09090909090909,7,13,7,364.057,5.0,1.0,1.0,0.0,0.0,Medium-chain,False,False,False,True,Medium-chain Branched Highly-fluorinated,Smoldering,Lab,Soil,642.0,250.0,100.0,True,High,Long,0.108,0.0
375-85-9,Perfluoroheptanoic acid,OC(=O)C(F)(F)C(F)(F)C(F)(F)C(F)(F)C(F)(F)C(F)(F)F,C7HF13O2,364.062,13,59.09090909090909,7,13,7,364.057,5.0,1.0,1.0,0.0,0.0,Medium-chain,False,False,False,True,Medium-chain Branched Highly-fluorinated,Smoldering,Lab,Soil,1143.0,250.0,100.0,True,High,Long,0.313,0.0
375-85-9,Perfluoroheptanoic acid,OC(=O)C(F)(F)C(F)(F)C(F)(F)C(F)(F)C(F)(F)C(F)(F)F,C7HF13O2,364.062,13,59.09090909090909,7,13,7,364.057,5.0,1.0,1.0,0.0,0.0,Medium-chain,False,False,False,True,Medium-chain Branched Highly-fluorinated,Smoldering,Lab,Soil,1145.0,250.0,100.0,True,High,Long,0.22,0.0
375-85-9,Perfluoroheptanoic acid,OC(=O)C(F)(F)C(F)(F)C(F)(F)C(F)(F)C(F)(F)C(F)(F)F,C7HF13O2,364.062,13,59.09090909090909,7,13,7,364.057,5.0,1.0,1.0,0.0,0.0,Medium-chain,False,False,False,True,Medium-chain Branched Highly-fluorinated,Smoldering,Lab,Soil,1093.0,250.0,100.0,True,High,Long,0.233,0.0
375-85-9,Perfluoroheptanoic acid,OC(=O)C(F)(F)C(F)(F)C(F)(F)C(F)(F)C(F)(F)C(F)(F)F,C7HF13O2,364.062,13,59.09090909090909,7,13,7,364.057,5.0,1.0,1.0,0.0,0.0,Medium-chain,False,False,False,True,Medium-chain Branched Highly-fluorinated,Smoldering,Lab,Soil,1064.0,250.0,100.0,True,High,Long,9.75,0.0
375-85-9,Perfluoroheptanoic acid,OC(=O)C(F)(F)C(F)(F)C(F)(F)C(F)(F)C(F)(F)C(F)(F)F,C7HF13O2,364.062,13,59.09090909090909,7,13,7,364.057,5.0,1.0,1.0,0.0,0.0,Medium-chain,False,False,False,True,Medium-chain Branched Highly-fluorinated,Incineration,Pilot,Other,1020.0,0.045,,False,High,Short,,
375-85-9,Perfluoroheptanoic acid,OC(=O)C(F)(F)C(F)(F)C(F)(F)C(F)(F)C(F)(F)C(F)(F)F,C7HF13O2,364.062,13,59.09090909090909,7,13,7,364.057,5.0,1.0,1.0,0.0,0.0,Medium-chain,False,False,False,True,Medium-chain Branched Highly-fluorinated,Incineration,Pilot,Other,870.0,0.0666666666666666,,False,High,Short,,
375-85-9,Perfluoroheptanoic acid,OC(=O)C(F)(F)C(F)(F)C(F)(F)C(F)(F)C(F)(F)C(F)(F)F,C7HF13O2,364.062,13,59.09090909090909,7,13,7,364.057,5.0,1.0,1.0,0.0,0.0,Medium-chain,False,False,False,True,Medium-chain Branched Highly-fluorinated,Vapor Energy Generation,Lab,Soil,1750.0,30.0,,False,High,Short,,0.02
375-85-9,Perfluoroheptanoic acid,OC(=O)C(F)(F)C(F)(F)C(F)(F)C(F)(F)C(F)(F)C(F)(F)F,C7HF13O2,364.062,13,59.09090909090909,7,13,7,364.057,5.0,1.0,1.0,0.0,0.0,Medium-chain,False,False,False,True,Medium-chain Branched Highly-fluorinated,Vapor Energy Generation,Lab,Soil,1100.0,15.0,75.10563743172214,False,High,Short,194.06,48.31
375-85-9,Perfluoroheptanoic acid,OC(=O)C(F)(F)C(F)(F)C(F)(F)C(F)(F)C(F)(F)C(F)(F)F,C7HF13O2,364.062,13,59.09090909090909,7,13,7,364.057,5.0,1.0,1.0,0.0,0.0,Medium-chain,False,False,False,True,Medium-chain Branched Highly-fluorinated,Vapor Energy Generation,Lab,Soil,900.0,15.0,71.34820562560621,False,High,Short,103.1,29.54
375-85-9,Perfluoroheptanoic acid,OC(=O)C(F)(F)C(F)(F)C(F)(F)C(F)(F)C(F)(F)C(F)(F)F,C7HF13O2,364.062,13,59.09090909090909,7,13,7,364.057,5.0,1.0,1.0,0.0,0.0,Medium-chain,False,False,False,True,Medium-chain Branched Highly-fluorinated,Indirect Thermal Desorption,Lab,Soil,300.0,14400.0,86.66666666666666,True,Medium,Extended,27.0,3.6
375-85-9,Perfluoroheptanoic acid,OC(=O)C(F)(F)C(F)(F)C(F)(F)C(F)(F)C(F)(F)C(F)(F)F,C7HF13O2,364.062,13,59.09090909090909,7,13,7,364.057,5.0,1.0,1.0,0.0,0.0,Medium-chain,False,False,False,True,Medium-chain Branched Highly-fluorinated,Indirect Thermal Desorption,Lab,Soil,350.0,14400.0,98.62962962962962,True,Medium,Extended,27.0,0.37
375-85-9,Perfluoroheptanoic acid,OC(=O)C(F)(F)C(F)(F)C(F)(F)C(F)(F)C(F)(F)C(F)(F)F,C7HF13O2,364.062,13,59.09090909090909,7,13,7,364.057,5.0,1.0,1.0,0.0,0.0,Medium-chain,False,False,False,True,Medium-chain Branched Highly-fluorinated,Indirect Thermal Desorption,Lab,Soil,400.0,20160.0,99.8925925925926,True,Medium,Extended,27.0,0.029
2043-47-2,Fluorotelomer alcohol 4:2,OCCC(F)(F)C(F)(F)C(F)(F)C(F)(F)F,C6H5F9O,264.091,9,56.25,6,9,6,264.087,4.0,1.0,1.0,0.0,0.0,Medium-chain,False,False,False,True,Medium-chain Branched Highly-fluorinated,Indirect Thermal Desorption,Lab,Other,700.0,,,False,High,,50.0,
2043-47-2,Fluorotelomer alcohol 4:2,OCCC(F)(F)C(F)(F)C(F)(F)C(F)(F)F,C6H5F9O,264.091,9,56.25,6,9,6,264.087,4.0,1.0,1.0,0.0,0.0,Medium-chain,False,False,False,True,Medium-chain Branched Highly-fluorinated,Indirect Thermal Desorption,Lab,Other,500.0,,,False,High,,50.0,
2043-47-2,Fluorotelomer alcohol 4:2,OCCC(F)(F)C(F)(F)C(F)(F)C(F)(F)F,C6H5F9O,264.091,9,56.25,6,9,6,264.087,4.0,1.0,1.0,0.0,0.0,Medium-chain,False,False,False,True,Medium-chain Branched Highly-fluorinated,Indirect Thermal Desorption,Lab,Other,300.0,,,False,Medium,,50.0,
2043-47-2,Fluorotelomer alcohol 4:2,OCCC(F)(F)C(F)(F)C(F)(F)C(F)(F)F,C6H5F9O,264.091,9,56.25,6,9,6,264.087,4.0,1.0,1.0,0.0,0.0,Medium-chain,False,False,False,True,Medium-chain Branched Highly-fluorinated,Indirect Thermal Desorption,Lab,Other,700.0,,,False,High,,50.0,
2043-47-2,Fluorotelomer alcohol 4:2,OCCC(F)(F)C(F)(F)C(F)(F)C(F)(F)F,C6H5F9O,264.091,9,56.25,6,9,6,264.087,4.0,1.0,1.0,0.0,0.0,Medium-chain,False,False,False,True,Medium-chain Branched Highly-fluorinated,Indirect Thermal Desorption,Lab,Other,700.0,,,False,High,,50.0,
2043-47-2,Fluorotelomer alcohol 4:2,OCCC(F)(F)C(F)(F)C(F)(F)C(F)(F)F,C6H5F9O,264.091,9,56.25,6,9,6,264.087,4.0,1.0,1.0,0.0,0.0,Medium-chain,False,False,False,True,Medium-chain Branched Highly-fluorinated,Indirect Thermal Desorption,Lab,Other,500.0,,,False,High,,50.0,
2043-47-2,Fluorotelomer alcohol 4:2,OCCC(F)(F)C(F)(F)C(F)(F)C(F)(F)F,C6H5F9O,264.091,9,56.25,6,9,6,264.087,4.0,1.0,1.0,0.0,0.0,Medium-chain,False,False,False,True,Medium-chain Branched Highly-fluorinated,Indirect Thermal Desorption,Lab,Other,500.0,,,False,High,,50.0,
2043-47-2,Fluorotelomer alcohol 4:2,OCCC(F)(F)C(F)(F)C(F)(F)C(F)(F)F,C6H5F9O,264.091,9,56.25,6,9,6,264.087,4.0,1.0,1.0,0.0,0.0,Medium-chain,False,False,False,True,Medium-chain Branched Highly-fluorinated,Indirect Thermal Desorption,Lab,Other,300.0,,,False,Medium,,50.0,
2043-47-2,Fluorotelomer alcohol 4:2,OCCC(F)(F)C(F)(F)C(F)(F)C(F)(F)F,C6H5F9O,264.091,9,56.25,6,9,6,264.087,4.0,1.0,1.0,0.0,0.0,Medium-chain,False,False,False,True,Medium-chain Branched Highly-fluorinated,Indirect Thermal Desorption,Lab,Other,300.0,,,False,Medium,,50.0,
31506-32-8,N-Methylperfluorooctanesulfonamide,CNS(=O)(=O)C(F)(F)C(F)(F)C(F)(F)C(F)(F)C(F)(F)C(F)(F)C(F)(F)C(F)(F)F,C9H4F17NO2S,513.17,17,56.666666666666664,9,17,9,513.169,8.0,2.0,1.0,0.0,0.0,Long-chain,False,False,False,True,Long-chain Branched Highly-fluorinated,Pyrolysis,Lab,Sludge,700.0,,100.0,True,High,,2.9,0.0
31506-32-8,N-Methylperfluorooctanesulfonamide,CNS(=O)(=O)C(F)(F)C(F)(F)C(F)(F)C(F)(F)C(F)(F)C(F)(F)C(F)(F)C(F)(F)F,C9H4F17NO2S,513.17,17,56.666666666666664,9,17,9,513.169,8.0,2.0,1.0,0.0,0.0,Long-chain,False,False,False,True,Long-chain Branched Highly-fluorinated,Pyrolysis,Lab,Sludge,700.0,,100.0,True,High,,2.5,0.0
31506-32-8,N-Methylperfluorooctanesulfonamide,CNS(=O)(=O)C(F)(F)C(F)(F)C(F)(F)C(F)(F)C(F)(F)C(F)(F)C(F)(F)C(F)(F)F,C9H4F17NO2S,513.17,17,56.666666666666664,9,17,9,513.169,8.0,2.0,1.0,0.0,0.0,Long-chain,False,False,False,True,Long-chain Branched Highly-fluorinated,Pyrolysis,Lab,Sludge,700.0,,100.0,True,High,,3.5,0.0
31506-32-8,N-Methylperfluorooctanesulfonamide,CNS(=O)(=O)C(F)(F)C(F)(F)C(F)(F)C(F)(F)C(F)(F)C(F)(F)C(F)(F)C(F)(F)F,C9H4F17NO2S,513.17,17,56.666666666666664,9,17,9,513.169,8.0,2.0,1.0,0.0,0.0,Long-chain,False,False,False,True,Long-chain Branched Highly-fluorinated,Pyrolysis,Lab,Sludge,500.0,,100.0,True,High,,2.9,0.0
31506-32-8,N-Methylperfluorooctanesulfonamide,CNS(=O)(=O)C(F)(F)C(F)(F)C(F)(F)C(F)(F)C(F)(F)C(F)(F)C(F)(F)C(F)(F)F,C9H4F17NO2S,513.17,17,56.666666666666664,9,17,9,513.169,8.0,2.0,1.0,0.0,0.0,Long-chain,False,False,False,True,Long-chain Branched Highly-fluorinated,Pyrolysis,Lab,Sludge,500.0,,100.0,True,High,,2.5,0.0
31506-32-8,N-Methylperfluorooctanesulfonamide,CNS(=O)(=O)C(F)(F)C(F)(F)C(F)(F)C(F)(F)C(F)(F)C(F)(F)C(F)(F)C(F)(F)F,C9H4F17NO2S,513.17,17,56.666666666666664,9,17,9,513.169,8.0,2.0,1.0,0.0,0.0,Long-chain,False,False,False,True,Long-chain Branched Highly-fluorinated,Pyrolysis,Lab,Sludge,500.0,,100.0,True,High,,3.5,0.0
31506-32-8,N-Methylperfluorooctanesulfonamide,CNS(=O)(=O)C(F)(F)C(F)(F)C(F)(F)C(F)(F)C(F)(F)C(F)(F)C(F)(F)C(F)(F)F,C9H4F17NO2S,513.17,17,56.666666666666664,9,17,9,513.169,8.0,2.0,1.0,0.0,0.0,Long-chain,False,False,False,True,Long-chain Branched Highly-fluorinated,Infrared Heating,Pilot,Soil,350.0,11520.0,,False,Medium,Extended,1200.0,
31506-32-8,N-Methylperfluorooctanesulfonamide,CNS(=O)(=O)C(F)(F)C(F)(F)C(F)(F)C(F)(F)C(F)(F)C(F)(F)C(F)(F)C(F)(F)F,C9H4F17NO2S,513.17,17,56.666666666666664,9,17,9,513.169,8.0,2.0,1.0,0.0,0.0,Long-chain,False,False,False,True,Long-chain Branched Highly-fluorinated,Infrared Heating,Pilot,Soil,350.0,11520.0,,False,Medium,Extended,0.163,
31506-32-8,N-Methylperfluorooctanesulfonamide,CNS(=O)(=O)C(F)(F)C(F)(F)C(F)(F)C(F)(F)C(F)(F)C(F)(F)C(F)(F)C(F)(F)F,C9H4F17NO2S,513.17,17,56.666666666666664,9,17,9,513.169,8.0,2.0,1.0,0.0,0.0,Long-chain,False,False,False,True,Long-chain Branched Highly-fluorinated,Infrared Heating,Pilot,Soil,350.0,11520.0,,False,Medium,Extended,1.77,
31506-32-8,N-Methylperfluorooctanesulfonamide,CNS(=O)(=O)C(F)(F)C(F)(F)C(F)(F)C(F)(F)C(F)(F)C(F)(F)C(F)(F)C(F)(F)F,C9H4F17NO2S,513.17,17,56.666666666666664,9,17,9,513.169,8.0,2.0,1.0,0.0,0.0,Long-chain,False,False,False,True,Long-chain Branched Highly-fluorinated,Infrared Heating,Pilot,Soil,350.0,11520.0,,False,Medium,Extended,0.0,
31506-32-8,N-Methylperfluorooctanesulfonamide,CNS(=O)(=O)C(F)(F)C(F)(F)C(F)(F)C(F)(F)C(F)(F)C(F)(F)C(F)(F)C(F)(F)F,C9H4F17NO2S,513.17,17,56.666666666666664,9,17,9,513.169,8.0,2.0,1.0,0.0,0.0,Long-chain,False,False,False,True,Long-chain Branched Highly-fluorinated,Hydrothermal Treatment,Lab,Soil,350.0,90.0,99.67532467532467,True,Medium,Medium,6.16,0.02
67905-19-5,Perfluorohexadecanoic acid,OC(=O)C(F)(F)C(F)(F)C(F)(F)C(F)(F)C(F)(F)C(F)(F)C(F)(F)C(F)(F)C(F)(F)C(F)(F)C(F)(F)C(F)(F)C(F)(F)C(F)(F)C(F)(F)F,C16HF31O2,814.132,31,63.26530612244898,16,31,16,814.1200000000005,14.0,1.0,1.0,0.0,0.0,Long-chain,False,False,False,True,Long-chain Branched Highly-fluorinated,GAC Reactivation,Full,Treatment Media,1093.0,,93.62637362637362,True,High,,9.1,0.58
67905-19-5,Perfluorohexadecanoic acid,OC(=O)C(F)(F)C(F)(F)C(F)(F)C(F)(F)C(F)(F)C(F)(F)C(F)(F)C(F)(F)C(F)(F)C(F)(F)C(F)(F)C(F)(F)C(F)(F)C(F)(F)C(F)(F)F,C16HF31O2,814.132,31,63.26530612244898,16,31,16,814.1200000000005,14.0,1.0,1.0,0.0,0.0,Long-chain,False,False,False,True,Long-chain Branched Highly-fluorinated,GAC Reactivation,Full,Treatment Media,1093.0,,93.95833333333331,True,High,,9.6,0.58
67905-19-5,Perfluorohexadecanoic acid,OC(=O)C(F)(F)C(F)(F)C(F)(F)C(F)(F)C(F)(F)C(F)(F)C(F)(F)C(F)(F)C(F)(F)C(F)(F)C(F)(F)C(F)(F)C(F)(F)C(F)(F)C(F)(F)F,C16HF31O2,814.132,31,63.26530612244898,16,31,16,814.1200000000005,14.0,1.0,1.0,0.0,0.0,Long-chain,False,False,False,True,Long-chain Branched Highly-fluorinated,GAC Reactivation,Full,Treatment Media,1093.0,,94.02061855670102,True,High,,9.7,0.58
67905-19-5,Perfluorohexadecanoic acid,OC(=O)C(F)(F)C(F)(F)C(F)(F)C(F)(F)C(F)(F)C(F)(F)C(F)(F)C(F)(F)C(F)(F)C(F)(F)C(F)(F)C(F)(F)C(F)(F)C(F)(F)C(F)(F)F,C16HF31O2,814.132,31,63.26530612244898,16,31,16,814.1200000000005,14.0,1.0,1.0,0.0,0.0,Long-chain,False,False,False,True,Long-chain Branched Highly-fluorinated,Pyrolysis,Not specified,Sludge,593.33,,,False,High,,0.0,
958445-44-8,"Ammonium 4,8-dioxa-3H-perfluorononanoate",[NH4+].[O-]C(=O)C(F)(F)C(F)OC(F)(F)C(F)(F)C(F)(F)OC(F)(F)F,C7H5F12NO4,395.101,12,50.0,7,12,7,395.096,7.0,4.0,1.0,0.0,0.0,Medium-chain,False,False,False,True,Medium-chain Branched Moderately-fluorinated,Hydrothermal Treatment,Lab,Other,300.0,120.0,,False,Medium,Medium,,0.0
958445-44-8,"Ammonium 4,8-dioxa-3H-perfluorononanoate",[NH4+].[O-]C(=O)C(F)(F)C(F)OC(F)(F)C(F)(F)C(F)(F)OC(F)(F)F,C7H5F12NO4,395.101,12,50.0,7,12,7,395.096,7.0,4.0,1.0,0.0,0.0,Medium-chain,False,False,False,True,Medium-chain Branched Moderately-fluorinated,Hydrothermal Treatment,Lab,Other,200.0,120.0,,False,Medium,Medium,,0.0
958445-44-8,"Ammonium 4,8-dioxa-3H-perfluorononanoate",[NH4+].[O-]C(=O)C(F)(F)C(F)OC(F)(F)C(F)(F)C(F)(F)OC(F)(F)F,C7H5F12NO4,395.101,12,50.0,7,12,7,395.096,7.0,4.0,1.0,0.0,0.0,Medium-chain,False,False,False,True,Medium-chain Branched Moderately-fluorinated,Hydrothermal Treatment,Lab,Other,300.0,120.0,100.0,True,Medium,Medium,20.0,0.0
958445-44-8,"Ammonium 4,8-dioxa-3H-perfluorononanoate",[NH4+].[O-]C(=O)C(F)(F)C(F)OC(F)(F)C(F)(F)C(F)(F)OC(F)(F)F,C7H5F12NO4,395.101,12,50.0,7,12,7,395.096,7.0,4.0,1.0,0.0,0.0,Medium-chain,False,False,False,True,Medium-chain Branched Moderately-fluorinated,Hydrothermal Treatment,Lab,Other,250.0,120.0,100.0,True,Medium,Medium,20.0,0.0
958445-44-8,"Ammonium 4,8-dioxa-3H-perfluorononanoate",[NH4+].[O-]C(=O)C(F)(F)C(F)OC(F)(F)C(F)(F)C(F)(F)OC(F)(F)F,C7H5F12NO4,395.101,12,50.0,7,12,7,395.096,7.0,4.0,1.0,0.0,0.0,Medium-chain,False,False,False,True,Medium-chain Branched Moderately-fluorinated,Hydrothermal Treatment,Lab,Other,300.0,120.0,,False,Medium,Medium,,0.0
958445-44-8,"Ammonium 4,8-dioxa-3H-perfluorononanoate",[NH4+].[O-]C(=O)C(F)(F)C(F)OC(F)(F)C(F)(F)C(F)(F)OC(F)(F)F,C7H5F12NO4,395.101,12,50.0,7,12,7,395.096,7.0,4.0,1.0,0.0,0.0,Medium-chain,False,False,False,True,Medium-chain Branched Moderately-fluorinated,Hydrothermal Treatment,Lab,Other,250.0,120.0,,False,Medium,Medium,,0.0
958445-44-8,"Ammonium 4,8-dioxa-3H-perfluorononanoate",[NH4+].[O-]C(=O)C(F)(F)C(F)OC(F)(F)C(F)(F)C(F)(F)OC(F)(F)F,C7H5F12NO4,395.101,12,50.0,7,12,7,395.096,7.0,4.0,1.0,0.0,0.0,Medium-chain,False,False,False,True,Medium-chain Branched Moderately-fluorinated,Pyrolysis,Not specified,Sludge,593.33,,,False,High,,0.0,
70887-88-6,3-(Perfluoropentyl)-3-fluoro-2-propenoic acid,OC(=O)C=C(F)C(F)(F)C(F)(F)C(F)(F)C(F)(F)C(F)(F)F,C8H2F12O2,358.083,12,54.54545454545454,8,12,8,358.078,5.0,1.0,1.0,0.0,0.0,Long-chain,False,False,False,True,Long-chain Branched Highly-fluorinated,Hydrothermal Treatment,Lab,Soil,350.0,90.0,91.30434782608695,True,Medium,Medium,1.38,0.12
13252-14-7,"Perfluoro-2,5-dimethyl-3,6-dioxanonanoic acid",OC(=O)C(F)(OC(F)(F)C(F)(OC(F)(F)C(F)(F)C(F)(F)F)C(F)(F)F)C(F)(F)F,C9HF17O4,496.076,17,56.666666666666664,9,17,9,496.069,7.0,3.0,1.0,0.0,0.0,Long-chain,False,False,False,True,Long-chain Branched Highly-fluorinated,Electromagnetic Heating,Lab,Soil,845.0,2.0,,False,High,Short,0.02,
909405-48-7,2-(N-Methylperfluorooctanesulfonamido)acetate,CN(CC([O-])=O)S(=O)(=O)C(F)(F)C(F)(F)C(F)(F)C(F)(F)C(F)(F)C(F)(F)C(F)(F)C(F)(F)F,C11H5F17NO4S,570.2,17,50.0,11,17,11,570.1970000000001,10.0,4.0,0.0,0.0,0.0,Long-chain,False,False,False,True,Long-chain Branched Moderately-fluorinated,Pyrolysis,Lab,Sludge,650.0,20.0,93.63057324840764,True,High,Short,0.314,0.02
909405-48-7,2-(N-Methylperfluorooctanesulfonamido)acetate,CN(CC([O-])=O)S(=O)(=O)C(F)(F)C(F)(F)C(F)(F)C(F)(F)C(F)(F)C(F)(F)C(F)(F)C(F)(F)F,C11H5F17NO4S,570.2,17,50.0,11,17,11,570.1970000000001,10.0,4.0,0.0,0.0,0.0,Long-chain,False,False,False,True,Long-chain Branched Moderately-fluorinated,Pyrolysis,Lab,Sludge,650.0,20.0,92.3694779116466,True,High,Short,0.249,0.019
909405-48-7,2-(N-Methylperfluorooctanesulfonamido)acetate,CN(CC([O-])=O)S(=O)(=O)C(F)(F)C(F)(F)C(F)(F)C(F)(F)C(F)(F)C(F)(F)C(F)(F)C(F)(F)F,C11H5F17NO4S,570.2,17,50.0,11,17,11,570.1970000000001,10.0,4.0,0.0,0.0,0.0,Long-chain,False,False,False,True,Long-chain Branched Moderately-fluorinated,Pyrolysis,Lab,Sludge,650.0,20.0,94.76439790575915,True,High,Short,0.382,0.02
909405-48-7,2-(N-Methylperfluorooctanesulfonamido)acetate,CN(CC([O-])=O)S(=O)(=O)C(F)(F)C(F)(F)C(F)(F)C(F)(F)C(F)(F)C(F)(F)C(F)(F)C(F)(F)F,C11H5F17NO4S,570.2,17,50.0,11,17,11,570.1970000000001,10.0,4.0,0.0,0.0,0.0,Long-chain,False,False,False,True,Long-chain Branched Moderately-fluorinated,GAC Reactivation,Full,Treatment Media,1093.0,,99.66071428571428,True,High,,560.0,1.9
909405-48-7,2-(N-Methylperfluorooctanesulfonamido)acetate,CN(CC([O-])=O)S(=O)(=O)C(F)(F)C(F)(F)C(F)(F)C(F)(F)C(F)(F)C(F)(F)C(F)(F)C(F)(F)F,C11H5F17NO4S,570.2,17,50.0,11,17,11,570.1970000000001,10.0,4.0,0.0,0.0,0.0,Long-chain,False,False,False,True,Long-chain Branched Moderately-fluorinated,GAC Reactivation,Full,Treatment Media,1093.0,,99.65454545454546,True,High,,550.0,1.9
909405-48-7,2-(N-Methylperfluorooctanesulfonamido)acetate,CN(CC([O-])=O)S(=O)(=O)C(F)(F)C(F)(F)C(F)(F)C(F)(F)C(F)(F)C(F)(F)C(F)(F)C(F)(F)F,C11H5F17NO4S,570.2,17,50.0,11,17,11,570.1970000000001,10.0,4.0,0.0,0.0,0.0,Long-chain,False,False,False,True,Long-chain Branched Moderately-fluorinated,GAC Reactivation,Full,Treatment Media,1093.0,,99.73611111111111,True,High,,720.0,1.9
909405-48-7,2-(N-Methylperfluorooctanesulfonamido)acetate,CN(CC([O-])=O)S(=O)(=O)C(F)(F)C(F)(F)C(F)(F)C(F)(F)C(F)(F)C(F)(F)C(F)(F)C(F)(F)F,C11H5F17NO4S,570.2,17,50.0,11,17,11,570.1970000000001,10.0,4.0,0.0,0.0,0.0,Long-chain,False,False,False,True,Long-chain Branched Moderately-fluorinated,Pyrolysis,Lab,Soil,450.0,30.0,,False,High,Short,0.03,
909405-48-7,2-(N-Methylperfluorooctanesulfonamido)acetate,CN(CC([O-])=O)S(=O)(=O)C(F)(F)C(F)(F)C(F)(F)C(F)(F)C(F)(F)C(F)(F)C(F)(F)C(F)(F)F,C11H5F17NO4S,570.2,17,50.0,11,17,11,570.1970000000001,10.0,4.0,0.0,0.0,0.0,Long-chain,False,False,False,True,Long-chain Branched Moderately-fluorinated,Pyrolysis,Lab,Soil,300.0,30.0,,False,Medium,Short,0.03,
909405-48-7,2-(N-Methylperfluorooctanesulfonamido)acetate,CN(CC([O-])=O)S(=O)(=O)C(F)(F)C(F)(F)C(F)(F)C(F)(F)C(F)(F)C(F)(F)C(F)(F)C(F)(F)F,C11H5F17NO4S,570.2,17,50.0,11,17,11,570.1970000000001,10.0,4.0,0.0,0.0,0.0,Long-chain,False,False,False,True,Long-chain Branched Moderately-fluorinated,Pyrolysis,Lab,Soil,200.0,30.0,,False,Medium,Short,0.03,
909405-48-7,2-(N-Methylperfluorooctanesulfonamido)acetate,CN(CC([O-])=O)S(=O)(=O)C(F)(F)C(F)(F)C(F)(F)C(F)(F)C(F)(F)C(F)(F)C(F)(F)C(F)(F)F,C11H5F17NO4S,570.2,17,50.0,11,17,11,570.1970000000001,10.0,4.0,0.0,0.0,0.0,Long-chain,False,False,False,True,Long-chain Branched Moderately-fluorinated,Pyrolysis,Pilot,Sludge,649.0,19.1,97.40353407861522,True,High,Short,27.73,0.72
909405-48-7,2-(N-Methylperfluorooctanesulfonamido)acetate,CN(CC([O-])=O)S(=O)(=O)C(F)(F)C(F)(F)C(F)(F)C(F)(F)C(F)(F)C(F)(F)C(F)(F)C(F)(F)F,C11H5F17NO4S,570.2,17,50.0,11,17,11,570.1970000000001,10.0,4.0,0.0,0.0,0.0,Long-chain,False,False,False,True,Long-chain Branched Moderately-fluorinated,Pyrolysis,Pilot,Sludge,649.0,19.1,98.816,True,High,Short,31.25,0.37
909405-48-7,2-(N-Methylperfluorooctanesulfonamido)acetate,CN(CC([O-])=O)S(=O)(=O)C(F)(F)C(F)(F)C(F)(F)C(F)(F)C(F)(F)C(F)(F)C(F)(F)C(F)(F)F,C11H5F17NO4S,570.2,17,50.0,11,17,11,570.1970000000001,10.0,4.0,0.0,0.0,0.0,Long-chain,False,False,False,True,Long-chain Branched Moderately-fluorinated,Pyrolysis,Pilot,Sludge,649.0,19.1,100.0,True,High,Short,29.5,0.0
909405-48-7,2-(N-Methylperfluorooctanesulfonamido)acetate,CN(CC([O-])=O)S(=O)(=O)C(F)(F)C(F)(F)C(F)(F)C(F)(F)C(F)(F)C(F)(F)C(F)(F)C(F)(F)F,C11H5F17NO4S,570.2,17,50.0,11,17,11,570.1970000000001,10.0,4.0,0.0,0.0,0.0,Long-chain,False,False,False,True,Long-chain Branched Moderately-fluorinated,Rotary Kiln,Full,Soil,,,,False,,,,
909405-48-7,2-(N-Methylperfluorooctanesulfonamido)acetate,CN(CC([O-])=O)S(=O)(=O)C(F)(F)C(F)(F)C(F)(F)C(F)(F)C(F)(F)C(F)(F)C(F)(F)C(F)(F)F,C11H5F17NO4S,570.2,17,50.0,11,17,11,570.1970000000001,10.0,4.0,0.0,0.0,0.0,Long-chain,False,False,False,True,Long-chain Branched Moderately-fluorinated,Indirect Thermal Desorption,Pilot,Soil,650.0,,,False,High,,4.84,
909405-48-7,2-(N-Methylperfluorooctanesulfonamido)acetate,CN(CC([O-])=O)S(=O)(=O)C(F)(F)C(F)(F)C(F)(F)C(F)(F)C(F)(F)C(F)(F)C(F)(F)C(F)(F)F,C11H5F17NO4S,570.2,17,50.0,11,17,11,570.1970000000001,10.0,4.0,0.0,0.0,0.0,Long-chain,False,False,False,True,Long-chain Branched Moderately-fluorinated,Indirect Thermal Desorption,Pilot,Soil,650.0,,,False,High,,1.96,
909405-48-7,2-(N-Methylperfluorooctanesulfonamido)acetate,CN(CC([O-])=O)S(=O)(=O)C(F)(F)C(F)(F)C(F)(F)C(F)(F)C(F)(F)C(F)(F)C(F)(F)C(F)(F)F,C11H5F17NO4S,570.2,17,50.0,11,17,11,570.1970000000001,10.0,4.0,0.0,0.0,0.0,Long-chain,False,False,False,True,Long-chain Branched Moderately-fluorinated,Indirect Thermal Desorption,Pilot,Soil,500.0,,,False,High,,1.95,
909405-48-7,2-(N-Methylperfluorooctanesulfonamido)acetate,CN(CC([O-])=O)S(=O)(=O)C(F)(F)C(F)(F)C(F)(F)C(F)(F)C(F)(F)C(F)(F)C(F)(F)C(F)(F)F,C11H5F17NO4S,570.2,17,50.0,11,17,11,570.1970000000001,10.0,4.0,0.0,0.0,0.0,Long-chain,False,False,False,True,Long-chain Branched Moderately-fluorinated,Indirect Thermal Desorption,Pilot,Soil,500.0,,,False,High,,1.92,
909405-48-7,2-(N-Methylperfluorooctanesulfonamido)acetate,CN(CC([O-])=O)S(=O)(=O)C(F)(F)C(F)(F)C(F)(F)C(F)(F)C(F)(F)C(F)(F)C(F)(F)C(F)(F)F,C11H5F17NO4S,570.2,17,50.0,11,17,11,570.1970000000001,10.0,4.0,0.0,0.0,0.0,Long-chain,False,False,False,True,Long-chain Branched Moderately-fluorinated,Indirect Thermal Desorption,Pilot,Soil,650.0,,,False,High,,1.96,
909405-48-7,2-(N-Methylperfluorooctanesulfonamido)acetate,CN(CC([O-])=O)S(=O)(=O)C(F)(F)C(F)(F)C(F)(F)C(F)(F)C(F)(F)C(F)(F)C(F)(F)C(F)(F)F,C11H5F17NO4S,570.2,17,50.0,11,17,11,570.1970000000001,10.0,4.0,0.0,0.0,0.0,Long-chain,False,False,False,True,Long-chain Branched Moderately-fluorinated,Indirect Thermal Desorption,Pilot,Soil,500.0,,,False,High,,192.0,
909405-48-7,2-(N-Methylperfluorooctanesulfonamido)acetate,CN(CC([O-])=O)S(=O)(=O)C(F)(F)C(F)(F)C(F)(F)C(F)(F)C(F)(F)C(F)(F)C(F)(F)C(F)(F)F,C11H5F17NO4S,570.2,17,50.0,11,17,11,570.1970000000001,10.0,4.0,0.0,0.0,0.0,Long-chain,False,False,False,True,Long-chain Branched Moderately-fluorinated,Indirect Thermal Desorption,Pilot,Soil,650.0,,,False,High,,1.98,
909405-48-7,2-(N-Methylperfluorooctanesulfonamido)acetate,CN(CC([O-])=O)S(=O)(=O)C(F)(F)C(F)(F)C(F)(F)C(F)(F)C(F)(F)C(F)(F)C(F)(F)C(F)(F)F,C11H5F17NO4S,570.2,17,50.0,11,17,11,570.1970000000001,10.0,4.0,0.0,0.0,0.0,Long-chain,False,False,False,True,Long-chain Branched Moderately-fluorinated,Indirect Thermal Desorption,Pilot,Soil,500.0,,,False,High,,195.0,
909405-48-7,2-(N-Methylperfluorooctanesulfonamido)acetate,CN(CC([O-])=O)S(=O)(=O)C(F)(F)C(F)(F)C(F)(F)C(F)(F)C(F)(F)C(F)(F)C(F)(F)C(F)(F)F,C11H5F17NO4S,570.2,17,50.0,11,17,11,570.1970000000001,10.0,4.0,0.0,0.0,0.0,Long-chain,False,False,False,True,Long-chain Branched Moderately-fluorinated,Infrared Heating,Pilot,Soil,350.0,11520.0,,False,Medium,Extended,120.0,
909405-48-7,2-(N-Methylperfluorooctanesulfonamido)acetate,CN(CC([O-])=O)S(=O)(=O)C(F)(F)C(F)(F)C(F)(F)C(F)(F)C(F)(F)C(F)(F)C(F)(F)C(F)(F)F,C11H5F17NO4S,570.2,17,50.0,11,17,11,570.1970000000001,10.0,4.0,0.0,0.0,0.0,Long-chain,False,False,False,True,Long-chain Branched Moderately-fluorinated,Infrared Heating,Pilot,Soil,350.0,11520.0,,False,Medium,Extended,0.145,
909405-48-7,2-(N-Methylperfluorooctanesulfonamido)acetate,CN(CC([O-])=O)S(=O)(=O)C(F)(F)C(F)(F)C(F)(F)C(F)(F)C(F)(F)C(F)(F)C(F)(F)C(F)(F)F,C11H5F17NO4S,570.2,17,50.0,11,17,11,570.1970000000001,10.0,4.0,0.0,0.0,0.0,Long-chain,False,False,False,True,Long-chain Branched Moderately-fluorinated,Infrared Heating,Pilot,Soil,350.0,11520.0,,False,Medium,Extended,0.154,
909405-48-7,2-(N-Methylperfluorooctanesulfonamido)acetate,CN(CC([O-])=O)S(=O)(=O)C(F)(F)C(F)(F)C(F)(F)C(F)(F)C(F)(F)C(F)(F)C(F)(F)C(F)(F)F,C11H5F17NO4S,570.2,17,50.0,11,17,11,570.1970000000001,10.0,4.0,0.0,0.0,0.0,Long-chain,False,False,False,True,Long-chain Branched Moderately-fluorinated,Hydrothermal Treatment,Lab,Soil,350.0,90.0,99.33764135702748,True,Medium,Medium,619.0,4.1
909405-48-7,2-(N-Methylperfluorooctanesulfonamido)acetate,CN(CC([O-])=O)S(=O)(=O)C(F)(F)C(F)(F)C(F)(F)C(F)(F)C(F)(F)C(F)(F)C(F)(F)C(F)(F)F,C11H5F17NO4S,570.2,17,50.0,11,17,11,570.1970000000001,10.0,4.0,0.0,0.0,0.0,Long-chain,False,False,False,True,Long-chain Branched Moderately-fluorinated,Pyrolysis,Not specified,Sludge,593.33,,,False,High,,23.5,
110676-15-8,Perfluoropropane sulfonate,[O-]S(=O)(=O)C(F)(F)C(F)(F)C(F)(F)F,C3F7O3S,249.08,7,50.0,3,7,3,249.0829999999999,2.0,3.0,0.0,0.0,0.0,Short-chain,False,False,False,True,Short-chain Branched Moderately-fluorinated,Hydrothermal Treatment,Lab,Other,350.0,180.0,100.0,True,Medium,Medium,121.0,0.0
110676-15-8,Perfluoropropane sulfonate,[O-]S(=O)(=O)C(F)(F)C(F)(F)C(F)(F)F,C3F7O3S,249.08,7,50.0,3,7,3,249.0829999999999,2.0,3.0,0.0,0.0,0.0,Short-chain,False,False,False,True,Short-chain Branched Moderately-fluorinated,Hydrothermal Treatment,Lab,Other,350.0,180.0,94.54545454545456,True,Medium,Medium,121.0,6.6
110676-15-8,Perfluoropropane sulfonate,[O-]S(=O)(=O)C(F)(F)C(F)(F)C(F)(F)F,C3F7O3S,249.08,7,50.0,3,7,3,249.0829999999999,2.0,3.0,0.0,0.0,0.0,Short-chain,False,False,False,True,Short-chain Branched Moderately-fluorinated,Hydrothermal Treatment,Lab,Soil,350.0,90.0,99.33333333333331,True,Medium,Medium,9.0,0.06
110676-15-8,Perfluoropropane sulfonate,[O-]S(=O)(=O)C(F)(F)C(F)(F)C(F)(F)F,C3F7O3S,249.08,7,50.0,3,7,3,249.0829999999999,2.0,3.0,0.0,0.0,0.0,Short-chain,False,False,False,True,Short-chain Branched Moderately-fluorinated,Hydrothermal Treatment,Lab,Soil,350.0,90.0,91.79012345679013,True,Medium,Medium,16.2,1.33
110676-15-8,Perfluoropropane sulfonate,[O-]S(=O)(=O)C(F)(F)C(F)(F)C(F)(F)F,C3F7O3S,249.08,7,50.0,3,7,3,249.0829999999999,2.0,3.0,0.0,0.0,0.0,Short-chain,False,False,False,True,Short-chain Branched Moderately-fluorinated,Hydrothermal Treatment,Lab,Other,350.0,360.0,,False,Medium,Long,3.81,
110676-15-8,Perfluoropropane sulfonate,[O-]S(=O)(=O)C(F)(F)C(F)(F)C(F)(F)F,C3F7O3S,249.08,7,50.0,3,7,3,249.0829999999999,2.0,3.0,0.0,0.0,0.0,Short-chain,False,False,False,True,Short-chain Branched Moderately-fluorinated,Hydrothermal Treatment,Lab,Other,350.0,360.0,,False,Medium,Long,3.99,
110676-15-8,Perfluoropropane sulfonate,[O-]S(=O)(=O)C(F)(F)C(F)(F)C(F)(F)F,C3F7O3S,249.08,7,50.0,3,7,3,249.0829999999999,2.0,3.0,0.0,0.0,0.0,Short-chain,False,False,False,True,Short-chain Branched Moderately-fluorinated,Hydrothermal Treatment,Lab,Other,350.0,360.0,,False,Medium,Long,3.99,
110676-15-8,Perfluoropropane sulfonate,[O-]S(=O)(=O)C(F)(F)C(F)(F)C(F)(F)F,C3F7O3S,249.08,7,50.0,3,7,3,249.0829999999999,2.0,3.0,0.0,0.0,0.0,Short-chain,False,False,False,True,Short-chain Branched Moderately-fluorinated,Hydrothermal Treatment,Lab,Other,350.0,360.0,,False,Medium,Long,3.81,
72629-94-8,Perfluorotridecanoic acid,OC(=O)C(F)(F)C(F)(F)C(F)(F)C(F)(F)C(F)(F)C(F)(F)C(F)(F)C(F)(F)C(F)(F)C(F)(F)C(F)(F)C(F)(F)F,C13HF25O2,664.109,25,62.5,13,25,13,664.0990000000003,11.0,1.0,1.0,0.0,0.0,Long-chain,False,False,False,True,Long-chain Branched Highly-fluorinated,GAC Reactivation,Full,Treatment Media,1093.0,,97.92857142857144,True,High,,28.0,0.58
72629-94-8,Perfluorotridecanoic acid,OC(=O)C(F)(F)C(F)(F)C(F)(F)C(F)(F)C(F)(F)C(F)(F)C(F)(F)C(F)(F)C(F)(F)C(F)(F)C(F)(F)C(F)(F)F,C13HF25O2,664.109,25,62.5,13,25,13,664.0990000000003,11.0,1.0,1.0,0.0,0.0,Long-chain,False,False,False,True,Long-chain Branched Highly-fluorinated,GAC Reactivation,Full,Treatment Media,1093.0,,98.06666666666666,True,High,,30.0,0.58
72629-94-8,Perfluorotridecanoic acid,OC(=O)C(F)(F)C(F)(F)C(F)(F)C(F)(F)C(F)(F)C(F)(F)C(F)(F)C(F)(F)C(F)(F)C(F)(F)C(F)(F)C(F)(F)F,C13HF25O2,664.109,25,62.5,13,25,13,664.0990000000003,11.0,1.0,1.0,0.0,0.0,Long-chain,False,False,False,True,Long-chain Branched Highly-fluorinated,GAC Reactivation,Full,Treatment Media,1093.0,,99.01694915254238,True,High,,59.0,0.58
72629-94-8,Perfluorotridecanoic acid,OC(=O)C(F)(F)C(F)(F)C(F)(F)C(F)(F)C(F)(F)C(F)(F)C(F)(F)C(F)(F)C(F)(F)C(F)(F)C(F)(F)C(F)(F)F,C13HF25O2,664.109,25,62.5,13,25,13,664.0990000000003,11.0,1.0,1.0,0.0,0.0,Long-chain,False,False,False,True,Long-chain Branched Highly-fluorinated,Thermal Oxidation of Off-gas,Lab,Treatment Media,590.0,0.1666666666666666,,False,High,Short,,
72629-94-8,Perfluorotridecanoic acid,OC(=O)C(F)(F)C(F)(F)C(F)(F)C(F)(F)C(F)(F)C(F)(F)C(F)(F)C(F)(F)C(F)(F)C(F)(F)C(F)(F)C(F)(F)F,C13HF25O2,664.109,25,62.5,13,25,13,664.0990000000003,11.0,1.0,1.0,0.0,0.0,Long-chain,False,False,False,True,Long-chain Branched Highly-fluorinated,GAC Reactivation,Full,Treatment Media,,,,False,,,,1.1
72629-94-8,Perfluorotridecanoic acid,OC(=O)C(F)(F)C(F)(F)C(F)(F)C(F)(F)C(F)(F)C(F)(F)C(F)(F)C(F)(F)C(F)(F)C(F)(F)C(F)(F)C(F)(F)F,C13HF25O2,664.109,25,62.5,13,25,13,664.0990000000003,11.0,1.0,1.0,0.0,0.0,Long-chain,False,False,False,True,Long-chain Branched Highly-fluorinated,Indirect Thermal Desorption,Pilot,Soil,650.0,,,False,High,,4.84,
72629-94-8,Perfluorotridecanoic acid,OC(=O)C(F)(F)C(F)(F)C(F)(F)C(F)(F)C(F)(F)C(F)(F)C(F)(F)C(F)(F)C(F)(F)C(F)(F)C(F)(F)C(F)(F)F,C13HF25O2,664.109,25,62.5,13,25,13,664.0990000000003,11.0,1.0,1.0,0.0,0.0,Long-chain,False,False,False,True,Long-chain Branched Highly-fluorinated,Indirect Thermal Desorption,Pilot,Soil,650.0,,,False,High,,0.196,
72629-94-8,Perfluorotridecanoic acid,OC(=O)C(F)(F)C(F)(F)C(F)(F)C(F)(F)C(F)(F)C(F)(F)C(F)(F)C(F)(F)C(F)(F)C(F)(F)C(F)(F)C(F)(F)F,C13HF25O2,664.109,25,62.5,13,25,13,664.0990000000003,11.0,1.0,1.0,0.0,0.0,Long-chain,False,False,False,True,Long-chain Branched Highly-fluorinated,Indirect Thermal Desorption,Pilot,Soil,500.0,,,False,High,,19.5,
72629-94-8,Perfluorotridecanoic acid,OC(=O)C(F)(F)C(F)(F)C(F)(F)C(F)(F)C(F)(F)C(F)(F)C(F)(F)C(F)(F)C(F)(F)C(F)(F)C(F)(F)C(F)(F)F,C13HF25O2,664.109,25,62.5,13,25,13,664.0990000000003,11.0,1.0,1.0,0.0,0.0,Long-chain,False,False,False,True,Long-chain Branched Highly-fluorinated,Indirect Thermal Desorption,Pilot,Soil,500.0,,,False,High,,0.192,
72629-94-8,Perfluorotridecanoic acid,OC(=O)C(F)(F)C(F)(F)C(F)(F)C(F)(F)C(F)(F)C(F)(F)C(F)(F)C(F)(F)C(F)(F)C(F)(F)C(F)(F)C(F)(F)F,C13HF25O2,664.109,25,62.5,13,25,13,664.0990000000003,11.0,1.0,1.0,0.0,0.0,Long-chain,False,False,False,True,Long-chain Branched Highly-fluorinated,Indirect Thermal Desorption,Pilot,Soil,650.0,,,False,High,,0.196,
72629-94-8,Perfluorotridecanoic acid,OC(=O)C(F)(F)C(F)(F)C(F)(F)C(F)(F)C(F)(F)C(F)(F)C(F)(F)C(F)(F)C(F)(F)C(F)(F)C(F)(F)C(F)(F)F,C13HF25O2,664.109,25,62.5,13,25,13,664.0990000000003,11.0,1.0,1.0,0.0,0.0,Long-chain,False,False,False,True,Long-chain Branched Highly-fluorinated,Indirect Thermal Desorption,Pilot,Soil,500.0,,,False,High,,0.192,
72629-94-8,Perfluorotridecanoic acid,OC(=O)C(F)(F)C(F)(F)C(F)(F)C(F)(F)C(F)(F)C(F)(F)C(F)(F)C(F)(F)C(F)(F)C(F)(F)C(F)(F)C(F)(F)F,C13HF25O2,664.109,25,62.5,13,25,13,664.0990000000003,11.0,1.0,1.0,0.0,0.0,Long-chain,False,False,False,True,Long-chain Branched Highly-fluorinated,Indirect Thermal Desorption,Pilot,Soil,650.0,,,False,High,,0.198,
72629-94-8,Perfluorotridecanoic acid,OC(=O)C(F)(F)C(F)(F)C(F)(F)C(F)(F)C(F)(F)C(F)(F)C(F)(F)C(F)(F)C(F)(F)C(F)(F)C(F)(F)C(F)(F)F,C13HF25O2,664.109,25,62.5,13,25,13,664.0990000000003,11.0,1.0,1.0,0.0,0.0,Long-chain,False,False,False,True,Long-chain Branched Highly-fluorinated,Indirect Thermal Desorption,Pilot,Soil,500.0,,,False,High,,19.5,
72629-94-8,Perfluorotridecanoic acid,OC(=O)C(F)(F)C(F)(F)C(F)(F)C(F)(F)C(F)(F)C(F)(F)C(F)(F)C(F)(F)C(F)(F)C(F)(F)C(F)(F)C(F)(F)F,C13HF25O2,664.109,25,62.5,13,25,13,664.0990000000003,11.0,1.0,1.0,0.0,0.0,Long-chain,False,False,False,True,Long-chain Branched Highly-fluorinated,Infrared Heating,Pilot,Soil,350.0,11520.0,,False,Medium,Extended,120.0,
72629-94-8,Perfluorotridecanoic acid,OC(=O)C(F)(F)C(F)(F)C(F)(F)C(F)(F)C(F)(F)C(F)(F)C(F)(F)C(F)(F)C(F)(F)C(F)(F)C(F)(F)C(F)(F)F,C13HF25O2,664.109,25,62.5,13,25,13,664.0990000000003,11.0,1.0,1.0,0.0,0.0,Long-chain,False,False,False,True,Long-chain Branched Highly-fluorinated,Infrared Heating,Pilot,Soil,350.0,11520.0,,False,Medium,Extended,0.145,
72629-94-8,Perfluorotridecanoic acid,OC(=O)C(F)(F)C(F)(F)C(F)(F)C(F)(F)C(F)(F)C(F)(F)C(F)(F)C(F)(F)C(F)(F)C(F)(F)C(F)(F)C(F)(F)F,C13HF25O2,664.109,25,62.5,13,25,13,664.0990000000003,11.0,1.0,1.0,0.0,0.0,Long-chain,False,False,False,True,Long-chain Branched Highly-fluorinated,Infrared Heating,Pilot,Soil,350.0,11520.0,,False,Medium,Extended,0.6,
72629-94-8,Perfluorotridecanoic acid,OC(=O)C(F)(F)C(F)(F)C(F)(F)C(F)(F)C(F)(F)C(F)(F)C(F)(F)C(F)(F)C(F)(F)C(F)(F)C(F)(F)C(F)(F)F,C13HF25O2,664.109,25,62.5,13,25,13,664.0990000000003,11.0,1.0,1.0,0.0,0.0,Long-chain,False,False,False,True,Long-chain Branched Highly-fluorinated,Infrared Heating,Pilot,Soil,350.0,11520.0,,False,Medium,Extended,0.154,
72629-94-8,Perfluorotridecanoic acid,OC(=O)C(F)(F)C(F)(F)C(F)(F)C(F)(F)C(F)(F)C(F)(F)C(F)(F)C(F)(F)C(F)(F)C(F)(F)C(F)(F)C(F)(F)F,C13HF25O2,664.109,25,62.5,13,25,13,664.0990000000003,11.0,1.0,1.0,0.0,0.0,Long-chain,False,False,False,True,Long-chain Branched Highly-fluorinated,Unspecified Heat Treatment,Full,Sludge,650.0,45.0,12.50000000000001,False,High,Medium,0.8,0.7
72629-94-8,Perfluorotridecanoic acid,OC(=O)C(F)(F)C(F)(F)C(F)(F)C(F)(F)C(F)(F)C(F)(F)C(F)(F)C(F)(F)C(F)(F)C(F)(F)C(F)(F)C(F)(F)F,C13HF25O2,664.109,25,62.5,13,25,13,664.0990000000003,11.0,1.0,1.0,0.0,0.0,Long-chain,False,False,False,True,Long-chain Branched Highly-fluorinated,Pyrolysis,Not specified,Sludge,593.33,,,False,High,,0.0,
72629-94-8,Perfluorotridecanoic acid,OC(=O)C(F)(F)C(F)(F)C(F)(F)C(F)(F)C(F)(F)C(F)(F)C(F)(F)C(F)(F)C(F)(F)C(F)(F)C(F)(F)C(F)(F)F,C13HF25O2,664.109,25,62.5,13,25,13,664.0990000000003,11.0,1.0,1.0,0.0,0.0,Long-chain,False,False,False,True,Long-chain Branched Highly-fluorinated,Incineration,Pilot,Other,1020.0,0.045,,False,High,Short,,
414911-30-1,4:2 Fluorotelomer sulfonate,[O-]S(=O)(=O)CCC(F)(F)C(F)(F)C(F)(F)C(F)(F)F,C6H4F9O3S,327.14,9,47.368421052631575,6,9,6,327.14399999999995,5.0,3.0,0.0,0.0,0.0,Medium-chain,False,False,False,True,Medium-chain Branched Moderately-fluorinated,Hydrothermal Treatment,Lab,Other,350.0,2.5,100.0,True,Medium,Short,1.0,0.0
414911-30-1,4:2 Fluorotelomer sulfonate,[O-]S(=O)(=O)CCC(F)(F)C(F)(F)C(F)(F)C(F)(F)F,C6H4F9O3S,327.14,9,47.368421052631575,6,9,6,327.14399999999995,5.0,3.0,0.0,0.0,0.0,Medium-chain,False,False,False,True,Medium-chain Branched Moderately-fluorinated,Hydrothermal Treatment,Lab,Other,350.0,2.5,100.0,True,Medium,Short,1.0,0.0
414911-30-1,4:2 Fluorotelomer sulfonate,[O-]S(=O)(=O)CCC(F)(F)C(F)(F)C(F)(F)C(F)(F)F,C6H4F9O3S,327.14,9,47.368421052631575,6,9,6,327.14399999999995,5.0,3.0,0.0,0.0,0.0,Medium-chain,False,False,False,True,Medium-chain Branched Moderately-fluorinated,GAC Reactivation,Full,Treatment Media,1093.0,,94.0625,True,High,,32.0,1.9
414911-30-1,4:2 Fluorotelomer sulfonate,[O-]S(=O)(=O)CCC(F)(F)C(F)(F)C(F)(F)C(F)(F)F,C6H4F9O3S,327.14,9,47.368421052631575,6,9,6,327.14399999999995,5.0,3.0,0.0,0.0,0.0,Medium-chain,False,False,False,True,Medium-chain Branched Moderately-fluorinated,GAC Reactivation,Full,Treatment Media,1093.0,,93.66666666666669,True,High,,30.0,1.9
414911-30-1,4:2 Fluorotelomer sulfonate,[O-]S(=O)(=O)CCC(F)(F)C(F)(F)C(F)(F)C(F)(F)F,C6H4F9O3S,327.14,9,47.368421052631575,6,9,6,327.14399999999995,5.0,3.0,0.0,0.0,0.0,Medium-chain,False,False,False,True,Medium-chain Branched Moderately-fluorinated,GAC Reactivation,Full,Treatment Media,1093.0,,94.0625,True,High,,32.0,1.9
414911-30-1,4:2 Fluorotelomer sulfonate,[O-]S(=O)(=O)CCC(F)(F)C(F)(F)C(F)(F)C(F)(F)F,C6H4F9O3S,327.14,9,47.368421052631575,6,9,6,327.14399999999995,5.0,3.0,0.0,0.0,0.0,Medium-chain,False,False,False,True,Medium-chain Branched Moderately-fluorinated,Pyrolysis,Pilot,Sludge,,300.0,,False,,Long,,
414911-30-1,4:2 Fluorotelomer sulfonate,[O-]S(=O)(=O)CCC(F)(F)C(F)(F)C(F)(F)C(F)(F)F,C6H4F9O3S,327.14,9,47.368421052631575,6,9,6,327.14399999999995,5.0,3.0,0.0,0.0,0.0,Medium-chain,False,False,False,True,Medium-chain Branched Moderately-fluorinated,Indirect Thermal Desorption,Pilot,Soil,650.0,,,False,High,,4.84,
414911-30-1,4:2 Fluorotelomer sulfonate,[O-]S(=O)(=O)CCC(F)(F)C(F)(F)C(F)(F)C(F)(F)F,C6H4F9O3S,327.14,9,47.368421052631575,6,9,6,327.14399999999995,5.0,3.0,0.0,0.0,0.0,Medium-chain,False,False,False,True,Medium-chain Branched Moderately-fluorinated,Indirect Thermal Desorption,Pilot,Soil,650.0,,,False,High,,0.828,
414911-30-1,4:2 Fluorotelomer sulfonate,[O-]S(=O)(=O)CCC(F)(F)C(F)(F)C(F)(F)C(F)(F)F,C6H4F9O3S,327.14,9,47.368421052631575,6,9,6,327.14399999999995,5.0,3.0,0.0,0.0,0.0,Medium-chain,False,False,False,True,Medium-chain Branched Moderately-fluorinated,Indirect Thermal Desorption,Pilot,Soil,500.0,,,False,High,,1.59,
414911-30-1,4:2 Fluorotelomer sulfonate,[O-]S(=O)(=O)CCC(F)(F)C(F)(F)C(F)(F)C(F)(F)F,C6H4F9O3S,327.14,9,47.368421052631575,6,9,6,327.14399999999995,5.0,3.0,0.0,0.0,0.0,Medium-chain,False,False,False,True,Medium-chain Branched Moderately-fluorinated,Indirect Thermal Desorption,Pilot,Soil,500.0,,,False,High,,1.84,
414911-30-1,4:2 Fluorotelomer sulfonate,[O-]S(=O)(=O)CCC(F)(F)C(F)(F)C(F)(F)C(F)(F)F,C6H4F9O3S,327.14,9,47.368421052631575,6,9,6,327.14399999999995,5.0,3.0,0.0,0.0,0.0,Medium-chain,False,False,False,True,Medium-chain Branched Moderately-fluorinated,Indirect Thermal Desorption,Pilot,Soil,650.0,,,False,High,,0.801,
414911-30-1,4:2 Fluorotelomer sulfonate,[O-]S(=O)(=O)CCC(F)(F)C(F)(F)C(F)(F)C(F)(F)F,C6H4F9O3S,327.14,9,47.368421052631575,6,9,6,327.14399999999995,5.0,3.0,0.0,0.0,0.0,Medium-chain,False,False,False,True,Medium-chain Branched Moderately-fluorinated,Indirect Thermal Desorption,Pilot,Soil,500.0,,,False,High,,192.0,
414911-30-1,4:2 Fluorotelomer sulfonate,[O-]S(=O)(=O)CCC(F)(F)C(F)(F)C(F)(F)C(F)(F)F,C6H4F9O3S,327.14,9,47.368421052631575,6,9,6,327.14399999999995,5.0,3.0,0.0,0.0,0.0,Medium-chain,False,False,False,True,Medium-chain Branched Moderately-fluorinated,Indirect Thermal Desorption,Pilot,Soil,650.0,,,False,High,,0.529,
414911-30-1,4:2 Fluorotelomer sulfonate,[O-]S(=O)(=O)CCC(F)(F)C(F)(F)C(F)(F)C(F)(F)F,C6H4F9O3S,327.14,9,47.368421052631575,6,9,6,327.14399999999995,5.0,3.0,0.0,0.0,0.0,Medium-chain,False,False,False,True,Medium-chain Branched Moderately-fluorinated,Indirect Thermal Desorption,Pilot,Soil,500.0,,,False,High,,195.0,
414911-30-1,4:2 Fluorotelomer sulfonate,[O-]S(=O)(=O)CCC(F)(F)C(F)(F)C(F)(F)C(F)(F)F,C6H4F9O3S,327.14,9,47.368421052631575,6,9,6,327.14399999999995,5.0,3.0,0.0,0.0,0.0,Medium-chain,False,False,False,True,Medium-chain Branched Moderately-fluorinated,Infrared Heating,Pilot,Soil,350.0,11520.0,,False,Medium,Extended,60.0,
414911-30-1,4:2 Fluorotelomer sulfonate,[O-]S(=O)(=O)CCC(F)(F)C(F)(F)C(F)(F)C(F)(F)F,C6H4F9O3S,327.14,9,47.368421052631575,6,9,6,327.14399999999995,5.0,3.0,0.0,0.0,0.0,Medium-chain,False,False,False,True,Medium-chain Branched Moderately-fluorinated,Infrared Heating,Pilot,Soil,350.0,11520.0,,False,Medium,Extended,0.136,
414911-30-1,4:2 Fluorotelomer sulfonate,[O-]S(=O)(=O)CCC(F)(F)C(F)(F)C(F)(F)C(F)(F)F,C6H4F9O3S,327.14,9,47.368421052631575,6,9,6,327.14399999999995,5.0,3.0,0.0,0.0,0.0,Medium-chain,False,False,False,True,Medium-chain Branched Moderately-fluorinated,Infrared Heating,Pilot,Soil,350.0,11520.0,,False,Medium,Extended,1.2,
414911-30-1,4:2 Fluorotelomer sulfonate,[O-]S(=O)(=O)CCC(F)(F)C(F)(F)C(F)(F)C(F)(F)F,C6H4F9O3S,327.14,9,47.368421052631575,6,9,6,327.14399999999995,5.0,3.0,0.0,0.0,0.0,Medium-chain,False,False,False,True,Medium-chain Branched Moderately-fluorinated,Infrared Heating,Pilot,Soil,350.0,11520.0,,False,Medium,Extended,0.617,
414911-30-1,4:2 Fluorotelomer sulfonate,[O-]S(=O)(=O)CCC(F)(F)C(F)(F)C(F)(F)C(F)(F)F,C6H4F9O3S,327.14,9,47.368421052631575,6,9,6,327.14399999999995,5.0,3.0,0.0,0.0,0.0,Medium-chain,False,False,False,True,Medium-chain Branched Moderately-fluorinated,Pyrolysis,Not specified,Sludge,593.33,,,False,High,,0.0,
812-70-4,3-(Perfluoroheptyl)propanoic acid,OC(=O)CCC(F)(F)C(F)(F)C(F)(F)C(F)(F)C(F)(F)C(F)(F)C(F)(F)F,C10H5F15O2,442.124,15,55.55555555555556,10,15,10,442.118,8.0,1.0,1.0,0.0,0.0,Long-chain,False,False,False,True,Long-chain Branched Highly-fluorinated,Pyrolysis,Pilot,Sludge,649.0,19.1,92.56797583081573,True,High,Short,16.55,1.23
812-70-4,3-(Perfluoroheptyl)propanoic acid,OC(=O)CCC(F)(F)C(F)(F)C(F)(F)C(F)(F)C(F)(F)C(F)(F)C(F)(F)F,C10H5F15O2,442.124,15,55.55555555555556,10,15,10,442.118,8.0,1.0,1.0,0.0,0.0,Long-chain,False,False,False,True,Long-chain Branched Highly-fluorinated,Pyrolysis,Pilot,Sludge,649.0,19.1,100.0,True,High,Short,16.6,0.0
812-70-4,3-(Perfluoroheptyl)propanoic acid,OC(=O)CCC(F)(F)C(F)(F)C(F)(F)C(F)(F)C(F)(F)C(F)(F)C(F)(F)F,C10H5F15O2,442.124,15,55.55555555555556,10,15,10,442.118,8.0,1.0,1.0,0.0,0.0,Long-chain,False,False,False,True,Long-chain Branched Highly-fluorinated,Pyrolysis,Not specified,Sludge,593.33,,,False,High,,40.0,
812-70-4,3-(Perfluoroheptyl)propanoic acid,OC(=O)CCC(F)(F)C(F)(F)C(F)(F)C(F)(F)C(F)(F)C(F)(F)C(F)(F)F,C10H5F15O2,442.124,15,55.55555555555556,10,15,10,442.118,8.0,1.0,1.0,0.0,0.0,Long-chain,False,False,False,True,Long-chain Branched Highly-fluorinated,Hydrothermal Treatment,Lab,Other,350.0,60.0,,False,Medium,Medium,,
812-70-4,3-(Perfluoroheptyl)propanoic acid,OC(=O)CCC(F)(F)C(F)(F)C(F)(F)C(F)(F)C(F)(F)C(F)(F)C(F)(F)F,C10H5F15O2,442.124,15,55.55555555555556,10,15,10,442.118,8.0,1.0,1.0,0.0,0.0,Long-chain,False,False,False,True,Long-chain Branched Highly-fluorinated,Hydrothermal Treatment,Lab,Other,350.0,60.0,,False,Medium,Medium,,
812-70-4,3-(Perfluoroheptyl)propanoic acid,OC(=O)CCC(F)(F)C(F)(F)C(F)(F)C(F)(F)C(F)(F)C(F)(F)C(F)(F)F,C10H5F15O2,442.124,15,55.55555555555556,10,15,10,442.118,8.0,1.0,1.0,0.0,0.0,Long-chain,False,False,False,True,Long-chain Branched Highly-fluorinated,Hydrothermal Treatment,Lab,Other,300.0,60.0,,False,Medium,Medium,,
812-70-4,3-(Perfluoroheptyl)propanoic acid,OC(=O)CCC(F)(F)C(F)(F)C(F)(F)C(F)(F)C(F)(F)C(F)(F)C(F)(F)F,C10H5F15O2,442.124,15,55.55555555555556,10,15,10,442.118,8.0,1.0,1.0,0.0,0.0,Long-chain,False,False,False,True,Long-chain Branched Highly-fluorinated,Hydrothermal Treatment,Lab,Other,300.0,60.0,,False,Medium,Medium,,
812-70-4,3-(Perfluoroheptyl)propanoic acid,OC(=O)CCC(F)(F)C(F)(F)C(F)(F)C(F)(F)C(F)(F)C(F)(F)C(F)(F)F,C10H5F15O2,442.124,15,55.55555555555556,10,15,10,442.118,8.0,1.0,1.0,0.0,0.0,Long-chain,False,False,False,True,Long-chain Branched Highly-fluorinated,Hydrothermal Treatment,Lab,Other,260.0,60.0,,False,Medium,Medium,,
812-70-4,3-(Perfluoroheptyl)propanoic acid,OC(=O)CCC(F)(F)C(F)(F)C(F)(F)C(F)(F)C(F)(F)C(F)(F)C(F)(F)F,C10H5F15O2,442.124,15,55.55555555555556,10,15,10,442.118,8.0,1.0,1.0,0.0,0.0,Long-chain,False,False,False,True,Long-chain Branched Highly-fluorinated,Hydrothermal Treatment,Lab,Other,260.0,60.0,,False,Medium,Medium,,
812-70-4,3-(Perfluoroheptyl)propanoic acid,OC(=O)CCC(F)(F)C(F)(F)C(F)(F)C(F)(F)C(F)(F)C(F)(F)C(F)(F)F,C10H5F15O2,442.124,15,55.55555555555556,10,15,10,442.118,8.0,1.0,1.0,0.0,0.0,Long-chain,False,False,False,True,Long-chain Branched Highly-fluorinated,Hydrothermal Treatment,Lab,Sludge,300.0,60.0,,False,Medium,Medium,1000.0,
812-70-4,3-(Perfluoroheptyl)propanoic acid,OC(=O)CCC(F)(F)C(F)(F)C(F)(F)C(F)(F)C(F)(F)C(F)(F)C(F)(F)F,C10H5F15O2,442.124,15,55.55555555555556,10,15,10,442.118,8.0,1.0,1.0,0.0,0.0,Long-chain,False,False,False,True,Long-chain Branched Highly-fluorinated,Hydrothermal Treatment,Lab,Sludge,260.0,60.0,,False,Medium,Medium,1000.0,
812-70-4,3-(Perfluoroheptyl)propanoic acid,OC(=O)CCC(F)(F)C(F)(F)C(F)(F)C(F)(F)C(F)(F)C(F)(F)C(F)(F)F,C10H5F15O2,442.124,15,55.55555555555556,10,15,10,442.118,8.0,1.0,1.0,0.0,0.0,Long-chain,False,False,False,True,Long-chain Branched Highly-fluorinated,Hydrothermal Treatment,Lab,Sludge,350.0,90.0,,False,Medium,Medium,1000.0,
812-70-4,3-(Perfluoroheptyl)propanoic acid,OC(=O)CCC(F)(F)C(F)(F)C(F)(F)C(F)(F)C(F)(F)C(F)(F)C(F)(F)F,C10H5F15O2,442.124,15,55.55555555555556,10,15,10,442.118,8.0,1.0,1.0,0.0,0.0,Long-chain,False,False,False,True,Long-chain Branched Highly-fluorinated,Hydrothermal Treatment,Lab,Sludge,350.0,60.0,,False,Medium,Medium,1000.0,
812-70-4,3-(Perfluoroheptyl)propanoic acid,OC(=O)CCC(F)(F)C(F)(F)C(F)(F)C(F)(F)C(F)(F)C(F)(F)C(F)(F)F,C10H5F15O2,442.124,15,55.55555555555556,10,15,10,442.118,8.0,1.0,1.0,0.0,0.0,Long-chain,False,False,False,True,Long-chain Branched Highly-fluorinated,Hydrothermal Treatment,Lab,Sludge,350.0,30.0,,False,Medium,Short,1000.0,
307-55-1,Perfluorododecanoic acid,OC(=O)C(F)(F)C(F)(F)C(F)(F)C(F)(F)C(F)(F)C(F)(F)C(F)(F)C(F)(F)C(F)(F)C(F)(F)C(F)(F)F,C12HF23O2,614.101,23,62.16216216216216,12,23,12,614.0920000000002,10.0,1.0,1.0,0.0,0.0,Long-chain,False,False,False,True,Long-chain Branched Highly-fluorinated,Thermolysis,Lab,Various,300.0,20.0,94.5054945054945,True,Medium,Short,1820.0,100.0
307-55-1,Perfluorododecanoic acid,OC(=O)C(F)(F)C(F)(F)C(F)(F)C(F)(F)C(F)(F)C(F)(F)C(F)(F)C(F)(F)C(F)(F)C(F)(F)C(F)(F)F,C12HF23O2,614.101,23,62.16216216216216,12,23,12,614.0920000000002,10.0,1.0,1.0,0.0,0.0,Long-chain,False,False,False,True,Long-chain Branched Highly-fluorinated,Thermolysis,Lab,Various,300.0,10.0,94.5054945054945,True,Medium,Short,1820.0,100.0
307-55-1,Perfluorododecanoic acid,OC(=O)C(F)(F)C(F)(F)C(F)(F)C(F)(F)C(F)(F)C(F)(F)C(F)(F)C(F)(F)C(F)(F)C(F)(F)C(F)(F)F,C12HF23O2,614.101,23,62.16216216216216,12,23,12,614.0920000000002,10.0,1.0,1.0,0.0,0.0,Long-chain,False,False,False,True,Long-chain Branched Highly-fluorinated,Pyrolysis,Lab,Sludge,800.0,20.0,52.27272727272727,False,High,Short,0.044,0.021
307-55-1,Perfluorododecanoic acid,OC(=O)C(F)(F)C(F)(F)C(F)(F)C(F)(F)C(F)(F)C(F)(F)C(F)(F)C(F)(F)C(F)(F)C(F)(F)C(F)(F)F,C12HF23O2,614.101,23,62.16216216216216,12,23,12,614.0920000000002,10.0,1.0,1.0,0.0,0.0,Long-chain,False,False,False,True,Long-chain Branched Highly-fluorinated,Pyrolysis,Lab,Sludge,800.0,20.0,73.68421052631578,False,High,Short,0.076,0.02
307-55-1,Perfluorododecanoic acid,OC(=O)C(F)(F)C(F)(F)C(F)(F)C(F)(F)C(F)(F)C(F)(F)C(F)(F)C(F)(F)C(F)(F)C(F)(F)C(F)(F)F,C12HF23O2,614.101,23,62.16216216216216,12,23,12,614.0920000000002,10.0,1.0,1.0,0.0,0.0,Long-chain,False,False,False,True,Long-chain Branched Highly-fluorinated,Pyrolysis,Lab,Sludge,800.0,20.0,80.18867924528301,True,High,Short,0.106,0.021
307-55-1,Perfluorododecanoic acid,OC(=O)C(F)(F)C(F)(F)C(F)(F)C(F)(F)C(F)(F)C(F)(F)C(F)(F)C(F)(F)C(F)(F)C(F)(F)C(F)(F)F,C12HF23O2,614.101,23,62.16216216216216,12,23,12,614.0920000000002,10.0,1.0,1.0,0.0,0.0,Long-chain,False,False,False,True,Long-chain Branched Highly-fluorinated,Pyrolysis,Lab,Sludge,800.0,20.0,82.4074074074074,True,High,Short,0.108,0.019
307-55-1,Perfluorododecanoic acid,OC(=O)C(F)(F)C(F)(F)C(F)(F)C(F)(F)C(F)(F)C(F)(F)C(F)(F)C(F)(F)C(F)(F)C(F)(F)C(F)(F)F,C12HF23O2,614.101,23,62.16216216216216,12,23,12,614.0920000000002,10.0,1.0,1.0,0.0,0.0,Long-chain,False,False,False,True,Long-chain Branched Highly-fluorinated,Pyrolysis,Lab,Sludge,800.0,20.0,79.16666666666666,False,High,Short,0.096,0.02
307-55-1,Perfluorododecanoic acid,OC(=O)C(F)(F)C(F)(F)C(F)(F)C(F)(F)C(F)(F)C(F)(F)C(F)(F)C(F)(F)C(F)(F)C(F)(F)C(F)(F)F,C12HF23O2,614.101,23,62.16216216216216,12,23,12,614.0920000000002,10.0,1.0,1.0,0.0,0.0,Long-chain,False,False,False,True,Long-chain Branched Highly-fluorinated,Pyrolysis,Lab,Sludge,800.0,20.0,80.61224489795919,True,High,Short,0.098,0.019
307-55-1,Perfluorododecanoic acid,OC(=O)C(F)(F)C(F)(F)C(F)(F)C(F)(F)C(F)(F)C(F)(F)C(F)(F)C(F)(F)C(F)(F)C(F)(F)C(F)(F)F,C12HF23O2,614.101,23,62.16216216216216,12,23,12,614.0920000000002,10.0,1.0,1.0,0.0,0.0,Long-chain,False,False,False,True,Long-chain Branched Highly-fluorinated,Pyrolysis,Lab,Sludge,650.0,20.0,56.81818181818181,False,High,Short,0.044,0.019
307-55-1,Perfluorododecanoic acid,OC(=O)C(F)(F)C(F)(F)C(F)(F)C(F)(F)C(F)(F)C(F)(F)C(F)(F)C(F)(F)C(F)(F)C(F)(F)C(F)(F)F,C12HF23O2,614.101,23,62.16216216216216,12,23,12,614.0920000000002,10.0,1.0,1.0,0.0,0.0,Long-chain,False,False,False,True,Long-chain Branched Highly-fluorinated,Pyrolysis,Lab,Sludge,650.0,20.0,75.0,False,High,Short,0.076,0.019
307-55-1,Perfluorododecanoic acid,OC(=O)C(F)(F)C(F)(F)C(F)(F)C(F)(F)C(F)(F)C(F)(F)C(F)(F)C(F)(F)C(F)(F)C(F)(F)C(F)(F)F,C12HF23O2,614.101,23,62.16216216216216,12,23,12,614.0920000000002,10.0,1.0,1.0,0.0,0.0,Long-chain,False,False,False,True,Long-chain Branched Highly-fluorinated,Pyrolysis,Lab,Sludge,650.0,20.0,80.55555555555554,True,High,Short,0.108,0.021
307-55-1,Perfluorododecanoic acid,OC(=O)C(F)(F)C(F)(F)C(F)(F)C(F)(F)C(F)(F)C(F)(F)C(F)(F)C(F)(F)C(F)(F)C(F)(F)C(F)(F)F,C12HF23O2,614.101,23,62.16216216216216,12,23,12,614.0920000000002,10.0,1.0,1.0,0.0,0.0,Long-chain,False,False,False,True,Long-chain Branched Highly-fluorinated,Pyrolysis,Lab,Sludge,650.0,20.0,81.1320754716981,True,High,Short,0.106,0.02
307-55-1,Perfluorododecanoic acid,OC(=O)C(F)(F)C(F)(F)C(F)(F)C(F)(F)C(F)(F)C(F)(F)C(F)(F)C(F)(F)C(F)(F)C(F)(F)C(F)(F)F,C12HF23O2,614.101,23,62.16216216216216,12,23,12,614.0920000000002,10.0,1.0,1.0,0.0,0.0,Long-chain,False,False,False,True,Long-chain Branched Highly-fluorinated,Pyrolysis,Lab,Sludge,650.0,20.0,80.20833333333333,True,High,Short,0.096,0.019
307-55-1,Perfluorododecanoic acid,OC(=O)C(F)(F)C(F)(F)C(F)(F)C(F)(F)C(F)(F)C(F)(F)C(F)(F)C(F)(F)C(F)(F)C(F)(F)C(F)(F)F,C12HF23O2,614.101,23,62.16216216216216,12,23,12,614.0920000000002,10.0,1.0,1.0,0.0,0.0,Long-chain,False,False,False,True,Long-chain Branched Highly-fluorinated,Pyrolysis,Lab,Sludge,650.0,20.0,79.59183673469387,False,High,Short,0.098,0.02
307-55-1,Perfluorododecanoic acid,OC(=O)C(F)(F)C(F)(F)C(F)(F)C(F)(F)C(F)(F)C(F)(F)C(F)(F)C(F)(F)C(F)(F)C(F)(F)C(F)(F)F,C12HF23O2,614.101,23,62.16216216216216,12,23,12,614.0920000000002,10.0,1.0,1.0,0.0,0.0,Long-chain,False,False,False,True,Long-chain Branched Highly-fluorinated,Pyrolysis,Lab,Sludge,500.0,20.0,54.54545454545454,False,High,Short,0.044,0.02
307-55-1,Perfluorododecanoic acid,OC(=O)C(F)(F)C(F)(F)C(F)(F)C(F)(F)C(F)(F)C(F)(F)C(F)(F)C(F)(F)C(F)(F)C(F)(F)C(F)(F)F,C12HF23O2,614.101,23,62.16216216216216,12,23,12,614.0920000000002,10.0,1.0,1.0,0.0,0.0,Long-chain,False,False,False,True,Long-chain Branched Highly-fluorinated,Pyrolysis,Lab,Sludge,500.0,20.0,82.4074074074074,True,High,Short,0.108,0.019
307-55-1,Perfluorododecanoic acid,OC(=O)C(F)(F)C(F)(F)C(F)(F)C(F)(F)C(F)(F)C(F)(F)C(F)(F)C(F)(F)C(F)(F)C(F)(F)C(F)(F)F,C12HF23O2,614.101,23,62.16216216216216,12,23,12,614.0920000000002,10.0,1.0,1.0,0.0,0.0,Long-chain,False,False,False,True,Long-chain Branched Highly-fluorinated,Pyrolysis,Lab,Sludge,500.0,20.0,73.68421052631578,False,High,Short,0.076,0.02
307-55-1,Perfluorododecanoic acid,OC(=O)C(F)(F)C(F)(F)C(F)(F)C(F)(F)C(F)(F)C(F)(F)C(F)(F)C(F)(F)C(F)(F)C(F)(F)C(F)(F)F,C12HF23O2,614.101,23,62.16216216216216,12,23,12,614.0920000000002,10.0,1.0,1.0,0.0,0.0,Long-chain,False,False,False,True,Long-chain Branched Highly-fluorinated,Pyrolysis,Lab,Sludge,500.0,20.0,81.1320754716981,True,High,Short,0.106,0.02
307-55-1,Perfluorododecanoic acid,OC(=O)C(F)(F)C(F)(F)C(F)(F)C(F)(F)C(F)(F)C(F)(F)C(F)(F)C(F)(F)C(F)(F)C(F)(F)C(F)(F)F,C12HF23O2,614.101,23,62.16216216216216,12,23,12,614.0920000000002,10.0,1.0,1.0,0.0,0.0,Long-chain,False,False,False,True,Long-chain Branched Highly-fluorinated,Pyrolysis,Lab,Sludge,500.0,20.0,79.16666666666666,False,High,Short,0.096,0.02
307-55-1,Perfluorododecanoic acid,OC(=O)C(F)(F)C(F)(F)C(F)(F)C(F)(F)C(F)(F)C(F)(F)C(F)(F)C(F)(F)C(F)(F)C(F)(F)C(F)(F)F,C12HF23O2,614.101,23,62.16216216216216,12,23,12,614.0920000000002,10.0,1.0,1.0,0.0,0.0,Long-chain,False,False,False,True,Long-chain Branched Highly-fluorinated,Pyrolysis,Lab,Sludge,500.0,20.0,80.61224489795919,True,High,Short,0.098,0.019
307-55-1,Perfluorododecanoic acid,OC(=O)C(F)(F)C(F)(F)C(F)(F)C(F)(F)C(F)(F)C(F)(F)C(F)(F)C(F)(F)C(F)(F)C(F)(F)C(F)(F)F,C12HF23O2,614.101,23,62.16216216216216,12,23,12,614.0920000000002,10.0,1.0,1.0,0.0,0.0,Long-chain,False,False,False,True,Long-chain Branched Highly-fluorinated,GAC Reactivation,Full,Treatment Media,1093.0,,93.95833333333331,True,High,,9.6,0.58
307-55-1,Perfluorododecanoic acid,OC(=O)C(F)(F)C(F)(F)C(F)(F)C(F)(F)C(F)(F)C(F)(F)C(F)(F)C(F)(F)C(F)(F)C(F)(F)C(F)(F)F,C12HF23O2,614.101,23,62.16216216216216,12,23,12,614.0920000000002,10.0,1.0,1.0,0.0,0.0,Long-chain,False,False,False,True,Long-chain Branched Highly-fluorinated,GAC Reactivation,Full,Treatment Media,1093.0,,93.62637362637362,True,High,,9.1,0.58
307-55-1,Perfluorododecanoic acid,OC(=O)C(F)(F)C(F)(F)C(F)(F)C(F)(F)C(F)(F)C(F)(F)C(F)(F)C(F)(F)C(F)(F)C(F)(F)C(F)(F)F,C12HF23O2,614.101,23,62.16216216216216,12,23,12,614.0920000000002,10.0,1.0,1.0,0.0,0.0,Long-chain,False,False,False,True,Long-chain Branched Highly-fluorinated,GAC Reactivation,Full,Treatment Media,1093.0,,94.02061855670102,True,High,,9.7,0.58
307-55-1,Perfluorododecanoic acid,OC(=O)C(F)(F)C(F)(F)C(F)(F)C(F)(F)C(F)(F)C(F)(F)C(F)(F)C(F)(F)C(F)(F)C(F)(F)C(F)(F)F,C12HF23O2,614.101,23,62.16216216216216,12,23,12,614.0920000000002,10.0,1.0,1.0,0.0,0.0,Long-chain,False,False,False,True,Long-chain Branched Highly-fluorinated,Thermal Oxidation of Off-gas,Lab,Treatment Media,590.0,0.1666666666666666,,False,High,Short,0.1,
307-55-1,Perfluorododecanoic acid,OC(=O)C(F)(F)C(F)(F)C(F)(F)C(F)(F)C(F)(F)C(F)(F)C(F)(F)C(F)(F)C(F)(F)C(F)(F)C(F)(F)F,C12HF23O2,614.101,23,62.16216216216216,12,23,12,614.0920000000002,10.0,1.0,1.0,0.0,0.0,Long-chain,False,False,False,True,Long-chain Branched Highly-fluorinated,Pyrolysis,Pilot,Sludge,649.0,19.1,93.81761978361668,True,High,Short,6.47,0.4
307-55-1,Perfluorododecanoic acid,OC(=O)C(F)(F)C(F)(F)C(F)(F)C(F)(F)C(F)(F)C(F)(F)C(F)(F)C(F)(F)C(F)(F)C(F)(F)C(F)(F)F,C12HF23O2,614.101,23,62.16216216216216,12,23,12,614.0920000000002,10.0,1.0,1.0,0.0,0.0,Long-chain,False,False,False,True,Long-chain Branched Highly-fluorinated,Pyrolysis,Pilot,Sludge,649.0,19.1,99.18588873812756,True,High,Short,7.37,0.06
307-55-1,Perfluorododecanoic acid,OC(=O)C(F)(F)C(F)(F)C(F)(F)C(F)(F)C(F)(F)C(F)(F)C(F)(F)C(F)(F)C(F)(F)C(F)(F)C(F)(F)F,C12HF23O2,614.101,23,62.16216216216216,12,23,12,614.0920000000002,10.0,1.0,1.0,0.0,0.0,Long-chain,False,False,False,True,Long-chain Branched Highly-fluorinated,Pyrolysis,Pilot,Sludge,649.0,19.1,100.0,True,High,Short,6.9,0.0
307-55-1,Perfluorododecanoic acid,OC(=O)C(F)(F)C(F)(F)C(F)(F)C(F)(F)C(F)(F)C(F)(F)C(F)(F)C(F)(F)C(F)(F)C(F)(F)C(F)(F)F,C12HF23O2,614.101,23,62.16216216216216,12,23,12,614.0920000000002,10.0,1.0,1.0,0.0,0.0,Long-chain,False,False,False,True,Long-chain Branched Highly-fluorinated,GAC Reactivation,Full,Treatment Media,,,,False,,,,0.049
307-55-1,Perfluorododecanoic acid,OC(=O)C(F)(F)C(F)(F)C(F)(F)C(F)(F)C(F)(F)C(F)(F)C(F)(F)C(F)(F)C(F)(F)C(F)(F)C(F)(F)F,C12HF23O2,614.101,23,62.16216216216216,12,23,12,614.0920000000002,10.0,1.0,1.0,0.0,0.0,Long-chain,False,False,False,True,Long-chain Branched Highly-fluorinated,Rotary Kiln,Full,Soil,,,,False,,,,
307-55-1,Perfluorododecanoic acid,OC(=O)C(F)(F)C(F)(F)C(F)(F)C(F)(F)C(F)(F)C(F)(F)C(F)(F)C(F)(F)C(F)(F)C(F)(F)C(F)(F)F,C12HF23O2,614.101,23,62.16216216216216,12,23,12,614.0920000000002,10.0,1.0,1.0,0.0,0.0,Long-chain,False,False,False,True,Long-chain Branched Highly-fluorinated,Rotary Kiln,Full,Soil,,,,False,,,,
307-55-1,Perfluorododecanoic acid,OC(=O)C(F)(F)C(F)(F)C(F)(F)C(F)(F)C(F)(F)C(F)(F)C(F)(F)C(F)(F)C(F)(F)C(F)(F)C(F)(F)F,C12HF23O2,614.101,23,62.16216216216216,12,23,12,614.0920000000002,10.0,1.0,1.0,0.0,0.0,Long-chain,False,False,False,True,Long-chain Branched Highly-fluorinated,Indirect Thermal Desorption,Pilot,Soil,650.0,,,False,High,,4.84,
307-55-1,Perfluorododecanoic acid,OC(=O)C(F)(F)C(F)(F)C(F)(F)C(F)(F)C(F)(F)C(F)(F)C(F)(F)C(F)(F)C(F)(F)C(F)(F)C(F)(F)F,C12HF23O2,614.101,23,62.16216216216216,12,23,12,614.0920000000002,10.0,1.0,1.0,0.0,0.0,Long-chain,False,False,False,True,Long-chain Branched Highly-fluorinated,Indirect Thermal Desorption,Pilot,Soil,650.0,,,False,High,,0.212,
307-55-1,Perfluorododecanoic acid,OC(=O)C(F)(F)C(F)(F)C(F)(F)C(F)(F)C(F)(F)C(F)(F)C(F)(F)C(F)(F)C(F)(F)C(F)(F)C(F)(F)F,C12HF23O2,614.101,23,62.16216216216216,12,23,12,614.0920000000002,10.0,1.0,1.0,0.0,0.0,Long-chain,False,False,False,True,Long-chain Branched Highly-fluorinated,Indirect Thermal Desorption,Pilot,Soil,500.0,,,False,High,,0.178,
307-55-1,Perfluorododecanoic acid,OC(=O)C(F)(F)C(F)(F)C(F)(F)C(F)(F)C(F)(F)C(F)(F)C(F)(F)C(F)(F)C(F)(F)C(F)(F)C(F)(F)F,C12HF23O2,614.101,23,62.16216216216216,12,23,12,614.0920000000002,10.0,1.0,1.0,0.0,0.0,Long-chain,False,False,False,True,Long-chain Branched Highly-fluorinated,Indirect Thermal Desorption,Pilot,Soil,500.0,,,False,High,,0.163,
307-55-1,Perfluorododecanoic acid,OC(=O)C(F)(F)C(F)(F)C(F)(F)C(F)(F)C(F)(F)C(F)(F)C(F)(F)C(F)(F)C(F)(F)C(F)(F)C(F)(F)F,C12HF23O2,614.101,23,62.16216216216216,12,23,12,614.0920000000002,10.0,1.0,1.0,0.0,0.0,Long-chain,False,False,False,True,Long-chain Branched Highly-fluorinated,Indirect Thermal Desorption,Pilot,Soil,650.0,,,False,High,,19.6,
307-55-1,Perfluorododecanoic acid,OC(=O)C(F)(F)C(F)(F)C(F)(F)C(F)(F)C(F)(F)C(F)(F)C(F)(F)C(F)(F)C(F)(F)C(F)(F)C(F)(F)F,C12HF23O2,614.101,23,62.16216216216216,12,23,12,614.0920000000002,10.0,1.0,1.0,0.0,0.0,Long-chain,False,False,False,True,Long-chain Branched Highly-fluorinated,Indirect Thermal Desorption,Pilot,Soil,500.0,,,False,High,,0.192,
307-55-1,Perfluorododecanoic acid,OC(=O)C(F)(F)C(F)(F)C(F)(F)C(F)(F)C(F)(F)C(F)(F)C(F)(F)C(F)(F)C(F)(F)C(F)(F)C(F)(F)F,C12HF23O2,614.101,23,62.16216216216216,12,23,12,614.0920000000002,10.0,1.0,1.0,0.0,0.0,Long-chain,False,False,False,True,Long-chain Branched Highly-fluorinated,Indirect Thermal Desorption,Pilot,Soil,650.0,,,False,High,,0.221,
307-55-1,Perfluorododecanoic acid,OC(=O)C(F)(F)C(F)(F)C(F)(F)C(F)(F)C(F)(F)C(F)(F)C(F)(F)C(F)(F)C(F)(F)C(F)(F)C(F)(F)F,C12HF23O2,614.101,23,62.16216216216216,12,23,12,614.0920000000002,10.0,1.0,1.0,0.0,0.0,Long-chain,False,False,False,True,Long-chain Branched Highly-fluorinated,Indirect Thermal Desorption,Pilot,Soil,500.0,,,False,High,,19.5,
307-55-1,Perfluorododecanoic acid,OC(=O)C(F)(F)C(F)(F)C(F)(F)C(F)(F)C(F)(F)C(F)(F)C(F)(F)C(F)(F)C(F)(F)C(F)(F)C(F)(F)F,C12HF23O2,614.101,23,62.16216216216216,12,23,12,614.0920000000002,10.0,1.0,1.0,0.0,0.0,Long-chain,False,False,False,True,Long-chain Branched Highly-fluorinated,Infrared Heating,Pilot,Soil,350.0,11520.0,,False,Medium,Extended,120.0,
307-55-1,Perfluorododecanoic acid,OC(=O)C(F)(F)C(F)(F)C(F)(F)C(F)(F)C(F)(F)C(F)(F)C(F)(F)C(F)(F)C(F)(F)C(F)(F)C(F)(F)F,C12HF23O2,614.101,23,62.16216216216216,12,23,12,614.0920000000002,10.0,1.0,1.0,0.0,0.0,Long-chain,False,False,False,True,Long-chain Branched Highly-fluorinated,Infrared Heating,Pilot,Soil,350.0,11520.0,,False,Medium,Extended,0.145,
307-55-1,Perfluorododecanoic acid,OC(=O)C(F)(F)C(F)(F)C(F)(F)C(F)(F)C(F)(F)C(F)(F)C(F)(F)C(F)(F)C(F)(F)C(F)(F)C(F)(F)F,C12HF23O2,614.101,23,62.16216216216216,12,23,12,614.0920000000002,10.0,1.0,1.0,0.0,0.0,Long-chain,False,False,False,True,Long-chain Branched Highly-fluorinated,Infrared Heating,Pilot,Soil,350.0,11520.0,,False,Medium,Extended,0.6,
307-55-1,Perfluorododecanoic acid,OC(=O)C(F)(F)C(F)(F)C(F)(F)C(F)(F)C(F)(F)C(F)(F)C(F)(F)C(F)(F)C(F)(F)C(F)(F)C(F)(F)F,C12HF23O2,614.101,23,62.16216216216216,12,23,12,614.0920000000002,10.0,1.0,1.0,0.0,0.0,Long-chain,False,False,False,True,Long-chain Branched Highly-fluorinated,Incineration,Pilot,Other,986.0,180.0,,False,High,Medium,,0.3
307-55-1,Perfluorododecanoic acid,OC(=O)C(F)(F)C(F)(F)C(F)(F)C(F)(F)C(F)(F)C(F)(F)C(F)(F)C(F)(F)C(F)(F)C(F)(F)C(F)(F)F,C12HF23O2,614.101,23,62.16216216216216,12,23,12,614.0920000000002,10.0,1.0,1.0,0.0,0.0,Long-chain,False,False,False,True,Long-chain Branched Highly-fluorinated,Incineration,Pilot,Other,986.0,180.0,,False,High,Medium,,0.0
307-55-1,Perfluorododecanoic acid,OC(=O)C(F)(F)C(F)(F)C(F)(F)C(F)(F)C(F)(F)C(F)(F)C(F)(F)C(F)(F)C(F)(F)C(F)(F)C(F)(F)F,C12HF23O2,614.101,23,62.16216216216216,12,23,12,614.0920000000002,10.0,1.0,1.0,0.0,0.0,Long-chain,False,False,False,True,Long-chain Branched Highly-fluorinated,Incineration,Pilot,Other,986.0,180.0,,False,High,Medium,,0.0
307-55-1,Perfluorododecanoic acid,OC(=O)C(F)(F)C(F)(F)C(F)(F)C(F)(F)C(F)(F)C(F)(F)C(F)(F)C(F)(F)C(F)(F)C(F)(F)C(F)(F)F,C12HF23O2,614.101,23,62.16216216216216,12,23,12,614.0920000000002,10.0,1.0,1.0,0.0,0.0,Long-chain,False,False,False,True,Long-chain Branched Highly-fluorinated,Incineration,Pilot,Other,986.0,180.0,,False,High,Medium,,0.0
307-55-1,Perfluorododecanoic acid,OC(=O)C(F)(F)C(F)(F)C(F)(F)C(F)(F)C(F)(F)C(F)(F)C(F)(F)C(F)(F)C(F)(F)C(F)(F)C(F)(F)F,C12HF23O2,614.101,23,62.16216216216216,12,23,12,614.0920000000002,10.0,1.0,1.0,0.0,0.0,Long-chain,False,False,False,True,Long-chain Branched Highly-fluorinated,Incineration,Pilot,Other,998.0,140.0,,False,High,Medium,,0.0
307-55-1,Perfluorododecanoic acid,OC(=O)C(F)(F)C(F)(F)C(F)(F)C(F)(F)C(F)(F)C(F)(F)C(F)(F)C(F)(F)C(F)(F)C(F)(F)C(F)(F)F,C12HF23O2,614.101,23,62.16216216216216,12,23,12,614.0920000000002,10.0,1.0,1.0,0.0,0.0,Long-chain,False,False,False,True,Long-chain Branched Highly-fluorinated,Incineration,Pilot,Other,998.0,140.0,,False,High,Medium,,0.0
307-55-1,Perfluorododecanoic acid,OC(=O)C(F)(F)C(F)(F)C(F)(F)C(F)(F)C(F)(F)C(F)(F)C(F)(F)C(F)(F)C(F)(F)C(F)(F)C(F)(F)F,C12HF23O2,614.101,23,62.16216216216216,12,23,12,614.0920000000002,10.0,1.0,1.0,0.0,0.0,Long-chain,False,False,False,True,Long-chain Branched Highly-fluorinated,Incineration,Pilot,Other,998.0,140.0,,False,High,Medium,,0.0
307-55-1,Perfluorododecanoic acid,OC(=O)C(F)(F)C(F)(F)C(F)(F)C(F)(F)C(F)(F)C(F)(F)C(F)(F)C(F)(F)C(F)(F)C(F)(F)C(F)(F)F,C12HF23O2,614.101,23,62.16216216216216,12,23,12,614.0920000000002,10.0,1.0,1.0,0.0,0.0,Long-chain,False,False,False,True,Long-chain Branched Highly-fluorinated,Incineration,Pilot,Other,998.0,140.0,,False,High,Medium,,0.0
307-55-1,Perfluorododecanoic acid,OC(=O)C(F)(F)C(F)(F)C(F)(F)C(F)(F)C(F)(F)C(F)(F)C(F)(F)C(F)(F)C(F)(F)C(F)(F)C(F)(F)F,C12HF23O2,614.101,23,62.16216216216216,12,23,12,614.0920000000002,10.0,1.0,1.0,0.0,0.0,Long-chain,False,False,False,True,Long-chain Branched Highly-fluorinated,Incineration,Pilot,Other,976.0,210.0,,False,High,Long,,0.0
307-55-1,Perfluorododecanoic acid,OC(=O)C(F)(F)C(F)(F)C(F)(F)C(F)(F)C(F)(F)C(F)(F)C(F)(F)C(F)(F)C(F)(F)C(F)(F)C(F)(F)F,C12HF23O2,614.101,23,62.16216216216216,12,23,12,614.0920000000002,10.0,1.0,1.0,0.0,0.0,Long-chain,False,False,False,True,Long-chain Branched Highly-fluorinated,Incineration,Pilot,Other,976.0,210.0,,False,High,Long,,0.0
307-55-1,Perfluorododecanoic acid,OC(=O)C(F)(F)C(F)(F)C(F)(F)C(F)(F)C(F)(F)C(F)(F)C(F)(F)C(F)(F)C(F)(F)C(F)(F)C(F)(F)F,C12HF23O2,614.101,23,62.16216216216216,12,23,12,614.0920000000002,10.0,1.0,1.0,0.0,0.0,Long-chain,False,False,False,True,Long-chain Branched Highly-fluorinated,Infrared Heating,Pilot,Soil,350.0,11520.0,,False,Medium,Extended,0.154,
307-55-1,Perfluorododecanoic acid,OC(=O)C(F)(F)C(F)(F)C(F)(F)C(F)(F)C(F)(F)C(F)(F)C(F)(F)C(F)(F)C(F)(F)C(F)(F)C(F)(F)F,C12HF23O2,614.101,23,62.16216216216216,12,23,12,614.0920000000002,10.0,1.0,1.0,0.0,0.0,Long-chain,False,False,False,True,Long-chain Branched Highly-fluorinated,Incineration,Pilot,Other,976.0,210.0,,False,High,Long,,0.0
307-55-1,Perfluorododecanoic acid,OC(=O)C(F)(F)C(F)(F)C(F)(F)C(F)(F)C(F)(F)C(F)(F)C(F)(F)C(F)(F)C(F)(F)C(F)(F)C(F)(F)F,C12HF23O2,614.101,23,62.16216216216216,12,23,12,614.0920000000002,10.0,1.0,1.0,0.0,0.0,Long-chain,False,False,False,True,Long-chain Branched Highly-fluorinated,Incineration,Pilot,Other,976.0,210.0,,False,High,Long,,
307-55-1,Perfluorododecanoic acid,OC(=O)C(F)(F)C(F)(F)C(F)(F)C(F)(F)C(F)(F)C(F)(F)C(F)(F)C(F)(F)C(F)(F)C(F)(F)C(F)(F)F,C12HF23O2,614.101,23,62.16216216216216,12,23,12,614.0920000000002,10.0,1.0,1.0,0.0,0.0,Long-chain,False,False,False,True,Long-chain Branched Highly-fluorinated,Incineration,Pilot,Other,980.0,180.0,,False,High,Medium,,0.0
307-55-1,Perfluorododecanoic acid,OC(=O)C(F)(F)C(F)(F)C(F)(F)C(F)(F)C(F)(F)C(F)(F)C(F)(F)C(F)(F)C(F)(F)C(F)(F)C(F)(F)F,C12HF23O2,614.101,23,62.16216216216216,12,23,12,614.0920000000002,10.0,1.0,1.0,0.0,0.0,Long-chain,False,False,False,True,Long-chain Branched Highly-fluorinated,Incineration,Pilot,Other,980.0,180.0,,False,High,Medium,,0.0
307-55-1,Perfluorododecanoic acid,OC(=O)C(F)(F)C(F)(F)C(F)(F)C(F)(F)C(F)(F)C(F)(F)C(F)(F)C(F)(F)C(F)(F)C(F)(F)C(F)(F)F,C12HF23O2,614.101,23,62.16216216216216,12,23,12,614.0920000000002,10.0,1.0,1.0,0.0,0.0,Long-chain,False,False,False,True,Long-chain Branched Highly-fluorinated,Incineration,Pilot,Other,980.0,180.0,,False,High,Medium,,0.0
307-55-1,Perfluorododecanoic acid,OC(=O)C(F)(F)C(F)(F)C(F)(F)C(F)(F)C(F)(F)C(F)(F)C(F)(F)C(F)(F)C(F)(F)C(F)(F)C(F)(F)F,C12HF23O2,614.101,23,62.16216216216216,12,23,12,614.0920000000002,10.0,1.0,1.0,0.0,0.0,Long-chain,False,False,False,True,Long-chain Branched Highly-fluorinated,Incineration,Pilot,Other,980.0,180.0,,False,High,Medium,,0.0
307-55-1,Perfluorododecanoic acid,OC(=O)C(F)(F)C(F)(F)C(F)(F)C(F)(F)C(F)(F)C(F)(F)C(F)(F)C(F)(F)C(F)(F)C(F)(F)C(F)(F)F,C12HF23O2,614.101,23,62.16216216216216,12,23,12,614.0920000000002,10.0,1.0,1.0,0.0,0.0,Long-chain,False,False,False,True,Long-chain Branched Highly-fluorinated,Incineration,Pilot,Other,952.0,145.0,,False,High,Medium,,0.0
307-55-1,Perfluorododecanoic acid,OC(=O)C(F)(F)C(F)(F)C(F)(F)C(F)(F)C(F)(F)C(F)(F)C(F)(F)C(F)(F)C(F)(F)C(F)(F)C(F)(F)F,C12HF23O2,614.101,23,62.16216216216216,12,23,12,614.0920000000002,10.0,1.0,1.0,0.0,0.0,Long-chain,False,False,False,True,Long-chain Branched Highly-fluorinated,Incineration,Pilot,Other,952.0,145.0,,False,High,Medium,,0.0
307-55-1,Perfluorododecanoic acid,OC(=O)C(F)(F)C(F)(F)C(F)(F)C(F)(F)C(F)(F)C(F)(F)C(F)(F)C(F)(F)C(F)(F)C(F)(F)C(F)(F)F,C12HF23O2,614.101,23,62.16216216216216,12,23,12,614.0920000000002,10.0,1.0,1.0,0.0,0.0,Long-chain,False,False,False,True,Long-chain Branched Highly-fluorinated,Incineration,Pilot,Other,952.0,145.0,,False,High,Medium,,0.0
307-55-1,Perfluorododecanoic acid,OC(=O)C(F)(F)C(F)(F)C(F)(F)C(F)(F)C(F)(F)C(F)(F)C(F)(F)C(F)(F)C(F)(F)C(F)(F)C(F)(F)F,C12HF23O2,614.101,23,62.16216216216216,12,23,12,614.0920000000002,10.0,1.0,1.0,0.0,0.0,Long-chain,False,False,False,True,Long-chain Branched Highly-fluorinated,Incineration,Pilot,Other,952.0,145.0,,False,High,Medium,,0.0
307-55-1,Perfluorododecanoic acid,OC(=O)C(F)(F)C(F)(F)C(F)(F)C(F)(F)C(F)(F)C(F)(F)C(F)(F)C(F)(F)C(F)(F)C(F)(F)C(F)(F)F,C12HF23O2,614.101,23,62.16216216216216,12,23,12,614.0920000000002,10.0,1.0,1.0,0.0,0.0,Long-chain,False,False,False,True,Long-chain Branched Highly-fluorinated,Incineration,Pilot,Other,869.0,180.0,,False,High,Medium,,0.0
307-55-1,Perfluorododecanoic acid,OC(=O)C(F)(F)C(F)(F)C(F)(F)C(F)(F)C(F)(F)C(F)(F)C(F)(F)C(F)(F)C(F)(F)C(F)(F)C(F)(F)F,C12HF23O2,614.101,23,62.16216216216216,12,23,12,614.0920000000002,10.0,1.0,1.0,0.0,0.0,Long-chain,False,False,False,True,Long-chain Branched Highly-fluorinated,Incineration,Pilot,Other,869.0,180.0,,False,High,Medium,,0.0
307-55-1,Perfluorododecanoic acid,OC(=O)C(F)(F)C(F)(F)C(F)(F)C(F)(F)C(F)(F)C(F)(F)C(F)(F)C(F)(F)C(F)(F)C(F)(F)C(F)(F)F,C12HF23O2,614.101,23,62.16216216216216,12,23,12,614.0920000000002,10.0,1.0,1.0,0.0,0.0,Long-chain,False,False,False,True,Long-chain Branched Highly-fluorinated,Incineration,Pilot,Other,869.0,180.0,,False,High,Medium,,0.0
307-55-1,Perfluorododecanoic acid,OC(=O)C(F)(F)C(F)(F)C(F)(F)C(F)(F)C(F)(F)C(F)(F)C(F)(F)C(F)(F)C(F)(F)C(F)(F)C(F)(F)F,C12HF23O2,614.101,23,62.16216216216216,12,23,12,614.0920000000002,10.0,1.0,1.0,0.0,0.0,Long-chain,False,False,False,True,Long-chain Branched Highly-fluorinated,Incineration,Pilot,Other,869.0,180.0,,False,High,Medium,,0.0
307-55-1,Perfluorododecanoic acid,OC(=O)C(F)(F)C(F)(F)C(F)(F)C(F)(F)C(F)(F)C(F)(F)C(F)(F)C(F)(F)C(F)(F)C(F)(F)C(F)(F)F,C12HF23O2,614.101,23,62.16216216216216,12,23,12,614.0920000000002,10.0,1.0,1.0,0.0,0.0,Long-chain,False,False,False,True,Long-chain Branched Highly-fluorinated,Unspecified Heat Treatment,Full,Sludge,650.0,45.0,59.09090909090909,False,High,Medium,2.2,0.9
307-55-1,Perfluorododecanoic acid,OC(=O)C(F)(F)C(F)(F)C(F)(F)C(F)(F)C(F)(F)C(F)(F)C(F)(F)C(F)(F)C(F)(F)C(F)(F)C(F)(F)F,C12HF23O2,614.101,23,62.16216216216216,12,23,12,614.0920000000002,10.0,1.0,1.0,0.0,0.0,Long-chain,False,False,False,True,Long-chain Branched Highly-fluorinated,Hydrothermal Treatment,Lab,Soil,350.0,90.0,99.84,True,Medium,Medium,12.5,0.02
307-55-1,Perfluorododecanoic acid,OC(=O)C(F)(F)C(F)(F)C(F)(F)C(F)(F)C(F)(F)C(F)(F)C(F)(F)C(F)(F)C(F)(F)C(F)(F)C(F)(F)F,C12HF23O2,614.101,23,62.16216216216216,12,23,12,614.0920000000002,10.0,1.0,1.0,0.0,0.0,Long-chain,False,False,False,True,Long-chain Branched Highly-fluorinated,Pyrolysis,Not specified,Sludge,593.33,,,False,High,,5.85,
307-55-1,Perfluorododecanoic acid,OC(=O)C(F)(F)C(F)(F)C(F)(F)C(F)(F)C(F)(F)C(F)(F)C(F)(F)C(F)(F)C(F)(F)C(F)(F)C(F)(F)F,C12HF23O2,614.101,23,62.16216216216216,12,23,12,614.0920000000002,10.0,1.0,1.0,0.0,0.0,Long-chain,False,False,False,True,Long-chain Branched Highly-fluorinated,Incineration,Pilot,Other,1020.0,0.045,,False,High,Short,,
307-55-1,Perfluorododecanoic acid,OC(=O)C(F)(F)C(F)(F)C(F)(F)C(F)(F)C(F)(F)C(F)(F)C(F)(F)C(F)(F)C(F)(F)C(F)(F)C(F)(F)F,C12HF23O2,614.101,23,62.16216216216216,12,23,12,614.0920000000002,10.0,1.0,1.0,0.0,0.0,Long-chain,False,False,False,True,Long-chain Branched Highly-fluorinated,Incineration,Pilot,Other,870.0,0.0666666666666666,,False,High,Short,,
375-95-1,Perfluorononanoic acid,OC(=O)C(F)(F)C(F)(F)C(F)(F)C(F)(F)C(F)(F)C(F)(F)C(F)(F)C(F)(F)F,C9HF17O2,464.078,17,60.71428571428571,9,17,9,464.071,7.0,1.0,1.0,0.0,0.0,Long-chain,False,False,False,True,Long-chain Branched Highly-fluorinated,Electromagnetic Heating,Lab,Soil,845.0,2.0,,False,High,Short,0.02,
375-95-1,Perfluorononanoic acid,OC(=O)C(F)(F)C(F)(F)C(F)(F)C(F)(F)C(F)(F)C(F)(F)C(F)(F)C(F)(F)F,C9HF17O2,464.078,17,60.71428571428571,9,17,9,464.071,7.0,1.0,1.0,0.0,0.0,Long-chain,False,False,False,True,Long-chain Branched Highly-fluorinated,Pyrolysis,Lab,Sludge,800.0,20.0,85.0,True,High,Short,0.14,0.021
375-95-1,Perfluorononanoic acid,OC(=O)C(F)(F)C(F)(F)C(F)(F)C(F)(F)C(F)(F)C(F)(F)C(F)(F)C(F)(F)F,C9HF17O2,464.078,17,60.71428571428571,9,17,9,464.071,7.0,1.0,1.0,0.0,0.0,Long-chain,False,False,False,True,Long-chain Branched Highly-fluorinated,Pyrolysis,Lab,Sludge,800.0,20.0,90.74074074074076,True,High,Short,0.216,0.02
375-95-1,Perfluorononanoic acid,OC(=O)C(F)(F)C(F)(F)C(F)(F)C(F)(F)C(F)(F)C(F)(F)C(F)(F)C(F)(F)F,C9HF17O2,464.078,17,60.71428571428571,9,17,9,464.071,7.0,1.0,1.0,0.0,0.0,Long-chain,False,False,False,True,Long-chain Branched Highly-fluorinated,Pyrolysis,Lab,Sludge,800.0,20.0,92.18106995884774,True,High,Short,0.243,0.019
375-95-1,Perfluorononanoic acid,OC(=O)C(F)(F)C(F)(F)C(F)(F)C(F)(F)C(F)(F)C(F)(F)C(F)(F)C(F)(F)F,C9HF17O2,464.078,17,60.71428571428571,9,17,9,464.071,7.0,1.0,1.0,0.0,0.0,Long-chain,False,False,False,True,Long-chain Branched Highly-fluorinated,Pyrolysis,Lab,Sludge,800.0,20.0,85.8108108108108,True,High,Short,0.148,0.021
375-95-1,Perfluorononanoic acid,OC(=O)C(F)(F)C(F)(F)C(F)(F)C(F)(F)C(F)(F)C(F)(F)C(F)(F)C(F)(F)F,C9HF17O2,464.078,17,60.71428571428571,9,17,9,464.071,7.0,1.0,1.0,0.0,0.0,Long-chain,False,False,False,True,Long-chain Branched Highly-fluorinated,Pyrolysis,Lab,Sludge,800.0,20.0,69.69696969696969,False,High,Short,0.066,0.02
375-95-1,Perfluorononanoic acid,OC(=O)C(F)(F)C(F)(F)C(F)(F)C(F)(F)C(F)(F)C(F)(F)C(F)(F)C(F)(F)F,C9HF17O2,464.078,17,60.71428571428571,9,17,9,464.071,7.0,1.0,1.0,0.0,0.0,Long-chain,False,False,False,True,Long-chain Branched Highly-fluorinated,Pyrolysis,Lab,Sludge,800.0,20.0,76.82926829268293,False,High,Short,0.082,0.019
375-95-1,Perfluorononanoic acid,OC(=O)C(F)(F)C(F)(F)C(F)(F)C(F)(F)C(F)(F)C(F)(F)C(F)(F)C(F)(F)F,C9HF17O2,464.078,17,60.71428571428571,9,17,9,464.071,7.0,1.0,1.0,0.0,0.0,Long-chain,False,False,False,True,Long-chain Branched Highly-fluorinated,Pyrolysis,Lab,Sludge,650.0,20.0,86.42857142857143,True,High,Short,0.14,0.019
375-95-1,Perfluorononanoic acid,OC(=O)C(F)(F)C(F)(F)C(F)(F)C(F)(F)C(F)(F)C(F)(F)C(F)(F)C(F)(F)F,C9HF17O2,464.078,17,60.71428571428571,9,17,9,464.071,7.0,1.0,1.0,0.0,0.0,Long-chain,False,False,False,True,Long-chain Branched Highly-fluorinated,Pyrolysis,Lab,Sludge,650.0,20.0,91.20370370370372,True,High,Short,0.216,0.019
375-95-1,Perfluorononanoic acid,OC(=O)C(F)(F)C(F)(F)C(F)(F)C(F)(F)C(F)(F)C(F)(F)C(F)(F)C(F)(F)F,C9HF17O2,464.078,17,60.71428571428571,9,17,9,464.071,7.0,1.0,1.0,0.0,0.0,Long-chain,False,False,False,True,Long-chain Branched Highly-fluorinated,Pyrolysis,Lab,Sludge,650.0,20.0,91.35802469135804,True,High,Short,0.243,0.021
375-95-1,Perfluorononanoic acid,OC(=O)C(F)(F)C(F)(F)C(F)(F)C(F)(F)C(F)(F)C(F)(F)C(F)(F)C(F)(F)F,C9HF17O2,464.078,17,60.71428571428571,9,17,9,464.071,7.0,1.0,1.0,0.0,0.0,Long-chain,False,False,False,True,Long-chain Branched Highly-fluorinated,Pyrolysis,Lab,Sludge,650.0,20.0,71.2121212121212,False,High,Short,0.066,0.019
375-95-1,Perfluorononanoic acid,OC(=O)C(F)(F)C(F)(F)C(F)(F)C(F)(F)C(F)(F)C(F)(F)C(F)(F)C(F)(F)F,C9HF17O2,464.078,17,60.71428571428571,9,17,9,464.071,7.0,1.0,1.0,0.0,0.0,Long-chain,False,False,False,True,Long-chain Branched Highly-fluorinated,Pyrolysis,Lab,Sludge,650.0,20.0,86.48648648648648,True,High,Short,0.148,0.02
375-95-1,Perfluorononanoic acid,OC(=O)C(F)(F)C(F)(F)C(F)(F)C(F)(F)C(F)(F)C(F)(F)C(F)(F)C(F)(F)F,C9HF17O2,464.078,17,60.71428571428571,9,17,9,464.071,7.0,1.0,1.0,0.0,0.0,Long-chain,False,False,False,True,Long-chain Branched Highly-fluorinated,Pyrolysis,Lab,Sludge,650.0,20.0,75.60975609756098,False,High,Short,0.082,0.02
375-95-1,Perfluorononanoic acid,OC(=O)C(F)(F)C(F)(F)C(F)(F)C(F)(F)C(F)(F)C(F)(F)C(F)(F)C(F)(F)F,C9HF17O2,464.078,17,60.71428571428571,9,17,9,464.071,7.0,1.0,1.0,0.0,0.0,Long-chain,False,False,False,True,Long-chain Branched Highly-fluorinated,Pyrolysis,Lab,Sludge,500.0,20.0,85.71428571428571,True,High,Short,0.14,0.02
375-95-1,Perfluorononanoic acid,OC(=O)C(F)(F)C(F)(F)C(F)(F)C(F)(F)C(F)(F)C(F)(F)C(F)(F)C(F)(F)F,C9HF17O2,464.078,17,60.71428571428571,9,17,9,464.071,7.0,1.0,1.0,0.0,0.0,Long-chain,False,False,False,True,Long-chain Branched Highly-fluorinated,Pyrolysis,Lab,Sludge,500.0,20.0,90.74074074074076,True,High,Short,0.216,0.02
375-95-1,Perfluorononanoic acid,OC(=O)C(F)(F)C(F)(F)C(F)(F)C(F)(F)C(F)(F)C(F)(F)C(F)(F)C(F)(F)F,C9HF17O2,464.078,17,60.71428571428571,9,17,9,464.071,7.0,1.0,1.0,0.0,0.0,Long-chain,False,False,False,True,Long-chain Branched Highly-fluorinated,Pyrolysis,Lab,Sludge,500.0,20.0,92.18106995884774,True,High,Short,0.243,0.019
375-95-1,Perfluorononanoic acid,OC(=O)C(F)(F)C(F)(F)C(F)(F)C(F)(F)C(F)(F)C(F)(F)C(F)(F)C(F)(F)F,C9HF17O2,464.078,17,60.71428571428571,9,17,9,464.071,7.0,1.0,1.0,0.0,0.0,Long-chain,False,False,False,True,Long-chain Branched Highly-fluorinated,Pyrolysis,Lab,Sludge,500.0,20.0,86.48648648648648,True,High,Short,0.148,0.02
375-95-1,Perfluorononanoic acid,OC(=O)C(F)(F)C(F)(F)C(F)(F)C(F)(F)C(F)(F)C(F)(F)C(F)(F)C(F)(F)F,C9HF17O2,464.078,17,60.71428571428571,9,17,9,464.071,7.0,1.0,1.0,0.0,0.0,Long-chain,False,False,False,True,Long-chain Branched Highly-fluorinated,Pyrolysis,Lab,Sludge,500.0,20.0,69.69696969696969,False,High,Short,0.066,0.02
375-95-1,Perfluorononanoic acid,OC(=O)C(F)(F)C(F)(F)C(F)(F)C(F)(F)C(F)(F)C(F)(F)C(F)(F)C(F)(F)F,C9HF17O2,464.078,17,60.71428571428571,9,17,9,464.071,7.0,1.0,1.0,0.0,0.0,Long-chain,False,False,False,True,Long-chain Branched Highly-fluorinated,Pyrolysis,Lab,Sludge,500.0,20.0,76.82926829268293,False,High,Short,0.082,0.019
375-95-1,Perfluorononanoic acid,OC(=O)C(F)(F)C(F)(F)C(F)(F)C(F)(F)C(F)(F)C(F)(F)C(F)(F)C(F)(F)F,C9HF17O2,464.078,17,60.71428571428571,9,17,9,464.071,7.0,1.0,1.0,0.0,0.0,Long-chain,False,False,False,True,Long-chain Branched Highly-fluorinated,GAC Reactivation,Full,Treatment Media,1093.0,,98.9056603773585,True,High,,53.0,0.58
375-95-1,Perfluorononanoic acid,OC(=O)C(F)(F)C(F)(F)C(F)(F)C(F)(F)C(F)(F)C(F)(F)C(F)(F)C(F)(F)F,C9HF17O2,464.078,17,60.71428571428571,9,17,9,464.071,7.0,1.0,1.0,0.0,0.0,Long-chain,False,False,False,True,Long-chain Branched Highly-fluorinated,GAC Reactivation,Full,Treatment Media,1093.0,,99.19444444444446,True,High,,72.0,0.58
375-95-1,Perfluorononanoic acid,OC(=O)C(F)(F)C(F)(F)C(F)(F)C(F)(F)C(F)(F)C(F)(F)C(F)(F)C(F)(F)F,C9HF17O2,464.078,17,60.71428571428571,9,17,9,464.071,7.0,1.0,1.0,0.0,0.0,Long-chain,False,False,False,True,Long-chain Branched Highly-fluorinated,GAC Reactivation,Full,Treatment Media,1093.0,,99.3409090909091,True,High,,88.0,0.58
375-95-1,Perfluorononanoic acid,OC(=O)C(F)(F)C(F)(F)C(F)(F)C(F)(F)C(F)(F)C(F)(F)C(F)(F)C(F)(F)F,C9HF17O2,464.078,17,60.71428571428571,9,17,9,464.071,7.0,1.0,1.0,0.0,0.0,Long-chain,False,False,False,True,Long-chain Branched Highly-fluorinated,Pyrolysis,Lab,Sludge,700.0,,100.0,True,High,,1.1,0.0
375-95-1,Perfluorononanoic acid,OC(=O)C(F)(F)C(F)(F)C(F)(F)C(F)(F)C(F)(F)C(F)(F)C(F)(F)C(F)(F)F,C9HF17O2,464.078,17,60.71428571428571,9,17,9,464.071,7.0,1.0,1.0,0.0,0.0,Long-chain,False,False,False,True,Long-chain Branched Highly-fluorinated,Pyrolysis,Lab,Sludge,700.0,,,False,High,,0.0,0.0
375-95-1,Perfluorononanoic acid,OC(=O)C(F)(F)C(F)(F)C(F)(F)C(F)(F)C(F)(F)C(F)(F)C(F)(F)C(F)(F)F,C9HF17O2,464.078,17,60.71428571428571,9,17,9,464.071,7.0,1.0,1.0,0.0,0.0,Long-chain,False,False,False,True,Long-chain Branched Highly-fluorinated,Pyrolysis,Lab,Sludge,500.0,,,False,High,,0.0,0.0
375-95-1,Perfluorononanoic acid,OC(=O)C(F)(F)C(F)(F)C(F)(F)C(F)(F)C(F)(F)C(F)(F)C(F)(F)C(F)(F)F,C9HF17O2,464.078,17,60.71428571428571,9,17,9,464.071,7.0,1.0,1.0,0.0,0.0,Long-chain,False,False,False,True,Long-chain Branched Highly-fluorinated,Pyrolysis,Lab,Sludge,500.0,,100.0,True,High,,1.1,0.0
375-95-1,Perfluorononanoic acid,OC(=O)C(F)(F)C(F)(F)C(F)(F)C(F)(F)C(F)(F)C(F)(F)C(F)(F)C(F)(F)F,C9HF17O2,464.078,17,60.71428571428571,9,17,9,464.071,7.0,1.0,1.0,0.0,0.0,Long-chain,False,False,False,True,Long-chain Branched Highly-fluorinated,Thermal Oxidation of Off-gas,Lab,Treatment Media,590.0,0.1666666666666666,,False,High,Short,10.0,
375-95-1,Perfluorononanoic acid,OC(=O)C(F)(F)C(F)(F)C(F)(F)C(F)(F)C(F)(F)C(F)(F)C(F)(F)C(F)(F)F,C9HF17O2,464.078,17,60.71428571428571,9,17,9,464.071,7.0,1.0,1.0,0.0,0.0,Long-chain,False,False,False,True,Long-chain Branched Highly-fluorinated,Pyrolysis,Lab,Soil,450.0,30.0,,False,High,Short,0.019,
375-95-1,Perfluorononanoic acid,OC(=O)C(F)(F)C(F)(F)C(F)(F)C(F)(F)C(F)(F)C(F)(F)C(F)(F)C(F)(F)F,C9HF17O2,464.078,17,60.71428571428571,9,17,9,464.071,7.0,1.0,1.0,0.0,0.0,Long-chain,False,False,False,True,Long-chain Branched Highly-fluorinated,Pyrolysis,Lab,Soil,300.0,30.0,,False,Medium,Short,0.019,
375-95-1,Perfluorononanoic acid,OC(=O)C(F)(F)C(F)(F)C(F)(F)C(F)(F)C(F)(F)C(F)(F)C(F)(F)C(F)(F)F,C9HF17O2,464.078,17,60.71428571428571,9,17,9,464.071,7.0,1.0,1.0,0.0,0.0,Long-chain,False,False,False,True,Long-chain Branched Highly-fluorinated,Pyrolysis,Lab,Soil,200.0,30.0,,False,Medium,Short,0.019,
375-95-1,Perfluorononanoic acid,OC(=O)C(F)(F)C(F)(F)C(F)(F)C(F)(F)C(F)(F)C(F)(F)C(F)(F)C(F)(F)F,C9HF17O2,464.078,17,60.71428571428571,9,17,9,464.071,7.0,1.0,1.0,0.0,0.0,Long-chain,False,False,False,True,Long-chain Branched Highly-fluorinated,Pyrolysis,Pilot,Sludge,649.0,19.1,94.06130268199234,True,High,Short,5.22,0.31
375-95-1,Perfluorononanoic acid,OC(=O)C(F)(F)C(F)(F)C(F)(F)C(F)(F)C(F)(F)C(F)(F)C(F)(F)C(F)(F)F,C9HF17O2,464.078,17,60.71428571428571,9,17,9,464.071,7.0,1.0,1.0,0.0,0.0,Long-chain,False,False,False,True,Long-chain Branched Highly-fluorinated,Pyrolysis,Pilot,Sludge,649.0,19.1,99.4535519125683,True,High,Short,5.49,0.03
375-95-1,Perfluorononanoic acid,OC(=O)C(F)(F)C(F)(F)C(F)(F)C(F)(F)C(F)(F)C(F)(F)C(F)(F)C(F)(F)F,C9HF17O2,464.078,17,60.71428571428571,9,17,9,464.071,7.0,1.0,1.0,0.0,0.0,Long-chain,False,False,False,True,Long-chain Branched Highly-fluorinated,Pyrolysis,Pilot,Sludge,649.0,19.1,100.0,True,High,Short,5.4,0.0
375-95-1,Perfluorononanoic acid,OC(=O)C(F)(F)C(F)(F)C(F)(F)C(F)(F)C(F)(F)C(F)(F)C(F)(F)C(F)(F)F,C9HF17O2,464.078,17,60.71428571428571,9,17,9,464.071,7.0,1.0,1.0,0.0,0.0,Long-chain,False,False,False,True,Long-chain Branched Highly-fluorinated,GAC Reactivation,Full,Treatment Media,,,,False,,,,0.24
375-95-1,Perfluorononanoic acid,OC(=O)C(F)(F)C(F)(F)C(F)(F)C(F)(F)C(F)(F)C(F)(F)C(F)(F)C(F)(F)F,C9HF17O2,464.078,17,60.71428571428571,9,17,9,464.071,7.0,1.0,1.0,0.0,0.0,Long-chain,False,False,False,True,Long-chain Branched Highly-fluorinated,Rotary Kiln,Full,Soil,,,,False,,,,0.788
375-95-1,Perfluorononanoic acid,OC(=O)C(F)(F)C(F)(F)C(F)(F)C(F)(F)C(F)(F)C(F)(F)C(F)(F)C(F)(F)F,C9HF17O2,464.078,17,60.71428571428571,9,17,9,464.071,7.0,1.0,1.0,0.0,0.0,Long-chain,False,False,False,True,Long-chain Branched Highly-fluorinated,Rotary Kiln,Full,Soil,,,,False,,,,
375-95-1,Perfluorononanoic acid,OC(=O)C(F)(F)C(F)(F)C(F)(F)C(F)(F)C(F)(F)C(F)(F)C(F)(F)C(F)(F)F,C9HF17O2,464.078,17,60.71428571428571,9,17,9,464.071,7.0,1.0,1.0,0.0,0.0,Long-chain,False,False,False,True,Long-chain Branched Highly-fluorinated,Rotary Kiln,Full,Soil,,,,False,,,,
375-95-1,Perfluorononanoic acid,OC(=O)C(F)(F)C(F)(F)C(F)(F)C(F)(F)C(F)(F)C(F)(F)C(F)(F)C(F)(F)F,C9HF17O2,464.078,17,60.71428571428571,9,17,9,464.071,7.0,1.0,1.0,0.0,0.0,Long-chain,False,False,False,True,Long-chain Branched Highly-fluorinated,Indirect Thermal Desorption,Pilot,Soil,650.0,,,False,High,,1.55,
375-95-1,Perfluorononanoic acid,OC(=O)C(F)(F)C(F)(F)C(F)(F)C(F)(F)C(F)(F)C(F)(F)C(F)(F)C(F)(F)F,C9HF17O2,464.078,17,60.71428571428571,9,17,9,464.071,7.0,1.0,1.0,0.0,0.0,Long-chain,False,False,False,True,Long-chain Branched Highly-fluorinated,Indirect Thermal Desorption,Pilot,Soil,650.0,,,False,High,,1.74,
375-95-1,Perfluorononanoic acid,OC(=O)C(F)(F)C(F)(F)C(F)(F)C(F)(F)C(F)(F)C(F)(F)C(F)(F)C(F)(F)F,C9HF17O2,464.078,17,60.71428571428571,9,17,9,464.071,7.0,1.0,1.0,0.0,0.0,Long-chain,False,False,False,True,Long-chain Branched Highly-fluorinated,Indirect Thermal Desorption,Pilot,Soil,500.0,,,False,High,,12.1,
375-95-1,Perfluorononanoic acid,OC(=O)C(F)(F)C(F)(F)C(F)(F)C(F)(F)C(F)(F)C(F)(F)C(F)(F)C(F)(F)F,C9HF17O2,464.078,17,60.71428571428571,9,17,9,464.071,7.0,1.0,1.0,0.0,0.0,Long-chain,False,False,False,True,Long-chain Branched Highly-fluorinated,Indirect Thermal Desorption,Pilot,Soil,500.0,,,False,High,,12.5,
375-95-1,Perfluorononanoic acid,OC(=O)C(F)(F)C(F)(F)C(F)(F)C(F)(F)C(F)(F)C(F)(F)C(F)(F)C(F)(F)F,C9HF17O2,464.078,17,60.71428571428571,9,17,9,464.071,7.0,1.0,1.0,0.0,0.0,Long-chain,False,False,False,True,Long-chain Branched Highly-fluorinated,Indirect Thermal Desorption,Pilot,Soil,650.0,,,False,High,,1.63,
375-95-1,Perfluorononanoic acid,OC(=O)C(F)(F)C(F)(F)C(F)(F)C(F)(F)C(F)(F)C(F)(F)C(F)(F)C(F)(F)F,C9HF17O2,464.078,17,60.71428571428571,9,17,9,464.071,7.0,1.0,1.0,0.0,0.0,Long-chain,False,False,False,True,Long-chain Branched Highly-fluorinated,Indirect Thermal Desorption,Pilot,Soil,500.0,,,False,High,,14.6,
375-95-1,Perfluorononanoic acid,OC(=O)C(F)(F)C(F)(F)C(F)(F)C(F)(F)C(F)(F)C(F)(F)C(F)(F)C(F)(F)F,C9HF17O2,464.078,17,60.71428571428571,9,17,9,464.071,7.0,1.0,1.0,0.0,0.0,Long-chain,False,False,False,True,Long-chain Branched Highly-fluorinated,Indirect Thermal Desorption,Pilot,Soil,650.0,,,False,High,,1.81,
375-95-1,Perfluorononanoic acid,OC(=O)C(F)(F)C(F)(F)C(F)(F)C(F)(F)C(F)(F)C(F)(F)C(F)(F)C(F)(F)F,C9HF17O2,464.078,17,60.71428571428571,9,17,9,464.071,7.0,1.0,1.0,0.0,0.0,Long-chain,False,False,False,True,Long-chain Branched Highly-fluorinated,Indirect Thermal Desorption,Pilot,Soil,500.0,,,False,High,,13.3,
375-95-1,Perfluorononanoic acid,OC(=O)C(F)(F)C(F)(F)C(F)(F)C(F)(F)C(F)(F)C(F)(F)C(F)(F)C(F)(F)F,C9HF17O2,464.078,17,60.71428571428571,9,17,9,464.071,7.0,1.0,1.0,0.0,0.0,Long-chain,False,False,False,True,Long-chain Branched Highly-fluorinated,Indirect Thermal Desorption,Pilot,Soil,650.0,120.0,,False,High,Medium,15337.5,
375-95-1,Perfluorononanoic acid,OC(=O)C(F)(F)C(F)(F)C(F)(F)C(F)(F)C(F)(F)C(F)(F)C(F)(F)C(F)(F)F,C9HF17O2,464.078,17,60.71428571428571,9,17,9,464.071,7.0,1.0,1.0,0.0,0.0,Long-chain,False,False,False,True,Long-chain Branched Highly-fluorinated,Indirect Thermal Desorption,Pilot,Soil,500.0,120.0,,False,High,Medium,6217.5,
375-95-1,Perfluorononanoic acid,OC(=O)C(F)(F)C(F)(F)C(F)(F)C(F)(F)C(F)(F)C(F)(F)C(F)(F)C(F)(F)F,C9HF17O2,464.078,17,60.71428571428571,9,17,9,464.071,7.0,1.0,1.0,0.0,0.0,Long-chain,False,False,False,True,Long-chain Branched Highly-fluorinated,Indirect Thermal Desorption,Pilot,Soil,500.0,120.0,,False,High,Medium,8157.5,
375-95-1,Perfluorononanoic acid,OC(=O)C(F)(F)C(F)(F)C(F)(F)C(F)(F)C(F)(F)C(F)(F)C(F)(F)C(F)(F)F,C9HF17O2,464.078,17,60.71428571428571,9,17,9,464.071,7.0,1.0,1.0,0.0,0.0,Long-chain,False,False,False,True,Long-chain Branched Highly-fluorinated,Infrared Heating,Pilot,Soil,350.0,11520.0,,False,Medium,Extended,2400.0,
375-95-1,Perfluorononanoic acid,OC(=O)C(F)(F)C(F)(F)C(F)(F)C(F)(F)C(F)(F)C(F)(F)C(F)(F)C(F)(F)F,C9HF17O2,464.078,17,60.71428571428571,9,17,9,464.071,7.0,1.0,1.0,0.0,0.0,Long-chain,False,False,False,True,Long-chain Branched Highly-fluorinated,Infrared Heating,Pilot,Soil,350.0,11520.0,,False,Medium,Extended,0.145,
375-95-1,Perfluorononanoic acid,OC(=O)C(F)(F)C(F)(F)C(F)(F)C(F)(F)C(F)(F)C(F)(F)C(F)(F)C(F)(F)F,C9HF17O2,464.078,17,60.71428571428571,9,17,9,464.071,7.0,1.0,1.0,0.0,0.0,Long-chain,False,False,False,True,Long-chain Branched Highly-fluorinated,Infrared Heating,Pilot,Soil,350.0,11520.0,,False,Medium,Extended,0.6,
375-95-1,Perfluorononanoic acid,OC(=O)C(F)(F)C(F)(F)C(F)(F)C(F)(F)C(F)(F)C(F)(F)C(F)(F)C(F)(F)F,C9HF17O2,464.078,17,60.71428571428571,9,17,9,464.071,7.0,1.0,1.0,0.0,0.0,Long-chain,False,False,False,True,Long-chain Branched Highly-fluorinated,Infrared Heating,Pilot,Soil,350.0,11520.0,,False,Medium,Extended,22.44,
375-95-1,Perfluorononanoic acid,OC(=O)C(F)(F)C(F)(F)C(F)(F)C(F)(F)C(F)(F)C(F)(F)C(F)(F)C(F)(F)F,C9HF17O2,464.078,17,60.71428571428571,9,17,9,464.071,7.0,1.0,1.0,0.0,0.0,Long-chain,False,False,False,True,Long-chain Branched Highly-fluorinated,Incineration,Pilot,Other,986.0,180.0,,False,High,Medium,,0.0
375-95-1,Perfluorononanoic acid,OC(=O)C(F)(F)C(F)(F)C(F)(F)C(F)(F)C(F)(F)C(F)(F)C(F)(F)C(F)(F)F,C9HF17O2,464.078,17,60.71428571428571,9,17,9,464.071,7.0,1.0,1.0,0.0,0.0,Long-chain,False,False,False,True,Long-chain Branched Highly-fluorinated,Incineration,Pilot,Other,986.0,180.0,,False,High,Medium,,0.0
375-95-1,Perfluorononanoic acid,OC(=O)C(F)(F)C(F)(F)C(F)(F)C(F)(F)C(F)(F)C(F)(F)C(F)(F)C(F)(F)F,C9HF17O2,464.078,17,60.71428571428571,9,17,9,464.071,7.0,1.0,1.0,0.0,0.0,Long-chain,False,False,False,True,Long-chain Branched Highly-fluorinated,Incineration,Pilot,Other,986.0,180.0,,False,High,Medium,,1.2
375-95-1,Perfluorononanoic acid,OC(=O)C(F)(F)C(F)(F)C(F)(F)C(F)(F)C(F)(F)C(F)(F)C(F)(F)C(F)(F)F,C9HF17O2,464.078,17,60.71428571428571,9,17,9,464.071,7.0,1.0,1.0,0.0,0.0,Long-chain,False,False,False,True,Long-chain Branched Highly-fluorinated,Incineration,Pilot,Other,986.0,180.0,,False,High,Medium,,0.0
375-95-1,Perfluorononanoic acid,OC(=O)C(F)(F)C(F)(F)C(F)(F)C(F)(F)C(F)(F)C(F)(F)C(F)(F)C(F)(F)F,C9HF17O2,464.078,17,60.71428571428571,9,17,9,464.071,7.0,1.0,1.0,0.0,0.0,Long-chain,False,False,False,True,Long-chain Branched Highly-fluorinated,Incineration,Pilot,Other,998.0,140.0,,False,High,Medium,,0.0
375-95-1,Perfluorononanoic acid,OC(=O)C(F)(F)C(F)(F)C(F)(F)C(F)(F)C(F)(F)C(F)(F)C(F)(F)C(F)(F)F,C9HF17O2,464.078,17,60.71428571428571,9,17,9,464.071,7.0,1.0,1.0,0.0,0.0,Long-chain,False,False,False,True,Long-chain Branched Highly-fluorinated,Incineration,Pilot,Other,998.0,140.0,,False,High,Medium,,0.0
375-95-1,Perfluorononanoic acid,OC(=O)C(F)(F)C(F)(F)C(F)(F)C(F)(F)C(F)(F)C(F)(F)C(F)(F)C(F)(F)F,C9HF17O2,464.078,17,60.71428571428571,9,17,9,464.071,7.0,1.0,1.0,0.0,0.0,Long-chain,False,False,False,True,Long-chain Branched Highly-fluorinated,Incineration,Pilot,Other,998.0,140.0,,False,High,Medium,,
375-95-1,Perfluorononanoic acid,OC(=O)C(F)(F)C(F)(F)C(F)(F)C(F)(F)C(F)(F)C(F)(F)C(F)(F)C(F)(F)F,C9HF17O2,464.078,17,60.71428571428571,9,17,9,464.071,7.0,1.0,1.0,0.0,0.0,Long-chain,False,False,False,True,Long-chain Branched Highly-fluorinated,Incineration,Pilot,Other,998.0,140.0,,False,High,Medium,,0.0
375-95-1,Perfluorononanoic acid,OC(=O)C(F)(F)C(F)(F)C(F)(F)C(F)(F)C(F)(F)C(F)(F)C(F)(F)C(F)(F)F,C9HF17O2,464.078,17,60.71428571428571,9,17,9,464.071,7.0,1.0,1.0,0.0,0.0,Long-chain,False,False,False,True,Long-chain Branched Highly-fluorinated,Incineration,Pilot,Other,976.0,210.0,,False,High,Long,,0.0
375-95-1,Perfluorononanoic acid,OC(=O)C(F)(F)C(F)(F)C(F)(F)C(F)(F)C(F)(F)C(F)(F)C(F)(F)C(F)(F)F,C9HF17O2,464.078,17,60.71428571428571,9,17,9,464.071,7.0,1.0,1.0,0.0,0.0,Long-chain,False,False,False,True,Long-chain Branched Highly-fluorinated,Incineration,Pilot,Other,976.0,210.0,,False,High,Long,,0.0
375-95-1,Perfluorononanoic acid,OC(=O)C(F)(F)C(F)(F)C(F)(F)C(F)(F)C(F)(F)C(F)(F)C(F)(F)C(F)(F)F,C9HF17O2,464.078,17,60.71428571428571,9,17,9,464.071,7.0,1.0,1.0,0.0,0.0,Long-chain,False,False,False,True,Long-chain Branched Highly-fluorinated,Infrared Heating,Pilot,Soil,350.0,11520.0,,False,Medium,Extended,0.876,
375-95-1,Perfluorononanoic acid,OC(=O)C(F)(F)C(F)(F)C(F)(F)C(F)(F)C(F)(F)C(F)(F)C(F)(F)C(F)(F)F,C9HF17O2,464.078,17,60.71428571428571,9,17,9,464.071,7.0,1.0,1.0,0.0,0.0,Long-chain,False,False,False,True,Long-chain Branched Highly-fluorinated,Incineration,Pilot,Other,976.0,210.0,,False,High,Long,,0.0
375-95-1,Perfluorononanoic acid,OC(=O)C(F)(F)C(F)(F)C(F)(F)C(F)(F)C(F)(F)C(F)(F)C(F)(F)C(F)(F)F,C9HF17O2,464.078,17,60.71428571428571,9,17,9,464.071,7.0,1.0,1.0,0.0,0.0,Long-chain,False,False,False,True,Long-chain Branched Highly-fluorinated,Incineration,Pilot,Other,976.0,210.0,,False,High,Long,,
375-95-1,Perfluorononanoic acid,OC(=O)C(F)(F)C(F)(F)C(F)(F)C(F)(F)C(F)(F)C(F)(F)C(F)(F)C(F)(F)F,C9HF17O2,464.078,17,60.71428571428571,9,17,9,464.071,7.0,1.0,1.0,0.0,0.0,Long-chain,False,False,False,True,Long-chain Branched Highly-fluorinated,Incineration,Pilot,Other,980.0,180.0,,False,High,Medium,,0.0
375-95-1,Perfluorononanoic acid,OC(=O)C(F)(F)C(F)(F)C(F)(F)C(F)(F)C(F)(F)C(F)(F)C(F)(F)C(F)(F)F,C9HF17O2,464.078,17,60.71428571428571,9,17,9,464.071,7.0,1.0,1.0,0.0,0.0,Long-chain,False,False,False,True,Long-chain Branched Highly-fluorinated,Incineration,Pilot,Other,980.0,180.0,,False,High,Medium,,0.0
375-95-1,Perfluorononanoic acid,OC(=O)C(F)(F)C(F)(F)C(F)(F)C(F)(F)C(F)(F)C(F)(F)C(F)(F)C(F)(F)F,C9HF17O2,464.078,17,60.71428571428571,9,17,9,464.071,7.0,1.0,1.0,0.0,0.0,Long-chain,False,False,False,True,Long-chain Branched Highly-fluorinated,Incineration,Pilot,Other,980.0,180.0,,False,High,Medium,,
375-95-1,Perfluorononanoic acid,OC(=O)C(F)(F)C(F)(F)C(F)(F)C(F)(F)C(F)(F)C(F)(F)C(F)(F)C(F)(F)F,C9HF17O2,464.078,17,60.71428571428571,9,17,9,464.071,7.0,1.0,1.0,0.0,0.0,Long-chain,False,False,False,True,Long-chain Branched Highly-fluorinated,Incineration,Pilot,Other,980.0,180.0,,False,High,Medium,,
375-95-1,Perfluorononanoic acid,OC(=O)C(F)(F)C(F)(F)C(F)(F)C(F)(F)C(F)(F)C(F)(F)C(F)(F)C(F)(F)F,C9HF17O2,464.078,17,60.71428571428571,9,17,9,464.071,7.0,1.0,1.0,0.0,0.0,Long-chain,False,False,False,True,Long-chain Branched Highly-fluorinated,Incineration,Pilot,Other,952.0,145.0,,False,High,Medium,,0.0
375-95-1,Perfluorononanoic acid,OC(=O)C(F)(F)C(F)(F)C(F)(F)C(F)(F)C(F)(F)C(F)(F)C(F)(F)C(F)(F)F,C9HF17O2,464.078,17,60.71428571428571,9,17,9,464.071,7.0,1.0,1.0,0.0,0.0,Long-chain,False,False,False,True,Long-chain Branched Highly-fluorinated,Incineration,Pilot,Other,952.0,145.0,,False,High,Medium,,0.0
375-95-1,Perfluorononanoic acid,OC(=O)C(F)(F)C(F)(F)C(F)(F)C(F)(F)C(F)(F)C(F)(F)C(F)(F)C(F)(F)F,C9HF17O2,464.078,17,60.71428571428571,9,17,9,464.071,7.0,1.0,1.0,0.0,0.0,Long-chain,False,False,False,True,Long-chain Branched Highly-fluorinated,Incineration,Pilot,Other,952.0,145.0,,False,High,Medium,,2.7
375-95-1,Perfluorononanoic acid,OC(=O)C(F)(F)C(F)(F)C(F)(F)C(F)(F)C(F)(F)C(F)(F)C(F)(F)C(F)(F)F,C9HF17O2,464.078,17,60.71428571428571,9,17,9,464.071,7.0,1.0,1.0,0.0,0.0,Long-chain,False,False,False,True,Long-chain Branched Highly-fluorinated,Incineration,Pilot,Other,952.0,145.0,,False,High,Medium,,
375-95-1,Perfluorononanoic acid,OC(=O)C(F)(F)C(F)(F)C(F)(F)C(F)(F)C(F)(F)C(F)(F)C(F)(F)C(F)(F)F,C9HF17O2,464.078,17,60.71428571428571,9,17,9,464.071,7.0,1.0,1.0,0.0,0.0,Long-chain,False,False,False,True,Long-chain Branched Highly-fluorinated,Incineration,Pilot,Other,869.0,180.0,,False,High,Medium,,0.0
375-95-1,Perfluorononanoic acid,OC(=O)C(F)(F)C(F)(F)C(F)(F)C(F)(F)C(F)(F)C(F)(F)C(F)(F)C(F)(F)F,C9HF17O2,464.078,17,60.71428571428571,9,17,9,464.071,7.0,1.0,1.0,0.0,0.0,Long-chain,False,False,False,True,Long-chain Branched Highly-fluorinated,Incineration,Pilot,Other,869.0,180.0,,False,High,Medium,,0.0
375-95-1,Perfluorononanoic acid,OC(=O)C(F)(F)C(F)(F)C(F)(F)C(F)(F)C(F)(F)C(F)(F)C(F)(F)C(F)(F)F,C9HF17O2,464.078,17,60.71428571428571,9,17,9,464.071,7.0,1.0,1.0,0.0,0.0,Long-chain,False,False,False,True,Long-chain Branched Highly-fluorinated,Incineration,Pilot,Other,869.0,180.0,,False,High,Medium,,
375-95-1,Perfluorononanoic acid,OC(=O)C(F)(F)C(F)(F)C(F)(F)C(F)(F)C(F)(F)C(F)(F)C(F)(F)C(F)(F)F,C9HF17O2,464.078,17,60.71428571428571,9,17,9,464.071,7.0,1.0,1.0,0.0,0.0,Long-chain,False,False,False,True,Long-chain Branched Highly-fluorinated,Incineration,Pilot,Other,869.0,180.0,,False,High,Medium,,
375-95-1,Perfluorononanoic acid,OC(=O)C(F)(F)C(F)(F)C(F)(F)C(F)(F)C(F)(F)C(F)(F)C(F)(F)C(F)(F)F,C9HF17O2,464.078,17,60.71428571428571,9,17,9,464.071,7.0,1.0,1.0,0.0,0.0,Long-chain,False,False,False,True,Long-chain Branched Highly-fluorinated,Unspecified Heat Treatment,Full,Sludge,650.0,45.0,,False,High,Medium,0.0,0.3
375-95-1,Perfluorononanoic acid,OC(=O)C(F)(F)C(F)(F)C(F)(F)C(F)(F)C(F)(F)C(F)(F)C(F)(F)C(F)(F)F,C9HF17O2,464.078,17,60.71428571428571,9,17,9,464.071,7.0,1.0,1.0,0.0,0.0,Long-chain,False,False,False,True,Long-chain Branched Highly-fluorinated,Hydrothermal Treatment,Lab,Soil,350.0,90.0,99.42196531791907,True,Medium,Medium,1.73,0.01
375-95-1,Perfluorononanoic acid,OC(=O)C(F)(F)C(F)(F)C(F)(F)C(F)(F)C(F)(F)C(F)(F)C(F)(F)C(F)(F)F,C9HF17O2,464.078,17,60.71428571428571,9,17,9,464.071,7.0,1.0,1.0,0.0,0.0,Long-chain,False,False,False,True,Long-chain Branched Highly-fluorinated,Pyrolysis,Not specified,Sludge,593.33,,,False,High,,5.3,
375-95-1,Perfluorononanoic acid,OC(=O)C(F)(F)C(F)(F)C(F)(F)C(F)(F)C(F)(F)C(F)(F)C(F)(F)C(F)(F)F,C9HF17O2,464.078,17,60.71428571428571,9,17,9,464.071,7.0,1.0,1.0,0.0,0.0,Long-chain,False,False,False,True,Long-chain Branched Highly-fluorinated,Smoldering,Lab,Soil,642.0,250.0,100.0,True,High,Long,0.095,0.0
375-95-1,Perfluorononanoic acid,OC(=O)C(F)(F)C(F)(F)C(F)(F)C(F)(F)C(F)(F)C(F)(F)C(F)(F)C(F)(F)F,C9HF17O2,464.078,17,60.71428571428571,9,17,9,464.071,7.0,1.0,1.0,0.0,0.0,Long-chain,False,False,False,True,Long-chain Branched Highly-fluorinated,Smoldering,Lab,Soil,1143.0,250.0,100.0,True,High,Long,0.185,0.0
375-95-1,Perfluorononanoic acid,OC(=O)C(F)(F)C(F)(F)C(F)(F)C(F)(F)C(F)(F)C(F)(F)C(F)(F)C(F)(F)F,C9HF17O2,464.078,17,60.71428571428571,9,17,9,464.071,7.0,1.0,1.0,0.0,0.0,Long-chain,False,False,False,True,Long-chain Branched Highly-fluorinated,Smoldering,Lab,Soil,1145.0,250.0,100.0,True,High,Long,0.158,0.0
375-95-1,Perfluorononanoic acid,OC(=O)C(F)(F)C(F)(F)C(F)(F)C(F)(F)C(F)(F)C(F)(F)C(F)(F)C(F)(F)F,C9HF17O2,464.078,17,60.71428571428571,9,17,9,464.071,7.0,1.0,1.0,0.0,0.0,Long-chain,False,False,False,True,Long-chain Branched Highly-fluorinated,Smoldering,Lab,Soil,1093.0,250.0,100.0,True,High,Long,0.344,0.0
375-95-1,Perfluorononanoic acid,OC(=O)C(F)(F)C(F)(F)C(F)(F)C(F)(F)C(F)(F)C(F)(F)C(F)(F)C(F)(F)F,C9HF17O2,464.078,17,60.71428571428571,9,17,9,464.071,7.0,1.0,1.0,0.0,0.0,Long-chain,False,False,False,True,Long-chain Branched Highly-fluorinated,Smoldering,Lab,Soil,1064.0,250.0,100.0,True,High,Long,25.58,0.0
375-95-1,Perfluorononanoic acid,OC(=O)C(F)(F)C(F)(F)C(F)(F)C(F)(F)C(F)(F)C(F)(F)C(F)(F)C(F)(F)F,C9HF17O2,464.078,17,60.71428571428571,9,17,9,464.071,7.0,1.0,1.0,0.0,0.0,Long-chain,False,False,False,True,Long-chain Branched Highly-fluorinated,Incineration,Pilot,Other,1020.0,0.045,,False,High,Short,,
375-95-1,Perfluorononanoic acid,OC(=O)C(F)(F)C(F)(F)C(F)(F)C(F)(F)C(F)(F)C(F)(F)C(F)(F)C(F)(F)F,C9HF17O2,464.078,17,60.71428571428571,9,17,9,464.071,7.0,1.0,1.0,0.0,0.0,Long-chain,False,False,False,True,Long-chain Branched Highly-fluorinated,Incineration,Pilot,Other,870.0,0.0666666666666666,,False,High,Short,,
375-95-1,Perfluorononanoic acid,OC(=O)C(F)(F)C(F)(F)C(F)(F)C(F)(F)C(F)(F)C(F)(F)C(F)(F)C(F)(F)F,C9HF17O2,464.078,17,60.71428571428571,9,17,9,464.071,7.0,1.0,1.0,0.0,0.0,Long-chain,False,False,False,True,Long-chain Branched Highly-fluorinated,Indirect Thermal Desorption,Lab,Soil,550.0,75.0,99.95166666666664,True,High,Medium,0.6,0.00029
375-95-1,Perfluorononanoic acid,OC(=O)C(F)(F)C(F)(F)C(F)(F)C(F)(F)C(F)(F)C(F)(F)C(F)(F)C(F)(F)F,C9HF17O2,464.078,17,60.71428571428571,9,17,9,464.071,7.0,1.0,1.0,0.0,0.0,Long-chain,False,False,False,True,Long-chain Branched Highly-fluorinated,Indirect Thermal Desorption,Lab,Soil,550.0,45.0,99.96,True,High,Medium,0.6,0.00024
375-95-1,Perfluorononanoic acid,OC(=O)C(F)(F)C(F)(F)C(F)(F)C(F)(F)C(F)(F)C(F)(F)C(F)(F)C(F)(F)F,C9HF17O2,464.078,17,60.71428571428571,9,17,9,464.071,7.0,1.0,1.0,0.0,0.0,Long-chain,False,False,False,True,Long-chain Branched Highly-fluorinated,Indirect Thermal Desorption,Lab,Soil,550.0,15.0,99.95333333333332,True,High,Short,0.6,0.00028
375-95-1,Perfluorononanoic acid,OC(=O)C(F)(F)C(F)(F)C(F)(F)C(F)(F)C(F)(F)C(F)(F)C(F)(F)C(F)(F)F,C9HF17O2,464.078,17,60.71428571428571,9,17,9,464.071,7.0,1.0,1.0,0.0,0.0,Long-chain,False,False,False,True,Long-chain Branched Highly-fluorinated,Indirect Thermal Desorption,Lab,Soil,450.0,75.0,99.94833333333332,True,High,Medium,0.6,0.00031
375-95-1,Perfluorononanoic acid,OC(=O)C(F)(F)C(F)(F)C(F)(F)C(F)(F)C(F)(F)C(F)(F)C(F)(F)C(F)(F)F,C9HF17O2,464.078,17,60.71428571428571,9,17,9,464.071,7.0,1.0,1.0,0.0,0.0,Long-chain,False,False,False,True,Long-chain Branched Highly-fluorinated,Indirect Thermal Desorption,Lab,Soil,450.0,45.0,99.93666666666668,True,High,Medium,0.6,0.00038
375-95-1,Perfluorononanoic acid,OC(=O)C(F)(F)C(F)(F)C(F)(F)C(F)(F)C(F)(F)C(F)(F)C(F)(F)C(F)(F)F,C9HF17O2,464.078,17,60.71428571428571,9,17,9,464.071,7.0,1.0,1.0,0.0,0.0,Long-chain,False,False,False,True,Long-chain Branched Highly-fluorinated,Indirect Thermal Desorption,Lab,Soil,450.0,15.0,99.6,True,High,Short,0.6,0.0024
375-95-1,Perfluorononanoic acid,OC(=O)C(F)(F)C(F)(F)C(F)(F)C(F)(F)C(F)(F)C(F)(F)C(F)(F)C(F)(F)F,C9HF17O2,464.078,17,60.71428571428571,9,17,9,464.071,7.0,1.0,1.0,0.0,0.0,Long-chain,False,False,False,True,Long-chain Branched Highly-fluorinated,Indirect Thermal Desorption,Lab,Soil,350.0,75.0,99.31666666666666,True,Medium,Medium,0.6,0.0041
375-95-1,Perfluorononanoic acid,OC(=O)C(F)(F)C(F)(F)C(F)(F)C(F)(F)C(F)(F)C(F)(F)C(F)(F)C(F)(F)F,C9HF17O2,464.078,17,60.71428571428571,9,17,9,464.071,7.0,1.0,1.0,0.0,0.0,Long-chain,False,False,False,True,Long-chain Branched Highly-fluorinated,Indirect Thermal Desorption,Lab,Soil,350.0,45.0,98.66666666666669,True,Medium,Medium,0.6,0.008
375-95-1,Perfluorononanoic acid,OC(=O)C(F)(F)C(F)(F)C(F)(F)C(F)(F)C(F)(F)C(F)(F)C(F)(F)C(F)(F)F,C9HF17O2,464.078,17,60.71428571428571,9,17,9,464.071,7.0,1.0,1.0,0.0,0.0,Long-chain,False,False,False,True,Long-chain Branched Highly-fluorinated,Indirect Thermal Desorption,Lab,Soil,350.0,15.0,84.16666666666667,True,Medium,Short,0.6,0.095
375-95-1,Perfluorononanoic acid,OC(=O)C(F)(F)C(F)(F)C(F)(F)C(F)(F)C(F)(F)C(F)(F)C(F)(F)C(F)(F)F,C9HF17O2,464.078,17,60.71428571428571,9,17,9,464.071,7.0,1.0,1.0,0.0,0.0,Long-chain,False,False,False,True,Long-chain Branched Highly-fluorinated,Indirect Thermal Desorption,Lab,Soil,250.0,75.0,75.0,False,Medium,Medium,0.6,0.15
375-95-1,Perfluorononanoic acid,OC(=O)C(F)(F)C(F)(F)C(F)(F)C(F)(F)C(F)(F)C(F)(F)C(F)(F)C(F)(F)F,C9HF17O2,464.078,17,60.71428571428571,9,17,9,464.071,7.0,1.0,1.0,0.0,0.0,Long-chain,False,False,False,True,Long-chain Branched Highly-fluorinated,Indirect Thermal Desorption,Lab,Soil,250.0,45.0,48.333333333333336,False,Medium,Medium,0.6,0.31
375-95-1,Perfluorononanoic acid,OC(=O)C(F)(F)C(F)(F)C(F)(F)C(F)(F)C(F)(F)C(F)(F)C(F)(F)C(F)(F)F,C9HF17O2,464.078,17,60.71428571428571,9,17,9,464.071,7.0,1.0,1.0,0.0,0.0,Long-chain,False,False,False,True,Long-chain Branched Highly-fluorinated,Indirect Thermal Desorption,Lab,Soil,250.0,15.0,5.000000000000004,False,Medium,Short,0.6,0.57
375-95-1,Perfluorononanoic acid,OC(=O)C(F)(F)C(F)(F)C(F)(F)C(F)(F)C(F)(F)C(F)(F)C(F)(F)C(F)(F)F,C9HF17O2,464.078,17,60.71428571428571,9,17,9,464.071,7.0,1.0,1.0,0.0,0.0,Long-chain,False,False,False,True,Long-chain Branched Highly-fluorinated,Indirect Thermal Desorption,Lab,Soil,150.0,75.0,0.0,False,Medium,Medium,0.6,0.6
375-95-1,Perfluorononanoic acid,OC(=O)C(F)(F)C(F)(F)C(F)(F)C(F)(F)C(F)(F)C(F)(F)C(F)(F)C(F)(F)F,C9HF17O2,464.078,17,60.71428571428571,9,17,9,464.071,7.0,1.0,1.0,0.0,0.0,Long-chain,False,False,False,True,Long-chain Branched Highly-fluorinated,Indirect Thermal Desorption,Lab,Soil,150.0,45.0,23.33333333333333,False,Medium,Medium,0.6,0.46
375-95-1,Perfluorononanoic acid,OC(=O)C(F)(F)C(F)(F)C(F)(F)C(F)(F)C(F)(F)C(F)(F)C(F)(F)C(F)(F)F,C9HF17O2,464.078,17,60.71428571428571,9,17,9,464.071,7.0,1.0,1.0,0.0,0.0,Long-chain,False,False,False,True,Long-chain Branched Highly-fluorinated,Indirect Thermal Desorption,Lab,Soil,150.0,15.0,9.999999999999991,False,Medium,Short,0.6,0.54
375-95-1,Perfluorononanoic acid,OC(=O)C(F)(F)C(F)(F)C(F)(F)C(F)(F)C(F)(F)C(F)(F)C(F)(F)C(F)(F)F,C9HF17O2,464.078,17,60.71428571428571,9,17,9,464.071,7.0,1.0,1.0,0.0,0.0,Long-chain,False,False,False,True,Long-chain Branched Highly-fluorinated,Indirect Thermal Desorption,Lab,Soil,550.0,75.0,99.83333333333331,True,High,Medium,0.6,0.001
375-95-1,Perfluorononanoic acid,OC(=O)C(F)(F)C(F)(F)C(F)(F)C(F)(F)C(F)(F)C(F)(F)C(F)(F)C(F)(F)F,C9HF17O2,464.078,17,60.71428571428571,9,17,9,464.071,7.0,1.0,1.0,0.0,0.0,Long-chain,False,False,False,True,Long-chain Branched Highly-fluorinated,Indirect Thermal Desorption,Lab,Soil,550.0,45.0,99.93333333333334,True,High,Medium,0.6,0.0004
375-95-1,Perfluorononanoic acid,OC(=O)C(F)(F)C(F)(F)C(F)(F)C(F)(F)C(F)(F)C(F)(F)C(F)(F)C(F)(F)F,C9HF17O2,464.078,17,60.71428571428571,9,17,9,464.071,7.0,1.0,1.0,0.0,0.0,Long-chain,False,False,False,True,Long-chain Branched Highly-fluorinated,Indirect Thermal Desorption,Lab,Soil,550.0,15.0,99.93333333333334,True,High,Short,0.6,0.0004
375-95-1,Perfluorononanoic acid,OC(=O)C(F)(F)C(F)(F)C(F)(F)C(F)(F)C(F)(F)C(F)(F)C(F)(F)C(F)(F)F,C9HF17O2,464.078,17,60.71428571428571,9,17,9,464.071,7.0,1.0,1.0,0.0,0.0,Long-chain,False,False,False,True,Long-chain Branched Highly-fluorinated,Indirect Thermal Desorption,Lab,Soil,450.0,75.0,99.91666666666669,True,High,Medium,0.6,0.0005
375-95-1,Perfluorononanoic acid,OC(=O)C(F)(F)C(F)(F)C(F)(F)C(F)(F)C(F)(F)C(F)(F)C(F)(F)C(F)(F)F,C9HF17O2,464.078,17,60.71428571428571,9,17,9,464.071,7.0,1.0,1.0,0.0,0.0,Long-chain,False,False,False,True,Long-chain Branched Highly-fluorinated,Indirect Thermal Desorption,Lab,Soil,450.0,45.0,99.93333333333334,True,High,Medium,0.6,0.0004
375-95-1,Perfluorononanoic acid,OC(=O)C(F)(F)C(F)(F)C(F)(F)C(F)(F)C(F)(F)C(F)(F)C(F)(F)C(F)(F)F,C9HF17O2,464.078,17,60.71428571428571,9,17,9,464.071,7.0,1.0,1.0,0.0,0.0,Long-chain,False,False,False,True,Long-chain Branched Highly-fluorinated,Indirect Thermal Desorption,Lab,Soil,450.0,15.0,97.0,True,High,Short,0.6,0.018
375-95-1,Perfluorononanoic acid,OC(=O)C(F)(F)C(F)(F)C(F)(F)C(F)(F)C(F)(F)C(F)(F)C(F)(F)C(F)(F)F,C9HF17O2,464.078,17,60.71428571428571,9,17,9,464.071,7.0,1.0,1.0,0.0,0.0,Long-chain,False,False,False,True,Long-chain Branched Highly-fluorinated,Indirect Thermal Desorption,Lab,Soil,350.0,75.0,99.51666666666668,True,Medium,Medium,0.6,0.0029
375-95-1,Perfluorononanoic acid,OC(=O)C(F)(F)C(F)(F)C(F)(F)C(F)(F)C(F)(F)C(F)(F)C(F)(F)C(F)(F)F,C9HF17O2,464.078,17,60.71428571428571,9,17,9,464.071,7.0,1.0,1.0,0.0,0.0,Long-chain,False,False,False,True,Long-chain Branched Highly-fluorinated,Indirect Thermal Desorption,Lab,Soil,350.0,45.0,95.83333333333331,True,Medium,Medium,0.6,0.025
375-95-1,Perfluorononanoic acid,OC(=O)C(F)(F)C(F)(F)C(F)(F)C(F)(F)C(F)(F)C(F)(F)C(F)(F)C(F)(F)F,C9HF17O2,464.078,17,60.71428571428571,9,17,9,464.071,7.0,1.0,1.0,0.0,0.0,Long-chain,False,False,False,True,Long-chain Branched Highly-fluorinated,Indirect Thermal Desorption,Lab,Soil,350.0,15.0,90.00000000000001,True,Medium,Short,0.6,0.06
375-95-1,Perfluorononanoic acid,OC(=O)C(F)(F)C(F)(F)C(F)(F)C(F)(F)C(F)(F)C(F)(F)C(F)(F)C(F)(F)F,C9HF17O2,464.078,17,60.71428571428571,9,17,9,464.071,7.0,1.0,1.0,0.0,0.0,Long-chain,False,False,False,True,Long-chain Branched Highly-fluorinated,Indirect Thermal Desorption,Lab,Soil,250.0,75.0,78.33333333333333,False,Medium,Medium,0.6,0.13
375-95-1,Perfluorononanoic acid,OC(=O)C(F)(F)C(F)(F)C(F)(F)C(F)(F)C(F)(F)C(F)(F)C(F)(F)C(F)(F)F,C9HF17O2,464.078,17,60.71428571428571,9,17,9,464.071,7.0,1.0,1.0,0.0,0.0,Long-chain,False,False,False,True,Long-chain Branched Highly-fluorinated,Indirect Thermal Desorption,Lab,Soil,250.0,45.0,53.333333333333336,False,Medium,Medium,0.6,0.28
375-95-1,Perfluorononanoic acid,OC(=O)C(F)(F)C(F)(F)C(F)(F)C(F)(F)C(F)(F)C(F)(F)C(F)(F)C(F)(F)F,C9HF17O2,464.078,17,60.71428571428571,9,17,9,464.071,7.0,1.0,1.0,0.0,0.0,Long-chain,False,False,False,True,Long-chain Branched Highly-fluorinated,Indirect Thermal Desorption,Lab,Soil,250.0,15.0,6.666666666666654,False,Medium,Short,0.6,0.56
375-95-1,Perfluorononanoic acid,OC(=O)C(F)(F)C(F)(F)C(F)(F)C(F)(F)C(F)(F)C(F)(F)C(F)(F)C(F)(F)F,C9HF17O2,464.078,17,60.71428571428571,9,17,9,464.071,7.0,1.0,1.0,0.0,0.0,Long-chain,False,False,False,True,Long-chain Branched Highly-fluorinated,Indirect Thermal Desorption,Lab,Soil,150.0,75.0,13.333333333333329,False,Medium,Medium,0.6,0.52
375-95-1,Perfluorononanoic acid,OC(=O)C(F)(F)C(F)(F)C(F)(F)C(F)(F)C(F)(F)C(F)(F)C(F)(F)C(F)(F)F,C9HF17O2,464.078,17,60.71428571428571,9,17,9,464.071,7.0,1.0,1.0,0.0,0.0,Long-chain,False,False,False,True,Long-chain Branched Highly-fluorinated,Indirect Thermal Desorption,Lab,Soil,150.0,45.0,14.999999999999996,False,Medium,Medium,0.6,0.51
375-95-1,Perfluorononanoic acid,OC(=O)C(F)(F)C(F)(F)C(F)(F)C(F)(F)C(F)(F)C(F)(F)C(F)(F)C(F)(F)F,C9HF17O2,464.078,17,60.71428571428571,9,17,9,464.071,7.0,1.0,1.0,0.0,0.0,Long-chain,False,False,False,True,Long-chain Branched Highly-fluorinated,Indirect Thermal Desorption,Lab,Soil,150.0,15.0,9.999999999999991,False,Medium,Short,0.6,0.54
375-95-1,Perfluorononanoic acid,OC(=O)C(F)(F)C(F)(F)C(F)(F)C(F)(F)C(F)(F)C(F)(F)C(F)(F)C(F)(F)F,C9HF17O2,464.078,17,60.71428571428571,9,17,9,464.071,7.0,1.0,1.0,0.0,0.0,Long-chain,False,False,False,True,Long-chain Branched Highly-fluorinated,Indirect Thermal Desorption,Lab,Soil,550.0,75.0,100.0,True,High,Medium,0.001,0.0
375-95-1,Perfluorononanoic acid,OC(=O)C(F)(F)C(F)(F)C(F)(F)C(F)(F)C(F)(F)C(F)(F)C(F)(F)C(F)(F)F,C9HF17O2,464.078,17,60.71428571428571,9,17,9,464.071,7.0,1.0,1.0,0.0,0.0,Long-chain,False,False,False,True,Long-chain Branched Highly-fluorinated,Indirect Thermal Desorption,Lab,Soil,550.0,45.0,61.00000000000001,False,High,Medium,0.001,0.00039
375-95-1,Perfluorononanoic acid,OC(=O)C(F)(F)C(F)(F)C(F)(F)C(F)(F)C(F)(F)C(F)(F)C(F)(F)C(F)(F)F,C9HF17O2,464.078,17,60.71428571428571,9,17,9,464.071,7.0,1.0,1.0,0.0,0.0,Long-chain,False,False,False,True,Long-chain Branched Highly-fluorinated,Indirect Thermal Desorption,Lab,Soil,550.0,15.0,63.0,False,High,Short,0.001,0.00037
375-95-1,Perfluorononanoic acid,OC(=O)C(F)(F)C(F)(F)C(F)(F)C(F)(F)C(F)(F)C(F)(F)C(F)(F)C(F)(F)F,C9HF17O2,464.078,17,60.71428571428571,9,17,9,464.071,7.0,1.0,1.0,0.0,0.0,Long-chain,False,False,False,True,Long-chain Branched Highly-fluorinated,Indirect Thermal Desorption,Lab,Soil,450.0,75.0,49.0,False,High,Medium,0.001,0.00051
375-95-1,Perfluorononanoic acid,OC(=O)C(F)(F)C(F)(F)C(F)(F)C(F)(F)C(F)(F)C(F)(F)C(F)(F)C(F)(F)F,C9HF17O2,464.078,17,60.71428571428571,9,17,9,464.071,7.0,1.0,1.0,0.0,0.0,Long-chain,False,False,False,True,Long-chain Branched Highly-fluorinated,Indirect Thermal Desorption,Lab,Soil,450.0,45.0,60.00000000000001,False,High,Medium,0.001,0.0004
375-95-1,Perfluorononanoic acid,OC(=O)C(F)(F)C(F)(F)C(F)(F)C(F)(F)C(F)(F)C(F)(F)C(F)(F)C(F)(F)F,C9HF17O2,464.078,17,60.71428571428571,9,17,9,464.071,7.0,1.0,1.0,0.0,0.0,Long-chain,False,False,False,True,Long-chain Branched Highly-fluorinated,Indirect Thermal Desorption,Lab,Soil,450.0,15.0,53.0,False,High,Short,0.001,0.00047
375-95-1,Perfluorononanoic acid,OC(=O)C(F)(F)C(F)(F)C(F)(F)C(F)(F)C(F)(F)C(F)(F)C(F)(F)C(F)(F)F,C9HF17O2,464.078,17,60.71428571428571,9,17,9,464.071,7.0,1.0,1.0,0.0,0.0,Long-chain,False,False,False,True,Long-chain Branched Highly-fluorinated,Indirect Thermal Desorption,Lab,Soil,350.0,75.0,22.000000000000004,False,Medium,Medium,0.001,0.00078
375-95-1,Perfluorononanoic acid,OC(=O)C(F)(F)C(F)(F)C(F)(F)C(F)(F)C(F)(F)C(F)(F)C(F)(F)C(F)(F)F,C9HF17O2,464.078,17,60.71428571428571,9,17,9,464.071,7.0,1.0,1.0,0.0,0.0,Long-chain,False,False,False,True,Long-chain Branched Highly-fluorinated,Indirect Thermal Desorption,Lab,Soil,350.0,45.0,72.00000000000001,False,Medium,Medium,0.001,0.00028
375-95-1,Perfluorononanoic acid,OC(=O)C(F)(F)C(F)(F)C(F)(F)C(F)(F)C(F)(F)C(F)(F)C(F)(F)C(F)(F)F,C9HF17O2,464.078,17,60.71428571428571,9,17,9,464.071,7.0,1.0,1.0,0.0,0.0,Long-chain,False,False,False,True,Long-chain Branched Highly-fluorinated,Indirect Thermal Desorption,Lab,Soil,350.0,15.0,74.0,False,Medium,Short,0.001,0.00026
375-95-1,Perfluorononanoic acid,OC(=O)C(F)(F)C(F)(F)C(F)(F)C(F)(F)C(F)(F)C(F)(F)C(F)(F)C(F)(F)F,C9HF17O2,464.078,17,60.71428571428571,9,17,9,464.071,7.0,1.0,1.0,0.0,0.0,Long-chain,False,False,False,True,Long-chain Branched Highly-fluorinated,Indirect Thermal Desorption,Lab,Soil,250.0,75.0,68.0,False,Medium,Medium,0.001,0.00032
375-95-1,Perfluorononanoic acid,OC(=O)C(F)(F)C(F)(F)C(F)(F)C(F)(F)C(F)(F)C(F)(F)C(F)(F)C(F)(F)F,C9HF17O2,464.078,17,60.71428571428571,9,17,9,464.071,7.0,1.0,1.0,0.0,0.0,Long-chain,False,False,False,True,Long-chain Branched Highly-fluorinated,Indirect Thermal Desorption,Lab,Soil,250.0,45.0,74.0,False,Medium,Medium,0.001,0.00026
375-95-1,Perfluorononanoic acid,OC(=O)C(F)(F)C(F)(F)C(F)(F)C(F)(F)C(F)(F)C(F)(F)C(F)(F)C(F)(F)F,C9HF17O2,464.078,17,60.71428571428571,9,17,9,464.071,7.0,1.0,1.0,0.0,0.0,Long-chain,False,False,False,True,Long-chain Branched Highly-fluorinated,Indirect Thermal Desorption,Lab,Soil,250.0,15.0,39.0,False,Medium,Short,0.001,0.00061
375-95-1,Perfluorononanoic acid,OC(=O)C(F)(F)C(F)(F)C(F)(F)C(F)(F)C(F)(F)C(F)(F)C(F)(F)C(F)(F)F,C9HF17O2,464.078,17,60.71428571428571,9,17,9,464.071,7.0,1.0,1.0,0.0,0.0,Long-chain,False,False,False,True,Long-chain Branched Highly-fluorinated,Indirect Thermal Desorption,Lab,Soil,150.0,75.0,62.0,False,Medium,Medium,0.001,0.00038
375-95-1,Perfluorononanoic acid,OC(=O)C(F)(F)C(F)(F)C(F)(F)C(F)(F)C(F)(F)C(F)(F)C(F)(F)C(F)(F)F,C9HF17O2,464.078,17,60.71428571428571,9,17,9,464.071,7.0,1.0,1.0,0.0,0.0,Long-chain,False,False,False,True,Long-chain Branched Highly-fluorinated,Indirect Thermal Desorption,Lab,Soil,150.0,45.0,77.0,False,Medium,Medium,0.001,0.00023
375-95-1,Perfluorononanoic acid,OC(=O)C(F)(F)C(F)(F)C(F)(F)C(F)(F)C(F)(F)C(F)(F)C(F)(F)C(F)(F)F,C9HF17O2,464.078,17,60.71428571428571,9,17,9,464.071,7.0,1.0,1.0,0.0,0.0,Long-chain,False,False,False,True,Long-chain Branched Highly-fluorinated,Indirect Thermal Desorption,Lab,Soil,150.0,15.0,0.0,False,Medium,Short,0.001,0.0029
375-95-1,Perfluorononanoic acid,OC(=O)C(F)(F)C(F)(F)C(F)(F)C(F)(F)C(F)(F)C(F)(F)C(F)(F)C(F)(F)F,C9HF17O2,464.078,17,60.71428571428571,9,17,9,464.071,7.0,1.0,1.0,0.0,0.0,Long-chain,False,False,False,True,Long-chain Branched Highly-fluorinated,Incineration,Full,Sludge,,,77.27272727272727,False,,,11.0,2.5
375-95-1,Perfluorononanoic acid,OC(=O)C(F)(F)C(F)(F)C(F)(F)C(F)(F)C(F)(F)C(F)(F)C(F)(F)C(F)(F)F,C9HF17O2,464.078,17,60.71428571428571,9,17,9,464.071,7.0,1.0,1.0,0.0,0.0,Long-chain,False,False,False,True,Long-chain Branched Highly-fluorinated,Indirect Thermal Desorption,Lab,Soil,300.0,14400.0,96.8125,True,Medium,Extended,16.0,0.51
375-95-1,Perfluorononanoic acid,OC(=O)C(F)(F)C(F)(F)C(F)(F)C(F)(F)C(F)(F)C(F)(F)C(F)(F)C(F)(F)F,C9HF17O2,464.078,17,60.71428571428571,9,17,9,464.071,7.0,1.0,1.0,0.0,0.0,Long-chain,False,False,False,True,Long-chain Branched Highly-fluorinated,Indirect Thermal Desorption,Lab,Soil,350.0,14400.0,98.75,True,Medium,Extended,16.0,0.2
375-95-1,Perfluorononanoic acid,OC(=O)C(F)(F)C(F)(F)C(F)(F)C(F)(F)C(F)(F)C(F)(F)C(F)(F)C(F)(F)F,C9HF17O2,464.078,17,60.71428571428571,9,17,9,464.071,7.0,1.0,1.0,0.0,0.0,Long-chain,False,False,False,True,Long-chain Branched Highly-fluorinated,Indirect Thermal Desorption,Lab,Soil,400.0,20160.0,99.775,True,Medium,Extended,16.0,0.036
335-67-1,Perfluorooctanoic acid,OC(=O)C(F)(F)C(F)(F)C(F)(F)C(F)(F)C(F)(F)C(F)(F)C(F)(F)F,C8HF15O2,414.07,15,60.0,8,15,8,414.064,6.0,1.0,1.0,0.0,0.0,Long-chain,False,False,False,True,Long-chain Branched Highly-fluorinated,Thermolysis,Lab,Various,400.0,30.0,,False,Medium,Short,0.0,32.0
335-67-1,Perfluorooctanoic acid,OC(=O)C(F)(F)C(F)(F)C(F)(F)C(F)(F)C(F)(F)C(F)(F)C(F)(F)F,C8HF15O2,414.07,15,60.0,8,15,8,414.064,6.0,1.0,1.0,0.0,0.0,Long-chain,False,False,False,True,Long-chain Branched Highly-fluorinated,Thermolysis,Lab,Various,400.0,30.0,,False,Medium,Short,0.0,23.0
335-67-1,Perfluorooctanoic acid,OC(=O)C(F)(F)C(F)(F)C(F)(F)C(F)(F)C(F)(F)C(F)(F)C(F)(F)F,C8HF15O2,414.07,15,60.0,8,15,8,414.064,6.0,1.0,1.0,0.0,0.0,Long-chain,False,False,False,True,Long-chain Branched Highly-fluorinated,Thermolysis,Lab,Various,400.0,30.0,,False,Medium,Short,0.0,15.0
335-67-1,Perfluorooctanoic acid,OC(=O)C(F)(F)C(F)(F)C(F)(F)C(F)(F)C(F)(F)C(F)(F)C(F)(F)F,C8HF15O2,414.07,15,60.0,8,15,8,414.064,6.0,1.0,1.0,0.0,0.0,Long-chain,False,False,False,True,Long-chain Branched Highly-fluorinated,Thermolysis,Lab,Various,300.0,30.0,79.29292929292929,False,Medium,Short,9900.0,2050.0
335-67-1,Perfluorooctanoic acid,OC(=O)C(F)(F)C(F)(F)C(F)(F)C(F)(F)C(F)(F)C(F)(F)C(F)(F)F,C8HF15O2,414.07,15,60.0,8,15,8,414.064,6.0,1.0,1.0,0.0,0.0,Long-chain,False,False,False,True,Long-chain Branched Highly-fluorinated,Thermolysis,Lab,Various,300.0,20.0,81.81818181818183,True,Medium,Short,9900.0,1800.0
335-67-1,Perfluorooctanoic acid,OC(=O)C(F)(F)C(F)(F)C(F)(F)C(F)(F)C(F)(F)C(F)(F)C(F)(F)F,C8HF15O2,414.07,15,60.0,8,15,8,414.064,6.0,1.0,1.0,0.0,0.0,Long-chain,False,False,False,True,Long-chain Branched Highly-fluorinated,Thermolysis,Lab,Various,300.0,10.0,83.83838383838383,True,Medium,Short,9900.0,1600.0
335-67-1,Perfluorooctanoic acid,OC(=O)C(F)(F)C(F)(F)C(F)(F)C(F)(F)C(F)(F)C(F)(F)C(F)(F)F,C8HF15O2,414.07,15,60.0,8,15,8,414.064,6.0,1.0,1.0,0.0,0.0,Long-chain,False,False,False,True,Long-chain Branched Highly-fluorinated,Electromagnetic Heating,Lab,Soil,845.0,2.0,,False,High,Short,0.02,
335-67-1,Perfluorooctanoic acid,OC(=O)C(F)(F)C(F)(F)C(F)(F)C(F)(F)C(F)(F)C(F)(F)C(F)(F)F,C8HF15O2,414.07,15,60.0,8,15,8,414.064,6.0,1.0,1.0,0.0,0.0,Long-chain,False,False,False,True,Long-chain Branched Highly-fluorinated,Hydrothermal Treatment,Lab,Sludge,300.0,120.0,,False,Medium,Medium,221.31,
335-67-1,Perfluorooctanoic acid,OC(=O)C(F)(F)C(F)(F)C(F)(F)C(F)(F)C(F)(F)C(F)(F)C(F)(F)F,C8HF15O2,414.07,15,60.0,8,15,8,414.064,6.0,1.0,1.0,0.0,0.0,Long-chain,False,False,False,True,Long-chain Branched Highly-fluorinated,Hydrothermal Treatment,Lab,Sludge,300.0,120.0,,False,Medium,Medium,221.31,
335-67-1,Perfluorooctanoic acid,OC(=O)C(F)(F)C(F)(F)C(F)(F)C(F)(F)C(F)(F)C(F)(F)C(F)(F)F,C8HF15O2,414.07,15,60.0,8,15,8,414.064,6.0,1.0,1.0,0.0,0.0,Long-chain,False,False,False,True,Long-chain Branched Highly-fluorinated,Hydrothermal Treatment,Lab,Sludge,300.0,120.0,,False,Medium,Medium,221.31,
335-67-1,Perfluorooctanoic acid,OC(=O)C(F)(F)C(F)(F)C(F)(F)C(F)(F)C(F)(F)C(F)(F)C(F)(F)F,C8HF15O2,414.07,15,60.0,8,15,8,414.064,6.0,1.0,1.0,0.0,0.0,Long-chain,False,False,False,True,Long-chain Branched Highly-fluorinated,Hydrothermal Treatment,Lab,Sludge,300.0,120.0,,False,Medium,Medium,221.31,
335-67-1,Perfluorooctanoic acid,OC(=O)C(F)(F)C(F)(F)C(F)(F)C(F)(F)C(F)(F)C(F)(F)C(F)(F)F,C8HF15O2,414.07,15,60.0,8,15,8,414.064,6.0,1.0,1.0,0.0,0.0,Long-chain,False,False,False,True,Long-chain Branched Highly-fluorinated,Hydrothermal Treatment,Lab,Sludge,300.0,120.0,,False,Medium,Medium,221.31,
335-67-1,Perfluorooctanoic acid,OC(=O)C(F)(F)C(F)(F)C(F)(F)C(F)(F)C(F)(F)C(F)(F)C(F)(F)F,C8HF15O2,414.07,15,60.0,8,15,8,414.064,6.0,1.0,1.0,0.0,0.0,Long-chain,False,False,False,True,Long-chain Branched Highly-fluorinated,Hydrothermal Treatment,Lab,Other,350.0,2.5,100.0,True,Medium,Short,45.0,0.0
335-67-1,Perfluorooctanoic acid,OC(=O)C(F)(F)C(F)(F)C(F)(F)C(F)(F)C(F)(F)C(F)(F)C(F)(F)F,C8HF15O2,414.07,15,60.0,8,15,8,414.064,6.0,1.0,1.0,0.0,0.0,Long-chain,False,False,False,True,Long-chain Branched Highly-fluorinated,Hydrothermal Treatment,Lab,Other,350.0,2.5,100.0,True,Medium,Short,410.0,0.0
335-67-1,Perfluorooctanoic acid,OC(=O)C(F)(F)C(F)(F)C(F)(F)C(F)(F)C(F)(F)C(F)(F)C(F)(F)F,C8HF15O2,414.07,15,60.0,8,15,8,414.064,6.0,1.0,1.0,0.0,0.0,Long-chain,False,False,False,True,Long-chain Branched Highly-fluorinated,Hydrothermal Treatment,Lab,Other,350.0,2.5,100.0,True,Medium,Short,410.0,0.0
335-67-1,Perfluorooctanoic acid,OC(=O)C(F)(F)C(F)(F)C(F)(F)C(F)(F)C(F)(F)C(F)(F)C(F)(F)F,C8HF15O2,414.07,15,60.0,8,15,8,414.064,6.0,1.0,1.0,0.0,0.0,Long-chain,False,False,False,True,Long-chain Branched Highly-fluorinated,Pyrolysis,Lab,Sludge,800.0,20.0,76.28571428571428,False,High,Short,0.35,0.083
335-67-1,Perfluorooctanoic acid,OC(=O)C(F)(F)C(F)(F)C(F)(F)C(F)(F)C(F)(F)C(F)(F)C(F)(F)F,C8HF15O2,414.07,15,60.0,8,15,8,414.064,6.0,1.0,1.0,0.0,0.0,Long-chain,False,False,False,True,Long-chain Branched Highly-fluorinated,Pyrolysis,Lab,Sludge,800.0,20.0,85.31073446327684,True,High,Short,0.531,0.078
335-67-1,Perfluorooctanoic acid,OC(=O)C(F)(F)C(F)(F)C(F)(F)C(F)(F)C(F)(F)C(F)(F)C(F)(F)F,C8HF15O2,414.07,15,60.0,8,15,8,414.064,6.0,1.0,1.0,0.0,0.0,Long-chain,False,False,False,True,Long-chain Branched Highly-fluorinated,Pyrolysis,Lab,Sludge,800.0,20.0,87.71653543307087,True,High,Short,0.635,0.078
335-67-1,Perfluorooctanoic acid,OC(=O)C(F)(F)C(F)(F)C(F)(F)C(F)(F)C(F)(F)C(F)(F)C(F)(F)F,C8HF15O2,414.07,15,60.0,8,15,8,414.064,6.0,1.0,1.0,0.0,0.0,Long-chain,False,False,False,True,Long-chain Branched Highly-fluorinated,Pyrolysis,Lab,Sludge,800.0,20.0,56.666666666666664,False,High,Short,0.18,0.078
335-67-1,Perfluorooctanoic acid,OC(=O)C(F)(F)C(F)(F)C(F)(F)C(F)(F)C(F)(F)C(F)(F)C(F)(F)F,C8HF15O2,414.07,15,60.0,8,15,8,414.064,6.0,1.0,1.0,0.0,0.0,Long-chain,False,False,False,True,Long-chain Branched Highly-fluorinated,Pyrolysis,Lab,Sludge,800.0,20.0,59.70873786407766,False,High,Short,0.206,0.083
335-67-1,Perfluorooctanoic acid,OC(=O)C(F)(F)C(F)(F)C(F)(F)C(F)(F)C(F)(F)C(F)(F)C(F)(F)F,C8HF15O2,414.07,15,60.0,8,15,8,414.064,6.0,1.0,1.0,0.0,0.0,Long-chain,False,False,False,True,Long-chain Branched Highly-fluorinated,Pyrolysis,Lab,Sludge,800.0,20.0,39.53488372093024,False,High,Short,0.129,0.078
335-67-1,Perfluorooctanoic acid,OC(=O)C(F)(F)C(F)(F)C(F)(F)C(F)(F)C(F)(F)C(F)(F)C(F)(F)F,C8HF15O2,414.07,15,60.0,8,15,8,414.064,6.0,1.0,1.0,0.0,0.0,Long-chain,False,False,False,True,Long-chain Branched Highly-fluorinated,Pyrolysis,Lab,Sludge,650.0,20.0,77.99999999999999,False,High,Short,0.35,0.077
335-67-1,Perfluorooctanoic acid,OC(=O)C(F)(F)C(F)(F)C(F)(F)C(F)(F)C(F)(F)C(F)(F)C(F)(F)F,C8HF15O2,414.07,15,60.0,8,15,8,414.064,6.0,1.0,1.0,0.0,0.0,Long-chain,False,False,False,True,Long-chain Branched Highly-fluorinated,Pyrolysis,Lab,Sludge,650.0,20.0,85.68738229755178,True,High,Short,0.531,0.076
335-67-1,Perfluorooctanoic acid,OC(=O)C(F)(F)C(F)(F)C(F)(F)C(F)(F)C(F)(F)C(F)(F)C(F)(F)F,C8HF15O2,414.07,15,60.0,8,15,8,414.064,6.0,1.0,1.0,0.0,0.0,Long-chain,False,False,False,True,Long-chain Branched Highly-fluorinated,Pyrolysis,Lab,Sludge,650.0,20.0,86.61417322834646,True,High,Short,0.635,0.085
335-67-1,Perfluorooctanoic acid,OC(=O)C(F)(F)C(F)(F)C(F)(F)C(F)(F)C(F)(F)C(F)(F)C(F)(F)F,C8HF15O2,414.07,15,60.0,8,15,8,414.064,6.0,1.0,1.0,0.0,0.0,Long-chain,False,False,False,True,Long-chain Branched Highly-fluorinated,Pyrolysis,Lab,Sludge,650.0,20.0,61.65048543689321,False,High,Short,0.206,0.079
335-67-1,Perfluorooctanoic acid,OC(=O)C(F)(F)C(F)(F)C(F)(F)C(F)(F)C(F)(F)C(F)(F)C(F)(F)F,C8HF15O2,414.07,15,60.0,8,15,8,414.064,6.0,1.0,1.0,0.0,0.0,Long-chain,False,False,False,True,Long-chain Branched Highly-fluorinated,Pyrolysis,Lab,Sludge,650.0,20.0,56.666666666666664,False,High,Short,0.18,0.078
335-67-1,Perfluorooctanoic acid,OC(=O)C(F)(F)C(F)(F)C(F)(F)C(F)(F)C(F)(F)C(F)(F)C(F)(F)F,C8HF15O2,414.07,15,60.0,8,15,8,414.064,6.0,1.0,1.0,0.0,0.0,Long-chain,False,False,False,True,Long-chain Branched Highly-fluorinated,Pyrolysis,Lab,Sludge,650.0,20.0,37.2093023255814,False,High,Short,0.129,0.081
335-67-1,Perfluorooctanoic acid,OC(=O)C(F)(F)C(F)(F)C(F)(F)C(F)(F)C(F)(F)C(F)(F)C(F)(F)F,C8HF15O2,414.07,15,60.0,8,15,8,414.064,6.0,1.0,1.0,0.0,0.0,Long-chain,False,False,False,True,Long-chain Branched Highly-fluorinated,Pyrolysis,Lab,Sludge,500.0,20.0,77.14285714285714,False,High,Short,0.35,0.08
335-67-1,Perfluorooctanoic acid,OC(=O)C(F)(F)C(F)(F)C(F)(F)C(F)(F)C(F)(F)C(F)(F)C(F)(F)F,C8HF15O2,414.07,15,60.0,8,15,8,414.064,6.0,1.0,1.0,0.0,0.0,Long-chain,False,False,False,True,Long-chain Branched Highly-fluorinated,Pyrolysis,Lab,Sludge,500.0,20.0,85.12241054613936,True,High,Short,0.531,0.079
335-67-1,Perfluorooctanoic acid,OC(=O)C(F)(F)C(F)(F)C(F)(F)C(F)(F)C(F)(F)C(F)(F)C(F)(F)F,C8HF15O2,414.07,15,60.0,8,15,8,414.064,6.0,1.0,1.0,0.0,0.0,Long-chain,False,False,False,True,Long-chain Branched Highly-fluorinated,Pyrolysis,Lab,Sludge,500.0,20.0,87.8740157480315,True,High,Short,0.635,0.077
335-67-1,Perfluorooctanoic acid,OC(=O)C(F)(F)C(F)(F)C(F)(F)C(F)(F)C(F)(F)C(F)(F)C(F)(F)F,C8HF15O2,414.07,15,60.0,8,15,8,414.064,6.0,1.0,1.0,0.0,0.0,Long-chain,False,False,False,True,Long-chain Branched Highly-fluorinated,Pyrolysis,Lab,Sludge,500.0,20.0,60.19417475728155,False,High,Short,0.206,0.082
335-67-1,Perfluorooctanoic acid,OC(=O)C(F)(F)C(F)(F)C(F)(F)C(F)(F)C(F)(F)C(F)(F)C(F)(F)F,C8HF15O2,414.07,15,60.0,8,15,8,414.064,6.0,1.0,1.0,0.0,0.0,Long-chain,False,False,False,True,Long-chain Branched Highly-fluorinated,Pyrolysis,Lab,Sludge,500.0,20.0,56.111111111111114,False,High,Short,0.18,0.079
335-67-1,Perfluorooctanoic acid,OC(=O)C(F)(F)C(F)(F)C(F)(F)C(F)(F)C(F)(F)C(F)(F)C(F)(F)F,C8HF15O2,414.07,15,60.0,8,15,8,414.064,6.0,1.0,1.0,0.0,0.0,Long-chain,False,False,False,True,Long-chain Branched Highly-fluorinated,Pyrolysis,Lab,Sludge,500.0,20.0,40.31007751937985,False,High,Short,0.129,0.077
335-67-1,Perfluorooctanoic acid,OC(=O)C(F)(F)C(F)(F)C(F)(F)C(F)(F)C(F)(F)C(F)(F)C(F)(F)F,C8HF15O2,414.07,15,60.0,8,15,8,414.064,6.0,1.0,1.0,0.0,0.0,Long-chain,False,False,False,True,Long-chain Branched Highly-fluorinated,Hydrothermal Treatment,Lab,Other,550.0,0.6333333333333333,99.9997461928934,True,High,Short,19.7,5e-05
335-67-1,Perfluorooctanoic acid,OC(=O)C(F)(F)C(F)(F)C(F)(F)C(F)(F)C(F)(F)C(F)(F)C(F)(F)F,C8HF15O2,414.07,15,60.0,8,15,8,414.064,6.0,1.0,1.0,0.0,0.0,Long-chain,False,False,False,True,Long-chain Branched Highly-fluorinated,Hydrothermal Treatment,Lab,Other,550.0,0.6333333333333333,99.9997461928934,True,High,Short,19.7,5e-05
335-67-1,Perfluorooctanoic acid,OC(=O)C(F)(F)C(F)(F)C(F)(F)C(F)(F)C(F)(F)C(F)(F)C(F)(F)F,C8HF15O2,414.07,15,60.0,8,15,8,414.064,6.0,1.0,1.0,0.0,0.0,Long-chain,False,False,False,True,Long-chain Branched Highly-fluorinated,Hydrothermal Treatment,Lab,Other,515.0,0.6666666666666666,99.99712871287127,True,High,Short,20.2,0.00058
335-67-1,Perfluorooctanoic acid,OC(=O)C(F)(F)C(F)(F)C(F)(F)C(F)(F)C(F)(F)C(F)(F)C(F)(F)F,C8HF15O2,414.07,15,60.0,8,15,8,414.064,6.0,1.0,1.0,0.0,0.0,Long-chain,False,False,False,True,Long-chain Branched Highly-fluorinated,Hydrothermal Treatment,Lab,Other,515.0,0.6666666666666666,99.99712871287127,True,High,Short,20.2,0.00058
335-67-1,Perfluorooctanoic acid,OC(=O)C(F)(F)C(F)(F)C(F)(F)C(F)(F)C(F)(F)C(F)(F)C(F)(F)F,C8HF15O2,414.07,15,60.0,8,15,8,414.064,6.0,1.0,1.0,0.0,0.0,Long-chain,False,False,False,True,Long-chain Branched Highly-fluorinated,Hydrothermal Treatment,Lab,Other,480.0,0.9833333333333332,99.99655339805824,True,High,Short,20.6,0.00071
335-67-1,Perfluorooctanoic acid,OC(=O)C(F)(F)C(F)(F)C(F)(F)C(F)(F)C(F)(F)C(F)(F)C(F)(F)F,C8HF15O2,414.07,15,60.0,8,15,8,414.064,6.0,1.0,1.0,0.0,0.0,Long-chain,False,False,False,True,Long-chain Branched Highly-fluorinated,Hydrothermal Treatment,Lab,Other,480.0,0.9833333333333332,99.99655339805824,True,High,Short,20.6,0.00071
335-67-1,Perfluorooctanoic acid,OC(=O)C(F)(F)C(F)(F)C(F)(F)C(F)(F)C(F)(F)C(F)(F)C(F)(F)F,C8HF15O2,414.07,15,60.0,8,15,8,414.064,6.0,1.0,1.0,0.0,0.0,Long-chain,False,False,False,True,Long-chain Branched Highly-fluorinated,Hydrothermal Treatment,Lab,Other,450.0,1.1833333333333331,99.99485714285711,True,High,Short,21.0,0.00108
335-67-1,Perfluorooctanoic acid,OC(=O)C(F)(F)C(F)(F)C(F)(F)C(F)(F)C(F)(F)C(F)(F)C(F)(F)F,C8HF15O2,414.07,15,60.0,8,15,8,414.064,6.0,1.0,1.0,0.0,0.0,Long-chain,False,False,False,True,Long-chain Branched Highly-fluorinated,Hydrothermal Treatment,Lab,Other,450.0,1.1833333333333331,99.99485714285711,True,High,Short,21.0,0.00108
335-67-1,Perfluorooctanoic acid,OC(=O)C(F)(F)C(F)(F)C(F)(F)C(F)(F)C(F)(F)C(F)(F)C(F)(F)F,C8HF15O2,414.07,15,60.0,8,15,8,414.064,6.0,1.0,1.0,0.0,0.0,Long-chain,False,False,False,True,Long-chain Branched Highly-fluorinated,Hydrothermal Treatment,Lab,Other,410.0,1.8,99.99386046511628,True,High,Short,21.5,0.00132
335-67-1,Perfluorooctanoic acid,OC(=O)C(F)(F)C(F)(F)C(F)(F)C(F)(F)C(F)(F)C(F)(F)C(F)(F)F,C8HF15O2,414.07,15,60.0,8,15,8,414.064,6.0,1.0,1.0,0.0,0.0,Long-chain,False,False,False,True,Long-chain Branched Highly-fluorinated,Hydrothermal Treatment,Lab,Other,410.0,1.8,99.99386046511628,True,High,Short,21.5,0.00132
335-67-1,Perfluorooctanoic acid,OC(=O)C(F)(F)C(F)(F)C(F)(F)C(F)(F)C(F)(F)C(F)(F)C(F)(F)F,C8HF15O2,414.07,15,60.0,8,15,8,414.064,6.0,1.0,1.0,0.0,0.0,Long-chain,False,False,False,True,Long-chain Branched Highly-fluorinated,GAC Reactivation,Full,Treatment Media,1093.0,,99.99585714285716,True,High,,14000.0,0.58
335-67-1,Perfluorooctanoic acid,OC(=O)C(F)(F)C(F)(F)C(F)(F)C(F)(F)C(F)(F)C(F)(F)C(F)(F)F,C8HF15O2,414.07,15,60.0,8,15,8,414.064,6.0,1.0,1.0,0.0,0.0,Long-chain,False,False,False,True,Long-chain Branched Highly-fluorinated,GAC Reactivation,Full,Treatment Media,1093.0,,99.99,True,High,,5800.0,0.58
335-67-1,Perfluorooctanoic acid,OC(=O)C(F)(F)C(F)(F)C(F)(F)C(F)(F)C(F)(F)C(F)(F)C(F)(F)F,C8HF15O2,414.07,15,60.0,8,15,8,414.064,6.0,1.0,1.0,0.0,0.0,Long-chain,False,False,False,True,Long-chain Branched Highly-fluorinated,GAC Reactivation,Full,Treatment Media,1093.0,,99.99677777777777,True,High,,18000.0,0.58
335-67-1,Perfluorooctanoic acid,OC(=O)C(F)(F)C(F)(F)C(F)(F)C(F)(F)C(F)(F)C(F)(F)C(F)(F)F,C8HF15O2,414.07,15,60.0,8,15,8,414.064,6.0,1.0,1.0,0.0,0.0,Long-chain,False,False,False,True,Long-chain Branched Highly-fluorinated,Electric Furnace,Lab,Other,250.0,75.0,87.33190411225881,True,Medium,Medium,25.655,3.25
335-67-1,Perfluorooctanoic acid,OC(=O)C(F)(F)C(F)(F)C(F)(F)C(F)(F)C(F)(F)C(F)(F)C(F)(F)F,C8HF15O2,414.07,15,60.0,8,15,8,414.064,6.0,1.0,1.0,0.0,0.0,Long-chain,False,False,False,True,Long-chain Branched Highly-fluorinated,Electric Furnace,Lab,Other,300.0,75.0,99.14246735529136,True,Medium,Medium,25.655,0.22
335-67-1,Perfluorooctanoic acid,OC(=O)C(F)(F)C(F)(F)C(F)(F)C(F)(F)C(F)(F)C(F)(F)C(F)(F)F,C8HF15O2,414.07,15,60.0,8,15,8,414.064,6.0,1.0,1.0,0.0,0.0,Long-chain,False,False,False,True,Long-chain Branched Highly-fluorinated,Electric Furnace,Lab,Other,400.0,75.0,99.97334991560808,True,Medium,Medium,112.57,0.03
335-67-1,Perfluorooctanoic acid,OC(=O)C(F)(F)C(F)(F)C(F)(F)C(F)(F)C(F)(F)C(F)(F)C(F)(F)F,C8HF15O2,414.07,15,60.0,8,15,8,414.064,6.0,1.0,1.0,0.0,0.0,Long-chain,False,False,False,True,Long-chain Branched Highly-fluorinated,Electric Furnace,Lab,Other,500.0,75.0,99.92893310828818,True,High,Medium,112.57,0.08
335-67-1,Perfluorooctanoic acid,OC(=O)C(F)(F)C(F)(F)C(F)(F)C(F)(F)C(F)(F)C(F)(F)C(F)(F)F,C8HF15O2,414.07,15,60.0,8,15,8,414.064,6.0,1.0,1.0,0.0,0.0,Long-chain,False,False,False,True,Long-chain Branched Highly-fluorinated,Electric Furnace,Lab,Other,550.0,75.0,100.0,True,High,Medium,112.57,0.0
335-67-1,Perfluorooctanoic acid,OC(=O)C(F)(F)C(F)(F)C(F)(F)C(F)(F)C(F)(F)C(F)(F)C(F)(F)F,C8HF15O2,414.07,15,60.0,8,15,8,414.064,6.0,1.0,1.0,0.0,0.0,Long-chain,False,False,False,True,Long-chain Branched Highly-fluorinated,GAC Reactivation,Lab,Treatment Media,500.0,30.0,,False,High,Short,,
335-67-1,Perfluorooctanoic acid,OC(=O)C(F)(F)C(F)(F)C(F)(F)C(F)(F)C(F)(F)C(F)(F)C(F)(F)F,C8HF15O2,414.07,15,60.0,8,15,8,414.064,6.0,1.0,1.0,0.0,0.0,Long-chain,False,False,False,True,Long-chain Branched Highly-fluorinated,GAC Reactivation,Lab,Treatment Media,500.0,30.0,,False,High,Short,,
335-67-1,Perfluorooctanoic acid,OC(=O)C(F)(F)C(F)(F)C(F)(F)C(F)(F)C(F)(F)C(F)(F)C(F)(F)F,C8HF15O2,414.07,15,60.0,8,15,8,414.064,6.0,1.0,1.0,0.0,0.0,Long-chain,False,False,False,True,Long-chain Branched Highly-fluorinated,Pyrolysis,Lab,Sludge,700.0,,,False,High,,0.0,0.0
335-67-1,Perfluorooctanoic acid,OC(=O)C(F)(F)C(F)(F)C(F)(F)C(F)(F)C(F)(F)C(F)(F)C(F)(F)F,C8HF15O2,414.07,15,60.0,8,15,8,414.064,6.0,1.0,1.0,0.0,0.0,Long-chain,False,False,False,True,Long-chain Branched Highly-fluorinated,Pyrolysis,Lab,Sludge,500.0,,,False,High,,0.0,0.23
335-67-1,Perfluorooctanoic acid,OC(=O)C(F)(F)C(F)(F)C(F)(F)C(F)(F)C(F)(F)C(F)(F)C(F)(F)F,C8HF15O2,414.07,15,60.0,8,15,8,414.064,6.0,1.0,1.0,0.0,0.0,Long-chain,False,False,False,True,Long-chain Branched Highly-fluorinated,Pyrolysis,Lab,Sludge,500.0,,,False,High,,0.0,0.18
335-67-1,Perfluorooctanoic acid,OC(=O)C(F)(F)C(F)(F)C(F)(F)C(F)(F)C(F)(F)C(F)(F)C(F)(F)F,C8HF15O2,414.07,15,60.0,8,15,8,414.064,6.0,1.0,1.0,0.0,0.0,Long-chain,False,False,False,True,Long-chain Branched Highly-fluorinated,Thermal Oxidation of Off-gas,Lab,Treatment Media,595.0,0.1333333333333333,,False,High,Short,1000.0,
335-67-1,Perfluorooctanoic acid,OC(=O)C(F)(F)C(F)(F)C(F)(F)C(F)(F)C(F)(F)C(F)(F)C(F)(F)F,C8HF15O2,414.07,15,60.0,8,15,8,414.064,6.0,1.0,1.0,0.0,0.0,Long-chain,False,False,False,True,Long-chain Branched Highly-fluorinated,Thermal Oxidation of Off-gas,Lab,Treatment Media,590.0,0.1666666666666666,,False,High,Short,1000.0,
335-67-1,Perfluorooctanoic acid,OC(=O)C(F)(F)C(F)(F)C(F)(F)C(F)(F)C(F)(F)C(F)(F)C(F)(F)F,C8HF15O2,414.07,15,60.0,8,15,8,414.064,6.0,1.0,1.0,0.0,0.0,Long-chain,False,False,False,True,Long-chain Branched Highly-fluorinated,Thermal Oxidation of Off-gas,Lab,Treatment Media,590.0,1.0,,False,High,Short,0.1,
335-67-1,Perfluorooctanoic acid,OC(=O)C(F)(F)C(F)(F)C(F)(F)C(F)(F)C(F)(F)C(F)(F)C(F)(F)F,C8HF15O2,414.07,15,60.0,8,15,8,414.064,6.0,1.0,1.0,0.0,0.0,Long-chain,False,False,False,True,Long-chain Branched Highly-fluorinated,Pyrolysis,Lab,Soil,450.0,30.0,,False,High,Short,0.0097,
335-67-1,Perfluorooctanoic acid,OC(=O)C(F)(F)C(F)(F)C(F)(F)C(F)(F)C(F)(F)C(F)(F)C(F)(F)F,C8HF15O2,414.07,15,60.0,8,15,8,414.064,6.0,1.0,1.0,0.0,0.0,Long-chain,False,False,False,True,Long-chain Branched Highly-fluorinated,Pyrolysis,Lab,Soil,300.0,30.0,,False,Medium,Short,0.0097,
335-67-1,Perfluorooctanoic acid,OC(=O)C(F)(F)C(F)(F)C(F)(F)C(F)(F)C(F)(F)C(F)(F)C(F)(F)F,C8HF15O2,414.07,15,60.0,8,15,8,414.064,6.0,1.0,1.0,0.0,0.0,Long-chain,False,False,False,True,Long-chain Branched Highly-fluorinated,Pyrolysis,Lab,Soil,200.0,30.0,,False,Medium,Short,0.0097,
335-67-1,Perfluorooctanoic acid,OC(=O)C(F)(F)C(F)(F)C(F)(F)C(F)(F)C(F)(F)C(F)(F)C(F)(F)F,C8HF15O2,414.07,15,60.0,8,15,8,414.064,6.0,1.0,1.0,0.0,0.0,Long-chain,False,False,False,True,Long-chain Branched Highly-fluorinated,Pyrolysis,Pilot,Sludge,649.0,19.1,99.45722713864308,True,High,Short,84.75,0.46
335-67-1,Perfluorooctanoic acid,OC(=O)C(F)(F)C(F)(F)C(F)(F)C(F)(F)C(F)(F)C(F)(F)C(F)(F)F,C8HF15O2,414.07,15,60.0,8,15,8,414.064,6.0,1.0,1.0,0.0,0.0,Long-chain,False,False,False,True,Long-chain Branched Highly-fluorinated,Pyrolysis,Pilot,Sludge,649.0,19.1,99.90767455279862,True,High,Short,86.65,0.08
335-67-1,Perfluorooctanoic acid,OC(=O)C(F)(F)C(F)(F)C(F)(F)C(F)(F)C(F)(F)C(F)(F)C(F)(F)F,C8HF15O2,414.07,15,60.0,8,15,8,414.064,6.0,1.0,1.0,0.0,0.0,Long-chain,False,False,False,True,Long-chain Branched Highly-fluorinated,Pyrolysis,Pilot,Sludge,649.0,19.1,100.0,True,High,Short,85.7,0.0
335-67-1,Perfluorooctanoic acid,OC(=O)C(F)(F)C(F)(F)C(F)(F)C(F)(F)C(F)(F)C(F)(F)C(F)(F)F,C8HF15O2,414.07,15,60.0,8,15,8,414.064,6.0,1.0,1.0,0.0,0.0,Long-chain,False,False,False,True,Long-chain Branched Highly-fluorinated,Hydrothermal Treatment,Not specified,Sludge,300.0,120.0,100.0,True,Medium,Medium,3.0,0.0
335-67-1,Perfluorooctanoic acid,OC(=O)C(F)(F)C(F)(F)C(F)(F)C(F)(F)C(F)(F)C(F)(F)C(F)(F)F,C8HF15O2,414.07,15,60.0,8,15,8,414.064,6.0,1.0,1.0,0.0,0.0,Long-chain,False,False,False,True,Long-chain Branched Highly-fluorinated,Hydrothermal Treatment,Not specified,Sludge,165.0,120.0,0.0,False,Medium,Medium,3.0,10.0
335-67-1,Perfluorooctanoic acid,OC(=O)C(F)(F)C(F)(F)C(F)(F)C(F)(F)C(F)(F)C(F)(F)C(F)(F)F,C8HF15O2,414.07,15,60.0,8,15,8,414.064,6.0,1.0,1.0,0.0,0.0,Long-chain,False,False,False,True,Long-chain Branched Highly-fluorinated,Hydrothermal Treatment,Not specified,Sludge,300.0,120.0,100.0,True,Medium,Medium,3.0,0.0
335-67-1,Perfluorooctanoic acid,OC(=O)C(F)(F)C(F)(F)C(F)(F)C(F)(F)C(F)(F)C(F)(F)C(F)(F)F,C8HF15O2,414.07,15,60.0,8,15,8,414.064,6.0,1.0,1.0,0.0,0.0,Long-chain,False,False,False,True,Long-chain Branched Highly-fluorinated,Hydrothermal Treatment,Not specified,Sludge,300.0,300.0,100.0,True,Medium,Long,3.0,0.0
335-67-1,Perfluorooctanoic acid,OC(=O)C(F)(F)C(F)(F)C(F)(F)C(F)(F)C(F)(F)C(F)(F)C(F)(F)F,C8HF15O2,414.07,15,60.0,8,15,8,414.064,6.0,1.0,1.0,0.0,0.0,Long-chain,False,False,False,True,Long-chain Branched Highly-fluorinated,Hydrothermal Treatment,Not specified,Sludge,250.0,120.0,100.0,True,Medium,Medium,3.0,0.0
335-67-1,Perfluorooctanoic acid,OC(=O)C(F)(F)C(F)(F)C(F)(F)C(F)(F)C(F)(F)C(F)(F)C(F)(F)F,C8HF15O2,414.07,15,60.0,8,15,8,414.064,6.0,1.0,1.0,0.0,0.0,Long-chain,False,False,False,True,Long-chain Branched Highly-fluorinated,Hydrothermal Treatment,Not specified,Sludge,250.0,300.0,0.0,False,Medium,Long,3.0,4.0
335-67-1,Perfluorooctanoic acid,OC(=O)C(F)(F)C(F)(F)C(F)(F)C(F)(F)C(F)(F)C(F)(F)C(F)(F)F,C8HF15O2,414.07,15,60.0,8,15,8,414.064,6.0,1.0,1.0,0.0,0.0,Long-chain,False,False,False,True,Long-chain Branched Highly-fluorinated,Hydrothermal Treatment,Not specified,Sludge,165.0,120.0,0.0,False,Medium,Medium,3.0,7.0
335-67-1,Perfluorooctanoic acid,OC(=O)C(F)(F)C(F)(F)C(F)(F)C(F)(F)C(F)(F)C(F)(F)C(F)(F)F,C8HF15O2,414.07,15,60.0,8,15,8,414.064,6.0,1.0,1.0,0.0,0.0,Long-chain,False,False,False,True,Long-chain Branched Highly-fluorinated,Hydrothermal Treatment,Not specified,Sludge,165.0,300.0,0.0,False,Medium,Long,3.0,5.0
335-67-1,Perfluorooctanoic acid,OC(=O)C(F)(F)C(F)(F)C(F)(F)C(F)(F)C(F)(F)C(F)(F)C(F)(F)F,C8HF15O2,414.07,15,60.0,8,15,8,414.064,6.0,1.0,1.0,0.0,0.0,Long-chain,False,False,False,True,Long-chain Branched Highly-fluorinated,Pyrolysis,Pilot,Sludge,,300.0,,False,,Long,,
335-67-1,Perfluorooctanoic acid,OC(=O)C(F)(F)C(F)(F)C(F)(F)C(F)(F)C(F)(F)C(F)(F)C(F)(F)F,C8HF15O2,414.07,15,60.0,8,15,8,414.064,6.0,1.0,1.0,0.0,0.0,Long-chain,False,False,False,True,Long-chain Branched Highly-fluorinated,Hydrothermal Treatment,Lab,Treatment Media,200.0,240.0,,False,Medium,Long,,
335-67-1,Perfluorooctanoic acid,OC(=O)C(F)(F)C(F)(F)C(F)(F)C(F)(F)C(F)(F)C(F)(F)C(F)(F)F,C8HF15O2,414.07,15,60.0,8,15,8,414.064,6.0,1.0,1.0,0.0,0.0,Long-chain,False,False,False,True,Long-chain Branched Highly-fluorinated,Electric Furnace,Lab,Other,550.0,30.0,,False,High,Short,,
335-67-1,Perfluorooctanoic acid,OC(=O)C(F)(F)C(F)(F)C(F)(F)C(F)(F)C(F)(F)C(F)(F)C(F)(F)F,C8HF15O2,414.07,15,60.0,8,15,8,414.064,6.0,1.0,1.0,0.0,0.0,Long-chain,False,False,False,True,Long-chain Branched Highly-fluorinated,GAC Reactivation,Full,Treatment Media,,,,False,,,,0.75
335-67-1,Perfluorooctanoic acid,OC(=O)C(F)(F)C(F)(F)C(F)(F)C(F)(F)C(F)(F)C(F)(F)C(F)(F)F,C8HF15O2,414.07,15,60.0,8,15,8,414.064,6.0,1.0,1.0,0.0,0.0,Long-chain,False,False,False,True,Long-chain Branched Highly-fluorinated,Rotary Kiln,Full,Soil,,,,False,,,,15.655
335-67-1,Perfluorooctanoic acid,OC(=O)C(F)(F)C(F)(F)C(F)(F)C(F)(F)C(F)(F)C(F)(F)C(F)(F)F,C8HF15O2,414.07,15,60.0,8,15,8,414.064,6.0,1.0,1.0,0.0,0.0,Long-chain,False,False,False,True,Long-chain Branched Highly-fluorinated,Pyrolysis,Not specified,Sludge,700.0,180.0,7.55864465682015,False,High,Medium,11.51,10.64
335-67-1,Perfluorooctanoic acid,OC(=O)C(F)(F)C(F)(F)C(F)(F)C(F)(F)C(F)(F)C(F)(F)C(F)(F)F,C8HF15O2,414.07,15,60.0,8,15,8,414.064,6.0,1.0,1.0,0.0,0.0,Long-chain,False,False,False,True,Long-chain Branched Highly-fluorinated,Pyrolysis,Not specified,Sludge,300.0,180.0,0.0,False,Medium,Medium,11.51,12.03
335-67-1,Perfluorooctanoic acid,OC(=O)C(F)(F)C(F)(F)C(F)(F)C(F)(F)C(F)(F)C(F)(F)C(F)(F)F,C8HF15O2,414.07,15,60.0,8,15,8,414.064,6.0,1.0,1.0,0.0,0.0,Long-chain,False,False,False,True,Long-chain Branched Highly-fluorinated,Rotary Kiln,Full,Soil,,,,False,,,,
335-67-1,Perfluorooctanoic acid,OC(=O)C(F)(F)C(F)(F)C(F)(F)C(F)(F)C(F)(F)C(F)(F)C(F)(F)F,C8HF15O2,414.07,15,60.0,8,15,8,414.064,6.0,1.0,1.0,0.0,0.0,Long-chain,False,False,False,True,Long-chain Branched Highly-fluorinated,Rotary Kiln,Full,Soil,,,,False,,,,
335-67-1,Perfluorooctanoic acid,OC(=O)C(F)(F)C(F)(F)C(F)(F)C(F)(F)C(F)(F)C(F)(F)C(F)(F)F,C8HF15O2,414.07,15,60.0,8,15,8,414.064,6.0,1.0,1.0,0.0,0.0,Long-chain,False,False,False,True,Long-chain Branched Highly-fluorinated,Rotary Kiln,Full,Soil,,,100.0,True,,,0.0765,0.0
335-67-1,Perfluorooctanoic acid,OC(=O)C(F)(F)C(F)(F)C(F)(F)C(F)(F)C(F)(F)C(F)(F)C(F)(F)F,C8HF15O2,414.07,15,60.0,8,15,8,414.064,6.0,1.0,1.0,0.0,0.0,Long-chain,False,False,False,True,Long-chain Branched Highly-fluorinated,Indirect Thermal Desorption,Pilot,Soil,650.0,,,False,High,,101.0,
335-67-1,Perfluorooctanoic acid,OC(=O)C(F)(F)C(F)(F)C(F)(F)C(F)(F)C(F)(F)C(F)(F)C(F)(F)F,C8HF15O2,414.07,15,60.0,8,15,8,414.064,6.0,1.0,1.0,0.0,0.0,Long-chain,False,False,False,True,Long-chain Branched Highly-fluorinated,Indirect Thermal Desorption,Pilot,Soil,650.0,,,False,High,,139.0,
335-67-1,Perfluorooctanoic acid,OC(=O)C(F)(F)C(F)(F)C(F)(F)C(F)(F)C(F)(F)C(F)(F)C(F)(F)F,C8HF15O2,414.07,15,60.0,8,15,8,414.064,6.0,1.0,1.0,0.0,0.0,Long-chain,False,False,False,True,Long-chain Branched Highly-fluorinated,Indirect Thermal Desorption,Pilot,Soil,500.0,,,False,High,,100.0,
335-67-1,Perfluorooctanoic acid,OC(=O)C(F)(F)C(F)(F)C(F)(F)C(F)(F)C(F)(F)C(F)(F)C(F)(F)F,C8HF15O2,414.07,15,60.0,8,15,8,414.064,6.0,1.0,1.0,0.0,0.0,Long-chain,False,False,False,True,Long-chain Branched Highly-fluorinated,Indirect Thermal Desorption,Pilot,Soil,500.0,,,False,High,,112.0,
335-67-1,Perfluorooctanoic acid,OC(=O)C(F)(F)C(F)(F)C(F)(F)C(F)(F)C(F)(F)C(F)(F)C(F)(F)F,C8HF15O2,414.07,15,60.0,8,15,8,414.064,6.0,1.0,1.0,0.0,0.0,Long-chain,False,False,False,True,Long-chain Branched Highly-fluorinated,Indirect Thermal Desorption,Pilot,Soil,650.0,,,False,High,,125.0,
335-67-1,Perfluorooctanoic acid,OC(=O)C(F)(F)C(F)(F)C(F)(F)C(F)(F)C(F)(F)C(F)(F)C(F)(F)F,C8HF15O2,414.07,15,60.0,8,15,8,414.064,6.0,1.0,1.0,0.0,0.0,Long-chain,False,False,False,True,Long-chain Branched Highly-fluorinated,Indirect Thermal Desorption,Pilot,Soil,500.0,,,False,High,,143.0,
335-67-1,Perfluorooctanoic acid,OC(=O)C(F)(F)C(F)(F)C(F)(F)C(F)(F)C(F)(F)C(F)(F)C(F)(F)F,C8HF15O2,414.07,15,60.0,8,15,8,414.064,6.0,1.0,1.0,0.0,0.0,Long-chain,False,False,False,True,Long-chain Branched Highly-fluorinated,GAC Reactivation,Lab,Treatment Media,500.0,,,False,High,,,
335-67-1,Perfluorooctanoic acid,OC(=O)C(F)(F)C(F)(F)C(F)(F)C(F)(F)C(F)(F)C(F)(F)C(F)(F)F,C8HF15O2,414.07,15,60.0,8,15,8,414.064,6.0,1.0,1.0,0.0,0.0,Long-chain,False,False,False,True,Long-chain Branched Highly-fluorinated,GAC Reactivation,Lab,Treatment Media,500.0,,,False,High,,,
335-67-1,Perfluorooctanoic acid,OC(=O)C(F)(F)C(F)(F)C(F)(F)C(F)(F)C(F)(F)C(F)(F)C(F)(F)F,C8HF15O2,414.07,15,60.0,8,15,8,414.064,6.0,1.0,1.0,0.0,0.0,Long-chain,False,False,False,True,Long-chain Branched Highly-fluorinated,GAC Reactivation,Lab,Treatment Media,500.0,,,False,High,,,
335-67-1,Perfluorooctanoic acid,OC(=O)C(F)(F)C(F)(F)C(F)(F)C(F)(F)C(F)(F)C(F)(F)C(F)(F)F,C8HF15O2,414.07,15,60.0,8,15,8,414.064,6.0,1.0,1.0,0.0,0.0,Long-chain,False,False,False,True,Long-chain Branched Highly-fluorinated,GAC Reactivation,Lab,Treatment Media,450.0,,,False,High,,,
335-67-1,Perfluorooctanoic acid,OC(=O)C(F)(F)C(F)(F)C(F)(F)C(F)(F)C(F)(F)C(F)(F)C(F)(F)F,C8HF15O2,414.07,15,60.0,8,15,8,414.064,6.0,1.0,1.0,0.0,0.0,Long-chain,False,False,False,True,Long-chain Branched Highly-fluorinated,GAC Reactivation,Lab,Treatment Media,450.0,,,False,High,,,
335-67-1,Perfluorooctanoic acid,OC(=O)C(F)(F)C(F)(F)C(F)(F)C(F)(F)C(F)(F)C(F)(F)C(F)(F)F,C8HF15O2,414.07,15,60.0,8,15,8,414.064,6.0,1.0,1.0,0.0,0.0,Long-chain,False,False,False,True,Long-chain Branched Highly-fluorinated,GAC Reactivation,Lab,Treatment Media,450.0,,,False,High,,,
335-67-1,Perfluorooctanoic acid,OC(=O)C(F)(F)C(F)(F)C(F)(F)C(F)(F)C(F)(F)C(F)(F)C(F)(F)F,C8HF15O2,414.07,15,60.0,8,15,8,414.064,6.0,1.0,1.0,0.0,0.0,Long-chain,False,False,False,True,Long-chain Branched Highly-fluorinated,GAC Reactivation,Lab,Treatment Media,400.0,,,False,Medium,,,
335-67-1,Perfluorooctanoic acid,OC(=O)C(F)(F)C(F)(F)C(F)(F)C(F)(F)C(F)(F)C(F)(F)C(F)(F)F,C8HF15O2,414.07,15,60.0,8,15,8,414.064,6.0,1.0,1.0,0.0,0.0,Long-chain,False,False,False,True,Long-chain Branched Highly-fluorinated,GAC Reactivation,Lab,Treatment Media,400.0,,,False,Medium,,,
335-67-1,Perfluorooctanoic acid,OC(=O)C(F)(F)C(F)(F)C(F)(F)C(F)(F)C(F)(F)C(F)(F)C(F)(F)F,C8HF15O2,414.07,15,60.0,8,15,8,414.064,6.0,1.0,1.0,0.0,0.0,Long-chain,False,False,False,True,Long-chain Branched Highly-fluorinated,GAC Reactivation,Lab,Treatment Media,400.0,,,False,Medium,,,
335-67-1,Perfluorooctanoic acid,OC(=O)C(F)(F)C(F)(F)C(F)(F)C(F)(F)C(F)(F)C(F)(F)C(F)(F)F,C8HF15O2,414.07,15,60.0,8,15,8,414.064,6.0,1.0,1.0,0.0,0.0,Long-chain,False,False,False,True,Long-chain Branched Highly-fluorinated,GAC Reactivation,Lab,Treatment Media,200.0,,,False,Medium,,,
335-67-1,Perfluorooctanoic acid,OC(=O)C(F)(F)C(F)(F)C(F)(F)C(F)(F)C(F)(F)C(F)(F)C(F)(F)F,C8HF15O2,414.07,15,60.0,8,15,8,414.064,6.0,1.0,1.0,0.0,0.0,Long-chain,False,False,False,True,Long-chain Branched Highly-fluorinated,GAC Reactivation,Lab,Treatment Media,200.0,,,False,Medium,,,
335-67-1,Perfluorooctanoic acid,OC(=O)C(F)(F)C(F)(F)C(F)(F)C(F)(F)C(F)(F)C(F)(F)C(F)(F)F,C8HF15O2,414.07,15,60.0,8,15,8,414.064,6.0,1.0,1.0,0.0,0.0,Long-chain,False,False,False,True,Long-chain Branched Highly-fluorinated,GAC Reactivation,Lab,Treatment Media,200.0,,,False,Medium,,,
335-67-1,Perfluorooctanoic acid,OC(=O)C(F)(F)C(F)(F)C(F)(F)C(F)(F)C(F)(F)C(F)(F)C(F)(F)F,C8HF15O2,414.07,15,60.0,8,15,8,414.064,6.0,1.0,1.0,0.0,0.0,Long-chain,False,False,False,True,Long-chain Branched Highly-fluorinated,GAC Reactivation,Lab,Treatment Media,800.0,,,False,High,,,
335-67-1,Perfluorooctanoic acid,OC(=O)C(F)(F)C(F)(F)C(F)(F)C(F)(F)C(F)(F)C(F)(F)C(F)(F)F,C8HF15O2,414.07,15,60.0,8,15,8,414.064,6.0,1.0,1.0,0.0,0.0,Long-chain,False,False,False,True,Long-chain Branched Highly-fluorinated,GAC Reactivation,Lab,Treatment Media,800.0,,,False,High,,,
335-67-1,Perfluorooctanoic acid,OC(=O)C(F)(F)C(F)(F)C(F)(F)C(F)(F)C(F)(F)C(F)(F)C(F)(F)F,C8HF15O2,414.07,15,60.0,8,15,8,414.064,6.0,1.0,1.0,0.0,0.0,Long-chain,False,False,False,True,Long-chain Branched Highly-fluorinated,GAC Reactivation,Lab,Treatment Media,800.0,,,False,High,,,
335-67-1,Perfluorooctanoic acid,OC(=O)C(F)(F)C(F)(F)C(F)(F)C(F)(F)C(F)(F)C(F)(F)C(F)(F)F,C8HF15O2,414.07,15,60.0,8,15,8,414.064,6.0,1.0,1.0,0.0,0.0,Long-chain,False,False,False,True,Long-chain Branched Highly-fluorinated,GAC Reactivation,Lab,Treatment Media,700.0,,,False,High,,,
335-67-1,Perfluorooctanoic acid,OC(=O)C(F)(F)C(F)(F)C(F)(F)C(F)(F)C(F)(F)C(F)(F)C(F)(F)F,C8HF15O2,414.07,15,60.0,8,15,8,414.064,6.0,1.0,1.0,0.0,0.0,Long-chain,False,False,False,True,Long-chain Branched Highly-fluorinated,GAC Reactivation,Lab,Treatment Media,700.0,,,False,High,,,
335-67-1,Perfluorooctanoic acid,OC(=O)C(F)(F)C(F)(F)C(F)(F)C(F)(F)C(F)(F)C(F)(F)C(F)(F)F,C8HF15O2,414.07,15,60.0,8,15,8,414.064,6.0,1.0,1.0,0.0,0.0,Long-chain,False,False,False,True,Long-chain Branched Highly-fluorinated,GAC Reactivation,Lab,Treatment Media,700.0,,,False,High,,,
335-67-1,Perfluorooctanoic acid,OC(=O)C(F)(F)C(F)(F)C(F)(F)C(F)(F)C(F)(F)C(F)(F)C(F)(F)F,C8HF15O2,414.07,15,60.0,8,15,8,414.064,6.0,1.0,1.0,0.0,0.0,Long-chain,False,False,False,True,Long-chain Branched Highly-fluorinated,GAC Reactivation,Lab,Treatment Media,600.0,,,False,High,,,
335-67-1,Perfluorooctanoic acid,OC(=O)C(F)(F)C(F)(F)C(F)(F)C(F)(F)C(F)(F)C(F)(F)C(F)(F)F,C8HF15O2,414.07,15,60.0,8,15,8,414.064,6.0,1.0,1.0,0.0,0.0,Long-chain,False,False,False,True,Long-chain Branched Highly-fluorinated,GAC Reactivation,Lab,Treatment Media,600.0,,,False,High,,,
335-67-1,Perfluorooctanoic acid,OC(=O)C(F)(F)C(F)(F)C(F)(F)C(F)(F)C(F)(F)C(F)(F)C(F)(F)F,C8HF15O2,414.07,15,60.0,8,15,8,414.064,6.0,1.0,1.0,0.0,0.0,Long-chain,False,False,False,True,Long-chain Branched Highly-fluorinated,GAC Reactivation,Lab,Treatment Media,600.0,,,False,High,,,
335-67-1,Perfluorooctanoic acid,OC(=O)C(F)(F)C(F)(F)C(F)(F)C(F)(F)C(F)(F)C(F)(F)C(F)(F)F,C8HF15O2,414.07,15,60.0,8,15,8,414.064,6.0,1.0,1.0,0.0,0.0,Long-chain,False,False,False,True,Long-chain Branched Highly-fluorinated,GAC Reactivation,Lab,Treatment Media,500.0,,,False,High,,,
335-67-1,Perfluorooctanoic acid,OC(=O)C(F)(F)C(F)(F)C(F)(F)C(F)(F)C(F)(F)C(F)(F)C(F)(F)F,C8HF15O2,414.07,15,60.0,8,15,8,414.064,6.0,1.0,1.0,0.0,0.0,Long-chain,False,False,False,True,Long-chain Branched Highly-fluorinated,GAC Reactivation,Lab,Treatment Media,500.0,,,False,High,,,
335-67-1,Perfluorooctanoic acid,OC(=O)C(F)(F)C(F)(F)C(F)(F)C(F)(F)C(F)(F)C(F)(F)C(F)(F)F,C8HF15O2,414.07,15,60.0,8,15,8,414.064,6.0,1.0,1.0,0.0,0.0,Long-chain,False,False,False,True,Long-chain Branched Highly-fluorinated,Indirect Thermal Desorption,Pilot,Soil,650.0,,,False,High,,103.0,
335-67-1,Perfluorooctanoic acid,OC(=O)C(F)(F)C(F)(F)C(F)(F)C(F)(F)C(F)(F)C(F)(F)C(F)(F)F,C8HF15O2,414.07,15,60.0,8,15,8,414.064,6.0,1.0,1.0,0.0,0.0,Long-chain,False,False,False,True,Long-chain Branched Highly-fluorinated,Indirect Thermal Desorption,Pilot,Soil,500.0,,,False,High,,162.0,
335-67-1,Perfluorooctanoic acid,OC(=O)C(F)(F)C(F)(F)C(F)(F)C(F)(F)C(F)(F)C(F)(F)C(F)(F)F,C8HF15O2,414.07,15,60.0,8,15,8,414.064,6.0,1.0,1.0,0.0,0.0,Long-chain,False,False,False,True,Long-chain Branched Highly-fluorinated,GAC Reactivation,Lab,Treatment Media,500.0,,,False,High,,,
335-67-1,Perfluorooctanoic acid,OC(=O)C(F)(F)C(F)(F)C(F)(F)C(F)(F)C(F)(F)C(F)(F)C(F)(F)F,C8HF15O2,414.07,15,60.0,8,15,8,414.064,6.0,1.0,1.0,0.0,0.0,Long-chain,False,False,False,True,Long-chain Branched Highly-fluorinated,GAC Reactivation,Lab,Treatment Media,150.0,,,False,Medium,,,
335-67-1,Perfluorooctanoic acid,OC(=O)C(F)(F)C(F)(F)C(F)(F)C(F)(F)C(F)(F)C(F)(F)C(F)(F)F,C8HF15O2,414.07,15,60.0,8,15,8,414.064,6.0,1.0,1.0,0.0,0.0,Long-chain,False,False,False,True,Long-chain Branched Highly-fluorinated,GAC Reactivation,Lab,Treatment Media,150.0,,,False,Medium,,,
335-67-1,Perfluorooctanoic acid,OC(=O)C(F)(F)C(F)(F)C(F)(F)C(F)(F)C(F)(F)C(F)(F)C(F)(F)F,C8HF15O2,414.07,15,60.0,8,15,8,414.064,6.0,1.0,1.0,0.0,0.0,Long-chain,False,False,False,True,Long-chain Branched Highly-fluorinated,GAC Reactivation,Lab,Treatment Media,150.0,,,False,Medium,,,
335-67-1,Perfluorooctanoic acid,OC(=O)C(F)(F)C(F)(F)C(F)(F)C(F)(F)C(F)(F)C(F)(F)C(F)(F)F,C8HF15O2,414.07,15,60.0,8,15,8,414.064,6.0,1.0,1.0,0.0,0.0,Long-chain,False,False,False,True,Long-chain Branched Highly-fluorinated,GAC Reactivation,Lab,Treatment Media,100.0,,,False,Low,,,
335-67-1,Perfluorooctanoic acid,OC(=O)C(F)(F)C(F)(F)C(F)(F)C(F)(F)C(F)(F)C(F)(F)C(F)(F)F,C8HF15O2,414.07,15,60.0,8,15,8,414.064,6.0,1.0,1.0,0.0,0.0,Long-chain,False,False,False,True,Long-chain Branched Highly-fluorinated,GAC Reactivation,Lab,Treatment Media,100.0,,,False,Low,,,
335-67-1,Perfluorooctanoic acid,OC(=O)C(F)(F)C(F)(F)C(F)(F)C(F)(F)C(F)(F)C(F)(F)C(F)(F)F,C8HF15O2,414.07,15,60.0,8,15,8,414.064,6.0,1.0,1.0,0.0,0.0,Long-chain,False,False,False,True,Long-chain Branched Highly-fluorinated,GAC Reactivation,Lab,Treatment Media,100.0,,,False,Low,,,
335-67-1,Perfluorooctanoic acid,OC(=O)C(F)(F)C(F)(F)C(F)(F)C(F)(F)C(F)(F)C(F)(F)C(F)(F)F,C8HF15O2,414.07,15,60.0,8,15,8,414.064,6.0,1.0,1.0,0.0,0.0,Long-chain,False,False,False,True,Long-chain Branched Highly-fluorinated,GAC Reactivation,Lab,Treatment Media,200.0,60.0,,False,Medium,Medium,,
335-67-1,Perfluorooctanoic acid,OC(=O)C(F)(F)C(F)(F)C(F)(F)C(F)(F)C(F)(F)C(F)(F)C(F)(F)F,C8HF15O2,414.07,15,60.0,8,15,8,414.064,6.0,1.0,1.0,0.0,0.0,Long-chain,False,False,False,True,Long-chain Branched Highly-fluorinated,GAC Reactivation,Lab,Treatment Media,200.0,40.0,,False,Medium,Medium,,
335-67-1,Perfluorooctanoic acid,OC(=O)C(F)(F)C(F)(F)C(F)(F)C(F)(F)C(F)(F)C(F)(F)C(F)(F)F,C8HF15O2,414.07,15,60.0,8,15,8,414.064,6.0,1.0,1.0,0.0,0.0,Long-chain,False,False,False,True,Long-chain Branched Highly-fluorinated,GAC Reactivation,Lab,Treatment Media,200.0,20.0,,False,Medium,Short,,
335-67-1,Perfluorooctanoic acid,OC(=O)C(F)(F)C(F)(F)C(F)(F)C(F)(F)C(F)(F)C(F)(F)C(F)(F)F,C8HF15O2,414.07,15,60.0,8,15,8,414.064,6.0,1.0,1.0,0.0,0.0,Long-chain,False,False,False,True,Long-chain Branched Highly-fluorinated,GAC Reactivation,Lab,Treatment Media,200.0,10.0,,False,Medium,Short,,
335-67-1,Perfluorooctanoic acid,OC(=O)C(F)(F)C(F)(F)C(F)(F)C(F)(F)C(F)(F)C(F)(F)C(F)(F)F,C8HF15O2,414.07,15,60.0,8,15,8,414.064,6.0,1.0,1.0,0.0,0.0,Long-chain,False,False,False,True,Long-chain Branched Highly-fluorinated,GAC Reactivation,Lab,Treatment Media,200.0,5.0,,False,Medium,Short,,
335-67-1,Perfluorooctanoic acid,OC(=O)C(F)(F)C(F)(F)C(F)(F)C(F)(F)C(F)(F)C(F)(F)C(F)(F)F,C8HF15O2,414.07,15,60.0,8,15,8,414.064,6.0,1.0,1.0,0.0,0.0,Long-chain,False,False,False,True,Long-chain Branched Highly-fluorinated,GAC Reactivation,Lab,Treatment Media,500.0,30.0,,False,High,Short,,
335-67-1,Perfluorooctanoic acid,OC(=O)C(F)(F)C(F)(F)C(F)(F)C(F)(F)C(F)(F)C(F)(F)C(F)(F)F,C8HF15O2,414.07,15,60.0,8,15,8,414.064,6.0,1.0,1.0,0.0,0.0,Long-chain,False,False,False,True,Long-chain Branched Highly-fluorinated,GAC Reactivation,Lab,Treatment Media,250.0,30.0,,False,Medium,Short,,
335-67-1,Perfluorooctanoic acid,OC(=O)C(F)(F)C(F)(F)C(F)(F)C(F)(F)C(F)(F)C(F)(F)C(F)(F)F,C8HF15O2,414.07,15,60.0,8,15,8,414.064,6.0,1.0,1.0,0.0,0.0,Long-chain,False,False,False,True,Long-chain Branched Highly-fluorinated,GAC Reactivation,Lab,Treatment Media,200.0,30.0,,False,Medium,Short,,
335-67-1,Perfluorooctanoic acid,OC(=O)C(F)(F)C(F)(F)C(F)(F)C(F)(F)C(F)(F)C(F)(F)C(F)(F)F,C8HF15O2,414.07,15,60.0,8,15,8,414.064,6.0,1.0,1.0,0.0,0.0,Long-chain,False,False,False,True,Long-chain Branched Highly-fluorinated,GAC Reactivation,Lab,Treatment Media,150.0,30.0,,False,Medium,Short,,
335-67-1,Perfluorooctanoic acid,OC(=O)C(F)(F)C(F)(F)C(F)(F)C(F)(F)C(F)(F)C(F)(F)C(F)(F)F,C8HF15O2,414.07,15,60.0,8,15,8,414.064,6.0,1.0,1.0,0.0,0.0,Long-chain,False,False,False,True,Long-chain Branched Highly-fluorinated,GAC Reactivation,Lab,Treatment Media,25.0,30.0,,False,Ambient,Short,,
335-67-1,Perfluorooctanoic acid,OC(=O)C(F)(F)C(F)(F)C(F)(F)C(F)(F)C(F)(F)C(F)(F)C(F)(F)F,C8HF15O2,414.07,15,60.0,8,15,8,414.064,6.0,1.0,1.0,0.0,0.0,Long-chain,False,False,False,True,Long-chain Branched Highly-fluorinated,GAC Reactivation,Lab,Treatment Media,500.0,30.0,,False,High,Short,,
335-67-1,Perfluorooctanoic acid,OC(=O)C(F)(F)C(F)(F)C(F)(F)C(F)(F)C(F)(F)C(F)(F)C(F)(F)F,C8HF15O2,414.07,15,60.0,8,15,8,414.064,6.0,1.0,1.0,0.0,0.0,Long-chain,False,False,False,True,Long-chain Branched Highly-fluorinated,GAC Reactivation,Lab,Treatment Media,475.0,30.0,,False,High,Short,,
335-67-1,Perfluorooctanoic acid,OC(=O)C(F)(F)C(F)(F)C(F)(F)C(F)(F)C(F)(F)C(F)(F)C(F)(F)F,C8HF15O2,414.07,15,60.0,8,15,8,414.064,6.0,1.0,1.0,0.0,0.0,Long-chain,False,False,False,True,Long-chain Branched Highly-fluorinated,GAC Reactivation,Lab,Treatment Media,300.0,30.0,,False,Medium,Short,,
335-67-1,Perfluorooctanoic acid,OC(=O)C(F)(F)C(F)(F)C(F)(F)C(F)(F)C(F)(F)C(F)(F)C(F)(F)F,C8HF15O2,414.07,15,60.0,8,15,8,414.064,6.0,1.0,1.0,0.0,0.0,Long-chain,False,False,False,True,Long-chain Branched Highly-fluorinated,GAC Reactivation,Lab,Treatment Media,200.0,30.0,,False,Medium,Short,,
335-67-1,Perfluorooctanoic acid,OC(=O)C(F)(F)C(F)(F)C(F)(F)C(F)(F)C(F)(F)C(F)(F)C(F)(F)F,C8HF15O2,414.07,15,60.0,8,15,8,414.064,6.0,1.0,1.0,0.0,0.0,Long-chain,False,False,False,True,Long-chain Branched Highly-fluorinated,GAC Reactivation,Lab,Treatment Media,500.0,30.0,,False,High,Short,,
335-67-1,Perfluorooctanoic acid,OC(=O)C(F)(F)C(F)(F)C(F)(F)C(F)(F)C(F)(F)C(F)(F)C(F)(F)F,C8HF15O2,414.07,15,60.0,8,15,8,414.064,6.0,1.0,1.0,0.0,0.0,Long-chain,False,False,False,True,Long-chain Branched Highly-fluorinated,GAC Reactivation,Lab,Treatment Media,475.0,30.0,,False,High,Short,,
335-67-1,Perfluorooctanoic acid,OC(=O)C(F)(F)C(F)(F)C(F)(F)C(F)(F)C(F)(F)C(F)(F)C(F)(F)F,C8HF15O2,414.07,15,60.0,8,15,8,414.064,6.0,1.0,1.0,0.0,0.0,Long-chain,False,False,False,True,Long-chain Branched Highly-fluorinated,GAC Reactivation,Lab,Treatment Media,250.0,30.0,,False,Medium,Short,,
335-67-1,Perfluorooctanoic acid,OC(=O)C(F)(F)C(F)(F)C(F)(F)C(F)(F)C(F)(F)C(F)(F)C(F)(F)F,C8HF15O2,414.07,15,60.0,8,15,8,414.064,6.0,1.0,1.0,0.0,0.0,Long-chain,False,False,False,True,Long-chain Branched Highly-fluorinated,GAC Reactivation,Lab,Treatment Media,200.0,30.0,,False,Medium,Short,,
335-67-1,Perfluorooctanoic acid,OC(=O)C(F)(F)C(F)(F)C(F)(F)C(F)(F)C(F)(F)C(F)(F)C(F)(F)F,C8HF15O2,414.07,15,60.0,8,15,8,414.064,6.0,1.0,1.0,0.0,0.0,Long-chain,False,False,False,True,Long-chain Branched Highly-fluorinated,Pyrolysis,Lab,Other,500.0,15.0,,False,High,Short,,
335-67-1,Perfluorooctanoic acid,OC(=O)C(F)(F)C(F)(F)C(F)(F)C(F)(F)C(F)(F)C(F)(F)C(F)(F)F,C8HF15O2,414.07,15,60.0,8,15,8,414.064,6.0,1.0,1.0,0.0,0.0,Long-chain,False,False,False,True,Long-chain Branched Highly-fluorinated,Pyrolysis,Lab,Other,400.0,15.0,,False,Medium,Short,,
335-67-1,Perfluorooctanoic acid,OC(=O)C(F)(F)C(F)(F)C(F)(F)C(F)(F)C(F)(F)C(F)(F)C(F)(F)F,C8HF15O2,414.07,15,60.0,8,15,8,414.064,6.0,1.0,1.0,0.0,0.0,Long-chain,False,False,False,True,Long-chain Branched Highly-fluorinated,Indirect Thermal Desorption,Pilot,Soil,650.0,120.0,,False,High,Medium,13200.0,
335-67-1,Perfluorooctanoic acid,OC(=O)C(F)(F)C(F)(F)C(F)(F)C(F)(F)C(F)(F)C(F)(F)C(F)(F)F,C8HF15O2,414.07,15,60.0,8,15,8,414.064,6.0,1.0,1.0,0.0,0.0,Long-chain,False,False,False,True,Long-chain Branched Highly-fluorinated,Indirect Thermal Desorption,Pilot,Soil,500.0,120.0,,False,High,Medium,6670.0,
335-67-1,Perfluorooctanoic acid,OC(=O)C(F)(F)C(F)(F)C(F)(F)C(F)(F)C(F)(F)C(F)(F)C(F)(F)F,C8HF15O2,414.07,15,60.0,8,15,8,414.064,6.0,1.0,1.0,0.0,0.0,Long-chain,False,False,False,True,Long-chain Branched Highly-fluorinated,Indirect Thermal Desorption,Pilot,Soil,500.0,120.0,,False,High,Medium,7237.5,
335-67-1,Perfluorooctanoic acid,OC(=O)C(F)(F)C(F)(F)C(F)(F)C(F)(F)C(F)(F)C(F)(F)C(F)(F)F,C8HF15O2,414.07,15,60.0,8,15,8,414.064,6.0,1.0,1.0,0.0,0.0,Long-chain,False,False,False,True,Long-chain Branched Highly-fluorinated,Incineration,Pilot,Other,986.0,180.0,,False,High,Medium,,2.0
335-67-1,Perfluorooctanoic acid,OC(=O)C(F)(F)C(F)(F)C(F)(F)C(F)(F)C(F)(F)C(F)(F)C(F)(F)F,C8HF15O2,414.07,15,60.0,8,15,8,414.064,6.0,1.0,1.0,0.0,0.0,Long-chain,False,False,False,True,Long-chain Branched Highly-fluorinated,Incineration,Pilot,Other,986.0,180.0,,False,High,Medium,,0.0
335-67-1,Perfluorooctanoic acid,OC(=O)C(F)(F)C(F)(F)C(F)(F)C(F)(F)C(F)(F)C(F)(F)C(F)(F)F,C8HF15O2,414.07,15,60.0,8,15,8,414.064,6.0,1.0,1.0,0.0,0.0,Long-chain,False,False,False,True,Long-chain Branched Highly-fluorinated,Incineration,Pilot,Other,986.0,180.0,,False,High,Medium,,0.9
335-67-1,Perfluorooctanoic acid,OC(=O)C(F)(F)C(F)(F)C(F)(F)C(F)(F)C(F)(F)C(F)(F)C(F)(F)F,C8HF15O2,414.07,15,60.0,8,15,8,414.064,6.0,1.0,1.0,0.0,0.0,Long-chain,False,False,False,True,Long-chain Branched Highly-fluorinated,Incineration,Pilot,Other,986.0,180.0,,False,High,Medium,,5.2
335-67-1,Perfluorooctanoic acid,OC(=O)C(F)(F)C(F)(F)C(F)(F)C(F)(F)C(F)(F)C(F)(F)C(F)(F)F,C8HF15O2,414.07,15,60.0,8,15,8,414.064,6.0,1.0,1.0,0.0,0.0,Long-chain,False,False,False,True,Long-chain Branched Highly-fluorinated,Incineration,Pilot,Other,986.0,180.0,,False,High,Medium,,33.4
335-67-1,Perfluorooctanoic acid,OC(=O)C(F)(F)C(F)(F)C(F)(F)C(F)(F)C(F)(F)C(F)(F)C(F)(F)F,C8HF15O2,414.07,15,60.0,8,15,8,414.064,6.0,1.0,1.0,0.0,0.0,Long-chain,False,False,False,True,Long-chain Branched Highly-fluorinated,Incineration,Pilot,Other,998.0,140.0,,False,High,Medium,,2.2
335-67-1,Perfluorooctanoic acid,OC(=O)C(F)(F)C(F)(F)C(F)(F)C(F)(F)C(F)(F)C(F)(F)C(F)(F)F,C8HF15O2,414.07,15,60.0,8,15,8,414.064,6.0,1.0,1.0,0.0,0.0,Long-chain,False,False,False,True,Long-chain Branched Highly-fluorinated,Incineration,Pilot,Other,998.0,140.0,,False,High,Medium,,0.0
335-67-1,Perfluorooctanoic acid,OC(=O)C(F)(F)C(F)(F)C(F)(F)C(F)(F)C(F)(F)C(F)(F)C(F)(F)F,C8HF15O2,414.07,15,60.0,8,15,8,414.064,6.0,1.0,1.0,0.0,0.0,Long-chain,False,False,False,True,Long-chain Branched Highly-fluorinated,Incineration,Pilot,Other,998.0,140.0,,False,High,Medium,,
335-67-1,Perfluorooctanoic acid,OC(=O)C(F)(F)C(F)(F)C(F)(F)C(F)(F)C(F)(F)C(F)(F)C(F)(F)F,C8HF15O2,414.07,15,60.0,8,15,8,414.064,6.0,1.0,1.0,0.0,0.0,Long-chain,False,False,False,True,Long-chain Branched Highly-fluorinated,Incineration,Pilot,Other,998.0,140.0,,False,High,Medium,,5.5
335-67-1,Perfluorooctanoic acid,OC(=O)C(F)(F)C(F)(F)C(F)(F)C(F)(F)C(F)(F)C(F)(F)C(F)(F)F,C8HF15O2,414.07,15,60.0,8,15,8,414.064,6.0,1.0,1.0,0.0,0.0,Long-chain,False,False,False,True,Long-chain Branched Highly-fluorinated,Incineration,Pilot,Other,998.0,140.0,,False,High,Medium,,
335-67-1,Perfluorooctanoic acid,OC(=O)C(F)(F)C(F)(F)C(F)(F)C(F)(F)C(F)(F)C(F)(F)C(F)(F)F,C8HF15O2,414.07,15,60.0,8,15,8,414.064,6.0,1.0,1.0,0.0,0.0,Long-chain,False,False,False,True,Long-chain Branched Highly-fluorinated,Incineration,Pilot,Other,976.0,210.0,,False,High,Long,,1.3
335-67-1,Perfluorooctanoic acid,OC(=O)C(F)(F)C(F)(F)C(F)(F)C(F)(F)C(F)(F)C(F)(F)C(F)(F)F,C8HF15O2,414.07,15,60.0,8,15,8,414.064,6.0,1.0,1.0,0.0,0.0,Long-chain,False,False,False,True,Long-chain Branched Highly-fluorinated,Incineration,Pilot,Other,976.0,210.0,,False,High,Long,,0.0
335-67-1,Perfluorooctanoic acid,OC(=O)C(F)(F)C(F)(F)C(F)(F)C(F)(F)C(F)(F)C(F)(F)C(F)(F)F,C8HF15O2,414.07,15,60.0,8,15,8,414.064,6.0,1.0,1.0,0.0,0.0,Long-chain,False,False,False,True,Long-chain Branched Highly-fluorinated,Incineration,Pilot,Other,976.0,210.0,,False,High,Long,,0.3
335-67-1,Perfluorooctanoic acid,OC(=O)C(F)(F)C(F)(F)C(F)(F)C(F)(F)C(F)(F)C(F)(F)C(F)(F)F,C8HF15O2,414.07,15,60.0,8,15,8,414.064,6.0,1.0,1.0,0.0,0.0,Long-chain,False,False,False,True,Long-chain Branched Highly-fluorinated,Incineration,Pilot,Other,976.0,210.0,,False,High,Long,,5.2
335-67-1,Perfluorooctanoic acid,OC(=O)C(F)(F)C(F)(F)C(F)(F)C(F)(F)C(F)(F)C(F)(F)C(F)(F)F,C8HF15O2,414.07,15,60.0,8,15,8,414.064,6.0,1.0,1.0,0.0,0.0,Long-chain,False,False,False,True,Long-chain Branched Highly-fluorinated,Incineration,Pilot,Other,976.0,210.0,,False,High,Long,,
335-67-1,Perfluorooctanoic acid,OC(=O)C(F)(F)C(F)(F)C(F)(F)C(F)(F)C(F)(F)C(F)(F)C(F)(F)F,C8HF15O2,414.07,15,60.0,8,15,8,414.064,6.0,1.0,1.0,0.0,0.0,Long-chain,False,False,False,True,Long-chain Branched Highly-fluorinated,Infrared Heating,Pilot,Soil,350.0,11520.0,,False,Medium,Extended,30.04,
335-67-1,Perfluorooctanoic acid,OC(=O)C(F)(F)C(F)(F)C(F)(F)C(F)(F)C(F)(F)C(F)(F)C(F)(F)F,C8HF15O2,414.07,15,60.0,8,15,8,414.064,6.0,1.0,1.0,0.0,0.0,Long-chain,False,False,False,True,Long-chain Branched Highly-fluorinated,Infrared Heating,Pilot,Soil,350.0,11520.0,,False,Medium,Extended,81.3,
335-67-1,Perfluorooctanoic acid,OC(=O)C(F)(F)C(F)(F)C(F)(F)C(F)(F)C(F)(F)C(F)(F)C(F)(F)F,C8HF15O2,414.07,15,60.0,8,15,8,414.064,6.0,1.0,1.0,0.0,0.0,Long-chain,False,False,False,True,Long-chain Branched Highly-fluorinated,Infrared Heating,Pilot,Soil,350.0,11520.0,,False,Medium,Extended,22.6,
335-67-1,Perfluorooctanoic acid,OC(=O)C(F)(F)C(F)(F)C(F)(F)C(F)(F)C(F)(F)C(F)(F)C(F)(F)F,C8HF15O2,414.07,15,60.0,8,15,8,414.064,6.0,1.0,1.0,0.0,0.0,Long-chain,False,False,False,True,Long-chain Branched Highly-fluorinated,Infrared Heating,Pilot,Soil,350.0,11520.0,,False,Medium,Extended,7.57,
335-67-1,Perfluorooctanoic acid,OC(=O)C(F)(F)C(F)(F)C(F)(F)C(F)(F)C(F)(F)C(F)(F)C(F)(F)F,C8HF15O2,414.07,15,60.0,8,15,8,414.064,6.0,1.0,1.0,0.0,0.0,Long-chain,False,False,False,True,Long-chain Branched Highly-fluorinated,Infrared Heating,Pilot,Soil,350.0,11520.0,,False,Medium,Extended,10.4,
335-67-1,Perfluorooctanoic acid,OC(=O)C(F)(F)C(F)(F)C(F)(F)C(F)(F)C(F)(F)C(F)(F)C(F)(F)F,C8HF15O2,414.07,15,60.0,8,15,8,414.064,6.0,1.0,1.0,0.0,0.0,Long-chain,False,False,False,True,Long-chain Branched Highly-fluorinated,Infrared Heating,Pilot,Soil,350.0,11520.0,,False,Medium,Extended,5.55,
335-67-1,Perfluorooctanoic acid,OC(=O)C(F)(F)C(F)(F)C(F)(F)C(F)(F)C(F)(F)C(F)(F)C(F)(F)F,C8HF15O2,414.07,15,60.0,8,15,8,414.064,6.0,1.0,1.0,0.0,0.0,Long-chain,False,False,False,True,Long-chain Branched Highly-fluorinated,Incineration,Pilot,Other,980.0,180.0,,False,High,Medium,,1.3
335-67-1,Perfluorooctanoic acid,OC(=O)C(F)(F)C(F)(F)C(F)(F)C(F)(F)C(F)(F)C(F)(F)C(F)(F)F,C8HF15O2,414.07,15,60.0,8,15,8,414.064,6.0,1.0,1.0,0.0,0.0,Long-chain,False,False,False,True,Long-chain Branched Highly-fluorinated,Incineration,Pilot,Other,980.0,180.0,,False,High,Medium,,0.0
335-67-1,Perfluorooctanoic acid,OC(=O)C(F)(F)C(F)(F)C(F)(F)C(F)(F)C(F)(F)C(F)(F)C(F)(F)F,C8HF15O2,414.07,15,60.0,8,15,8,414.064,6.0,1.0,1.0,0.0,0.0,Long-chain,False,False,False,True,Long-chain Branched Highly-fluorinated,Incineration,Pilot,Other,980.0,180.0,,False,High,Medium,,0.3
335-67-1,Perfluorooctanoic acid,OC(=O)C(F)(F)C(F)(F)C(F)(F)C(F)(F)C(F)(F)C(F)(F)C(F)(F)F,C8HF15O2,414.07,15,60.0,8,15,8,414.064,6.0,1.0,1.0,0.0,0.0,Long-chain,False,False,False,True,Long-chain Branched Highly-fluorinated,Incineration,Pilot,Other,980.0,180.0,,False,High,Medium,,4.5
335-67-1,Perfluorooctanoic acid,OC(=O)C(F)(F)C(F)(F)C(F)(F)C(F)(F)C(F)(F)C(F)(F)C(F)(F)F,C8HF15O2,414.07,15,60.0,8,15,8,414.064,6.0,1.0,1.0,0.0,0.0,Long-chain,False,False,False,True,Long-chain Branched Highly-fluorinated,Incineration,Pilot,Other,980.0,180.0,,False,High,Medium,,135.0
335-67-1,Perfluorooctanoic acid,OC(=O)C(F)(F)C(F)(F)C(F)(F)C(F)(F)C(F)(F)C(F)(F)C(F)(F)F,C8HF15O2,414.07,15,60.0,8,15,8,414.064,6.0,1.0,1.0,0.0,0.0,Long-chain,False,False,False,True,Long-chain Branched Highly-fluorinated,Incineration,Pilot,Other,952.0,145.0,,False,High,Medium,,1.0
335-67-1,Perfluorooctanoic acid,OC(=O)C(F)(F)C(F)(F)C(F)(F)C(F)(F)C(F)(F)C(F)(F)C(F)(F)F,C8HF15O2,414.07,15,60.0,8,15,8,414.064,6.0,1.0,1.0,0.0,0.0,Long-chain,False,False,False,True,Long-chain Branched Highly-fluorinated,Incineration,Pilot,Other,952.0,145.0,,False,High,Medium,,0.0
335-67-1,Perfluorooctanoic acid,OC(=O)C(F)(F)C(F)(F)C(F)(F)C(F)(F)C(F)(F)C(F)(F)C(F)(F)F,C8HF15O2,414.07,15,60.0,8,15,8,414.064,6.0,1.0,1.0,0.0,0.0,Long-chain,False,False,False,True,Long-chain Branched Highly-fluorinated,Incineration,Pilot,Other,952.0,145.0,,False,High,Medium,,0.5
335-67-1,Perfluorooctanoic acid,OC(=O)C(F)(F)C(F)(F)C(F)(F)C(F)(F)C(F)(F)C(F)(F)C(F)(F)F,C8HF15O2,414.07,15,60.0,8,15,8,414.064,6.0,1.0,1.0,0.0,0.0,Long-chain,False,False,False,True,Long-chain Branched Highly-fluorinated,Incineration,Pilot,Other,952.0,145.0,,False,High,Medium,,11.9
335-67-1,Perfluorooctanoic acid,OC(=O)C(F)(F)C(F)(F)C(F)(F)C(F)(F)C(F)(F)C(F)(F)C(F)(F)F,C8HF15O2,414.07,15,60.0,8,15,8,414.064,6.0,1.0,1.0,0.0,0.0,Long-chain,False,False,False,True,Long-chain Branched Highly-fluorinated,Incineration,Pilot,Other,952.0,145.0,,False,High,Medium,,564.0
335-67-1,Perfluorooctanoic acid,OC(=O)C(F)(F)C(F)(F)C(F)(F)C(F)(F)C(F)(F)C(F)(F)C(F)(F)F,C8HF15O2,414.07,15,60.0,8,15,8,414.064,6.0,1.0,1.0,0.0,0.0,Long-chain,False,False,False,True,Long-chain Branched Highly-fluorinated,Incineration,Pilot,Other,869.0,180.0,,False,High,Medium,,0.5
335-67-1,Perfluorooctanoic acid,OC(=O)C(F)(F)C(F)(F)C(F)(F)C(F)(F)C(F)(F)C(F)(F)C(F)(F)F,C8HF15O2,414.07,15,60.0,8,15,8,414.064,6.0,1.0,1.0,0.0,0.0,Long-chain,False,False,False,True,Long-chain Branched Highly-fluorinated,Incineration,Pilot,Other,869.0,180.0,,False,High,Medium,,0.0
335-67-1,Perfluorooctanoic acid,OC(=O)C(F)(F)C(F)(F)C(F)(F)C(F)(F)C(F)(F)C(F)(F)C(F)(F)F,C8HF15O2,414.07,15,60.0,8,15,8,414.064,6.0,1.0,1.0,0.0,0.0,Long-chain,False,False,False,True,Long-chain Branched Highly-fluorinated,Hydrothermal Treatment,Lab,Other,350.0,180.0,100.0,True,Medium,Medium,244.0,0.0
335-67-1,Perfluorooctanoic acid,OC(=O)C(F)(F)C(F)(F)C(F)(F)C(F)(F)C(F)(F)C(F)(F)C(F)(F)F,C8HF15O2,414.07,15,60.0,8,15,8,414.064,6.0,1.0,1.0,0.0,0.0,Long-chain,False,False,False,True,Long-chain Branched Highly-fluorinated,Hydrothermal Treatment,Lab,Other,350.0,180.0,100.0,True,Medium,Medium,244.0,0.0
335-67-1,Perfluorooctanoic acid,OC(=O)C(F)(F)C(F)(F)C(F)(F)C(F)(F)C(F)(F)C(F)(F)C(F)(F)F,C8HF15O2,414.07,15,60.0,8,15,8,414.064,6.0,1.0,1.0,0.0,0.0,Long-chain,False,False,False,True,Long-chain Branched Highly-fluorinated,Incineration,Pilot,Other,869.0,180.0,,False,High,Medium,,0.4
335-67-1,Perfluorooctanoic acid,OC(=O)C(F)(F)C(F)(F)C(F)(F)C(F)(F)C(F)(F)C(F)(F)C(F)(F)F,C8HF15O2,414.07,15,60.0,8,15,8,414.064,6.0,1.0,1.0,0.0,0.0,Long-chain,False,False,False,True,Long-chain Branched Highly-fluorinated,Incineration,Pilot,Other,869.0,180.0,,False,High,Medium,,6.8
335-67-1,Perfluorooctanoic acid,OC(=O)C(F)(F)C(F)(F)C(F)(F)C(F)(F)C(F)(F)C(F)(F)C(F)(F)F,C8HF15O2,414.07,15,60.0,8,15,8,414.064,6.0,1.0,1.0,0.0,0.0,Long-chain,False,False,False,True,Long-chain Branched Highly-fluorinated,Incineration,Pilot,Other,869.0,180.0,,False,High,Medium,,
335-67-1,Perfluorooctanoic acid,OC(=O)C(F)(F)C(F)(F)C(F)(F)C(F)(F)C(F)(F)C(F)(F)C(F)(F)F,C8HF15O2,414.07,15,60.0,8,15,8,414.064,6.0,1.0,1.0,0.0,0.0,Long-chain,False,False,False,True,Long-chain Branched Highly-fluorinated,Unspecified Heat Treatment,Full,Sludge,650.0,45.0,0.0,False,High,Medium,1.3,2.1
335-67-1,Perfluorooctanoic acid,OC(=O)C(F)(F)C(F)(F)C(F)(F)C(F)(F)C(F)(F)C(F)(F)C(F)(F)F,C8HF15O2,414.07,15,60.0,8,15,8,414.064,6.0,1.0,1.0,0.0,0.0,Long-chain,False,False,False,True,Long-chain Branched Highly-fluorinated,Hydrothermal Treatment,Lab,Soil,350.0,90.0,94.46428571428572,True,Medium,Medium,16.8,0.93
335-67-1,Perfluorooctanoic acid,OC(=O)C(F)(F)C(F)(F)C(F)(F)C(F)(F)C(F)(F)C(F)(F)C(F)(F)F,C8HF15O2,414.07,15,60.0,8,15,8,414.064,6.0,1.0,1.0,0.0,0.0,Long-chain,False,False,False,True,Long-chain Branched Highly-fluorinated,Hydrothermal Treatment,Lab,Soil,350.0,90.0,99.92063492063492,True,Medium,Medium,12.6,0.01
335-67-1,Perfluorooctanoic acid,OC(=O)C(F)(F)C(F)(F)C(F)(F)C(F)(F)C(F)(F)C(F)(F)C(F)(F)F,C8HF15O2,414.07,15,60.0,8,15,8,414.064,6.0,1.0,1.0,0.0,0.0,Long-chain,False,False,False,True,Long-chain Branched Highly-fluorinated,Hydrothermal Treatment,Lab,Soil,350.0,90.0,99.99333333333334,True,Medium,Medium,150.0,0.01
335-67-1,Perfluorooctanoic acid,OC(=O)C(F)(F)C(F)(F)C(F)(F)C(F)(F)C(F)(F)C(F)(F)C(F)(F)F,C8HF15O2,414.07,15,60.0,8,15,8,414.064,6.0,1.0,1.0,0.0,0.0,Long-chain,False,False,False,True,Long-chain Branched Highly-fluorinated,Hydrothermal Treatment,Lab,Other,350.0,90.0,99.9749430523918,True,Medium,Medium,439.0,0.11
335-67-1,Perfluorooctanoic acid,OC(=O)C(F)(F)C(F)(F)C(F)(F)C(F)(F)C(F)(F)C(F)(F)C(F)(F)F,C8HF15O2,414.07,15,60.0,8,15,8,414.064,6.0,1.0,1.0,0.0,0.0,Long-chain,False,False,False,True,Long-chain Branched Highly-fluorinated,Hydrothermal Treatment,Lab,Other,350.0,90.0,96.64634146341464,True,Medium,Medium,3.28,0.11
335-67-1,Perfluorooctanoic acid,OC(=O)C(F)(F)C(F)(F)C(F)(F)C(F)(F)C(F)(F)C(F)(F)C(F)(F)F,C8HF15O2,414.07,15,60.0,8,15,8,414.064,6.0,1.0,1.0,0.0,0.0,Long-chain,False,False,False,True,Long-chain Branched Highly-fluorinated,Pyrolysis,Not specified,Sludge,593.33,,,False,High,,89.1,
335-67-1,Perfluorooctanoic acid,OC(=O)C(F)(F)C(F)(F)C(F)(F)C(F)(F)C(F)(F)C(F)(F)C(F)(F)F,C8HF15O2,414.07,15,60.0,8,15,8,414.064,6.0,1.0,1.0,0.0,0.0,Long-chain,False,False,False,True,Long-chain Branched Highly-fluorinated,Incineration,Lab,Other,,0.0333333333333333,,False,,Short,,
335-67-1,Perfluorooctanoic acid,OC(=O)C(F)(F)C(F)(F)C(F)(F)C(F)(F)C(F)(F)C(F)(F)C(F)(F)F,C8HF15O2,414.07,15,60.0,8,15,8,414.064,6.0,1.0,1.0,0.0,0.0,Long-chain,False,False,False,True,Long-chain Branched Highly-fluorinated,Hydrothermal Treatment,Lab,Other,300.0,120.0,,False,Medium,Medium,1200.0,
335-67-1,Perfluorooctanoic acid,OC(=O)C(F)(F)C(F)(F)C(F)(F)C(F)(F)C(F)(F)C(F)(F)C(F)(F)F,C8HF15O2,414.07,15,60.0,8,15,8,414.064,6.0,1.0,1.0,0.0,0.0,Long-chain,False,False,False,True,Long-chain Branched Highly-fluorinated,Hydrothermal Treatment,Lab,Other,300.0,120.0,,False,Medium,Medium,1000.0,
335-67-1,Perfluorooctanoic acid,OC(=O)C(F)(F)C(F)(F)C(F)(F)C(F)(F)C(F)(F)C(F)(F)C(F)(F)F,C8HF15O2,414.07,15,60.0,8,15,8,414.064,6.0,1.0,1.0,0.0,0.0,Long-chain,False,False,False,True,Long-chain Branched Highly-fluorinated,Hydrothermal Treatment,Lab,Other,300.0,120.0,,False,Medium,Medium,,
335-67-1,Perfluorooctanoic acid,OC(=O)C(F)(F)C(F)(F)C(F)(F)C(F)(F)C(F)(F)C(F)(F)C(F)(F)F,C8HF15O2,414.07,15,60.0,8,15,8,414.064,6.0,1.0,1.0,0.0,0.0,Long-chain,False,False,False,True,Long-chain Branched Highly-fluorinated,Hydrothermal Treatment,Lab,Other,300.0,120.0,,False,Medium,Medium,,
335-67-1,Perfluorooctanoic acid,OC(=O)C(F)(F)C(F)(F)C(F)(F)C(F)(F)C(F)(F)C(F)(F)C(F)(F)F,C8HF15O2,414.07,15,60.0,8,15,8,414.064,6.0,1.0,1.0,0.0,0.0,Long-chain,False,False,False,True,Long-chain Branched Highly-fluorinated,Incineration,Full,Other,850.0,0.0333333333333333,,False,High,Short,,
335-67-1,Perfluorooctanoic acid,OC(=O)C(F)(F)C(F)(F)C(F)(F)C(F)(F)C(F)(F)C(F)(F)C(F)(F)F,C8HF15O2,414.07,15,60.0,8,15,8,414.064,6.0,1.0,1.0,0.0,0.0,Long-chain,False,False,False,True,Long-chain Branched Highly-fluorinated,Incineration,Full,Other,850.0,0.0333333333333333,,False,High,Short,,
335-67-1,Perfluorooctanoic acid,OC(=O)C(F)(F)C(F)(F)C(F)(F)C(F)(F)C(F)(F)C(F)(F)C(F)(F)F,C8HF15O2,414.07,15,60.0,8,15,8,414.064,6.0,1.0,1.0,0.0,0.0,Long-chain,False,False,False,True,Long-chain Branched Highly-fluorinated,Incineration,Full,Other,850.0,0.0333333333333333,,False,High,Short,,
335-67-1,Perfluorooctanoic acid,OC(=O)C(F)(F)C(F)(F)C(F)(F)C(F)(F)C(F)(F)C(F)(F)C(F)(F)F,C8HF15O2,414.07,15,60.0,8,15,8,414.064,6.0,1.0,1.0,0.0,0.0,Long-chain,False,False,False,True,Long-chain Branched Highly-fluorinated,Incineration,Full,Other,850.0,0.0333333333333333,,False,High,Short,,
335-67-1,Perfluorooctanoic acid,OC(=O)C(F)(F)C(F)(F)C(F)(F)C(F)(F)C(F)(F)C(F)(F)C(F)(F)F,C8HF15O2,414.07,15,60.0,8,15,8,414.064,6.0,1.0,1.0,0.0,0.0,Long-chain,False,False,False,True,Long-chain Branched Highly-fluorinated,Incineration,Full,Other,850.0,0.0333333333333333,,False,High,Short,,
335-67-1,Perfluorooctanoic acid,OC(=O)C(F)(F)C(F)(F)C(F)(F)C(F)(F)C(F)(F)C(F)(F)C(F)(F)F,C8HF15O2,414.07,15,60.0,8,15,8,414.064,6.0,1.0,1.0,0.0,0.0,Long-chain,False,False,False,True,Long-chain Branched Highly-fluorinated,Incineration,Full,Other,850.0,0.0333333333333333,,False,High,Short,,
335-67-1,Perfluorooctanoic acid,OC(=O)C(F)(F)C(F)(F)C(F)(F)C(F)(F)C(F)(F)C(F)(F)C(F)(F)F,C8HF15O2,414.07,15,60.0,8,15,8,414.064,6.0,1.0,1.0,0.0,0.0,Long-chain,False,False,False,True,Long-chain Branched Highly-fluorinated,GAC Reactivation,Lab,Treatment Media,1000.0,10.0,100.0,True,High,Short,10.0,0.0
335-67-1,Perfluorooctanoic acid,OC(=O)C(F)(F)C(F)(F)C(F)(F)C(F)(F)C(F)(F)C(F)(F)C(F)(F)F,C8HF15O2,414.07,15,60.0,8,15,8,414.064,6.0,1.0,1.0,0.0,0.0,Long-chain,False,False,False,True,Long-chain Branched Highly-fluorinated,GAC Reactivation,Lab,Treatment Media,1000.0,10.0,100.0,True,High,Short,10.0,0.0
335-67-1,Perfluorooctanoic acid,OC(=O)C(F)(F)C(F)(F)C(F)(F)C(F)(F)C(F)(F)C(F)(F)C(F)(F)F,C8HF15O2,414.07,15,60.0,8,15,8,414.064,6.0,1.0,1.0,0.0,0.0,Long-chain,False,False,False,True,Long-chain Branched Highly-fluorinated,GAC Reactivation,Lab,Treatment Media,900.0,10.0,100.0,True,High,Short,10.0,0.0
335-67-1,Perfluorooctanoic acid,OC(=O)C(F)(F)C(F)(F)C(F)(F)C(F)(F)C(F)(F)C(F)(F)C(F)(F)F,C8HF15O2,414.07,15,60.0,8,15,8,414.064,6.0,1.0,1.0,0.0,0.0,Long-chain,False,False,False,True,Long-chain Branched Highly-fluorinated,GAC Reactivation,Lab,Treatment Media,900.0,10.0,100.0,True,High,Short,10.0,0.0
335-67-1,Perfluorooctanoic acid,OC(=O)C(F)(F)C(F)(F)C(F)(F)C(F)(F)C(F)(F)C(F)(F)C(F)(F)F,C8HF15O2,414.07,15,60.0,8,15,8,414.064,6.0,1.0,1.0,0.0,0.0,Long-chain,False,False,False,True,Long-chain Branched Highly-fluorinated,GAC Reactivation,Lab,Treatment Media,800.0,10.0,100.0,True,High,Short,10.0,0.0
335-67-1,Perfluorooctanoic acid,OC(=O)C(F)(F)C(F)(F)C(F)(F)C(F)(F)C(F)(F)C(F)(F)C(F)(F)F,C8HF15O2,414.07,15,60.0,8,15,8,414.064,6.0,1.0,1.0,0.0,0.0,Long-chain,False,False,False,True,Long-chain Branched Highly-fluorinated,GAC Reactivation,Lab,Treatment Media,800.0,10.0,100.0,True,High,Short,10.0,0.0
335-67-1,Perfluorooctanoic acid,OC(=O)C(F)(F)C(F)(F)C(F)(F)C(F)(F)C(F)(F)C(F)(F)C(F)(F)F,C8HF15O2,414.07,15,60.0,8,15,8,414.064,6.0,1.0,1.0,0.0,0.0,Long-chain,False,False,False,True,Long-chain Branched Highly-fluorinated,GAC Reactivation,Lab,Treatment Media,800.0,10.0,100.0,True,High,Short,10.0,0.0
335-67-1,Perfluorooctanoic acid,OC(=O)C(F)(F)C(F)(F)C(F)(F)C(F)(F)C(F)(F)C(F)(F)C(F)(F)F,C8HF15O2,414.07,15,60.0,8,15,8,414.064,6.0,1.0,1.0,0.0,0.0,Long-chain,False,False,False,True,Long-chain Branched Highly-fluorinated,GAC Reactivation,Lab,Treatment Media,700.0,10.0,100.0,True,High,Short,10.0,0.0
335-67-1,Perfluorooctanoic acid,OC(=O)C(F)(F)C(F)(F)C(F)(F)C(F)(F)C(F)(F)C(F)(F)C(F)(F)F,C8HF15O2,414.07,15,60.0,8,15,8,414.064,6.0,1.0,1.0,0.0,0.0,Long-chain,False,False,False,True,Long-chain Branched Highly-fluorinated,GAC Reactivation,Lab,Treatment Media,700.0,10.0,100.0,True,High,Short,10.0,0.0
335-67-1,Perfluorooctanoic acid,OC(=O)C(F)(F)C(F)(F)C(F)(F)C(F)(F)C(F)(F)C(F)(F)C(F)(F)F,C8HF15O2,414.07,15,60.0,8,15,8,414.064,6.0,1.0,1.0,0.0,0.0,Long-chain,False,False,False,True,Long-chain Branched Highly-fluorinated,GAC Reactivation,Lab,Treatment Media,700.0,10.0,100.0,True,High,Short,10.0,0.0
335-67-1,Perfluorooctanoic acid,OC(=O)C(F)(F)C(F)(F)C(F)(F)C(F)(F)C(F)(F)C(F)(F)C(F)(F)F,C8HF15O2,414.07,15,60.0,8,15,8,414.064,6.0,1.0,1.0,0.0,0.0,Long-chain,False,False,False,True,Long-chain Branched Highly-fluorinated,Smoldering,Lab,Soil,1040.0,250.0,100.0,True,High,Long,0.002,0.0
335-67-1,Perfluorooctanoic acid,OC(=O)C(F)(F)C(F)(F)C(F)(F)C(F)(F)C(F)(F)C(F)(F)C(F)(F)F,C8HF15O2,414.07,15,60.0,8,15,8,414.064,6.0,1.0,1.0,0.0,0.0,Long-chain,False,False,False,True,Long-chain Branched Highly-fluorinated,Smoldering,Lab,Soil,642.0,250.0,100.0,True,High,Long,2.386,0.0
335-67-1,Perfluorooctanoic acid,OC(=O)C(F)(F)C(F)(F)C(F)(F)C(F)(F)C(F)(F)C(F)(F)C(F)(F)F,C8HF15O2,414.07,15,60.0,8,15,8,414.064,6.0,1.0,1.0,0.0,0.0,Long-chain,False,False,False,True,Long-chain Branched Highly-fluorinated,Smoldering,Lab,Soil,1143.0,250.0,100.0,True,High,Long,3.006,0.0
335-67-1,Perfluorooctanoic acid,OC(=O)C(F)(F)C(F)(F)C(F)(F)C(F)(F)C(F)(F)C(F)(F)C(F)(F)F,C8HF15O2,414.07,15,60.0,8,15,8,414.064,6.0,1.0,1.0,0.0,0.0,Long-chain,False,False,False,True,Long-chain Branched Highly-fluorinated,Smoldering,Lab,Soil,1145.0,250.0,100.0,True,High,Long,2.442,0.0
335-67-1,Perfluorooctanoic acid,OC(=O)C(F)(F)C(F)(F)C(F)(F)C(F)(F)C(F)(F)C(F)(F)C(F)(F)F,C8HF15O2,414.07,15,60.0,8,15,8,414.064,6.0,1.0,1.0,0.0,0.0,Long-chain,False,False,False,True,Long-chain Branched Highly-fluorinated,Smoldering,Lab,Soil,1093.0,250.0,99.99104965804342,True,High,Long,3.363,0.000301
335-67-1,Perfluorooctanoic acid,OC(=O)C(F)(F)C(F)(F)C(F)(F)C(F)(F)C(F)(F)C(F)(F)C(F)(F)F,C8HF15O2,414.07,15,60.0,8,15,8,414.064,6.0,1.0,1.0,0.0,0.0,Long-chain,False,False,False,True,Long-chain Branched Highly-fluorinated,Smoldering,Lab,Soil,1064.0,250.0,100.0,True,High,Long,11.49,0.0
335-67-1,Perfluorooctanoic acid,OC(=O)C(F)(F)C(F)(F)C(F)(F)C(F)(F)C(F)(F)C(F)(F)C(F)(F)F,C8HF15O2,414.07,15,60.0,8,15,8,414.064,6.0,1.0,1.0,0.0,0.0,Long-chain,False,False,False,True,Long-chain Branched Highly-fluorinated,Smoldering,Lab,Soil,1016.0,250.0,100.0,True,High,Long,6.14,0.0
335-67-1,Perfluorooctanoic acid,OC(=O)C(F)(F)C(F)(F)C(F)(F)C(F)(F)C(F)(F)C(F)(F)C(F)(F)F,C8HF15O2,414.07,15,60.0,8,15,8,414.064,6.0,1.0,1.0,0.0,0.0,Long-chain,False,False,False,True,Long-chain Branched Highly-fluorinated,Smoldering,Lab,Treatment Media,950.0,250.0,100.0,True,High,Long,510.0,0.0
335-67-1,Perfluorooctanoic acid,OC(=O)C(F)(F)C(F)(F)C(F)(F)C(F)(F)C(F)(F)C(F)(F)C(F)(F)F,C8HF15O2,414.07,15,60.0,8,15,8,414.064,6.0,1.0,1.0,0.0,0.0,Long-chain,False,False,False,True,Long-chain Branched Highly-fluorinated,Smoldering,Lab,Treatment Media,908.0,250.0,100.0,True,High,Long,590.0,0.0
335-67-1,Perfluorooctanoic acid,OC(=O)C(F)(F)C(F)(F)C(F)(F)C(F)(F)C(F)(F)C(F)(F)C(F)(F)F,C8HF15O2,414.07,15,60.0,8,15,8,414.064,6.0,1.0,1.0,0.0,0.0,Long-chain,False,False,False,True,Long-chain Branched Highly-fluorinated,Incineration,Pilot,Other,1020.0,0.045,,False,High,Short,,
335-67-1,Perfluorooctanoic acid,OC(=O)C(F)(F)C(F)(F)C(F)(F)C(F)(F)C(F)(F)C(F)(F)C(F)(F)F,C8HF15O2,414.07,15,60.0,8,15,8,414.064,6.0,1.0,1.0,0.0,0.0,Long-chain,False,False,False,True,Long-chain Branched Highly-fluorinated,Incineration,Pilot,Other,870.0,0.0666666666666666,,False,High,Short,,
335-67-1,Perfluorooctanoic acid,OC(=O)C(F)(F)C(F)(F)C(F)(F)C(F)(F)C(F)(F)C(F)(F)C(F)(F)F,C8HF15O2,414.07,15,60.0,8,15,8,414.064,6.0,1.0,1.0,0.0,0.0,Long-chain,False,False,False,True,Long-chain Branched Highly-fluorinated,Vapor Energy Generation,Lab,Soil,1750.0,30.0,,False,High,Short,,0.02
335-67-1,Perfluorooctanoic acid,OC(=O)C(F)(F)C(F)(F)C(F)(F)C(F)(F)C(F)(F)C(F)(F)C(F)(F)F,C8HF15O2,414.07,15,60.0,8,15,8,414.064,6.0,1.0,1.0,0.0,0.0,Long-chain,False,False,False,True,Long-chain Branched Highly-fluorinated,Vapor Energy Generation,Lab,Soil,1100.0,15.0,87.69658714025891,True,High,Short,560.82,69.0
335-67-1,Perfluorooctanoic acid,OC(=O)C(F)(F)C(F)(F)C(F)(F)C(F)(F)C(F)(F)C(F)(F)C(F)(F)F,C8HF15O2,414.07,15,60.0,8,15,8,414.064,6.0,1.0,1.0,0.0,0.0,Long-chain,False,False,False,True,Long-chain Branched Highly-fluorinated,Vapor Energy Generation,Lab,Soil,900.0,15.0,90.47517427799116,True,High,Short,281.16,26.78
335-67-1,Perfluorooctanoic acid,OC(=O)C(F)(F)C(F)(F)C(F)(F)C(F)(F)C(F)(F)C(F)(F)C(F)(F)F,C8HF15O2,414.07,15,60.0,8,15,8,414.064,6.0,1.0,1.0,0.0,0.0,Long-chain,False,False,False,True,Long-chain Branched Highly-fluorinated,Hydrothermal Treatment,Lab,Other,350.0,60.0,,False,Medium,Medium,,
335-67-1,Perfluorooctanoic acid,OC(=O)C(F)(F)C(F)(F)C(F)(F)C(F)(F)C(F)(F)C(F)(F)C(F)(F)F,C8HF15O2,414.07,15,60.0,8,15,8,414.064,6.0,1.0,1.0,0.0,0.0,Long-chain,False,False,False,True,Long-chain Branched Highly-fluorinated,Hydrothermal Treatment,Lab,Other,350.0,60.0,,False,Medium,Medium,,
335-67-1,Perfluorooctanoic acid,OC(=O)C(F)(F)C(F)(F)C(F)(F)C(F)(F)C(F)(F)C(F)(F)C(F)(F)F,C8HF15O2,414.07,15,60.0,8,15,8,414.064,6.0,1.0,1.0,0.0,0.0,Long-chain,False,False,False,True,Long-chain Branched Highly-fluorinated,Hydrothermal Treatment,Lab,Other,300.0,60.0,,False,Medium,Medium,,
335-67-1,Perfluorooctanoic acid,OC(=O)C(F)(F)C(F)(F)C(F)(F)C(F)(F)C(F)(F)C(F)(F)C(F)(F)F,C8HF15O2,414.07,15,60.0,8,15,8,414.064,6.0,1.0,1.0,0.0,0.0,Long-chain,False,False,False,True,Long-chain Branched Highly-fluorinated,Hydrothermal Treatment,Lab,Other,300.0,60.0,,False,Medium,Medium,,
335-67-1,Perfluorooctanoic acid,OC(=O)C(F)(F)C(F)(F)C(F)(F)C(F)(F)C(F)(F)C(F)(F)C(F)(F)F,C8HF15O2,414.07,15,60.0,8,15,8,414.064,6.0,1.0,1.0,0.0,0.0,Long-chain,False,False,False,True,Long-chain Branched Highly-fluorinated,Hydrothermal Treatment,Lab,Other,260.0,60.0,,False,Medium,Medium,,
335-67-1,Perfluorooctanoic acid,OC(=O)C(F)(F)C(F)(F)C(F)(F)C(F)(F)C(F)(F)C(F)(F)C(F)(F)F,C8HF15O2,414.07,15,60.0,8,15,8,414.064,6.0,1.0,1.0,0.0,0.0,Long-chain,False,False,False,True,Long-chain Branched Highly-fluorinated,Hydrothermal Treatment,Lab,Other,260.0,60.0,,False,Medium,Medium,,
335-67-1,Perfluorooctanoic acid,OC(=O)C(F)(F)C(F)(F)C(F)(F)C(F)(F)C(F)(F)C(F)(F)C(F)(F)F,C8HF15O2,414.07,15,60.0,8,15,8,414.064,6.0,1.0,1.0,0.0,0.0,Long-chain,False,False,False,True,Long-chain Branched Highly-fluorinated,Hydrothermal Treatment,Lab,Sludge,300.0,60.0,,False,Medium,Medium,1000.0,
335-67-1,Perfluorooctanoic acid,OC(=O)C(F)(F)C(F)(F)C(F)(F)C(F)(F)C(F)(F)C(F)(F)C(F)(F)F,C8HF15O2,414.07,15,60.0,8,15,8,414.064,6.0,1.0,1.0,0.0,0.0,Long-chain,False,False,False,True,Long-chain Branched Highly-fluorinated,Hydrothermal Treatment,Lab,Sludge,260.0,60.0,,False,Medium,Medium,1000.0,
335-67-1,Perfluorooctanoic acid,OC(=O)C(F)(F)C(F)(F)C(F)(F)C(F)(F)C(F)(F)C(F)(F)C(F)(F)F,C8HF15O2,414.07,15,60.0,8,15,8,414.064,6.0,1.0,1.0,0.0,0.0,Long-chain,False,False,False,True,Long-chain Branched Highly-fluorinated,Hydrothermal Treatment,Lab,Sludge,350.0,90.0,,False,Medium,Medium,1000.0,
335-67-1,Perfluorooctanoic acid,OC(=O)C(F)(F)C(F)(F)C(F)(F)C(F)(F)C(F)(F)C(F)(F)C(F)(F)F,C8HF15O2,414.07,15,60.0,8,15,8,414.064,6.0,1.0,1.0,0.0,0.0,Long-chain,False,False,False,True,Long-chain Branched Highly-fluorinated,Hydrothermal Treatment,Lab,Sludge,350.0,60.0,,False,Medium,Medium,1000.0,
335-67-1,Perfluorooctanoic acid,OC(=O)C(F)(F)C(F)(F)C(F)(F)C(F)(F)C(F)(F)C(F)(F)C(F)(F)F,C8HF15O2,414.07,15,60.0,8,15,8,414.064,6.0,1.0,1.0,0.0,0.0,Long-chain,False,False,False,True,Long-chain Branched Highly-fluorinated,Hydrothermal Treatment,Lab,Sludge,350.0,30.0,,False,Medium,Short,1000.0,
335-67-1,Perfluorooctanoic acid,OC(=O)C(F)(F)C(F)(F)C(F)(F)C(F)(F)C(F)(F)C(F)(F)C(F)(F)F,C8HF15O2,414.07,15,60.0,8,15,8,414.064,6.0,1.0,1.0,0.0,0.0,Long-chain,False,False,False,True,Long-chain Branched Highly-fluorinated,Indirect Thermal Desorption,Lab,Soil,550.0,75.0,99.94,True,High,Medium,0.6,0.00036
335-67-1,Perfluorooctanoic acid,OC(=O)C(F)(F)C(F)(F)C(F)(F)C(F)(F)C(F)(F)C(F)(F)C(F)(F)F,C8HF15O2,414.07,15,60.0,8,15,8,414.064,6.0,1.0,1.0,0.0,0.0,Long-chain,False,False,False,True,Long-chain Branched Highly-fluorinated,Indirect Thermal Desorption,Lab,Soil,550.0,45.0,99.92833333333331,True,High,Medium,0.6,0.00043
335-67-1,Perfluorooctanoic acid,OC(=O)C(F)(F)C(F)(F)C(F)(F)C(F)(F)C(F)(F)C(F)(F)C(F)(F)F,C8HF15O2,414.07,15,60.0,8,15,8,414.064,6.0,1.0,1.0,0.0,0.0,Long-chain,False,False,False,True,Long-chain Branched Highly-fluorinated,Indirect Thermal Desorption,Lab,Soil,550.0,15.0,99.93,True,High,Short,0.6,0.00042
335-67-1,Perfluorooctanoic acid,OC(=O)C(F)(F)C(F)(F)C(F)(F)C(F)(F)C(F)(F)C(F)(F)C(F)(F)F,C8HF15O2,414.07,15,60.0,8,15,8,414.064,6.0,1.0,1.0,0.0,0.0,Long-chain,False,False,False,True,Long-chain Branched Highly-fluorinated,Indirect Thermal Desorption,Lab,Soil,450.0,75.0,99.91833333333334,True,High,Medium,0.6,0.00049
335-67-1,Perfluorooctanoic acid,OC(=O)C(F)(F)C(F)(F)C(F)(F)C(F)(F)C(F)(F)C(F)(F)C(F)(F)F,C8HF15O2,414.07,15,60.0,8,15,8,414.064,6.0,1.0,1.0,0.0,0.0,Long-chain,False,False,False,True,Long-chain Branched Highly-fluorinated,Indirect Thermal Desorption,Lab,Soil,450.0,45.0,99.895,True,High,Medium,0.6,0.00063
335-67-1,Perfluorooctanoic acid,OC(=O)C(F)(F)C(F)(F)C(F)(F)C(F)(F)C(F)(F)C(F)(F)C(F)(F)F,C8HF15O2,414.07,15,60.0,8,15,8,414.064,6.0,1.0,1.0,0.0,0.0,Long-chain,False,False,False,True,Long-chain Branched Highly-fluorinated,Indirect Thermal Desorption,Lab,Soil,450.0,15.0,98.86666666666666,True,High,Short,0.6,0.0068
335-67-1,Perfluorooctanoic acid,OC(=O)C(F)(F)C(F)(F)C(F)(F)C(F)(F)C(F)(F)C(F)(F)C(F)(F)F,C8HF15O2,414.07,15,60.0,8,15,8,414.064,6.0,1.0,1.0,0.0,0.0,Long-chain,False,False,False,True,Long-chain Branched Highly-fluorinated,Indirect Thermal Desorption,Lab,Soil,350.0,75.0,98.78333333333332,True,Medium,Medium,0.6,0.0073
335-67-1,Perfluorooctanoic acid,OC(=O)C(F)(F)C(F)(F)C(F)(F)C(F)(F)C(F)(F)C(F)(F)C(F)(F)F,C8HF15O2,414.07,15,60.0,8,15,8,414.064,6.0,1.0,1.0,0.0,0.0,Long-chain,False,False,False,True,Long-chain Branched Highly-fluorinated,Indirect Thermal Desorption,Lab,Soil,350.0,45.0,97.83333333333331,True,Medium,Medium,0.6,0.013
335-67-1,Perfluorooctanoic acid,OC(=O)C(F)(F)C(F)(F)C(F)(F)C(F)(F)C(F)(F)C(F)(F)C(F)(F)F,C8HF15O2,414.07,15,60.0,8,15,8,414.064,6.0,1.0,1.0,0.0,0.0,Long-chain,False,False,False,True,Long-chain Branched Highly-fluorinated,Indirect Thermal Desorption,Lab,Soil,350.0,15.0,73.33333333333333,False,Medium,Short,0.6,0.16
335-67-1,Perfluorooctanoic acid,OC(=O)C(F)(F)C(F)(F)C(F)(F)C(F)(F)C(F)(F)C(F)(F)C(F)(F)F,C8HF15O2,414.07,15,60.0,8,15,8,414.064,6.0,1.0,1.0,0.0,0.0,Long-chain,False,False,False,True,Long-chain Branched Highly-fluorinated,Indirect Thermal Desorption,Lab,Soil,250.0,75.0,50.0,False,Medium,Medium,0.6,0.3
335-67-1,Perfluorooctanoic acid,OC(=O)C(F)(F)C(F)(F)C(F)(F)C(F)(F)C(F)(F)C(F)(F)C(F)(F)F,C8HF15O2,414.07,15,60.0,8,15,8,414.064,6.0,1.0,1.0,0.0,0.0,Long-chain,False,False,False,True,Long-chain Branched Highly-fluorinated,Indirect Thermal Desorption,Lab,Soil,250.0,45.0,35.0,False,Medium,Medium,0.6,0.39
335-67-1,Perfluorooctanoic acid,OC(=O)C(F)(F)C(F)(F)C(F)(F)C(F)(F)C(F)(F)C(F)(F)C(F)(F)F,C8HF15O2,414.07,15,60.0,8,15,8,414.064,6.0,1.0,1.0,0.0,0.0,Long-chain,False,False,False,True,Long-chain Branched Highly-fluorinated,Indirect Thermal Desorption,Lab,Soil,250.0,15.0,14.999999999999996,False,Medium,Short,0.6,0.51
335-67-1,Perfluorooctanoic acid,OC(=O)C(F)(F)C(F)(F)C(F)(F)C(F)(F)C(F)(F)C(F)(F)C(F)(F)F,C8HF15O2,414.07,15,60.0,8,15,8,414.064,6.0,1.0,1.0,0.0,0.0,Long-chain,False,False,False,True,Long-chain Branched Highly-fluorinated,Indirect Thermal Desorption,Lab,Soil,150.0,75.0,13.333333333333329,False,Medium,Medium,0.6,0.52
335-67-1,Perfluorooctanoic acid,OC(=O)C(F)(F)C(F)(F)C(F)(F)C(F)(F)C(F)(F)C(F)(F)C(F)(F)F,C8HF15O2,414.07,15,60.0,8,15,8,414.064,6.0,1.0,1.0,0.0,0.0,Long-chain,False,False,False,True,Long-chain Branched Highly-fluorinated,Indirect Thermal Desorption,Lab,Soil,150.0,45.0,14.999999999999996,False,Medium,Medium,0.6,0.51
335-67-1,Perfluorooctanoic acid,OC(=O)C(F)(F)C(F)(F)C(F)(F)C(F)(F)C(F)(F)C(F)(F)C(F)(F)F,C8HF15O2,414.07,15,60.0,8,15,8,414.064,6.0,1.0,1.0,0.0,0.0,Long-chain,False,False,False,True,Long-chain Branched Highly-fluorinated,Indirect Thermal Desorption,Lab,Soil,150.0,15.0,0.0,False,Medium,Short,0.6,0.68
335-67-1,Perfluorooctanoic acid,OC(=O)C(F)(F)C(F)(F)C(F)(F)C(F)(F)C(F)(F)C(F)(F)C(F)(F)F,C8HF15O2,414.07,15,60.0,8,15,8,414.064,6.0,1.0,1.0,0.0,0.0,Long-chain,False,False,False,True,Long-chain Branched Highly-fluorinated,Indirect Thermal Desorption,Lab,Soil,550.0,75.0,99.78333333333332,True,High,Medium,0.6,0.0013
335-67-1,Perfluorooctanoic acid,OC(=O)C(F)(F)C(F)(F)C(F)(F)C(F)(F)C(F)(F)C(F)(F)C(F)(F)F,C8HF15O2,414.07,15,60.0,8,15,8,414.064,6.0,1.0,1.0,0.0,0.0,Long-chain,False,False,False,True,Long-chain Branched Highly-fluorinated,Indirect Thermal Desorption,Lab,Soil,550.0,45.0,99.91666666666669,True,High,Medium,0.6,0.0005
335-67-1,Perfluorooctanoic acid,OC(=O)C(F)(F)C(F)(F)C(F)(F)C(F)(F)C(F)(F)C(F)(F)C(F)(F)F,C8HF15O2,414.07,15,60.0,8,15,8,414.064,6.0,1.0,1.0,0.0,0.0,Long-chain,False,False,False,True,Long-chain Branched Highly-fluorinated,Indirect Thermal Desorption,Lab,Soil,550.0,15.0,99.95,True,High,Short,0.6,0.0003
335-67-1,Perfluorooctanoic acid,OC(=O)C(F)(F)C(F)(F)C(F)(F)C(F)(F)C(F)(F)C(F)(F)C(F)(F)F,C8HF15O2,414.07,15,60.0,8,15,8,414.064,6.0,1.0,1.0,0.0,0.0,Long-chain,False,False,False,True,Long-chain Branched Highly-fluorinated,Indirect Thermal Desorption,Lab,Soil,450.0,75.0,99.93333333333334,True,High,Medium,0.6,0.0004
335-67-1,Perfluorooctanoic acid,OC(=O)C(F)(F)C(F)(F)C(F)(F)C(F)(F)C(F)(F)C(F)(F)C(F)(F)F,C8HF15O2,414.07,15,60.0,8,15,8,414.064,6.0,1.0,1.0,0.0,0.0,Long-chain,False,False,False,True,Long-chain Branched Highly-fluorinated,Indirect Thermal Desorption,Lab,Soil,450.0,45.0,99.91666666666669,True,High,Medium,0.6,0.0005
335-67-1,Perfluorooctanoic acid,OC(=O)C(F)(F)C(F)(F)C(F)(F)C(F)(F)C(F)(F)C(F)(F)C(F)(F)F,C8HF15O2,414.07,15,60.0,8,15,8,414.064,6.0,1.0,1.0,0.0,0.0,Long-chain,False,False,False,True,Long-chain Branched Highly-fluorinated,Indirect Thermal Desorption,Lab,Soil,450.0,15.0,97.16666666666669,True,High,Short,0.6,0.017
335-67-1,Perfluorooctanoic acid,OC(=O)C(F)(F)C(F)(F)C(F)(F)C(F)(F)C(F)(F)C(F)(F)C(F)(F)F,C8HF15O2,414.07,15,60.0,8,15,8,414.064,6.0,1.0,1.0,0.0,0.0,Long-chain,False,False,False,True,Long-chain Branched Highly-fluorinated,Indirect Thermal Desorption,Lab,Soil,350.0,75.0,99.2,True,Medium,Medium,0.6,0.0048
335-67-1,Perfluorooctanoic acid,OC(=O)C(F)(F)C(F)(F)C(F)(F)C(F)(F)C(F)(F)C(F)(F)C(F)(F)F,C8HF15O2,414.07,15,60.0,8,15,8,414.064,6.0,1.0,1.0,0.0,0.0,Long-chain,False,False,False,True,Long-chain Branched Highly-fluorinated,Indirect Thermal Desorption,Lab,Soil,350.0,45.0,95.66666666666669,True,Medium,Medium,0.6,0.026
335-67-1,Perfluorooctanoic acid,OC(=O)C(F)(F)C(F)(F)C(F)(F)C(F)(F)C(F)(F)C(F)(F)C(F)(F)F,C8HF15O2,414.07,15,60.0,8,15,8,414.064,6.0,1.0,1.0,0.0,0.0,Long-chain,False,False,False,True,Long-chain Branched Highly-fluorinated,Indirect Thermal Desorption,Lab,Soil,350.0,15.0,87.33333333333334,True,Medium,Short,0.6,0.076
335-67-1,Perfluorooctanoic acid,OC(=O)C(F)(F)C(F)(F)C(F)(F)C(F)(F)C(F)(F)C(F)(F)C(F)(F)F,C8HF15O2,414.07,15,60.0,8,15,8,414.064,6.0,1.0,1.0,0.0,0.0,Long-chain,False,False,False,True,Long-chain Branched Highly-fluorinated,Indirect Thermal Desorption,Lab,Soil,250.0,75.0,76.66666666666666,False,Medium,Medium,0.6,0.14
335-67-1,Perfluorooctanoic acid,OC(=O)C(F)(F)C(F)(F)C(F)(F)C(F)(F)C(F)(F)C(F)(F)C(F)(F)F,C8HF15O2,414.07,15,60.0,8,15,8,414.064,6.0,1.0,1.0,0.0,0.0,Long-chain,False,False,False,True,Long-chain Branched Highly-fluorinated,Indirect Thermal Desorption,Lab,Soil,250.0,45.0,50.0,False,Medium,Medium,0.6,0.3
335-67-1,Perfluorooctanoic acid,OC(=O)C(F)(F)C(F)(F)C(F)(F)C(F)(F)C(F)(F)C(F)(F)C(F)(F)F,C8HF15O2,414.07,15,60.0,8,15,8,414.064,6.0,1.0,1.0,0.0,0.0,Long-chain,False,False,False,True,Long-chain Branched Highly-fluorinated,Indirect Thermal Desorption,Lab,Soil,250.0,15.0,0.0,False,Medium,Short,0.6,0.73
335-67-1,Perfluorooctanoic acid,OC(=O)C(F)(F)C(F)(F)C(F)(F)C(F)(F)C(F)(F)C(F)(F)C(F)(F)F,C8HF15O2,414.07,15,60.0,8,15,8,414.064,6.0,1.0,1.0,0.0,0.0,Long-chain,False,False,False,True,Long-chain Branched Highly-fluorinated,Indirect Thermal Desorption,Lab,Soil,150.0,75.0,0.0,False,Medium,Medium,0.6,0.72
335-67-1,Perfluorooctanoic acid,OC(=O)C(F)(F)C(F)(F)C(F)(F)C(F)(F)C(F)(F)C(F)(F)C(F)(F)F,C8HF15O2,414.07,15,60.0,8,15,8,414.064,6.0,1.0,1.0,0.0,0.0,Long-chain,False,False,False,True,Long-chain Branched Highly-fluorinated,Indirect Thermal Desorption,Lab,Soil,150.0,45.0,0.0,False,Medium,Medium,0.6,0.86
335-67-1,Perfluorooctanoic acid,OC(=O)C(F)(F)C(F)(F)C(F)(F)C(F)(F)C(F)(F)C(F)(F)C(F)(F)F,C8HF15O2,414.07,15,60.0,8,15,8,414.064,6.0,1.0,1.0,0.0,0.0,Long-chain,False,False,False,True,Long-chain Branched Highly-fluorinated,Indirect Thermal Desorption,Lab,Soil,150.0,15.0,0.0,False,Medium,Short,0.6,0.89
335-67-1,Perfluorooctanoic acid,OC(=O)C(F)(F)C(F)(F)C(F)(F)C(F)(F)C(F)(F)C(F)(F)C(F)(F)F,C8HF15O2,414.07,15,60.0,8,15,8,414.064,6.0,1.0,1.0,0.0,0.0,Long-chain,False,False,False,True,Long-chain Branched Highly-fluorinated,Indirect Thermal Desorption,Lab,Soil,550.0,75.0,91.2,True,High,Medium,0.0025,0.00022
335-67-1,Perfluorooctanoic acid,OC(=O)C(F)(F)C(F)(F)C(F)(F)C(F)(F)C(F)(F)C(F)(F)C(F)(F)F,C8HF15O2,414.07,15,60.0,8,15,8,414.064,6.0,1.0,1.0,0.0,0.0,Long-chain,False,False,False,True,Long-chain Branched Highly-fluorinated,Indirect Thermal Desorption,Lab,Soil,550.0,45.0,90.8,True,High,Medium,0.0025,0.00023
335-67-1,Perfluorooctanoic acid,OC(=O)C(F)(F)C(F)(F)C(F)(F)C(F)(F)C(F)(F)C(F)(F)C(F)(F)F,C8HF15O2,414.07,15,60.0,8,15,8,414.064,6.0,1.0,1.0,0.0,0.0,Long-chain,False,False,False,True,Long-chain Branched Highly-fluorinated,Indirect Thermal Desorption,Lab,Soil,550.0,15.0,82.4,True,High,Short,0.0025,0.00044
335-67-1,Perfluorooctanoic acid,OC(=O)C(F)(F)C(F)(F)C(F)(F)C(F)(F)C(F)(F)C(F)(F)C(F)(F)F,C8HF15O2,414.07,15,60.0,8,15,8,414.064,6.0,1.0,1.0,0.0,0.0,Long-chain,False,False,False,True,Long-chain Branched Highly-fluorinated,Indirect Thermal Desorption,Lab,Soil,450.0,75.0,66.4,False,High,Medium,0.0025,0.00084
335-67-1,Perfluorooctanoic acid,OC(=O)C(F)(F)C(F)(F)C(F)(F)C(F)(F)C(F)(F)C(F)(F)C(F)(F)F,C8HF15O2,414.07,15,60.0,8,15,8,414.064,6.0,1.0,1.0,0.0,0.0,Long-chain,False,False,False,True,Long-chain Branched Highly-fluorinated,Indirect Thermal Desorption,Lab,Soil,450.0,45.0,40.0,False,High,Medium,0.0025,0.0015
335-67-1,Perfluorooctanoic acid,OC(=O)C(F)(F)C(F)(F)C(F)(F)C(F)(F)C(F)(F)C(F)(F)C(F)(F)F,C8HF15O2,414.07,15,60.0,8,15,8,414.064,6.0,1.0,1.0,0.0,0.0,Long-chain,False,False,False,True,Long-chain Branched Highly-fluorinated,Indirect Thermal Desorption,Lab,Soil,450.0,15.0,76.4,False,High,Short,0.0025,0.00059
335-67-1,Perfluorooctanoic acid,OC(=O)C(F)(F)C(F)(F)C(F)(F)C(F)(F)C(F)(F)C(F)(F)C(F)(F)F,C8HF15O2,414.07,15,60.0,8,15,8,414.064,6.0,1.0,1.0,0.0,0.0,Long-chain,False,False,False,True,Long-chain Branched Highly-fluorinated,Indirect Thermal Desorption,Lab,Soil,350.0,75.0,68.0,False,Medium,Medium,0.0025,0.0008
335-67-1,Perfluorooctanoic acid,OC(=O)C(F)(F)C(F)(F)C(F)(F)C(F)(F)C(F)(F)C(F)(F)C(F)(F)F,C8HF15O2,414.07,15,60.0,8,15,8,414.064,6.0,1.0,1.0,0.0,0.0,Long-chain,False,False,False,True,Long-chain Branched Highly-fluorinated,Indirect Thermal Desorption,Lab,Soil,350.0,45.0,84.39999999999999,True,Medium,Medium,0.0025,0.00039
335-67-1,Perfluorooctanoic acid,OC(=O)C(F)(F)C(F)(F)C(F)(F)C(F)(F)C(F)(F)C(F)(F)C(F)(F)F,C8HF15O2,414.07,15,60.0,8,15,8,414.064,6.0,1.0,1.0,0.0,0.0,Long-chain,False,False,False,True,Long-chain Branched Highly-fluorinated,Indirect Thermal Desorption,Lab,Soil,350.0,15.0,72.0,False,Medium,Short,0.0025,0.0007
335-67-1,Perfluorooctanoic acid,OC(=O)C(F)(F)C(F)(F)C(F)(F)C(F)(F)C(F)(F)C(F)(F)C(F)(F)F,C8HF15O2,414.07,15,60.0,8,15,8,414.064,6.0,1.0,1.0,0.0,0.0,Long-chain,False,False,False,True,Long-chain Branched Highly-fluorinated,Indirect Thermal Desorption,Lab,Soil,250.0,75.0,70.39999999999999,False,Medium,Medium,0.0025,0.00074
335-67-1,Perfluorooctanoic acid,OC(=O)C(F)(F)C(F)(F)C(F)(F)C(F)(F)C(F)(F)C(F)(F)C(F)(F)F,C8HF15O2,414.07,15,60.0,8,15,8,414.064,6.0,1.0,1.0,0.0,0.0,Long-chain,False,False,False,True,Long-chain Branched Highly-fluorinated,Indirect Thermal Desorption,Lab,Soil,250.0,45.0,67.2,False,Medium,Medium,0.0025,0.00082
335-67-1,Perfluorooctanoic acid,OC(=O)C(F)(F)C(F)(F)C(F)(F)C(F)(F)C(F)(F)C(F)(F)C(F)(F)F,C8HF15O2,414.07,15,60.0,8,15,8,414.064,6.0,1.0,1.0,0.0,0.0,Long-chain,False,False,False,True,Long-chain Branched Highly-fluorinated,Indirect Thermal Desorption,Lab,Soil,250.0,15.0,28.000000000000004,False,Medium,Short,0.0025,0.0018
335-67-1,Perfluorooctanoic acid,OC(=O)C(F)(F)C(F)(F)C(F)(F)C(F)(F)C(F)(F)C(F)(F)C(F)(F)F,C8HF15O2,414.07,15,60.0,8,15,8,414.064,6.0,1.0,1.0,0.0,0.0,Long-chain,False,False,False,True,Long-chain Branched Highly-fluorinated,Indirect Thermal Desorption,Lab,Soil,150.0,75.0,60.0,False,Medium,Medium,0.0025,0.001
335-67-1,Perfluorooctanoic acid,OC(=O)C(F)(F)C(F)(F)C(F)(F)C(F)(F)C(F)(F)C(F)(F)C(F)(F)F,C8HF15O2,414.07,15,60.0,8,15,8,414.064,6.0,1.0,1.0,0.0,0.0,Long-chain,False,False,False,True,Long-chain Branched Highly-fluorinated,Indirect Thermal Desorption,Lab,Soil,150.0,45.0,71.6,False,Medium,Medium,0.0025,0.00071
335-67-1,Perfluorooctanoic acid,OC(=O)C(F)(F)C(F)(F)C(F)(F)C(F)(F)C(F)(F)C(F)(F)C(F)(F)F,C8HF15O2,414.07,15,60.0,8,15,8,414.064,6.0,1.0,1.0,0.0,0.0,Long-chain,False,False,False,True,Long-chain Branched Highly-fluorinated,Indirect Thermal Desorption,Lab,Soil,150.0,15.0,0.0,False,Medium,Short,0.0025,0.003
335-67-1,Perfluorooctanoic acid,OC(=O)C(F)(F)C(F)(F)C(F)(F)C(F)(F)C(F)(F)C(F)(F)C(F)(F)F,C8HF15O2,414.07,15,60.0,8,15,8,414.064,6.0,1.0,1.0,0.0,0.0,Long-chain,False,False,False,True,Long-chain Branched Highly-fluorinated,Incineration,Full,Sludge,,,85.1063829787234,True,,,47.0,7.0
335-67-1,Perfluorooctanoic acid,OC(=O)C(F)(F)C(F)(F)C(F)(F)C(F)(F)C(F)(F)C(F)(F)C(F)(F)F,C8HF15O2,414.07,15,60.0,8,15,8,414.064,6.0,1.0,1.0,0.0,0.0,Long-chain,False,False,False,True,Long-chain Branched Highly-fluorinated,Incineration,Full,Sludge,,,92.53846153846152,True,,,130.0,9.7
335-67-1,Perfluorooctanoic acid,OC(=O)C(F)(F)C(F)(F)C(F)(F)C(F)(F)C(F)(F)C(F)(F)C(F)(F)F,C8HF15O2,414.07,15,60.0,8,15,8,414.064,6.0,1.0,1.0,0.0,0.0,Long-chain,False,False,False,True,Long-chain Branched Highly-fluorinated,Incineration,Full,Sludge,,,45.3125,False,,,64.0,35.0
335-67-1,Perfluorooctanoic acid,OC(=O)C(F)(F)C(F)(F)C(F)(F)C(F)(F)C(F)(F)C(F)(F)C(F)(F)F,C8HF15O2,414.07,15,60.0,8,15,8,414.064,6.0,1.0,1.0,0.0,0.0,Long-chain,False,False,False,True,Long-chain Branched Highly-fluorinated,GAC Reactivation,Lab,Other,700.0,10.0,,False,High,Short,,
335-67-1,Perfluorooctanoic acid,OC(=O)C(F)(F)C(F)(F)C(F)(F)C(F)(F)C(F)(F)C(F)(F)C(F)(F)F,C8HF15O2,414.07,15,60.0,8,15,8,414.064,6.0,1.0,1.0,0.0,0.0,Long-chain,False,False,False,True,Long-chain Branched Highly-fluorinated,GAC Reactivation,Lab,Other,700.0,10.0,,False,High,Short,,
335-67-1,Perfluorooctanoic acid,OC(=O)C(F)(F)C(F)(F)C(F)(F)C(F)(F)C(F)(F)C(F)(F)C(F)(F)F,C8HF15O2,414.07,15,60.0,8,15,8,414.064,6.0,1.0,1.0,0.0,0.0,Long-chain,False,False,False,True,Long-chain Branched Highly-fluorinated,GAC Reactivation,Lab,Other,700.0,10.0,,False,High,Short,,
335-67-1,Perfluorooctanoic acid,OC(=O)C(F)(F)C(F)(F)C(F)(F)C(F)(F)C(F)(F)C(F)(F)C(F)(F)F,C8HF15O2,414.07,15,60.0,8,15,8,414.064,6.0,1.0,1.0,0.0,0.0,Long-chain,False,False,False,True,Long-chain Branched Highly-fluorinated,GAC Reactivation,Lab,Treatment Media,700.0,10.0,,False,High,Short,49.4,
335-67-1,Perfluorooctanoic acid,OC(=O)C(F)(F)C(F)(F)C(F)(F)C(F)(F)C(F)(F)C(F)(F)C(F)(F)F,C8HF15O2,414.07,15,60.0,8,15,8,414.064,6.0,1.0,1.0,0.0,0.0,Long-chain,False,False,False,True,Long-chain Branched Highly-fluorinated,GAC Reactivation,Lab,Treatment Media,700.0,10.0,,False,High,Short,49.4,
335-67-1,Perfluorooctanoic acid,OC(=O)C(F)(F)C(F)(F)C(F)(F)C(F)(F)C(F)(F)C(F)(F)C(F)(F)F,C8HF15O2,414.07,15,60.0,8,15,8,414.064,6.0,1.0,1.0,0.0,0.0,Long-chain,False,False,False,True,Long-chain Branched Highly-fluorinated,Indirect Thermal Desorption,Lab,Soil,300.0,14400.0,92.96875,True,Medium,Extended,64.0,4.5
335-67-1,Perfluorooctanoic acid,OC(=O)C(F)(F)C(F)(F)C(F)(F)C(F)(F)C(F)(F)C(F)(F)C(F)(F)F,C8HF15O2,414.07,15,60.0,8,15,8,414.064,6.0,1.0,1.0,0.0,0.0,Long-chain,False,False,False,True,Long-chain Branched Highly-fluorinated,Indirect Thermal Desorption,Lab,Soil,350.0,14400.0,99.21875,True,Medium,Extended,64.0,0.5
335-67-1,Perfluorooctanoic acid,OC(=O)C(F)(F)C(F)(F)C(F)(F)C(F)(F)C(F)(F)C(F)(F)C(F)(F)F,C8HF15O2,414.07,15,60.0,8,15,8,414.064,6.0,1.0,1.0,0.0,0.0,Long-chain,False,False,False,True,Long-chain Branched Highly-fluorinated,Indirect Thermal Desorption,Lab,Soil,400.0,20160.0,99.865625,True,Medium,Extended,64.0,0.086
335-67-1,Perfluorooctanoic acid,OC(=O)C(F)(F)C(F)(F)C(F)(F)C(F)(F)C(F)(F)C(F)(F)C(F)(F)F,C8HF15O2,414.07,15,60.0,8,15,8,414.064,6.0,1.0,1.0,0.0,0.0,Long-chain,False,False,False,True,Long-chain Branched Highly-fluorinated,Incineration,Lab,Other,1000.0,0.0333333333333333,,False,High,Short,,
2058-94-8,Perfluoroundecanoic acid,OC(=O)C(F)(F)C(F)(F)C(F)(F)C(F)(F)C(F)(F)C(F)(F)C(F)(F)C(F)(F)C(F)(F)C(F)(F)F,C11HF21O2,564.093,21,61.76470588235294,11,21,11,564.0850000000002,9.0,1.0,1.0,0.0,0.0,Long-chain,False,False,False,True,Long-chain Branched Highly-fluorinated,Electromagnetic Heating,Lab,Soil,845.0,2.0,,False,High,Short,0.02,
2058-94-8,Perfluoroundecanoic acid,OC(=O)C(F)(F)C(F)(F)C(F)(F)C(F)(F)C(F)(F)C(F)(F)C(F)(F)C(F)(F)C(F)(F)C(F)(F)F,C11HF21O2,564.093,21,61.76470588235294,11,21,11,564.0850000000002,9.0,1.0,1.0,0.0,0.0,Long-chain,False,False,False,True,Long-chain Branched Highly-fluorinated,Pyrolysis,Lab,Sludge,800.0,20.0,61.81818181818183,False,High,Short,0.055,0.021
2058-94-8,Perfluoroundecanoic acid,OC(=O)C(F)(F)C(F)(F)C(F)(F)C(F)(F)C(F)(F)C(F)(F)C(F)(F)C(F)(F)C(F)(F)C(F)(F)F,C11HF21O2,564.093,21,61.76470588235294,11,21,11,564.0850000000002,9.0,1.0,1.0,0.0,0.0,Long-chain,False,False,False,True,Long-chain Branched Highly-fluorinated,Pyrolysis,Lab,Sludge,800.0,20.0,74.39024390243902,False,High,Short,0.082,0.021
2058-94-8,Perfluoroundecanoic acid,OC(=O)C(F)(F)C(F)(F)C(F)(F)C(F)(F)C(F)(F)C(F)(F)C(F)(F)C(F)(F)C(F)(F)C(F)(F)F,C11HF21O2,564.093,21,61.76470588235294,11,21,11,564.0850000000002,9.0,1.0,1.0,0.0,0.0,Long-chain,False,False,False,True,Long-chain Branched Highly-fluorinated,Pyrolysis,Lab,Sludge,800.0,20.0,80.8080808080808,True,High,Short,0.099,0.019
2058-94-8,Perfluoroundecanoic acid,OC(=O)C(F)(F)C(F)(F)C(F)(F)C(F)(F)C(F)(F)C(F)(F)C(F)(F)C(F)(F)C(F)(F)C(F)(F)F,C11HF21O2,564.093,21,61.76470588235294,11,21,11,564.0850000000002,9.0,1.0,1.0,0.0,0.0,Long-chain,False,False,False,True,Long-chain Branched Highly-fluorinated,Pyrolysis,Lab,Sludge,800.0,20.0,62.26415094339623,False,High,Short,0.053,0.02
2058-94-8,Perfluoroundecanoic acid,OC(=O)C(F)(F)C(F)(F)C(F)(F)C(F)(F)C(F)(F)C(F)(F)C(F)(F)C(F)(F)C(F)(F)C(F)(F)F,C11HF21O2,564.093,21,61.76470588235294,11,21,11,564.0850000000002,9.0,1.0,1.0,0.0,0.0,Long-chain,False,False,False,True,Long-chain Branched Highly-fluorinated,Pyrolysis,Lab,Sludge,800.0,20.0,69.56521739130434,False,High,Short,0.069,0.021
2058-94-8,Perfluoroundecanoic acid,OC(=O)C(F)(F)C(F)(F)C(F)(F)C(F)(F)C(F)(F)C(F)(F)C(F)(F)C(F)(F)C(F)(F)C(F)(F)F,C11HF21O2,564.093,21,61.76470588235294,11,21,11,564.0850000000002,9.0,1.0,1.0,0.0,0.0,Long-chain,False,False,False,True,Long-chain Branched Highly-fluorinated,Pyrolysis,Lab,Sludge,800.0,20.0,68.33333333333333,False,High,Short,0.06,0.019
2058-94-8,Perfluoroundecanoic acid,OC(=O)C(F)(F)C(F)(F)C(F)(F)C(F)(F)C(F)(F)C(F)(F)C(F)(F)C(F)(F)C(F)(F)C(F)(F)F,C11HF21O2,564.093,21,61.76470588235294,11,21,11,564.0850000000002,9.0,1.0,1.0,0.0,0.0,Long-chain,False,False,False,True,Long-chain Branched Highly-fluorinated,Pyrolysis,Lab,Sludge,650.0,20.0,76.82926829268293,False,High,Short,0.082,0.019
2058-94-8,Perfluoroundecanoic acid,OC(=O)C(F)(F)C(F)(F)C(F)(F)C(F)(F)C(F)(F)C(F)(F)C(F)(F)C(F)(F)C(F)(F)C(F)(F)F,C11HF21O2,564.093,21,61.76470588235294,11,21,11,564.0850000000002,9.0,1.0,1.0,0.0,0.0,Long-chain,False,False,False,True,Long-chain Branched Highly-fluorinated,Pyrolysis,Lab,Sludge,650.0,20.0,65.45454545454547,False,High,Short,0.055,0.019
2058-94-8,Perfluoroundecanoic acid,OC(=O)C(F)(F)C(F)(F)C(F)(F)C(F)(F)C(F)(F)C(F)(F)C(F)(F)C(F)(F)C(F)(F)C(F)(F)F,C11HF21O2,564.093,21,61.76470588235294,11,21,11,564.0850000000002,9.0,1.0,1.0,0.0,0.0,Long-chain,False,False,False,True,Long-chain Branched Highly-fluorinated,Pyrolysis,Lab,Sludge,650.0,20.0,78.78787878787878,False,High,Short,0.099,0.021
2058-94-8,Perfluoroundecanoic acid,OC(=O)C(F)(F)C(F)(F)C(F)(F)C(F)(F)C(F)(F)C(F)(F)C(F)(F)C(F)(F)C(F)(F)C(F)(F)F,C11HF21O2,564.093,21,61.76470588235294,11,21,11,564.0850000000002,9.0,1.0,1.0,0.0,0.0,Long-chain,False,False,False,True,Long-chain Branched Highly-fluorinated,Pyrolysis,Lab,Sludge,650.0,20.0,71.01449275362319,False,High,Short,0.069,0.02
2058-94-8,Perfluoroundecanoic acid,OC(=O)C(F)(F)C(F)(F)C(F)(F)C(F)(F)C(F)(F)C(F)(F)C(F)(F)C(F)(F)C(F)(F)C(F)(F)F,C11HF21O2,564.093,21,61.76470588235294,11,21,11,564.0850000000002,9.0,1.0,1.0,0.0,0.0,Long-chain,False,False,False,True,Long-chain Branched Highly-fluorinated,Pyrolysis,Lab,Sludge,650.0,20.0,64.15094339622642,False,High,Short,0.053,0.019
2058-94-8,Perfluoroundecanoic acid,OC(=O)C(F)(F)C(F)(F)C(F)(F)C(F)(F)C(F)(F)C(F)(F)C(F)(F)C(F)(F)C(F)(F)C(F)(F)F,C11HF21O2,564.093,21,61.76470588235294,11,21,11,564.0850000000002,9.0,1.0,1.0,0.0,0.0,Long-chain,False,False,False,True,Long-chain Branched Highly-fluorinated,Pyrolysis,Lab,Sludge,650.0,20.0,66.66666666666666,False,High,Short,0.06,0.02
2058-94-8,Perfluoroundecanoic acid,OC(=O)C(F)(F)C(F)(F)C(F)(F)C(F)(F)C(F)(F)C(F)(F)C(F)(F)C(F)(F)C(F)(F)C(F)(F)F,C11HF21O2,564.093,21,61.76470588235294,11,21,11,564.0850000000002,9.0,1.0,1.0,0.0,0.0,Long-chain,False,False,False,True,Long-chain Branched Highly-fluorinated,Pyrolysis,Lab,Sludge,500.0,20.0,63.63636363636365,False,High,Short,0.055,0.02
2058-94-8,Perfluoroundecanoic acid,OC(=O)C(F)(F)C(F)(F)C(F)(F)C(F)(F)C(F)(F)C(F)(F)C(F)(F)C(F)(F)C(F)(F)C(F)(F)F,C11HF21O2,564.093,21,61.76470588235294,11,21,11,564.0850000000002,9.0,1.0,1.0,0.0,0.0,Long-chain,False,False,False,True,Long-chain Branched Highly-fluorinated,Pyrolysis,Lab,Sludge,500.0,20.0,75.60975609756098,False,High,Short,0.082,0.02
2058-94-8,Perfluoroundecanoic acid,OC(=O)C(F)(F)C(F)(F)C(F)(F)C(F)(F)C(F)(F)C(F)(F)C(F)(F)C(F)(F)C(F)(F)C(F)(F)F,C11HF21O2,564.093,21,61.76470588235294,11,21,11,564.0850000000002,9.0,1.0,1.0,0.0,0.0,Long-chain,False,False,False,True,Long-chain Branched Highly-fluorinated,Pyrolysis,Lab,Sludge,500.0,20.0,80.8080808080808,True,High,Short,0.099,0.019
2058-94-8,Perfluoroundecanoic acid,OC(=O)C(F)(F)C(F)(F)C(F)(F)C(F)(F)C(F)(F)C(F)(F)C(F)(F)C(F)(F)C(F)(F)C(F)(F)F,C11HF21O2,564.093,21,61.76470588235294,11,21,11,564.0850000000002,9.0,1.0,1.0,0.0,0.0,Long-chain,False,False,False,True,Long-chain Branched Highly-fluorinated,Pyrolysis,Lab,Sludge,500.0,20.0,69.56521739130434,False,High,Short,0.069,0.021
2058-94-8,Perfluoroundecanoic acid,OC(=O)C(F)(F)C(F)(F)C(F)(F)C(F)(F)C(F)(F)C(F)(F)C(F)(F)C(F)(F)C(F)(F)C(F)(F)F,C11HF21O2,564.093,21,61.76470588235294,11,21,11,564.0850000000002,9.0,1.0,1.0,0.0,0.0,Long-chain,False,False,False,True,Long-chain Branched Highly-fluorinated,Pyrolysis,Lab,Sludge,500.0,20.0,62.26415094339623,False,High,Short,0.053,0.02
2058-94-8,Perfluoroundecanoic acid,OC(=O)C(F)(F)C(F)(F)C(F)(F)C(F)(F)C(F)(F)C(F)(F)C(F)(F)C(F)(F)C(F)(F)C(F)(F)F,C11HF21O2,564.093,21,61.76470588235294,11,21,11,564.0850000000002,9.0,1.0,1.0,0.0,0.0,Long-chain,False,False,False,True,Long-chain Branched Highly-fluorinated,Pyrolysis,Lab,Sludge,500.0,20.0,68.33333333333333,False,High,Short,0.06,0.019
2058-94-8,Perfluoroundecanoic acid,OC(=O)C(F)(F)C(F)(F)C(F)(F)C(F)(F)C(F)(F)C(F)(F)C(F)(F)C(F)(F)C(F)(F)C(F)(F)F,C11HF21O2,564.093,21,61.76470588235294,11,21,11,564.0850000000002,9.0,1.0,1.0,0.0,0.0,Long-chain,False,False,False,True,Long-chain Branched Highly-fluorinated,GAC Reactivation,Full,Treatment Media,1093.0,,97.58333333333334,True,High,,24.0,0.58
2058-94-8,Perfluoroundecanoic acid,OC(=O)C(F)(F)C(F)(F)C(F)(F)C(F)(F)C(F)(F)C(F)(F)C(F)(F)C(F)(F)C(F)(F)C(F)(F)F,C11HF21O2,564.093,21,61.76470588235294,11,21,11,564.0850000000002,9.0,1.0,1.0,0.0,0.0,Long-chain,False,False,False,True,Long-chain Branched Highly-fluorinated,GAC Reactivation,Full,Treatment Media,1093.0,,97.58333333333334,True,High,,24.0,0.58
2058-94-8,Perfluoroundecanoic acid,OC(=O)C(F)(F)C(F)(F)C(F)(F)C(F)(F)C(F)(F)C(F)(F)C(F)(F)C(F)(F)C(F)(F)C(F)(F)F,C11HF21O2,564.093,21,61.76470588235294,11,21,11,564.0850000000002,9.0,1.0,1.0,0.0,0.0,Long-chain,False,False,False,True,Long-chain Branched Highly-fluorinated,GAC Reactivation,Full,Treatment Media,1093.0,,98.71111111111112,True,High,,45.0,0.58
2058-94-8,Perfluoroundecanoic acid,OC(=O)C(F)(F)C(F)(F)C(F)(F)C(F)(F)C(F)(F)C(F)(F)C(F)(F)C(F)(F)C(F)(F)C(F)(F)F,C11HF21O2,564.093,21,61.76470588235294,11,21,11,564.0850000000002,9.0,1.0,1.0,0.0,0.0,Long-chain,False,False,False,True,Long-chain Branched Highly-fluorinated,Pyrolysis,Lab,Sludge,700.0,,100.0,True,High,,1.8,0.0
2058-94-8,Perfluoroundecanoic acid,OC(=O)C(F)(F)C(F)(F)C(F)(F)C(F)(F)C(F)(F)C(F)(F)C(F)(F)C(F)(F)C(F)(F)C(F)(F)F,C11HF21O2,564.093,21,61.76470588235294,11,21,11,564.0850000000002,9.0,1.0,1.0,0.0,0.0,Long-chain,False,False,False,True,Long-chain Branched Highly-fluorinated,Pyrolysis,Lab,Sludge,700.0,,100.0,True,High,,1.9,0.0
2058-94-8,Perfluoroundecanoic acid,OC(=O)C(F)(F)C(F)(F)C(F)(F)C(F)(F)C(F)(F)C(F)(F)C(F)(F)C(F)(F)C(F)(F)C(F)(F)F,C11HF21O2,564.093,21,61.76470588235294,11,21,11,564.0850000000002,9.0,1.0,1.0,0.0,0.0,Long-chain,False,False,False,True,Long-chain Branched Highly-fluorinated,Pyrolysis,Lab,Sludge,500.0,,100.0,True,High,,1.8,0.0
2058-94-8,Perfluoroundecanoic acid,OC(=O)C(F)(F)C(F)(F)C(F)(F)C(F)(F)C(F)(F)C(F)(F)C(F)(F)C(F)(F)C(F)(F)C(F)(F)F,C11HF21O2,564.093,21,61.76470588235294,11,21,11,564.0850000000002,9.0,1.0,1.0,0.0,0.0,Long-chain,False,False,False,True,Long-chain Branched Highly-fluorinated,Pyrolysis,Lab,Sludge,500.0,,100.0,True,High,,1.9,0.0
2058-94-8,Perfluoroundecanoic acid,OC(=O)C(F)(F)C(F)(F)C(F)(F)C(F)(F)C(F)(F)C(F)(F)C(F)(F)C(F)(F)C(F)(F)C(F)(F)F,C11HF21O2,564.093,21,61.76470588235294,11,21,11,564.0850000000002,9.0,1.0,1.0,0.0,0.0,Long-chain,False,False,False,True,Long-chain Branched Highly-fluorinated,Thermal Oxidation of Off-gas,Lab,Treatment Media,590.0,0.1666666666666666,,False,High,Short,0.1,
2058-94-8,Perfluoroundecanoic acid,OC(=O)C(F)(F)C(F)(F)C(F)(F)C(F)(F)C(F)(F)C(F)(F)C(F)(F)C(F)(F)C(F)(F)C(F)(F)F,C11HF21O2,564.093,21,61.76470588235294,11,21,11,564.0850000000002,9.0,1.0,1.0,0.0,0.0,Long-chain,False,False,False,True,Long-chain Branched Highly-fluorinated,Pyrolysis,Lab,Soil,450.0,30.0,,False,High,Short,0.079,
2058-94-8,Perfluoroundecanoic acid,OC(=O)C(F)(F)C(F)(F)C(F)(F)C(F)(F)C(F)(F)C(F)(F)C(F)(F)C(F)(F)C(F)(F)C(F)(F)F,C11HF21O2,564.093,21,61.76470588235294,11,21,11,564.0850000000002,9.0,1.0,1.0,0.0,0.0,Long-chain,False,False,False,True,Long-chain Branched Highly-fluorinated,Pyrolysis,Lab,Soil,300.0,30.0,,False,Medium,Short,0.079,
2058-94-8,Perfluoroundecanoic acid,OC(=O)C(F)(F)C(F)(F)C(F)(F)C(F)(F)C(F)(F)C(F)(F)C(F)(F)C(F)(F)C(F)(F)C(F)(F)F,C11HF21O2,564.093,21,61.76470588235294,11,21,11,564.0850000000002,9.0,1.0,1.0,0.0,0.0,Long-chain,False,False,False,True,Long-chain Branched Highly-fluorinated,Pyrolysis,Lab,Soil,200.0,30.0,,False,Medium,Short,0.079,
2058-94-8,Perfluoroundecanoic acid,OC(=O)C(F)(F)C(F)(F)C(F)(F)C(F)(F)C(F)(F)C(F)(F)C(F)(F)C(F)(F)C(F)(F)C(F)(F)F,C11HF21O2,564.093,21,61.76470588235294,11,21,11,564.0850000000002,9.0,1.0,1.0,0.0,0.0,Long-chain,False,False,False,True,Long-chain Branched Highly-fluorinated,Pyrolysis,Pilot,Sludge,649.0,19.1,92.35474006116208,True,High,Short,3.27,0.25
2058-94-8,Perfluoroundecanoic acid,OC(=O)C(F)(F)C(F)(F)C(F)(F)C(F)(F)C(F)(F)C(F)(F)C(F)(F)C(F)(F)C(F)(F)C(F)(F)F,C11HF21O2,564.093,21,61.76470588235294,11,21,11,564.0850000000002,9.0,1.0,1.0,0.0,0.0,Long-chain,False,False,False,True,Long-chain Branched Highly-fluorinated,Pyrolysis,Pilot,Sludge,649.0,19.1,99.4059405940594,True,High,Short,5.05,0.03
2058-94-8,Perfluoroundecanoic acid,OC(=O)C(F)(F)C(F)(F)C(F)(F)C(F)(F)C(F)(F)C(F)(F)C(F)(F)C(F)(F)C(F)(F)C(F)(F)F,C11HF21O2,564.093,21,61.76470588235294,11,21,11,564.0850000000002,9.0,1.0,1.0,0.0,0.0,Long-chain,False,False,False,True,Long-chain Branched Highly-fluorinated,Pyrolysis,Pilot,Sludge,649.0,19.1,100.0,True,High,Short,4.2,0.0
2058-94-8,Perfluoroundecanoic acid,OC(=O)C(F)(F)C(F)(F)C(F)(F)C(F)(F)C(F)(F)C(F)(F)C(F)(F)C(F)(F)C(F)(F)C(F)(F)F,C11HF21O2,564.093,21,61.76470588235294,11,21,11,564.0850000000002,9.0,1.0,1.0,0.0,0.0,Long-chain,False,False,False,True,Long-chain Branched Highly-fluorinated,GAC Reactivation,Full,Treatment Media,,,,False,,,,0.97
2058-94-8,Perfluoroundecanoic acid,OC(=O)C(F)(F)C(F)(F)C(F)(F)C(F)(F)C(F)(F)C(F)(F)C(F)(F)C(F)(F)C(F)(F)C(F)(F)F,C11HF21O2,564.093,21,61.76470588235294,11,21,11,564.0850000000002,9.0,1.0,1.0,0.0,0.0,Long-chain,False,False,False,True,Long-chain Branched Highly-fluorinated,Rotary Kiln,Full,Soil,,,,False,,,,
2058-94-8,Perfluoroundecanoic acid,OC(=O)C(F)(F)C(F)(F)C(F)(F)C(F)(F)C(F)(F)C(F)(F)C(F)(F)C(F)(F)C(F)(F)C(F)(F)F,C11HF21O2,564.093,21,61.76470588235294,11,21,11,564.0850000000002,9.0,1.0,1.0,0.0,0.0,Long-chain,False,False,False,True,Long-chain Branched Highly-fluorinated,Indirect Thermal Desorption,Pilot,Soil,650.0,,,False,High,,4.84,
2058-94-8,Perfluoroundecanoic acid,OC(=O)C(F)(F)C(F)(F)C(F)(F)C(F)(F)C(F)(F)C(F)(F)C(F)(F)C(F)(F)C(F)(F)C(F)(F)F,C11HF21O2,564.093,21,61.76470588235294,11,21,11,564.0850000000002,9.0,1.0,1.0,0.0,0.0,Long-chain,False,False,False,True,Long-chain Branched Highly-fluorinated,Indirect Thermal Desorption,Pilot,Soil,650.0,,,False,High,,0.13,
2058-94-8,Perfluoroundecanoic acid,OC(=O)C(F)(F)C(F)(F)C(F)(F)C(F)(F)C(F)(F)C(F)(F)C(F)(F)C(F)(F)C(F)(F)C(F)(F)F,C11HF21O2,564.093,21,61.76470588235294,11,21,11,564.0850000000002,9.0,1.0,1.0,0.0,0.0,Long-chain,False,False,False,True,Long-chain Branched Highly-fluorinated,Indirect Thermal Desorption,Pilot,Soil,500.0,,,False,High,,19.5,
2058-94-8,Perfluoroundecanoic acid,OC(=O)C(F)(F)C(F)(F)C(F)(F)C(F)(F)C(F)(F)C(F)(F)C(F)(F)C(F)(F)C(F)(F)C(F)(F)F,C11HF21O2,564.093,21,61.76470588235294,11,21,11,564.0850000000002,9.0,1.0,1.0,0.0,0.0,Long-chain,False,False,False,True,Long-chain Branched Highly-fluorinated,Indirect Thermal Desorption,Pilot,Soil,500.0,,,False,High,,0.176,
2058-94-8,Perfluoroundecanoic acid,OC(=O)C(F)(F)C(F)(F)C(F)(F)C(F)(F)C(F)(F)C(F)(F)C(F)(F)C(F)(F)C(F)(F)C(F)(F)F,C11HF21O2,564.093,21,61.76470588235294,11,21,11,564.0850000000002,9.0,1.0,1.0,0.0,0.0,Long-chain,False,False,False,True,Long-chain Branched Highly-fluorinated,Indirect Thermal Desorption,Pilot,Soil,650.0,,,False,High,,0.146,
2058-94-8,Perfluoroundecanoic acid,OC(=O)C(F)(F)C(F)(F)C(F)(F)C(F)(F)C(F)(F)C(F)(F)C(F)(F)C(F)(F)C(F)(F)C(F)(F)F,C11HF21O2,564.093,21,61.76470588235294,11,21,11,564.0850000000002,9.0,1.0,1.0,0.0,0.0,Long-chain,False,False,False,True,Long-chain Branched Highly-fluorinated,Indirect Thermal Desorption,Pilot,Soil,500.0,,,False,High,,0.192,
2058-94-8,Perfluoroundecanoic acid,OC(=O)C(F)(F)C(F)(F)C(F)(F)C(F)(F)C(F)(F)C(F)(F)C(F)(F)C(F)(F)C(F)(F)C(F)(F)F,C11HF21O2,564.093,21,61.76470588235294,11,21,11,564.0850000000002,9.0,1.0,1.0,0.0,0.0,Long-chain,False,False,False,True,Long-chain Branched Highly-fluorinated,Indirect Thermal Desorption,Pilot,Soil,650.0,,,False,High,,0.162,
2058-94-8,Perfluoroundecanoic acid,OC(=O)C(F)(F)C(F)(F)C(F)(F)C(F)(F)C(F)(F)C(F)(F)C(F)(F)C(F)(F)C(F)(F)C(F)(F)F,C11HF21O2,564.093,21,61.76470588235294,11,21,11,564.0850000000002,9.0,1.0,1.0,0.0,0.0,Long-chain,False,False,False,True,Long-chain Branched Highly-fluorinated,Indirect Thermal Desorption,Pilot,Soil,500.0,,,False,High,,19.5,
2058-94-8,Perfluoroundecanoic acid,OC(=O)C(F)(F)C(F)(F)C(F)(F)C(F)(F)C(F)(F)C(F)(F)C(F)(F)C(F)(F)C(F)(F)C(F)(F)F,C11HF21O2,564.093,21,61.76470588235294,11,21,11,564.0850000000002,9.0,1.0,1.0,0.0,0.0,Long-chain,False,False,False,True,Long-chain Branched Highly-fluorinated,Infrared Heating,Pilot,Soil,350.0,11520.0,,False,Medium,Extended,60.0,
2058-94-8,Perfluoroundecanoic acid,OC(=O)C(F)(F)C(F)(F)C(F)(F)C(F)(F)C(F)(F)C(F)(F)C(F)(F)C(F)(F)C(F)(F)C(F)(F)F,C11HF21O2,564.093,21,61.76470588235294,11,21,11,564.0850000000002,9.0,1.0,1.0,0.0,0.0,Long-chain,False,False,False,True,Long-chain Branched Highly-fluorinated,Infrared Heating,Pilot,Soil,350.0,11520.0,,False,Medium,Extended,0.145,
2058-94-8,Perfluoroundecanoic acid,OC(=O)C(F)(F)C(F)(F)C(F)(F)C(F)(F)C(F)(F)C(F)(F)C(F)(F)C(F)(F)C(F)(F)C(F)(F)F,C11HF21O2,564.093,21,61.76470588235294,11,21,11,564.0850000000002,9.0,1.0,1.0,0.0,0.0,Long-chain,False,False,False,True,Long-chain Branched Highly-fluorinated,Infrared Heating,Pilot,Soil,350.0,11520.0,,False,Medium,Extended,0.6,
2058-94-8,Perfluoroundecanoic acid,OC(=O)C(F)(F)C(F)(F)C(F)(F)C(F)(F)C(F)(F)C(F)(F)C(F)(F)C(F)(F)C(F)(F)C(F)(F)F,C11HF21O2,564.093,21,61.76470588235294,11,21,11,564.0850000000002,9.0,1.0,1.0,0.0,0.0,Long-chain,False,False,False,True,Long-chain Branched Highly-fluorinated,Incineration,Pilot,Other,986.0,180.0,,False,High,Medium,,0.0
2058-94-8,Perfluoroundecanoic acid,OC(=O)C(F)(F)C(F)(F)C(F)(F)C(F)(F)C(F)(F)C(F)(F)C(F)(F)C(F)(F)C(F)(F)C(F)(F)F,C11HF21O2,564.093,21,61.76470588235294,11,21,11,564.0850000000002,9.0,1.0,1.0,0.0,0.0,Long-chain,False,False,False,True,Long-chain Branched Highly-fluorinated,Incineration,Pilot,Other,986.0,180.0,,False,High,Medium,,0.0
2058-94-8,Perfluoroundecanoic acid,OC(=O)C(F)(F)C(F)(F)C(F)(F)C(F)(F)C(F)(F)C(F)(F)C(F)(F)C(F)(F)C(F)(F)C(F)(F)F,C11HF21O2,564.093,21,61.76470588235294,11,21,11,564.0850000000002,9.0,1.0,1.0,0.0,0.0,Long-chain,False,False,False,True,Long-chain Branched Highly-fluorinated,Incineration,Pilot,Other,986.0,180.0,,False,High,Medium,,0.0
2058-94-8,Perfluoroundecanoic acid,OC(=O)C(F)(F)C(F)(F)C(F)(F)C(F)(F)C(F)(F)C(F)(F)C(F)(F)C(F)(F)C(F)(F)C(F)(F)F,C11HF21O2,564.093,21,61.76470588235294,11,21,11,564.0850000000002,9.0,1.0,1.0,0.0,0.0,Long-chain,False,False,False,True,Long-chain Branched Highly-fluorinated,Incineration,Pilot,Other,986.0,180.0,,False,High,Medium,,0.0
2058-94-8,Perfluoroundecanoic acid,OC(=O)C(F)(F)C(F)(F)C(F)(F)C(F)(F)C(F)(F)C(F)(F)C(F)(F)C(F)(F)C(F)(F)C(F)(F)F,C11HF21O2,564.093,21,61.76470588235294,11,21,11,564.0850000000002,9.0,1.0,1.0,0.0,0.0,Long-chain,False,False,False,True,Long-chain Branched Highly-fluorinated,Incineration,Pilot,Other,998.0,140.0,,False,High,Medium,,0.0
2058-94-8,Perfluoroundecanoic acid,OC(=O)C(F)(F)C(F)(F)C(F)(F)C(F)(F)C(F)(F)C(F)(F)C(F)(F)C(F)(F)C(F)(F)C(F)(F)F,C11HF21O2,564.093,21,61.76470588235294,11,21,11,564.0850000000002,9.0,1.0,1.0,0.0,0.0,Long-chain,False,False,False,True,Long-chain Branched Highly-fluorinated,Incineration,Pilot,Other,998.0,140.0,,False,High,Medium,,0.0
2058-94-8,Perfluoroundecanoic acid,OC(=O)C(F)(F)C(F)(F)C(F)(F)C(F)(F)C(F)(F)C(F)(F)C(F)(F)C(F)(F)C(F)(F)C(F)(F)F,C11HF21O2,564.093,21,61.76470588235294,11,21,11,564.0850000000002,9.0,1.0,1.0,0.0,0.0,Long-chain,False,False,False,True,Long-chain Branched Highly-fluorinated,Incineration,Pilot,Other,998.0,140.0,,False,High,Medium,,0.0
2058-94-8,Perfluoroundecanoic acid,OC(=O)C(F)(F)C(F)(F)C(F)(F)C(F)(F)C(F)(F)C(F)(F)C(F)(F)C(F)(F)C(F)(F)C(F)(F)F,C11HF21O2,564.093,21,61.76470588235294,11,21,11,564.0850000000002,9.0,1.0,1.0,0.0,0.0,Long-chain,False,False,False,True,Long-chain Branched Highly-fluorinated,Incineration,Pilot,Other,998.0,140.0,,False,High,Medium,,0.0
2058-94-8,Perfluoroundecanoic acid,OC(=O)C(F)(F)C(F)(F)C(F)(F)C(F)(F)C(F)(F)C(F)(F)C(F)(F)C(F)(F)C(F)(F)C(F)(F)F,C11HF21O2,564.093,21,61.76470588235294,11,21,11,564.0850000000002,9.0,1.0,1.0,0.0,0.0,Long-chain,False,False,False,True,Long-chain Branched Highly-fluorinated,Incineration,Pilot,Other,976.0,210.0,,False,High,Long,,0.0
2058-94-8,Perfluoroundecanoic acid,OC(=O)C(F)(F)C(F)(F)C(F)(F)C(F)(F)C(F)(F)C(F)(F)C(F)(F)C(F)(F)C(F)(F)C(F)(F)F,C11HF21O2,564.093,21,61.76470588235294,11,21,11,564.0850000000002,9.0,1.0,1.0,0.0,0.0,Long-chain,False,False,False,True,Long-chain Branched Highly-fluorinated,Incineration,Pilot,Other,976.0,210.0,,False,High,Long,,0.0
2058-94-8,Perfluoroundecanoic acid,OC(=O)C(F)(F)C(F)(F)C(F)(F)C(F)(F)C(F)(F)C(F)(F)C(F)(F)C(F)(F)C(F)(F)C(F)(F)F,C11HF21O2,564.093,21,61.76470588235294,11,21,11,564.0850000000002,9.0,1.0,1.0,0.0,0.0,Long-chain,False,False,False,True,Long-chain Branched Highly-fluorinated,Infrared Heating,Pilot,Soil,350.0,11520.0,,False,Medium,Extended,0.154,
2058-94-8,Perfluoroundecanoic acid,OC(=O)C(F)(F)C(F)(F)C(F)(F)C(F)(F)C(F)(F)C(F)(F)C(F)(F)C(F)(F)C(F)(F)C(F)(F)F,C11HF21O2,564.093,21,61.76470588235294,11,21,11,564.0850000000002,9.0,1.0,1.0,0.0,0.0,Long-chain,False,False,False,True,Long-chain Branched Highly-fluorinated,Incineration,Pilot,Other,976.0,210.0,,False,High,Long,,0.0
2058-94-8,Perfluoroundecanoic acid,OC(=O)C(F)(F)C(F)(F)C(F)(F)C(F)(F)C(F)(F)C(F)(F)C(F)(F)C(F)(F)C(F)(F)C(F)(F)F,C11HF21O2,564.093,21,61.76470588235294,11,21,11,564.0850000000002,9.0,1.0,1.0,0.0,0.0,Long-chain,False,False,False,True,Long-chain Branched Highly-fluorinated,Incineration,Pilot,Other,976.0,210.0,,False,High,Long,,
2058-94-8,Perfluoroundecanoic acid,OC(=O)C(F)(F)C(F)(F)C(F)(F)C(F)(F)C(F)(F)C(F)(F)C(F)(F)C(F)(F)C(F)(F)C(F)(F)F,C11HF21O2,564.093,21,61.76470588235294,11,21,11,564.0850000000002,9.0,1.0,1.0,0.0,0.0,Long-chain,False,False,False,True,Long-chain Branched Highly-fluorinated,Incineration,Pilot,Other,980.0,180.0,,False,High,Medium,,0.0
2058-94-8,Perfluoroundecanoic acid,OC(=O)C(F)(F)C(F)(F)C(F)(F)C(F)(F)C(F)(F)C(F)(F)C(F)(F)C(F)(F)C(F)(F)C(F)(F)F,C11HF21O2,564.093,21,61.76470588235294,11,21,11,564.0850000000002,9.0,1.0,1.0,0.0,0.0,Long-chain,False,False,False,True,Long-chain Branched Highly-fluorinated,Incineration,Pilot,Other,980.0,180.0,,False,High,Medium,,0.0
2058-94-8,Perfluoroundecanoic acid,OC(=O)C(F)(F)C(F)(F)C(F)(F)C(F)(F)C(F)(F)C(F)(F)C(F)(F)C(F)(F)C(F)(F)C(F)(F)F,C11HF21O2,564.093,21,61.76470588235294,11,21,11,564.0850000000002,9.0,1.0,1.0,0.0,0.0,Long-chain,False,False,False,True,Long-chain Branched Highly-fluorinated,Incineration,Pilot,Other,980.0,180.0,,False,High,Medium,,0.0
2058-94-8,Perfluoroundecanoic acid,OC(=O)C(F)(F)C(F)(F)C(F)(F)C(F)(F)C(F)(F)C(F)(F)C(F)(F)C(F)(F)C(F)(F)C(F)(F)F,C11HF21O2,564.093,21,61.76470588235294,11,21,11,564.0850000000002,9.0,1.0,1.0,0.0,0.0,Long-chain,False,False,False,True,Long-chain Branched Highly-fluorinated,Incineration,Pilot,Other,980.0,180.0,,False,High,Medium,,
2058-94-8,Perfluoroundecanoic acid,OC(=O)C(F)(F)C(F)(F)C(F)(F)C(F)(F)C(F)(F)C(F)(F)C(F)(F)C(F)(F)C(F)(F)C(F)(F)F,C11HF21O2,564.093,21,61.76470588235294,11,21,11,564.0850000000002,9.0,1.0,1.0,0.0,0.0,Long-chain,False,False,False,True,Long-chain Branched Highly-fluorinated,Incineration,Pilot,Other,952.0,145.0,,False,High,Medium,,0.0
2058-94-8,Perfluoroundecanoic acid,OC(=O)C(F)(F)C(F)(F)C(F)(F)C(F)(F)C(F)(F)C(F)(F)C(F)(F)C(F)(F)C(F)(F)C(F)(F)F,C11HF21O2,564.093,21,61.76470588235294,11,21,11,564.0850000000002,9.0,1.0,1.0,0.0,0.0,Long-chain,False,False,False,True,Long-chain Branched Highly-fluorinated,Incineration,Pilot,Other,952.0,145.0,,False,High,Medium,,0.0
2058-94-8,Perfluoroundecanoic acid,OC(=O)C(F)(F)C(F)(F)C(F)(F)C(F)(F)C(F)(F)C(F)(F)C(F)(F)C(F)(F)C(F)(F)C(F)(F)F,C11HF21O2,564.093,21,61.76470588235294,11,21,11,564.0850000000002,9.0,1.0,1.0,0.0,0.0,Long-chain,False,False,False,True,Long-chain Branched Highly-fluorinated,Incineration,Pilot,Other,952.0,145.0,,False,High,Medium,,0.0
2058-94-8,Perfluoroundecanoic acid,OC(=O)C(F)(F)C(F)(F)C(F)(F)C(F)(F)C(F)(F)C(F)(F)C(F)(F)C(F)(F)C(F)(F)C(F)(F)F,C11HF21O2,564.093,21,61.76470588235294,11,21,11,564.0850000000002,9.0,1.0,1.0,0.0,0.0,Long-chain,False,False,False,True,Long-chain Branched Highly-fluorinated,Incineration,Pilot,Other,952.0,145.0,,False,High,Medium,,
2058-94-8,Perfluoroundecanoic acid,OC(=O)C(F)(F)C(F)(F)C(F)(F)C(F)(F)C(F)(F)C(F)(F)C(F)(F)C(F)(F)C(F)(F)C(F)(F)F,C11HF21O2,564.093,21,61.76470588235294,11,21,11,564.0850000000002,9.0,1.0,1.0,0.0,0.0,Long-chain,False,False,False,True,Long-chain Branched Highly-fluorinated,Incineration,Pilot,Other,869.0,180.0,,False,High,Medium,,0.0
2058-94-8,Perfluoroundecanoic acid,OC(=O)C(F)(F)C(F)(F)C(F)(F)C(F)(F)C(F)(F)C(F)(F)C(F)(F)C(F)(F)C(F)(F)C(F)(F)F,C11HF21O2,564.093,21,61.76470588235294,11,21,11,564.0850000000002,9.0,1.0,1.0,0.0,0.0,Long-chain,False,False,False,True,Long-chain Branched Highly-fluorinated,Incineration,Pilot,Other,869.0,180.0,,False,High,Medium,,0.0
2058-94-8,Perfluoroundecanoic acid,OC(=O)C(F)(F)C(F)(F)C(F)(F)C(F)(F)C(F)(F)C(F)(F)C(F)(F)C(F)(F)C(F)(F)C(F)(F)F,C11HF21O2,564.093,21,61.76470588235294,11,21,11,564.0850000000002,9.0,1.0,1.0,0.0,0.0,Long-chain,False,False,False,True,Long-chain Branched Highly-fluorinated,Incineration,Pilot,Other,869.0,180.0,,False,High,Medium,,0.0
2058-94-8,Perfluoroundecanoic acid,OC(=O)C(F)(F)C(F)(F)C(F)(F)C(F)(F)C(F)(F)C(F)(F)C(F)(F)C(F)(F)C(F)(F)C(F)(F)F,C11HF21O2,564.093,21,61.76470588235294,11,21,11,564.0850000000002,9.0,1.0,1.0,0.0,0.0,Long-chain,False,False,False,True,Long-chain Branched Highly-fluorinated,Incineration,Pilot,Other,869.0,180.0,,False,High,Medium,,0.0
2058-94-8,Perfluoroundecanoic acid,OC(=O)C(F)(F)C(F)(F)C(F)(F)C(F)(F)C(F)(F)C(F)(F)C(F)(F)C(F)(F)C(F)(F)C(F)(F)F,C11HF21O2,564.093,21,61.76470588235294,11,21,11,564.0850000000002,9.0,1.0,1.0,0.0,0.0,Long-chain,False,False,False,True,Long-chain Branched Highly-fluorinated,Unspecified Heat Treatment,Full,Sludge,650.0,45.0,0.0,False,High,Medium,1.4,2.1
2058-94-8,Perfluoroundecanoic acid,OC(=O)C(F)(F)C(F)(F)C(F)(F)C(F)(F)C(F)(F)C(F)(F)C(F)(F)C(F)(F)C(F)(F)C(F)(F)F,C11HF21O2,564.093,21,61.76470588235294,11,21,11,564.0850000000002,9.0,1.0,1.0,0.0,0.0,Long-chain,False,False,False,True,Long-chain Branched Highly-fluorinated,Hydrothermal Treatment,Lab,Soil,350.0,90.0,99.74554707379136,True,Medium,Medium,3.93,0.01
2058-94-8,Perfluoroundecanoic acid,OC(=O)C(F)(F)C(F)(F)C(F)(F)C(F)(F)C(F)(F)C(F)(F)C(F)(F)C(F)(F)C(F)(F)C(F)(F)F,C11HF21O2,564.093,21,61.76470588235294,11,21,11,564.0850000000002,9.0,1.0,1.0,0.0,0.0,Long-chain,False,False,False,True,Long-chain Branched Highly-fluorinated,Pyrolysis,Not specified,Sludge,593.33,,,False,High,,3.39,
2058-94-8,Perfluoroundecanoic acid,OC(=O)C(F)(F)C(F)(F)C(F)(F)C(F)(F)C(F)(F)C(F)(F)C(F)(F)C(F)(F)C(F)(F)C(F)(F)F,C11HF21O2,564.093,21,61.76470588235294,11,21,11,564.0850000000002,9.0,1.0,1.0,0.0,0.0,Long-chain,False,False,False,True,Long-chain Branched Highly-fluorinated,Incineration,Pilot,Other,1020.0,0.045,,False,High,Short,,
2058-94-8,Perfluoroundecanoic acid,OC(=O)C(F)(F)C(F)(F)C(F)(F)C(F)(F)C(F)(F)C(F)(F)C(F)(F)C(F)(F)C(F)(F)C(F)(F)F,C11HF21O2,564.093,21,61.76470588235294,11,21,11,564.0850000000002,9.0,1.0,1.0,0.0,0.0,Long-chain,False,False,False,True,Long-chain Branched Highly-fluorinated,Incineration,Pilot,Other,870.0,0.0666666666666666,,False,High,Short,,
2058-94-8,Perfluoroundecanoic acid,OC(=O)C(F)(F)C(F)(F)C(F)(F)C(F)(F)C(F)(F)C(F)(F)C(F)(F)C(F)(F)C(F)(F)C(F)(F)F,C11HF21O2,564.093,21,61.76470588235294,11,21,11,564.0850000000002,9.0,1.0,1.0,0.0,0.0,Long-chain,False,False,False,True,Long-chain Branched Highly-fluorinated,Indirect Thermal Desorption,Lab,Soil,550.0,75.0,99.885,True,High,Medium,0.6,0.00069
2058-94-8,Perfluoroundecanoic acid,OC(=O)C(F)(F)C(F)(F)C(F)(F)C(F)(F)C(F)(F)C(F)(F)C(F)(F)C(F)(F)C(F)(F)C(F)(F)F,C11HF21O2,564.093,21,61.76470588235294,11,21,11,564.0850000000002,9.0,1.0,1.0,0.0,0.0,Long-chain,False,False,False,True,Long-chain Branched Highly-fluorinated,Indirect Thermal Desorption,Lab,Soil,550.0,45.0,99.93,True,High,Medium,0.6,0.00042
2058-94-8,Perfluoroundecanoic acid,OC(=O)C(F)(F)C(F)(F)C(F)(F)C(F)(F)C(F)(F)C(F)(F)C(F)(F)C(F)(F)C(F)(F)C(F)(F)F,C11HF21O2,564.093,21,61.76470588235294,11,21,11,564.0850000000002,9.0,1.0,1.0,0.0,0.0,Long-chain,False,False,False,True,Long-chain Branched Highly-fluorinated,Indirect Thermal Desorption,Lab,Soil,550.0,15.0,99.94,True,High,Short,0.6,0.00036
2058-94-8,Perfluoroundecanoic acid,OC(=O)C(F)(F)C(F)(F)C(F)(F)C(F)(F)C(F)(F)C(F)(F)C(F)(F)C(F)(F)C(F)(F)C(F)(F)F,C11HF21O2,564.093,21,61.76470588235294,11,21,11,564.0850000000002,9.0,1.0,1.0,0.0,0.0,Long-chain,False,False,False,True,Long-chain Branched Highly-fluorinated,Indirect Thermal Desorption,Lab,Soil,450.0,75.0,99.89833333333334,True,High,Medium,0.6,0.00061
2058-94-8,Perfluoroundecanoic acid,OC(=O)C(F)(F)C(F)(F)C(F)(F)C(F)(F)C(F)(F)C(F)(F)C(F)(F)C(F)(F)C(F)(F)C(F)(F)F,C11HF21O2,564.093,21,61.76470588235294,11,21,11,564.0850000000002,9.0,1.0,1.0,0.0,0.0,Long-chain,False,False,False,True,Long-chain Branched Highly-fluorinated,Indirect Thermal Desorption,Lab,Soil,450.0,45.0,99.90500000000002,True,High,Medium,0.6,0.00057
2058-94-8,Perfluoroundecanoic acid,OC(=O)C(F)(F)C(F)(F)C(F)(F)C(F)(F)C(F)(F)C(F)(F)C(F)(F)C(F)(F)C(F)(F)C(F)(F)F,C11HF21O2,564.093,21,61.76470588235294,11,21,11,564.0850000000002,9.0,1.0,1.0,0.0,0.0,Long-chain,False,False,False,True,Long-chain Branched Highly-fluorinated,Indirect Thermal Desorption,Lab,Soil,450.0,15.0,98.85,True,High,Short,0.6,0.0069
2058-94-8,Perfluoroundecanoic acid,OC(=O)C(F)(F)C(F)(F)C(F)(F)C(F)(F)C(F)(F)C(F)(F)C(F)(F)C(F)(F)C(F)(F)C(F)(F)F,C11HF21O2,564.093,21,61.76470588235294,11,21,11,564.0850000000002,9.0,1.0,1.0,0.0,0.0,Long-chain,False,False,False,True,Long-chain Branched Highly-fluorinated,Indirect Thermal Desorption,Lab,Soil,350.0,75.0,98.93333333333334,True,Medium,Medium,0.6,0.0064
2058-94-8,Perfluoroundecanoic acid,OC(=O)C(F)(F)C(F)(F)C(F)(F)C(F)(F)C(F)(F)C(F)(F)C(F)(F)C(F)(F)C(F)(F)C(F)(F)F,C11HF21O2,564.093,21,61.76470588235294,11,21,11,564.0850000000002,9.0,1.0,1.0,0.0,0.0,Long-chain,False,False,False,True,Long-chain Branched Highly-fluorinated,Indirect Thermal Desorption,Lab,Soil,350.0,45.0,98.0,True,Medium,Medium,0.6,0.012
2058-94-8,Perfluoroundecanoic acid,OC(=O)C(F)(F)C(F)(F)C(F)(F)C(F)(F)C(F)(F)C(F)(F)C(F)(F)C(F)(F)C(F)(F)C(F)(F)F,C11HF21O2,564.093,21,61.76470588235294,11,21,11,564.0850000000002,9.0,1.0,1.0,0.0,0.0,Long-chain,False,False,False,True,Long-chain Branched Highly-fluorinated,Indirect Thermal Desorption,Lab,Soil,350.0,15.0,93.5,True,Medium,Short,0.6,0.039
2058-94-8,Perfluoroundecanoic acid,OC(=O)C(F)(F)C(F)(F)C(F)(F)C(F)(F)C(F)(F)C(F)(F)C(F)(F)C(F)(F)C(F)(F)C(F)(F)F,C11HF21O2,564.093,21,61.76470588235294,11,21,11,564.0850000000002,9.0,1.0,1.0,0.0,0.0,Long-chain,False,False,False,True,Long-chain Branched Highly-fluorinated,Indirect Thermal Desorption,Lab,Soil,250.0,75.0,80.0,False,Medium,Medium,0.6,0.12
2058-94-8,Perfluoroundecanoic acid,OC(=O)C(F)(F)C(F)(F)C(F)(F)C(F)(F)C(F)(F)C(F)(F)C(F)(F)C(F)(F)C(F)(F)C(F)(F)F,C11HF21O2,564.093,21,61.76470588235294,11,21,11,564.0850000000002,9.0,1.0,1.0,0.0,0.0,Long-chain,False,False,False,True,Long-chain Branched Highly-fluorinated,Indirect Thermal Desorption,Lab,Soil,250.0,45.0,71.66666666666666,False,Medium,Medium,0.6,0.17
2058-94-8,Perfluoroundecanoic acid,OC(=O)C(F)(F)C(F)(F)C(F)(F)C(F)(F)C(F)(F)C(F)(F)C(F)(F)C(F)(F)C(F)(F)C(F)(F)F,C11HF21O2,564.093,21,61.76470588235294,11,21,11,564.0850000000002,9.0,1.0,1.0,0.0,0.0,Long-chain,False,False,False,True,Long-chain Branched Highly-fluorinated,Indirect Thermal Desorption,Lab,Soil,250.0,15.0,0.0,False,Medium,Short,0.6,0.61
2058-94-8,Perfluoroundecanoic acid,OC(=O)C(F)(F)C(F)(F)C(F)(F)C(F)(F)C(F)(F)C(F)(F)C(F)(F)C(F)(F)C(F)(F)C(F)(F)F,C11HF21O2,564.093,21,61.76470588235294,11,21,11,564.0850000000002,9.0,1.0,1.0,0.0,0.0,Long-chain,False,False,False,True,Long-chain Branched Highly-fluorinated,Indirect Thermal Desorption,Lab,Soil,150.0,75.0,58.333333333333336,False,Medium,Medium,0.6,0.25
2058-94-8,Perfluoroundecanoic acid,OC(=O)C(F)(F)C(F)(F)C(F)(F)C(F)(F)C(F)(F)C(F)(F)C(F)(F)C(F)(F)C(F)(F)C(F)(F)F,C11HF21O2,564.093,21,61.76470588235294,11,21,11,564.0850000000002,9.0,1.0,1.0,0.0,0.0,Long-chain,False,False,False,True,Long-chain Branched Highly-fluorinated,Indirect Thermal Desorption,Lab,Soil,150.0,45.0,46.666666666666664,False,Medium,Medium,0.6,0.32
2058-94-8,Perfluoroundecanoic acid,OC(=O)C(F)(F)C(F)(F)C(F)(F)C(F)(F)C(F)(F)C(F)(F)C(F)(F)C(F)(F)C(F)(F)C(F)(F)F,C11HF21O2,564.093,21,61.76470588235294,11,21,11,564.0850000000002,9.0,1.0,1.0,0.0,0.0,Long-chain,False,False,False,True,Long-chain Branched Highly-fluorinated,Indirect Thermal Desorption,Lab,Soil,150.0,15.0,0.0,False,Medium,Short,0.6,0.65
2058-94-8,Perfluoroundecanoic acid,OC(=O)C(F)(F)C(F)(F)C(F)(F)C(F)(F)C(F)(F)C(F)(F)C(F)(F)C(F)(F)C(F)(F)C(F)(F)F,C11HF21O2,564.093,21,61.76470588235294,11,21,11,564.0850000000002,9.0,1.0,1.0,0.0,0.0,Long-chain,False,False,False,True,Long-chain Branched Highly-fluorinated,Indirect Thermal Desorption,Lab,Soil,550.0,75.0,100.0,True,High,Medium,0.6,0.0
2058-94-8,Perfluoroundecanoic acid,OC(=O)C(F)(F)C(F)(F)C(F)(F)C(F)(F)C(F)(F)C(F)(F)C(F)(F)C(F)(F)C(F)(F)C(F)(F)F,C11HF21O2,564.093,21,61.76470588235294,11,21,11,564.0850000000002,9.0,1.0,1.0,0.0,0.0,Long-chain,False,False,False,True,Long-chain Branched Highly-fluorinated,Indirect Thermal Desorption,Lab,Soil,550.0,45.0,99.975,True,High,Medium,0.6,0.00015
2058-94-8,Perfluoroundecanoic acid,OC(=O)C(F)(F)C(F)(F)C(F)(F)C(F)(F)C(F)(F)C(F)(F)C(F)(F)C(F)(F)C(F)(F)C(F)(F)F,C11HF21O2,564.093,21,61.76470588235294,11,21,11,564.0850000000002,9.0,1.0,1.0,0.0,0.0,Long-chain,False,False,False,True,Long-chain Branched Highly-fluorinated,Indirect Thermal Desorption,Lab,Soil,550.0,15.0,100.0,True,High,Short,0.6,0.0
2058-94-8,Perfluoroundecanoic acid,OC(=O)C(F)(F)C(F)(F)C(F)(F)C(F)(F)C(F)(F)C(F)(F)C(F)(F)C(F)(F)C(F)(F)C(F)(F)F,C11HF21O2,564.093,21,61.76470588235294,11,21,11,564.0850000000002,9.0,1.0,1.0,0.0,0.0,Long-chain,False,False,False,True,Long-chain Branched Highly-fluorinated,Indirect Thermal Desorption,Lab,Soil,450.0,75.0,99.78333333333332,True,High,Medium,0.6,0.0013
2058-94-8,Perfluoroundecanoic acid,OC(=O)C(F)(F)C(F)(F)C(F)(F)C(F)(F)C(F)(F)C(F)(F)C(F)(F)C(F)(F)C(F)(F)C(F)(F)F,C11HF21O2,564.093,21,61.76470588235294,11,21,11,564.0850000000002,9.0,1.0,1.0,0.0,0.0,Long-chain,False,False,False,True,Long-chain Branched Highly-fluorinated,Indirect Thermal Desorption,Lab,Soil,450.0,45.0,99.9,True,High,Medium,0.6,0.0006
2058-94-8,Perfluoroundecanoic acid,OC(=O)C(F)(F)C(F)(F)C(F)(F)C(F)(F)C(F)(F)C(F)(F)C(F)(F)C(F)(F)C(F)(F)C(F)(F)F,C11HF21O2,564.093,21,61.76470588235294,11,21,11,564.0850000000002,9.0,1.0,1.0,0.0,0.0,Long-chain,False,False,False,True,Long-chain Branched Highly-fluorinated,Indirect Thermal Desorption,Lab,Soil,450.0,15.0,94.66666666666669,True,High,Short,0.6,0.032
2058-94-8,Perfluoroundecanoic acid,OC(=O)C(F)(F)C(F)(F)C(F)(F)C(F)(F)C(F)(F)C(F)(F)C(F)(F)C(F)(F)C(F)(F)C(F)(F)F,C11HF21O2,564.093,21,61.76470588235294,11,21,11,564.0850000000002,9.0,1.0,1.0,0.0,0.0,Long-chain,False,False,False,True,Long-chain Branched Highly-fluorinated,Indirect Thermal Desorption,Lab,Soil,350.0,75.0,99.41666666666669,True,Medium,Medium,0.6,0.0035
2058-94-8,Perfluoroundecanoic acid,OC(=O)C(F)(F)C(F)(F)C(F)(F)C(F)(F)C(F)(F)C(F)(F)C(F)(F)C(F)(F)C(F)(F)C(F)(F)F,C11HF21O2,564.093,21,61.76470588235294,11,21,11,564.0850000000002,9.0,1.0,1.0,0.0,0.0,Long-chain,False,False,False,True,Long-chain Branched Highly-fluorinated,Indirect Thermal Desorption,Lab,Soil,350.0,45.0,96.66666666666669,True,Medium,Medium,0.6,0.02
2058-94-8,Perfluoroundecanoic acid,OC(=O)C(F)(F)C(F)(F)C(F)(F)C(F)(F)C(F)(F)C(F)(F)C(F)(F)C(F)(F)C(F)(F)C(F)(F)F,C11HF21O2,564.093,21,61.76470588235294,11,21,11,564.0850000000002,9.0,1.0,1.0,0.0,0.0,Long-chain,False,False,False,True,Long-chain Branched Highly-fluorinated,Indirect Thermal Desorption,Lab,Soil,350.0,15.0,75.0,False,Medium,Short,0.6,0.15
2058-94-8,Perfluoroundecanoic acid,OC(=O)C(F)(F)C(F)(F)C(F)(F)C(F)(F)C(F)(F)C(F)(F)C(F)(F)C(F)(F)C(F)(F)C(F)(F)F,C11HF21O2,564.093,21,61.76470588235294,11,21,11,564.0850000000002,9.0,1.0,1.0,0.0,0.0,Long-chain,False,False,False,True,Long-chain Branched Highly-fluorinated,Indirect Thermal Desorption,Lab,Soil,250.0,75.0,66.66666666666666,False,Medium,Medium,0.6,0.2
2058-94-8,Perfluoroundecanoic acid,OC(=O)C(F)(F)C(F)(F)C(F)(F)C(F)(F)C(F)(F)C(F)(F)C(F)(F)C(F)(F)C(F)(F)C(F)(F)F,C11HF21O2,564.093,21,61.76470588235294,11,21,11,564.0850000000002,9.0,1.0,1.0,0.0,0.0,Long-chain,False,False,False,True,Long-chain Branched Highly-fluorinated,Indirect Thermal Desorption,Lab,Soil,250.0,45.0,9.999999999999991,False,Medium,Medium,0.6,0.54
2058-94-8,Perfluoroundecanoic acid,OC(=O)C(F)(F)C(F)(F)C(F)(F)C(F)(F)C(F)(F)C(F)(F)C(F)(F)C(F)(F)C(F)(F)C(F)(F)F,C11HF21O2,564.093,21,61.76470588235294,11,21,11,564.0850000000002,9.0,1.0,1.0,0.0,0.0,Long-chain,False,False,False,True,Long-chain Branched Highly-fluorinated,Indirect Thermal Desorption,Lab,Soil,250.0,15.0,9.999999999999991,False,Medium,Short,0.6,0.54
2058-94-8,Perfluoroundecanoic acid,OC(=O)C(F)(F)C(F)(F)C(F)(F)C(F)(F)C(F)(F)C(F)(F)C(F)(F)C(F)(F)C(F)(F)C(F)(F)F,C11HF21O2,564.093,21,61.76470588235294,11,21,11,564.0850000000002,9.0,1.0,1.0,0.0,0.0,Long-chain,False,False,False,True,Long-chain Branched Highly-fluorinated,Indirect Thermal Desorption,Lab,Soil,150.0,75.0,9.999999999999991,False,Medium,Medium,0.6,0.54
2058-94-8,Perfluoroundecanoic acid,OC(=O)C(F)(F)C(F)(F)C(F)(F)C(F)(F)C(F)(F)C(F)(F)C(F)(F)C(F)(F)C(F)(F)C(F)(F)F,C11HF21O2,564.093,21,61.76470588235294,11,21,11,564.0850000000002,9.0,1.0,1.0,0.0,0.0,Long-chain,False,False,False,True,Long-chain Branched Highly-fluorinated,Indirect Thermal Desorption,Lab,Soil,150.0,45.0,48.333333333333336,False,Medium,Medium,0.6,0.31
2058-94-8,Perfluoroundecanoic acid,OC(=O)C(F)(F)C(F)(F)C(F)(F)C(F)(F)C(F)(F)C(F)(F)C(F)(F)C(F)(F)C(F)(F)C(F)(F)F,C11HF21O2,564.093,21,61.76470588235294,11,21,11,564.0850000000002,9.0,1.0,1.0,0.0,0.0,Long-chain,False,False,False,True,Long-chain Branched Highly-fluorinated,Indirect Thermal Desorption,Lab,Soil,150.0,15.0,61.66666666666667,False,Medium,Short,0.6,0.23
2058-94-8,Perfluoroundecanoic acid,OC(=O)C(F)(F)C(F)(F)C(F)(F)C(F)(F)C(F)(F)C(F)(F)C(F)(F)C(F)(F)C(F)(F)C(F)(F)F,C11HF21O2,564.093,21,61.76470588235294,11,21,11,564.0850000000002,9.0,1.0,1.0,0.0,0.0,Long-chain,False,False,False,True,Long-chain Branched Highly-fluorinated,Indirect Thermal Desorption,Lab,Soil,550.0,75.0,85.33333333333333,True,High,Medium,0.0075,0.0011
2058-94-8,Perfluoroundecanoic acid,OC(=O)C(F)(F)C(F)(F)C(F)(F)C(F)(F)C(F)(F)C(F)(F)C(F)(F)C(F)(F)C(F)(F)C(F)(F)F,C11HF21O2,564.093,21,61.76470588235294,11,21,11,564.0850000000002,9.0,1.0,1.0,0.0,0.0,Long-chain,False,False,False,True,Long-chain Branched Highly-fluorinated,Indirect Thermal Desorption,Lab,Soil,550.0,45.0,78.66666666666666,False,High,Medium,0.0075,0.0016
2058-94-8,Perfluoroundecanoic acid,OC(=O)C(F)(F)C(F)(F)C(F)(F)C(F)(F)C(F)(F)C(F)(F)C(F)(F)C(F)(F)C(F)(F)C(F)(F)F,C11HF21O2,564.093,21,61.76470588235294,11,21,11,564.0850000000002,9.0,1.0,1.0,0.0,0.0,Long-chain,False,False,False,True,Long-chain Branched Highly-fluorinated,Indirect Thermal Desorption,Lab,Soil,550.0,15.0,89.33333333333333,True,High,Short,0.0075,0.0008
2058-94-8,Perfluoroundecanoic acid,OC(=O)C(F)(F)C(F)(F)C(F)(F)C(F)(F)C(F)(F)C(F)(F)C(F)(F)C(F)(F)C(F)(F)C(F)(F)F,C11HF21O2,564.093,21,61.76470588235294,11,21,11,564.0850000000002,9.0,1.0,1.0,0.0,0.0,Long-chain,False,False,False,True,Long-chain Branched Highly-fluorinated,Indirect Thermal Desorption,Lab,Soil,450.0,75.0,90.8,True,High,Medium,0.0075,0.00069
2058-94-8,Perfluoroundecanoic acid,OC(=O)C(F)(F)C(F)(F)C(F)(F)C(F)(F)C(F)(F)C(F)(F)C(F)(F)C(F)(F)C(F)(F)C(F)(F)F,C11HF21O2,564.093,21,61.76470588235294,11,21,11,564.0850000000002,9.0,1.0,1.0,0.0,0.0,Long-chain,False,False,False,True,Long-chain Branched Highly-fluorinated,Indirect Thermal Desorption,Lab,Soil,450.0,45.0,82.66666666666667,True,High,Medium,0.0075,0.0013
2058-94-8,Perfluoroundecanoic acid,OC(=O)C(F)(F)C(F)(F)C(F)(F)C(F)(F)C(F)(F)C(F)(F)C(F)(F)C(F)(F)C(F)(F)C(F)(F)F,C11HF21O2,564.093,21,61.76470588235294,11,21,11,564.0850000000002,9.0,1.0,1.0,0.0,0.0,Long-chain,False,False,False,True,Long-chain Branched Highly-fluorinated,Indirect Thermal Desorption,Lab,Soil,450.0,15.0,82.66666666666667,True,High,Short,0.0075,0.0013
2058-94-8,Perfluoroundecanoic acid,OC(=O)C(F)(F)C(F)(F)C(F)(F)C(F)(F)C(F)(F)C(F)(F)C(F)(F)C(F)(F)C(F)(F)C(F)(F)F,C11HF21O2,564.093,21,61.76470588235294,11,21,11,564.0850000000002,9.0,1.0,1.0,0.0,0.0,Long-chain,False,False,False,True,Long-chain Branched Highly-fluorinated,Indirect Thermal Desorption,Lab,Soil,350.0,75.0,74.66666666666667,False,Medium,Medium,0.0075,0.0019
2058-94-8,Perfluoroundecanoic acid,OC(=O)C(F)(F)C(F)(F)C(F)(F)C(F)(F)C(F)(F)C(F)(F)C(F)(F)C(F)(F)C(F)(F)C(F)(F)F,C11HF21O2,564.093,21,61.76470588235294,11,21,11,564.0850000000002,9.0,1.0,1.0,0.0,0.0,Long-chain,False,False,False,True,Long-chain Branched Highly-fluorinated,Indirect Thermal Desorption,Lab,Soil,350.0,45.0,82.66666666666667,True,Medium,Medium,0.0075,0.0013
2058-94-8,Perfluoroundecanoic acid,OC(=O)C(F)(F)C(F)(F)C(F)(F)C(F)(F)C(F)(F)C(F)(F)C(F)(F)C(F)(F)C(F)(F)C(F)(F)F,C11HF21O2,564.093,21,61.76470588235294,11,21,11,564.0850000000002,9.0,1.0,1.0,0.0,0.0,Long-chain,False,False,False,True,Long-chain Branched Highly-fluorinated,Indirect Thermal Desorption,Lab,Soil,350.0,15.0,81.33333333333333,True,Medium,Short,0.0075,0.0014
2058-94-8,Perfluoroundecanoic acid,OC(=O)C(F)(F)C(F)(F)C(F)(F)C(F)(F)C(F)(F)C(F)(F)C(F)(F)C(F)(F)C(F)(F)C(F)(F)F,C11HF21O2,564.093,21,61.76470588235294,11,21,11,564.0850000000002,9.0,1.0,1.0,0.0,0.0,Long-chain,False,False,False,True,Long-chain Branched Highly-fluorinated,Indirect Thermal Desorption,Lab,Soil,250.0,75.0,81.33333333333333,True,Medium,Medium,0.0075,0.0014
2058-94-8,Perfluoroundecanoic acid,OC(=O)C(F)(F)C(F)(F)C(F)(F)C(F)(F)C(F)(F)C(F)(F)C(F)(F)C(F)(F)C(F)(F)C(F)(F)F,C11HF21O2,564.093,21,61.76470588235294,11,21,11,564.0850000000002,9.0,1.0,1.0,0.0,0.0,Long-chain,False,False,False,True,Long-chain Branched Highly-fluorinated,Indirect Thermal Desorption,Lab,Soil,250.0,45.0,85.33333333333333,True,Medium,Medium,0.0075,0.0011
2058-94-8,Perfluoroundecanoic acid,OC(=O)C(F)(F)C(F)(F)C(F)(F)C(F)(F)C(F)(F)C(F)(F)C(F)(F)C(F)(F)C(F)(F)C(F)(F)F,C11HF21O2,564.093,21,61.76470588235294,11,21,11,564.0850000000002,9.0,1.0,1.0,0.0,0.0,Long-chain,False,False,False,True,Long-chain Branched Highly-fluorinated,Indirect Thermal Desorption,Lab,Soil,250.0,15.0,57.333333333333336,False,Medium,Short,0.0075,0.0032
2058-94-8,Perfluoroundecanoic acid,OC(=O)C(F)(F)C(F)(F)C(F)(F)C(F)(F)C(F)(F)C(F)(F)C(F)(F)C(F)(F)C(F)(F)C(F)(F)F,C11HF21O2,564.093,21,61.76470588235294,11,21,11,564.0850000000002,9.0,1.0,1.0,0.0,0.0,Long-chain,False,False,False,True,Long-chain Branched Highly-fluorinated,Indirect Thermal Desorption,Lab,Soil,150.0,75.0,76.0,False,Medium,Medium,0.0075,0.0018
2058-94-8,Perfluoroundecanoic acid,OC(=O)C(F)(F)C(F)(F)C(F)(F)C(F)(F)C(F)(F)C(F)(F)C(F)(F)C(F)(F)C(F)(F)C(F)(F)F,C11HF21O2,564.093,21,61.76470588235294,11,21,11,564.0850000000002,9.0,1.0,1.0,0.0,0.0,Long-chain,False,False,False,True,Long-chain Branched Highly-fluorinated,Indirect Thermal Desorption,Lab,Soil,150.0,45.0,87.06666666666666,True,Medium,Medium,0.0075,0.00097
2058-94-8,Perfluoroundecanoic acid,OC(=O)C(F)(F)C(F)(F)C(F)(F)C(F)(F)C(F)(F)C(F)(F)C(F)(F)C(F)(F)C(F)(F)C(F)(F)F,C11HF21O2,564.093,21,61.76470588235294,11,21,11,564.0850000000002,9.0,1.0,1.0,0.0,0.0,Long-chain,False,False,False,True,Long-chain Branched Highly-fluorinated,Indirect Thermal Desorption,Lab,Soil,150.0,15.0,64.0,False,Medium,Short,0.0075,0.0027
375-92-8,Perfluoroheptanesulfonic acid,OS(=O)(=O)C(F)(F)C(F)(F)C(F)(F)C(F)(F)C(F)(F)C(F)(F)C(F)(F)F,C7HF15O3S,450.12,15,57.692307692307686,7,15,7,450.1189999999999,6.0,2.0,1.0,0.0,0.0,Medium-chain,False,False,False,True,Medium-chain Branched Highly-fluorinated,Hydrothermal Treatment,Lab,Other,350.0,2.5,100.0,True,Medium,Short,59.0,0.0
375-92-8,Perfluoroheptanesulfonic acid,OS(=O)(=O)C(F)(F)C(F)(F)C(F)(F)C(F)(F)C(F)(F)C(F)(F)C(F)(F)F,C7HF15O3S,450.12,15,57.692307692307686,7,15,7,450.1189999999999,6.0,2.0,1.0,0.0,0.0,Medium-chain,False,False,False,True,Medium-chain Branched Highly-fluorinated,Hydrothermal Treatment,Lab,Other,350.0,2.5,10.526315789473683,False,Medium,Short,19.0,17.0
375-92-8,Perfluoroheptanesulfonic acid,OS(=O)(=O)C(F)(F)C(F)(F)C(F)(F)C(F)(F)C(F)(F)C(F)(F)C(F)(F)F,C7HF15O3S,450.12,15,57.692307692307686,7,15,7,450.1189999999999,6.0,2.0,1.0,0.0,0.0,Medium-chain,False,False,False,True,Medium-chain Branched Highly-fluorinated,Hydrothermal Treatment,Lab,Other,350.0,2.5,0.0,False,Medium,Short,19.0,19.0
375-92-8,Perfluoroheptanesulfonic acid,OS(=O)(=O)C(F)(F)C(F)(F)C(F)(F)C(F)(F)C(F)(F)C(F)(F)C(F)(F)F,C7HF15O3S,450.12,15,57.692307692307686,7,15,7,450.1189999999999,6.0,2.0,1.0,0.0,0.0,Medium-chain,False,False,False,True,Medium-chain Branched Highly-fluorinated,Pyrolysis,Lab,Sludge,800.0,20.0,74.07407407407408,False,High,Short,0.081,0.021
375-92-8,Perfluoroheptanesulfonic acid,OS(=O)(=O)C(F)(F)C(F)(F)C(F)(F)C(F)(F)C(F)(F)C(F)(F)C(F)(F)F,C7HF15O3S,450.12,15,57.692307692307686,7,15,7,450.1189999999999,6.0,2.0,1.0,0.0,0.0,Medium-chain,False,False,False,True,Medium-chain Branched Highly-fluorinated,Pyrolysis,Lab,Sludge,800.0,20.0,60.0,False,High,Short,0.05,0.02
375-92-8,Perfluoroheptanesulfonic acid,OS(=O)(=O)C(F)(F)C(F)(F)C(F)(F)C(F)(F)C(F)(F)C(F)(F)C(F)(F)F,C7HF15O3S,450.12,15,57.692307692307686,7,15,7,450.1189999999999,6.0,2.0,1.0,0.0,0.0,Medium-chain,False,False,False,True,Medium-chain Branched Highly-fluorinated,Pyrolysis,Lab,Sludge,800.0,20.0,80.0,False,High,Short,0.095,0.019
375-92-8,Perfluoroheptanesulfonic acid,OS(=O)(=O)C(F)(F)C(F)(F)C(F)(F)C(F)(F)C(F)(F)C(F)(F)C(F)(F)F,C7HF15O3S,450.12,15,57.692307692307686,7,15,7,450.1189999999999,6.0,2.0,1.0,0.0,0.0,Medium-chain,False,False,False,True,Medium-chain Branched Highly-fluorinated,Pyrolysis,Lab,Sludge,650.0,20.0,75.30864197530865,False,High,Short,0.081,0.02
375-92-8,Perfluoroheptanesulfonic acid,OS(=O)(=O)C(F)(F)C(F)(F)C(F)(F)C(F)(F)C(F)(F)C(F)(F)C(F)(F)F,C7HF15O3S,450.12,15,57.692307692307686,7,15,7,450.1189999999999,6.0,2.0,1.0,0.0,0.0,Medium-chain,False,False,False,True,Medium-chain Branched Highly-fluorinated,Pyrolysis,Lab,Sludge,650.0,20.0,78.94736842105263,False,High,Short,0.095,0.02
375-92-8,Perfluoroheptanesulfonic acid,OS(=O)(=O)C(F)(F)C(F)(F)C(F)(F)C(F)(F)C(F)(F)C(F)(F)C(F)(F)F,C7HF15O3S,450.12,15,57.692307692307686,7,15,7,450.1189999999999,6.0,2.0,1.0,0.0,0.0,Medium-chain,False,False,False,True,Medium-chain Branched Highly-fluorinated,Pyrolysis,Lab,Sludge,650.0,20.0,62.0,False,High,Short,0.05,0.019
375-92-8,Perfluoroheptanesulfonic acid,OS(=O)(=O)C(F)(F)C(F)(F)C(F)(F)C(F)(F)C(F)(F)C(F)(F)C(F)(F)F,C7HF15O3S,450.12,15,57.692307692307686,7,15,7,450.1189999999999,6.0,2.0,1.0,0.0,0.0,Medium-chain,False,False,False,True,Medium-chain Branched Highly-fluorinated,Pyrolysis,Lab,Sludge,500.0,20.0,75.30864197530865,False,High,Short,0.081,0.02
375-92-8,Perfluoroheptanesulfonic acid,OS(=O)(=O)C(F)(F)C(F)(F)C(F)(F)C(F)(F)C(F)(F)C(F)(F)C(F)(F)F,C7HF15O3S,450.12,15,57.692307692307686,7,15,7,450.1189999999999,6.0,2.0,1.0,0.0,0.0,Medium-chain,False,False,False,True,Medium-chain Branched Highly-fluorinated,Pyrolysis,Lab,Sludge,500.0,20.0,60.0,False,High,Short,0.05,0.02
375-92-8,Perfluoroheptanesulfonic acid,OS(=O)(=O)C(F)(F)C(F)(F)C(F)(F)C(F)(F)C(F)(F)C(F)(F)C(F)(F)F,C7HF15O3S,450.12,15,57.692307692307686,7,15,7,450.1189999999999,6.0,2.0,1.0,0.0,0.0,Medium-chain,False,False,False,True,Medium-chain Branched Highly-fluorinated,Pyrolysis,Lab,Sludge,500.0,20.0,80.0,False,High,Short,0.095,0.019
375-92-8,Perfluoroheptanesulfonic acid,OS(=O)(=O)C(F)(F)C(F)(F)C(F)(F)C(F)(F)C(F)(F)C(F)(F)C(F)(F)F,C7HF15O3S,450.12,15,57.692307692307686,7,15,7,450.1189999999999,6.0,2.0,1.0,0.0,0.0,Medium-chain,False,False,False,True,Medium-chain Branched Highly-fluorinated,Hydrothermal Treatment,Lab,Other,650.0,0.4666666666666667,100.0,True,High,Short,0.3,0.0
375-92-8,Perfluoroheptanesulfonic acid,OS(=O)(=O)C(F)(F)C(F)(F)C(F)(F)C(F)(F)C(F)(F)C(F)(F)C(F)(F)F,C7HF15O3S,450.12,15,57.692307692307686,7,15,7,450.1189999999999,6.0,2.0,1.0,0.0,0.0,Medium-chain,False,False,False,True,Medium-chain Branched Highly-fluorinated,Hydrothermal Treatment,Lab,Other,600.0,0.5333333333333333,100.0,True,High,Short,0.3,0.0
375-92-8,Perfluoroheptanesulfonic acid,OS(=O)(=O)C(F)(F)C(F)(F)C(F)(F)C(F)(F)C(F)(F)C(F)(F)C(F)(F)F,C7HF15O3S,450.12,15,57.692307692307686,7,15,7,450.1189999999999,6.0,2.0,1.0,0.0,0.0,Medium-chain,False,False,False,True,Medium-chain Branched Highly-fluorinated,Hydrothermal Treatment,Lab,Other,580.0,0.5666666666666667,100.0,True,High,Short,0.32,0.0
375-92-8,Perfluoroheptanesulfonic acid,OS(=O)(=O)C(F)(F)C(F)(F)C(F)(F)C(F)(F)C(F)(F)C(F)(F)C(F)(F)F,C7HF15O3S,450.12,15,57.692307692307686,7,15,7,450.1189999999999,6.0,2.0,1.0,0.0,0.0,Medium-chain,False,False,False,True,Medium-chain Branched Highly-fluorinated,Hydrothermal Treatment,Lab,Other,530.0,0.65,100.0,True,High,Short,0.34,0.0
375-92-8,Perfluoroheptanesulfonic acid,OS(=O)(=O)C(F)(F)C(F)(F)C(F)(F)C(F)(F)C(F)(F)C(F)(F)C(F)(F)F,C7HF15O3S,450.12,15,57.692307692307686,7,15,7,450.1189999999999,6.0,2.0,1.0,0.0,0.0,Medium-chain,False,False,False,True,Medium-chain Branched Highly-fluorinated,Hydrothermal Treatment,Lab,Other,515.0,0.6666666666666666,98.94736842105264,True,High,Short,0.38,0.004
375-92-8,Perfluoroheptanesulfonic acid,OS(=O)(=O)C(F)(F)C(F)(F)C(F)(F)C(F)(F)C(F)(F)C(F)(F)C(F)(F)F,C7HF15O3S,450.12,15,57.692307692307686,7,15,7,450.1189999999999,6.0,2.0,1.0,0.0,0.0,Medium-chain,False,False,False,True,Medium-chain Branched Highly-fluorinated,Hydrothermal Treatment,Lab,Other,500.0,0.8333333333333334,82.85714285714285,True,High,Short,0.35,0.06
375-92-8,Perfluoroheptanesulfonic acid,OS(=O)(=O)C(F)(F)C(F)(F)C(F)(F)C(F)(F)C(F)(F)C(F)(F)C(F)(F)F,C7HF15O3S,450.12,15,57.692307692307686,7,15,7,450.1189999999999,6.0,2.0,1.0,0.0,0.0,Medium-chain,False,False,False,True,Medium-chain Branched Highly-fluorinated,Hydrothermal Treatment,Lab,Other,475.0,0.9833333333333332,79.48717948717949,False,High,Short,0.39,0.08
375-92-8,Perfluoroheptanesulfonic acid,OS(=O)(=O)C(F)(F)C(F)(F)C(F)(F)C(F)(F)C(F)(F)C(F)(F)C(F)(F)F,C7HF15O3S,450.12,15,57.692307692307686,7,15,7,450.1189999999999,6.0,2.0,1.0,0.0,0.0,Medium-chain,False,False,False,True,Medium-chain Branched Highly-fluorinated,Hydrothermal Treatment,Lab,Other,450.0,1.1833333333333331,34.28571428571428,False,High,Short,0.35,0.23
375-92-8,Perfluoroheptanesulfonic acid,OS(=O)(=O)C(F)(F)C(F)(F)C(F)(F)C(F)(F)C(F)(F)C(F)(F)C(F)(F)F,C7HF15O3S,450.12,15,57.692307692307686,7,15,7,450.1189999999999,6.0,2.0,1.0,0.0,0.0,Medium-chain,False,False,False,True,Medium-chain Branched Highly-fluorinated,Hydrothermal Treatment,Lab,Other,420.0,1.8,10.638297872340424,False,High,Short,0.47,0.42
375-92-8,Perfluoroheptanesulfonic acid,OS(=O)(=O)C(F)(F)C(F)(F)C(F)(F)C(F)(F)C(F)(F)C(F)(F)C(F)(F)F,C7HF15O3S,450.12,15,57.692307692307686,7,15,7,450.1189999999999,6.0,2.0,1.0,0.0,0.0,Medium-chain,False,False,False,True,Medium-chain Branched Highly-fluorinated,GAC Reactivation,Full,Treatment Media,1093.0,,99.9283950617284,True,High,,810.0,0.58
375-92-8,Perfluoroheptanesulfonic acid,OS(=O)(=O)C(F)(F)C(F)(F)C(F)(F)C(F)(F)C(F)(F)C(F)(F)C(F)(F)F,C7HF15O3S,450.12,15,57.692307692307686,7,15,7,450.1189999999999,6.0,2.0,1.0,0.0,0.0,Medium-chain,False,False,False,True,Medium-chain Branched Highly-fluorinated,GAC Reactivation,Full,Treatment Media,1093.0,,99.98129032258063,True,High,,3100.0,0.58
375-92-8,Perfluoroheptanesulfonic acid,OS(=O)(=O)C(F)(F)C(F)(F)C(F)(F)C(F)(F)C(F)(F)C(F)(F)C(F)(F)F,C7HF15O3S,450.12,15,57.692307692307686,7,15,7,450.1189999999999,6.0,2.0,1.0,0.0,0.0,Medium-chain,False,False,False,True,Medium-chain Branched Highly-fluorinated,GAC Reactivation,Full,Treatment Media,1093.0,,99.9886274509804,True,High,,5100.0,0.58
375-92-8,Perfluoroheptanesulfonic acid,OS(=O)(=O)C(F)(F)C(F)(F)C(F)(F)C(F)(F)C(F)(F)C(F)(F)C(F)(F)F,C7HF15O3S,450.12,15,57.692307692307686,7,15,7,450.1189999999999,6.0,2.0,1.0,0.0,0.0,Medium-chain,False,False,False,True,Medium-chain Branched Highly-fluorinated,Thermal Oxidation of Off-gas,Lab,Treatment Media,595.0,0.1333333333333333,,False,High,Short,1000.0,
375-92-8,Perfluoroheptanesulfonic acid,OS(=O)(=O)C(F)(F)C(F)(F)C(F)(F)C(F)(F)C(F)(F)C(F)(F)C(F)(F)F,C7HF15O3S,450.12,15,57.692307692307686,7,15,7,450.1189999999999,6.0,2.0,1.0,0.0,0.0,Medium-chain,False,False,False,True,Medium-chain Branched Highly-fluorinated,Thermal Oxidation of Off-gas,Lab,Treatment Media,590.0,0.1666666666666666,,False,High,Short,1000.0,
375-92-8,Perfluoroheptanesulfonic acid,OS(=O)(=O)C(F)(F)C(F)(F)C(F)(F)C(F)(F)C(F)(F)C(F)(F)C(F)(F)F,C7HF15O3S,450.12,15,57.692307692307686,7,15,7,450.1189999999999,6.0,2.0,1.0,0.0,0.0,Medium-chain,False,False,False,True,Medium-chain Branched Highly-fluorinated,GAC Reactivation,Full,Treatment Media,,,,False,,,,0.17
375-92-8,Perfluoroheptanesulfonic acid,OS(=O)(=O)C(F)(F)C(F)(F)C(F)(F)C(F)(F)C(F)(F)C(F)(F)C(F)(F)F,C7HF15O3S,450.12,15,57.692307692307686,7,15,7,450.1189999999999,6.0,2.0,1.0,0.0,0.0,Medium-chain,False,False,False,True,Medium-chain Branched Highly-fluorinated,Indirect Thermal Desorption,Pilot,Soil,650.0,,,False,High,,195.0,
375-92-8,Perfluoroheptanesulfonic acid,OS(=O)(=O)C(F)(F)C(F)(F)C(F)(F)C(F)(F)C(F)(F)C(F)(F)C(F)(F)F,C7HF15O3S,450.12,15,57.692307692307686,7,15,7,450.1189999999999,6.0,2.0,1.0,0.0,0.0,Medium-chain,False,False,False,True,Medium-chain Branched Highly-fluorinated,Indirect Thermal Desorption,Pilot,Soil,650.0,,,False,High,,169.0,
375-92-8,Perfluoroheptanesulfonic acid,OS(=O)(=O)C(F)(F)C(F)(F)C(F)(F)C(F)(F)C(F)(F)C(F)(F)C(F)(F)F,C7HF15O3S,450.12,15,57.692307692307686,7,15,7,450.1189999999999,6.0,2.0,1.0,0.0,0.0,Medium-chain,False,False,False,True,Medium-chain Branched Highly-fluorinated,Indirect Thermal Desorption,Pilot,Soil,500.0,,,False,High,,134.0,
375-92-8,Perfluoroheptanesulfonic acid,OS(=O)(=O)C(F)(F)C(F)(F)C(F)(F)C(F)(F)C(F)(F)C(F)(F)C(F)(F)F,C7HF15O3S,450.12,15,57.692307692307686,7,15,7,450.1189999999999,6.0,2.0,1.0,0.0,0.0,Medium-chain,False,False,False,True,Medium-chain Branched Highly-fluorinated,Indirect Thermal Desorption,Pilot,Soil,500.0,,,False,High,,145.0,
375-92-8,Perfluoroheptanesulfonic acid,OS(=O)(=O)C(F)(F)C(F)(F)C(F)(F)C(F)(F)C(F)(F)C(F)(F)C(F)(F)F,C7HF15O3S,450.12,15,57.692307692307686,7,15,7,450.1189999999999,6.0,2.0,1.0,0.0,0.0,Medium-chain,False,False,False,True,Medium-chain Branched Highly-fluorinated,Indirect Thermal Desorption,Pilot,Soil,650.0,,,False,High,,165.0,
375-92-8,Perfluoroheptanesulfonic acid,OS(=O)(=O)C(F)(F)C(F)(F)C(F)(F)C(F)(F)C(F)(F)C(F)(F)C(F)(F)F,C7HF15O3S,450.12,15,57.692307692307686,7,15,7,450.1189999999999,6.0,2.0,1.0,0.0,0.0,Medium-chain,False,False,False,True,Medium-chain Branched Highly-fluorinated,Indirect Thermal Desorption,Pilot,Soil,500.0,,,False,High,,173.0,
375-92-8,Perfluoroheptanesulfonic acid,OS(=O)(=O)C(F)(F)C(F)(F)C(F)(F)C(F)(F)C(F)(F)C(F)(F)C(F)(F)F,C7HF15O3S,450.12,15,57.692307692307686,7,15,7,450.1189999999999,6.0,2.0,1.0,0.0,0.0,Medium-chain,False,False,False,True,Medium-chain Branched Highly-fluorinated,Indirect Thermal Desorption,Pilot,Soil,650.0,,,False,High,,132.0,
375-92-8,Perfluoroheptanesulfonic acid,OS(=O)(=O)C(F)(F)C(F)(F)C(F)(F)C(F)(F)C(F)(F)C(F)(F)C(F)(F)F,C7HF15O3S,450.12,15,57.692307692307686,7,15,7,450.1189999999999,6.0,2.0,1.0,0.0,0.0,Medium-chain,False,False,False,True,Medium-chain Branched Highly-fluorinated,Indirect Thermal Desorption,Pilot,Soil,500.0,,,False,High,,148.0,
375-92-8,Perfluoroheptanesulfonic acid,OS(=O)(=O)C(F)(F)C(F)(F)C(F)(F)C(F)(F)C(F)(F)C(F)(F)C(F)(F)F,C7HF15O3S,450.12,15,57.692307692307686,7,15,7,450.1189999999999,6.0,2.0,1.0,0.0,0.0,Medium-chain,False,False,False,True,Medium-chain Branched Highly-fluorinated,Infrared Heating,Pilot,Soil,350.0,11520.0,,False,Medium,Extended,8.5,
375-92-8,Perfluoroheptanesulfonic acid,OS(=O)(=O)C(F)(F)C(F)(F)C(F)(F)C(F)(F)C(F)(F)C(F)(F)C(F)(F)F,C7HF15O3S,450.12,15,57.692307692307686,7,15,7,450.1189999999999,6.0,2.0,1.0,0.0,0.0,Medium-chain,False,False,False,True,Medium-chain Branched Highly-fluorinated,Infrared Heating,Pilot,Soil,350.0,11520.0,,False,Medium,Extended,7.39,
375-92-8,Perfluoroheptanesulfonic acid,OS(=O)(=O)C(F)(F)C(F)(F)C(F)(F)C(F)(F)C(F)(F)C(F)(F)C(F)(F)F,C7HF15O3S,450.12,15,57.692307692307686,7,15,7,450.1189999999999,6.0,2.0,1.0,0.0,0.0,Medium-chain,False,False,False,True,Medium-chain Branched Highly-fluorinated,Infrared Heating,Pilot,Soil,350.0,11520.0,,False,Medium,Extended,0.6,
375-92-8,Perfluoroheptanesulfonic acid,OS(=O)(=O)C(F)(F)C(F)(F)C(F)(F)C(F)(F)C(F)(F)C(F)(F)C(F)(F)F,C7HF15O3S,450.12,15,57.692307692307686,7,15,7,450.1189999999999,6.0,2.0,1.0,0.0,0.0,Medium-chain,False,False,False,True,Medium-chain Branched Highly-fluorinated,Infrared Heating,Pilot,Soil,350.0,11520.0,,False,Medium,Extended,7.38,
375-92-8,Perfluoroheptanesulfonic acid,OS(=O)(=O)C(F)(F)C(F)(F)C(F)(F)C(F)(F)C(F)(F)C(F)(F)C(F)(F)F,C7HF15O3S,450.12,15,57.692307692307686,7,15,7,450.1189999999999,6.0,2.0,1.0,0.0,0.0,Medium-chain,False,False,False,True,Medium-chain Branched Highly-fluorinated,Hydrothermal Treatment,Lab,Other,350.0,180.0,100.0,True,Medium,Medium,146.0,0.0
375-92-8,Perfluoroheptanesulfonic acid,OS(=O)(=O)C(F)(F)C(F)(F)C(F)(F)C(F)(F)C(F)(F)C(F)(F)C(F)(F)F,C7HF15O3S,450.12,15,57.692307692307686,7,15,7,450.1189999999999,6.0,2.0,1.0,0.0,0.0,Medium-chain,False,False,False,True,Medium-chain Branched Highly-fluorinated,Hydrothermal Treatment,Lab,Other,350.0,180.0,100.0,True,Medium,Medium,146.0,0.0
375-92-8,Perfluoroheptanesulfonic acid,OS(=O)(=O)C(F)(F)C(F)(F)C(F)(F)C(F)(F)C(F)(F)C(F)(F)C(F)(F)F,C7HF15O3S,450.12,15,57.692307692307686,7,15,7,450.1189999999999,6.0,2.0,1.0,0.0,0.0,Medium-chain,False,False,False,True,Medium-chain Branched Highly-fluorinated,Hydrothermal Treatment,Lab,Soil,350.0,90.0,99.57264957264958,True,Medium,Medium,4.68,0.02
375-92-8,Perfluoroheptanesulfonic acid,OS(=O)(=O)C(F)(F)C(F)(F)C(F)(F)C(F)(F)C(F)(F)C(F)(F)C(F)(F)F,C7HF15O3S,450.12,15,57.692307692307686,7,15,7,450.1189999999999,6.0,2.0,1.0,0.0,0.0,Medium-chain,False,False,False,True,Medium-chain Branched Highly-fluorinated,Hydrothermal Treatment,Lab,Soil,350.0,90.0,66.66666666666666,False,Medium,Medium,0.06,0.02
375-92-8,Perfluoroheptanesulfonic acid,OS(=O)(=O)C(F)(F)C(F)(F)C(F)(F)C(F)(F)C(F)(F)C(F)(F)C(F)(F)F,C7HF15O3S,450.12,15,57.692307692307686,7,15,7,450.1189999999999,6.0,2.0,1.0,0.0,0.0,Medium-chain,False,False,False,True,Medium-chain Branched Highly-fluorinated,Hydrothermal Treatment,Lab,Soil,350.0,90.0,95.87579617834396,True,Medium,Medium,62.8,2.59
375-92-8,Perfluoroheptanesulfonic acid,OS(=O)(=O)C(F)(F)C(F)(F)C(F)(F)C(F)(F)C(F)(F)C(F)(F)C(F)(F)F,C7HF15O3S,450.12,15,57.692307692307686,7,15,7,450.1189999999999,6.0,2.0,1.0,0.0,0.0,Medium-chain,False,False,False,True,Medium-chain Branched Highly-fluorinated,Hydrothermal Treatment,Lab,Other,350.0,90.0,99.73614775725596,True,Medium,Medium,3.79,0.01
375-92-8,Perfluoroheptanesulfonic acid,OS(=O)(=O)C(F)(F)C(F)(F)C(F)(F)C(F)(F)C(F)(F)C(F)(F)C(F)(F)F,C7HF15O3S,450.12,15,57.692307692307686,7,15,7,450.1189999999999,6.0,2.0,1.0,0.0,0.0,Medium-chain,False,False,False,True,Medium-chain Branched Highly-fluorinated,Hydrothermal Treatment,Lab,Other,350.0,90.0,94.44444444444444,True,Medium,Medium,0.18,0.01
375-92-8,Perfluoroheptanesulfonic acid,OS(=O)(=O)C(F)(F)C(F)(F)C(F)(F)C(F)(F)C(F)(F)C(F)(F)C(F)(F)F,C7HF15O3S,450.12,15,57.692307692307686,7,15,7,450.1189999999999,6.0,2.0,1.0,0.0,0.0,Medium-chain,False,False,False,True,Medium-chain Branched Highly-fluorinated,Pyrolysis,Not specified,Sludge,593.33,,,False,High,,0.0,
375-92-8,Perfluoroheptanesulfonic acid,OS(=O)(=O)C(F)(F)C(F)(F)C(F)(F)C(F)(F)C(F)(F)C(F)(F)C(F)(F)F,C7HF15O3S,450.12,15,57.692307692307686,7,15,7,450.1189999999999,6.0,2.0,1.0,0.0,0.0,Medium-chain,False,False,False,True,Medium-chain Branched Highly-fluorinated,Vapor Energy Generation,Lab,Soil,1750.0,30.0,,False,High,Short,,0.005
375-92-8,Perfluoroheptanesulfonic acid,OS(=O)(=O)C(F)(F)C(F)(F)C(F)(F)C(F)(F)C(F)(F)C(F)(F)C(F)(F)F,C7HF15O3S,450.12,15,57.692307692307686,7,15,7,450.1189999999999,6.0,2.0,1.0,0.0,0.0,Medium-chain,False,False,False,True,Medium-chain Branched Highly-fluorinated,Vapor Energy Generation,Lab,Soil,1100.0,15.0,62.05256740763518,False,High,Short,11187.16,4245.24
375-92-8,Perfluoroheptanesulfonic acid,OS(=O)(=O)C(F)(F)C(F)(F)C(F)(F)C(F)(F)C(F)(F)C(F)(F)C(F)(F)F,C7HF15O3S,450.12,15,57.692307692307686,7,15,7,450.1189999999999,6.0,2.0,1.0,0.0,0.0,Medium-chain,False,False,False,True,Medium-chain Branched Highly-fluorinated,Vapor Energy Generation,Lab,Soil,900.0,15.0,0.0,False,High,Short,6480.35,6908.17
422-64-0,Perfluoropropanoic acid,OC(=O)C(F)(F)C(F)(F)F,C3HF5O2,164.031,5,50.0,3,5,3,164.029,1.0,1.0,1.0,0.0,0.0,Short-chain,False,False,False,True,Short-chain Branched Moderately-fluorinated,Electric Furnace,Lab,Other,250.0,75.0,,False,Medium,Medium,,0.01
422-64-0,Perfluoropropanoic acid,OC(=O)C(F)(F)C(F)(F)F,C3HF5O2,164.031,5,50.0,3,5,3,164.029,1.0,1.0,1.0,0.0,0.0,Short-chain,False,False,False,True,Short-chain Branched Moderately-fluorinated,Electric Furnace,Lab,Other,300.0,75.0,,False,Medium,Medium,,0.97
2706-91-4,Perfluoropentanesulfonic acid,OS(=O)(=O)C(F)(F)C(F)(F)C(F)(F)C(F)(F)C(F)(F)F,C5HF11O3S,350.1,11,55.00000000000001,5,11,5,350.1049999999999,4.0,2.0,1.0,0.0,0.0,Medium-chain,False,False,False,True,Medium-chain Branched Highly-fluorinated,Hydrothermal Treatment,Lab,Other,350.0,2.5,80.0,False,Medium,Short,45.0,9.0
2706-91-4,Perfluoropentanesulfonic acid,OS(=O)(=O)C(F)(F)C(F)(F)C(F)(F)C(F)(F)C(F)(F)F,C5HF11O3S,350.1,11,55.00000000000001,5,11,5,350.1049999999999,4.0,2.0,1.0,0.0,0.0,Medium-chain,False,False,False,True,Medium-chain Branched Highly-fluorinated,Hydrothermal Treatment,Lab,Other,350.0,2.5,0.0,False,Medium,Short,48.0,52.0
2706-91-4,Perfluoropentanesulfonic acid,OS(=O)(=O)C(F)(F)C(F)(F)C(F)(F)C(F)(F)C(F)(F)F,C5HF11O3S,350.1,11,55.00000000000001,5,11,5,350.1049999999999,4.0,2.0,1.0,0.0,0.0,Medium-chain,False,False,False,True,Medium-chain Branched Highly-fluorinated,Hydrothermal Treatment,Lab,Other,350.0,2.5,4.166666666666666,False,Medium,Short,48.0,46.0
2706-91-4,Perfluoropentanesulfonic acid,OS(=O)(=O)C(F)(F)C(F)(F)C(F)(F)C(F)(F)C(F)(F)F,C5HF11O3S,350.1,11,55.00000000000001,5,11,5,350.1049999999999,4.0,2.0,1.0,0.0,0.0,Medium-chain,False,False,False,True,Medium-chain Branched Highly-fluorinated,Pyrolysis,Lab,Sludge,800.0,20.0,68.65671641791045,False,High,Short,0.067,0.021
2706-91-4,Perfluoropentanesulfonic acid,OS(=O)(=O)C(F)(F)C(F)(F)C(F)(F)C(F)(F)C(F)(F)F,C5HF11O3S,350.1,11,55.00000000000001,5,11,5,350.1049999999999,4.0,2.0,1.0,0.0,0.0,Medium-chain,False,False,False,True,Medium-chain Branched Highly-fluorinated,Pyrolysis,Lab,Sludge,800.0,20.0,9.090909090909085,False,High,Short,0.022,0.02
2706-91-4,Perfluoropentanesulfonic acid,OS(=O)(=O)C(F)(F)C(F)(F)C(F)(F)C(F)(F)C(F)(F)F,C5HF11O3S,350.1,11,55.00000000000001,5,11,5,350.1049999999999,4.0,2.0,1.0,0.0,0.0,Medium-chain,False,False,False,True,Medium-chain Branched Highly-fluorinated,Pyrolysis,Lab,Sludge,800.0,20.0,96.09053497942386,True,High,Short,0.486,0.019
2706-91-4,Perfluoropentanesulfonic acid,OS(=O)(=O)C(F)(F)C(F)(F)C(F)(F)C(F)(F)C(F)(F)F,C5HF11O3S,350.1,11,55.00000000000001,5,11,5,350.1049999999999,4.0,2.0,1.0,0.0,0.0,Medium-chain,False,False,False,True,Medium-chain Branched Highly-fluorinated,Pyrolysis,Lab,Sludge,650.0,20.0,70.14925373134328,False,High,Short,0.067,0.02
2706-91-4,Perfluoropentanesulfonic acid,OS(=O)(=O)C(F)(F)C(F)(F)C(F)(F)C(F)(F)C(F)(F)F,C5HF11O3S,350.1,11,55.00000000000001,5,11,5,350.1049999999999,4.0,2.0,1.0,0.0,0.0,Medium-chain,False,False,False,True,Medium-chain Branched Highly-fluorinated,Pyrolysis,Lab,Sludge,650.0,20.0,13.636363636363631,False,High,Short,0.022,0.019
2706-91-4,Perfluoropentanesulfonic acid,OS(=O)(=O)C(F)(F)C(F)(F)C(F)(F)C(F)(F)C(F)(F)F,C5HF11O3S,350.1,11,55.00000000000001,5,11,5,350.1049999999999,4.0,2.0,1.0,0.0,0.0,Medium-chain,False,False,False,True,Medium-chain Branched Highly-fluorinated,Pyrolysis,Lab,Sludge,650.0,20.0,95.88477366255144,True,High,Short,0.486,0.02
2706-91-4,Perfluoropentanesulfonic acid,OS(=O)(=O)C(F)(F)C(F)(F)C(F)(F)C(F)(F)C(F)(F)F,C5HF11O3S,350.1,11,55.00000000000001,5,11,5,350.1049999999999,4.0,2.0,1.0,0.0,0.0,Medium-chain,False,False,False,True,Medium-chain Branched Highly-fluorinated,Pyrolysis,Lab,Sludge,500.0,20.0,9.090909090909085,False,High,Short,0.022,0.02
2706-91-4,Perfluoropentanesulfonic acid,OS(=O)(=O)C(F)(F)C(F)(F)C(F)(F)C(F)(F)C(F)(F)F,C5HF11O3S,350.1,11,55.00000000000001,5,11,5,350.1049999999999,4.0,2.0,1.0,0.0,0.0,Medium-chain,False,False,False,True,Medium-chain Branched Highly-fluorinated,Pyrolysis,Lab,Sludge,500.0,20.0,70.14925373134328,False,High,Short,0.067,0.02
2706-91-4,Perfluoropentanesulfonic acid,OS(=O)(=O)C(F)(F)C(F)(F)C(F)(F)C(F)(F)C(F)(F)F,C5HF11O3S,350.1,11,55.00000000000001,5,11,5,350.1049999999999,4.0,2.0,1.0,0.0,0.0,Medium-chain,False,False,False,True,Medium-chain Branched Highly-fluorinated,Pyrolysis,Lab,Sludge,500.0,20.0,96.09053497942386,True,High,Short,0.486,0.019
2706-91-4,Perfluoropentanesulfonic acid,OS(=O)(=O)C(F)(F)C(F)(F)C(F)(F)C(F)(F)C(F)(F)F,C5HF11O3S,350.1,11,55.00000000000001,5,11,5,350.1049999999999,4.0,2.0,1.0,0.0,0.0,Medium-chain,False,False,False,True,Medium-chain Branched Highly-fluorinated,GAC Reactivation,Full,Treatment Media,1093.0,,99.95166666666668,True,High,,1200.0,0.58
2706-91-4,Perfluoropentanesulfonic acid,OS(=O)(=O)C(F)(F)C(F)(F)C(F)(F)C(F)(F)C(F)(F)F,C5HF11O3S,350.1,11,55.00000000000001,5,11,5,350.1049999999999,4.0,2.0,1.0,0.0,0.0,Medium-chain,False,False,False,True,Medium-chain Branched Highly-fluorinated,GAC Reactivation,Full,Treatment Media,1093.0,,99.9876595744681,True,High,,4700.0,0.58
2706-91-4,Perfluoropentanesulfonic acid,OS(=O)(=O)C(F)(F)C(F)(F)C(F)(F)C(F)(F)C(F)(F)F,C5HF11O3S,350.1,11,55.00000000000001,5,11,5,350.1049999999999,4.0,2.0,1.0,0.0,0.0,Medium-chain,False,False,False,True,Medium-chain Branched Highly-fluorinated,GAC Reactivation,Full,Treatment Media,1093.0,,99.9913432835821,True,High,,6700.0,0.58
2706-91-4,Perfluoropentanesulfonic acid,OS(=O)(=O)C(F)(F)C(F)(F)C(F)(F)C(F)(F)C(F)(F)F,C5HF11O3S,350.1,11,55.00000000000001,5,11,5,350.1049999999999,4.0,2.0,1.0,0.0,0.0,Medium-chain,False,False,False,True,Medium-chain Branched Highly-fluorinated,Thermal Oxidation of Off-gas,Lab,Treatment Media,595.0,0.1333333333333333,,False,High,Short,10000.0,
2706-91-4,Perfluoropentanesulfonic acid,OS(=O)(=O)C(F)(F)C(F)(F)C(F)(F)C(F)(F)C(F)(F)F,C5HF11O3S,350.1,11,55.00000000000001,5,11,5,350.1049999999999,4.0,2.0,1.0,0.0,0.0,Medium-chain,False,False,False,True,Medium-chain Branched Highly-fluorinated,Thermal Oxidation of Off-gas,Lab,Treatment Media,590.0,0.1666666666666666,,False,High,Short,1000.0,
2706-91-4,Perfluoropentanesulfonic acid,OS(=O)(=O)C(F)(F)C(F)(F)C(F)(F)C(F)(F)C(F)(F)F,C5HF11O3S,350.1,11,55.00000000000001,5,11,5,350.1049999999999,4.0,2.0,1.0,0.0,0.0,Medium-chain,False,False,False,True,Medium-chain Branched Highly-fluorinated,Indirect Thermal Desorption,Pilot,Soil,650.0,,,False,High,,172.0,
2706-91-4,Perfluoropentanesulfonic acid,OS(=O)(=O)C(F)(F)C(F)(F)C(F)(F)C(F)(F)C(F)(F)F,C5HF11O3S,350.1,11,55.00000000000001,5,11,5,350.1049999999999,4.0,2.0,1.0,0.0,0.0,Medium-chain,False,False,False,True,Medium-chain Branched Highly-fluorinated,Indirect Thermal Desorption,Pilot,Soil,650.0,,,False,High,,211.0,
2706-91-4,Perfluoropentanesulfonic acid,OS(=O)(=O)C(F)(F)C(F)(F)C(F)(F)C(F)(F)C(F)(F)F,C5HF11O3S,350.1,11,55.00000000000001,5,11,5,350.1049999999999,4.0,2.0,1.0,0.0,0.0,Medium-chain,False,False,False,True,Medium-chain Branched Highly-fluorinated,Indirect Thermal Desorption,Pilot,Soil,500.0,,,False,High,,149.0,
2706-91-4,Perfluoropentanesulfonic acid,OS(=O)(=O)C(F)(F)C(F)(F)C(F)(F)C(F)(F)C(F)(F)F,C5HF11O3S,350.1,11,55.00000000000001,5,11,5,350.1049999999999,4.0,2.0,1.0,0.0,0.0,Medium-chain,False,False,False,True,Medium-chain Branched Highly-fluorinated,Indirect Thermal Desorption,Pilot,Soil,500.0,,,False,High,,142.0,
2706-91-4,Perfluoropentanesulfonic acid,OS(=O)(=O)C(F)(F)C(F)(F)C(F)(F)C(F)(F)C(F)(F)F,C5HF11O3S,350.1,11,55.00000000000001,5,11,5,350.1049999999999,4.0,2.0,1.0,0.0,0.0,Medium-chain,False,False,False,True,Medium-chain Branched Highly-fluorinated,Indirect Thermal Desorption,Pilot,Soil,650.0,,,False,High,,199.0,
2706-91-4,Perfluoropentanesulfonic acid,OS(=O)(=O)C(F)(F)C(F)(F)C(F)(F)C(F)(F)C(F)(F)F,C5HF11O3S,350.1,11,55.00000000000001,5,11,5,350.1049999999999,4.0,2.0,1.0,0.0,0.0,Medium-chain,False,False,False,True,Medium-chain Branched Highly-fluorinated,Indirect Thermal Desorption,Pilot,Soil,500.0,,,False,High,,221.0,
2706-91-4,Perfluoropentanesulfonic acid,OS(=O)(=O)C(F)(F)C(F)(F)C(F)(F)C(F)(F)C(F)(F)F,C5HF11O3S,350.1,11,55.00000000000001,5,11,5,350.1049999999999,4.0,2.0,1.0,0.0,0.0,Medium-chain,False,False,False,True,Medium-chain Branched Highly-fluorinated,Indirect Thermal Desorption,Pilot,Soil,650.0,,,False,High,,132.0,
2706-91-4,Perfluoropentanesulfonic acid,OS(=O)(=O)C(F)(F)C(F)(F)C(F)(F)C(F)(F)C(F)(F)F,C5HF11O3S,350.1,11,55.00000000000001,5,11,5,350.1049999999999,4.0,2.0,1.0,0.0,0.0,Medium-chain,False,False,False,True,Medium-chain Branched Highly-fluorinated,Indirect Thermal Desorption,Pilot,Soil,500.0,,,False,High,,223.0,
2706-91-4,Perfluoropentanesulfonic acid,OS(=O)(=O)C(F)(F)C(F)(F)C(F)(F)C(F)(F)C(F)(F)F,C5HF11O3S,350.1,11,55.00000000000001,5,11,5,350.1049999999999,4.0,2.0,1.0,0.0,0.0,Medium-chain,False,False,False,True,Medium-chain Branched Highly-fluorinated,Infrared Heating,Pilot,Soil,350.0,11520.0,,False,Medium,Extended,9.68,
2706-91-4,Perfluoropentanesulfonic acid,OS(=O)(=O)C(F)(F)C(F)(F)C(F)(F)C(F)(F)C(F)(F)F,C5HF11O3S,350.1,11,55.00000000000001,5,11,5,350.1049999999999,4.0,2.0,1.0,0.0,0.0,Medium-chain,False,False,False,True,Medium-chain Branched Highly-fluorinated,Infrared Heating,Pilot,Soil,350.0,11520.0,,False,Medium,Extended,5.3,
2706-91-4,Perfluoropentanesulfonic acid,OS(=O)(=O)C(F)(F)C(F)(F)C(F)(F)C(F)(F)C(F)(F)F,C5HF11O3S,350.1,11,55.00000000000001,5,11,5,350.1049999999999,4.0,2.0,1.0,0.0,0.0,Medium-chain,False,False,False,True,Medium-chain Branched Highly-fluorinated,Infrared Heating,Pilot,Soil,350.0,11520.0,,False,Medium,Extended,1.2,
2706-91-4,Perfluoropentanesulfonic acid,OS(=O)(=O)C(F)(F)C(F)(F)C(F)(F)C(F)(F)C(F)(F)F,C5HF11O3S,350.1,11,55.00000000000001,5,11,5,350.1049999999999,4.0,2.0,1.0,0.0,0.0,Medium-chain,False,False,False,True,Medium-chain Branched Highly-fluorinated,Infrared Heating,Pilot,Soil,350.0,11520.0,,False,Medium,Extended,2.05,
2706-91-4,Perfluoropentanesulfonic acid,OS(=O)(=O)C(F)(F)C(F)(F)C(F)(F)C(F)(F)C(F)(F)F,C5HF11O3S,350.1,11,55.00000000000001,5,11,5,350.1049999999999,4.0,2.0,1.0,0.0,0.0,Medium-chain,False,False,False,True,Medium-chain Branched Highly-fluorinated,Hydrothermal Treatment,Lab,Other,350.0,180.0,100.0,True,Medium,Medium,226.0,0.0
2706-91-4,Perfluoropentanesulfonic acid,OS(=O)(=O)C(F)(F)C(F)(F)C(F)(F)C(F)(F)C(F)(F)F,C5HF11O3S,350.1,11,55.00000000000001,5,11,5,350.1049999999999,4.0,2.0,1.0,0.0,0.0,Medium-chain,False,False,False,True,Medium-chain Branched Highly-fluorinated,Hydrothermal Treatment,Lab,Other,350.0,180.0,92.21238938053098,True,Medium,Medium,226.0,17.6
2706-91-4,Perfluoropentanesulfonic acid,OS(=O)(=O)C(F)(F)C(F)(F)C(F)(F)C(F)(F)C(F)(F)F,C5HF11O3S,350.1,11,55.00000000000001,5,11,5,350.1049999999999,4.0,2.0,1.0,0.0,0.0,Medium-chain,False,False,False,True,Medium-chain Branched Highly-fluorinated,Hydrothermal Treatment,Lab,Soil,350.0,90.0,99.94285714285714,True,Medium,Medium,35.0,0.02
2706-91-4,Perfluoropentanesulfonic acid,OS(=O)(=O)C(F)(F)C(F)(F)C(F)(F)C(F)(F)C(F)(F)F,C5HF11O3S,350.1,11,55.00000000000001,5,11,5,350.1049999999999,4.0,2.0,1.0,0.0,0.0,Medium-chain,False,False,False,True,Medium-chain Branched Highly-fluorinated,Hydrothermal Treatment,Lab,Soil,350.0,90.0,99.1869918699187,True,Medium,Medium,2.46,0.02
2706-91-4,Perfluoropentanesulfonic acid,OS(=O)(=O)C(F)(F)C(F)(F)C(F)(F)C(F)(F)C(F)(F)F,C5HF11O3S,350.1,11,55.00000000000001,5,11,5,350.1049999999999,4.0,2.0,1.0,0.0,0.0,Medium-chain,False,False,False,True,Medium-chain Branched Highly-fluorinated,Hydrothermal Treatment,Lab,Soil,350.0,90.0,94.61971830985917,True,Medium,Medium,355.0,19.1
2706-91-4,Perfluoropentanesulfonic acid,OS(=O)(=O)C(F)(F)C(F)(F)C(F)(F)C(F)(F)C(F)(F)F,C5HF11O3S,350.1,11,55.00000000000001,5,11,5,350.1049999999999,4.0,2.0,1.0,0.0,0.0,Medium-chain,False,False,False,True,Medium-chain Branched Highly-fluorinated,Hydrothermal Treatment,Lab,Other,350.0,90.0,99.92592592592592,True,Medium,Medium,13.5,0.01
2706-91-4,Perfluoropentanesulfonic acid,OS(=O)(=O)C(F)(F)C(F)(F)C(F)(F)C(F)(F)C(F)(F)F,C5HF11O3S,350.1,11,55.00000000000001,5,11,5,350.1049999999999,4.0,2.0,1.0,0.0,0.0,Medium-chain,False,False,False,True,Medium-chain Branched Highly-fluorinated,Hydrothermal Treatment,Lab,Other,350.0,90.0,85.71428571428571,True,Medium,Medium,0.07,0.01
2706-91-4,Perfluoropentanesulfonic acid,OS(=O)(=O)C(F)(F)C(F)(F)C(F)(F)C(F)(F)C(F)(F)F,C5HF11O3S,350.1,11,55.00000000000001,5,11,5,350.1049999999999,4.0,2.0,1.0,0.0,0.0,Medium-chain,False,False,False,True,Medium-chain Branched Highly-fluorinated,Pyrolysis,Not specified,Sludge,593.33,,,False,High,,0.0,
756426-58-1,Perfluoro(2-((6-chlorohexyl)oxy)ethanesulfonic acid),OS(=O)(=O)C(F)(F)C(F)(F)OC(F)(F)C(F)(F)C(F)(F)C(F)(F)C(F)(F)C(F)(F)Cl,C8HClF16O4S,532.58,16,53.333333333333336,8,16,8,532.5799999999999,9.0,3.0,1.0,0.0,0.0,Long-chain,False,False,False,True,Long-chain Branched Highly-fluorinated,Hydrothermal Treatment,Lab,Soil,350.0,90.0,81.81818181818181,True,Medium,Medium,0.11,0.02
13252-13-6,Perfluoro-2-methyl-3-oxahexanoic acid,OC(=O)C(F)(OC(F)(F)C(F)(F)C(F)(F)F)C(F)(F)F,C6HF11O3,330.053,11,55.00000000000001,6,11,6,330.049,4.0,2.0,1.0,0.0,0.0,Medium-chain,False,False,False,True,Medium-chain Branched Highly-fluorinated,Electromagnetic Heating,Lab,Soil,845.0,2.0,,False,High,Short,0.02,
13252-13-6,Perfluoro-2-methyl-3-oxahexanoic acid,OC(=O)C(F)(OC(F)(F)C(F)(F)C(F)(F)F)C(F)(F)F,C6HF11O3,330.053,11,55.00000000000001,6,11,6,330.049,4.0,2.0,1.0,0.0,0.0,Medium-chain,False,False,False,True,Medium-chain Branched Highly-fluorinated,Pyrolysis,Lab,Soil,450.0,30.0,,False,High,Short,0.0029,
13252-13-6,Perfluoro-2-methyl-3-oxahexanoic acid,OC(=O)C(F)(OC(F)(F)C(F)(F)C(F)(F)F)C(F)(F)F,C6HF11O3,330.053,11,55.00000000000001,6,11,6,330.049,4.0,2.0,1.0,0.0,0.0,Medium-chain,False,False,False,True,Medium-chain Branched Highly-fluorinated,Pyrolysis,Lab,Soil,300.0,30.0,,False,Medium,Short,0.0029,
13252-13-6,Perfluoro-2-methyl-3-oxahexanoic acid,OC(=O)C(F)(OC(F)(F)C(F)(F)C(F)(F)F)C(F)(F)F,C6HF11O3,330.053,11,55.00000000000001,6,11,6,330.049,4.0,2.0,1.0,0.0,0.0,Medium-chain,False,False,False,True,Medium-chain Branched Highly-fluorinated,Pyrolysis,Lab,Soil,200.0,30.0,,False,Medium,Short,0.0029,
13252-13-6,Perfluoro-2-methyl-3-oxahexanoic acid,OC(=O)C(F)(OC(F)(F)C(F)(F)C(F)(F)F)C(F)(F)F,C6HF11O3,330.053,11,55.00000000000001,6,11,6,330.049,4.0,2.0,1.0,0.0,0.0,Medium-chain,False,False,False,True,Medium-chain Branched Highly-fluorinated,GAC Reactivation,Lab,Treatment Media,200.0,60.0,,False,Medium,Medium,,
13252-13-6,Perfluoro-2-methyl-3-oxahexanoic acid,OC(=O)C(F)(OC(F)(F)C(F)(F)C(F)(F)F)C(F)(F)F,C6HF11O3,330.053,11,55.00000000000001,6,11,6,330.049,4.0,2.0,1.0,0.0,0.0,Medium-chain,False,False,False,True,Medium-chain Branched Highly-fluorinated,GAC Reactivation,Lab,Treatment Media,200.0,40.0,,False,Medium,Medium,,
13252-13-6,Perfluoro-2-methyl-3-oxahexanoic acid,OC(=O)C(F)(OC(F)(F)C(F)(F)C(F)(F)F)C(F)(F)F,C6HF11O3,330.053,11,55.00000000000001,6,11,6,330.049,4.0,2.0,1.0,0.0,0.0,Medium-chain,False,False,False,True,Medium-chain Branched Highly-fluorinated,GAC Reactivation,Lab,Treatment Media,200.0,20.0,,False,Medium,Short,,
13252-13-6,Perfluoro-2-methyl-3-oxahexanoic acid,OC(=O)C(F)(OC(F)(F)C(F)(F)C(F)(F)F)C(F)(F)F,C6HF11O3,330.053,11,55.00000000000001,6,11,6,330.049,4.0,2.0,1.0,0.0,0.0,Medium-chain,False,False,False,True,Medium-chain Branched Highly-fluorinated,GAC Reactivation,Lab,Treatment Media,200.0,10.0,,False,Medium,Short,,
13252-13-6,Perfluoro-2-methyl-3-oxahexanoic acid,OC(=O)C(F)(OC(F)(F)C(F)(F)C(F)(F)F)C(F)(F)F,C6HF11O3,330.053,11,55.00000000000001,6,11,6,330.049,4.0,2.0,1.0,0.0,0.0,Medium-chain,False,False,False,True,Medium-chain Branched Highly-fluorinated,GAC Reactivation,Lab,Treatment Media,200.0,5.0,,False,Medium,Short,,
13252-13-6,Perfluoro-2-methyl-3-oxahexanoic acid,OC(=O)C(F)(OC(F)(F)C(F)(F)C(F)(F)F)C(F)(F)F,C6HF11O3,330.053,11,55.00000000000001,6,11,6,330.049,4.0,2.0,1.0,0.0,0.0,Medium-chain,False,False,False,True,Medium-chain Branched Highly-fluorinated,GAC Reactivation,Lab,Treatment Media,500.0,30.0,,False,High,Short,,
13252-13-6,Perfluoro-2-methyl-3-oxahexanoic acid,OC(=O)C(F)(OC(F)(F)C(F)(F)C(F)(F)F)C(F)(F)F,C6HF11O3,330.053,11,55.00000000000001,6,11,6,330.049,4.0,2.0,1.0,0.0,0.0,Medium-chain,False,False,False,True,Medium-chain Branched Highly-fluorinated,GAC Reactivation,Lab,Treatment Media,250.0,30.0,,False,Medium,Short,,
13252-13-6,Perfluoro-2-methyl-3-oxahexanoic acid,OC(=O)C(F)(OC(F)(F)C(F)(F)C(F)(F)F)C(F)(F)F,C6HF11O3,330.053,11,55.00000000000001,6,11,6,330.049,4.0,2.0,1.0,0.0,0.0,Medium-chain,False,False,False,True,Medium-chain Branched Highly-fluorinated,GAC Reactivation,Lab,Treatment Media,200.0,30.0,,False,Medium,Short,,
13252-13-6,Perfluoro-2-methyl-3-oxahexanoic acid,OC(=O)C(F)(OC(F)(F)C(F)(F)C(F)(F)F)C(F)(F)F,C6HF11O3,330.053,11,55.00000000000001,6,11,6,330.049,4.0,2.0,1.0,0.0,0.0,Medium-chain,False,False,False,True,Medium-chain Branched Highly-fluorinated,GAC Reactivation,Lab,Treatment Media,150.0,30.0,,False,Medium,Short,,
13252-13-6,Perfluoro-2-methyl-3-oxahexanoic acid,OC(=O)C(F)(OC(F)(F)C(F)(F)C(F)(F)F)C(F)(F)F,C6HF11O3,330.053,11,55.00000000000001,6,11,6,330.049,4.0,2.0,1.0,0.0,0.0,Medium-chain,False,False,False,True,Medium-chain Branched Highly-fluorinated,GAC Reactivation,Lab,Treatment Media,25.0,30.0,,False,Ambient,Short,,
13252-13-6,Perfluoro-2-methyl-3-oxahexanoic acid,OC(=O)C(F)(OC(F)(F)C(F)(F)C(F)(F)F)C(F)(F)F,C6HF11O3,330.053,11,55.00000000000001,6,11,6,330.049,4.0,2.0,1.0,0.0,0.0,Medium-chain,False,False,False,True,Medium-chain Branched Highly-fluorinated,Pyrolysis,Not specified,Sludge,593.33,,,False,High,,0.0,
65294-16-8,"Perfluoro-(2,5,8-trimethyl-3,6,9-trioxadodecanoic) acid",OC(=O)C(F)(OC(F)(F)C(F)(OC(F)(F)C(F)(OC(F)(F)C(F)(F)C(F)(F)F)C(F)(F)F)C(F)(F)F)C(F)(F)F,C12HF23O5,662.098,23,57.49999999999999,12,23,12,662.0890000000003,10.0,4.0,1.0,0.0,0.0,Long-chain,False,False,False,True,Long-chain Branched Highly-fluorinated,Electromagnetic Heating,Lab,Soil,845.0,2.0,,False,High,Short,0.02,
24448-09-7,N-Methyl-N-(2-hydroxyethyl)perfluorooctanesulfonamide,CN(CCO)S(=O)(=O)C(F)(F)C(F)(F)C(F)(F)C(F)(F)C(F)(F)C(F)(F)C(F)(F)C(F)(F)F,C11H8F17NO3S,557.22,17,51.51515151515152,11,17,11,557.2220000000001,10.0,3.0,1.0,0.0,0.0,Long-chain,False,False,False,True,Long-chain Branched Highly-fluorinated,Pyrolysis,Lab,Sludge,800.0,20.0,93.31210191082802,True,High,Short,0.314,0.021
24448-09-7,N-Methyl-N-(2-hydroxyethyl)perfluorooctanesulfonamide,CN(CCO)S(=O)(=O)C(F)(F)C(F)(F)C(F)(F)C(F)(F)C(F)(F)C(F)(F)C(F)(F)C(F)(F)F,C11H8F17NO3S,557.22,17,51.51515151515152,11,17,11,557.2220000000001,10.0,3.0,1.0,0.0,0.0,Long-chain,False,False,False,True,Long-chain Branched Highly-fluorinated,Pyrolysis,Lab,Sludge,800.0,20.0,91.96787148594376,True,High,Short,0.249,0.02
24448-09-7,N-Methyl-N-(2-hydroxyethyl)perfluorooctanesulfonamide,CN(CCO)S(=O)(=O)C(F)(F)C(F)(F)C(F)(F)C(F)(F)C(F)(F)C(F)(F)C(F)(F)C(F)(F)F,C11H8F17NO3S,557.22,17,51.51515151515152,11,17,11,557.2220000000001,10.0,3.0,1.0,0.0,0.0,Long-chain,False,False,False,True,Long-chain Branched Highly-fluorinated,Pyrolysis,Lab,Sludge,800.0,20.0,95.0261780104712,True,High,Short,0.382,0.019
24448-09-7,N-Methyl-N-(2-hydroxyethyl)perfluorooctanesulfonamide,CN(CCO)S(=O)(=O)C(F)(F)C(F)(F)C(F)(F)C(F)(F)C(F)(F)C(F)(F)C(F)(F)C(F)(F)F,C11H8F17NO3S,557.22,17,51.51515151515152,11,17,11,557.2220000000001,10.0,3.0,1.0,0.0,0.0,Long-chain,False,False,False,True,Long-chain Branched Highly-fluorinated,Pyrolysis,Lab,Sludge,500.0,20.0,91.96787148594376,True,High,Short,0.249,0.02
24448-09-7,N-Methyl-N-(2-hydroxyethyl)perfluorooctanesulfonamide,CN(CCO)S(=O)(=O)C(F)(F)C(F)(F)C(F)(F)C(F)(F)C(F)(F)C(F)(F)C(F)(F)C(F)(F)F,C11H8F17NO3S,557.22,17,51.51515151515152,11,17,11,557.2220000000001,10.0,3.0,1.0,0.0,0.0,Long-chain,False,False,False,True,Long-chain Branched Highly-fluorinated,Pyrolysis,Lab,Sludge,500.0,20.0,93.63057324840764,True,High,Short,0.314,0.02
24448-09-7,N-Methyl-N-(2-hydroxyethyl)perfluorooctanesulfonamide,CN(CCO)S(=O)(=O)C(F)(F)C(F)(F)C(F)(F)C(F)(F)C(F)(F)C(F)(F)C(F)(F)C(F)(F)F,C11H8F17NO3S,557.22,17,51.51515151515152,11,17,11,557.2220000000001,10.0,3.0,1.0,0.0,0.0,Long-chain,False,False,False,True,Long-chain Branched Highly-fluorinated,Pyrolysis,Lab,Sludge,500.0,20.0,95.0261780104712,True,High,Short,0.382,0.019
24448-09-7,N-Methyl-N-(2-hydroxyethyl)perfluorooctanesulfonamide,CN(CCO)S(=O)(=O)C(F)(F)C(F)(F)C(F)(F)C(F)(F)C(F)(F)C(F)(F)C(F)(F)C(F)(F)F,C11H8F17NO3S,557.22,17,51.51515151515152,11,17,11,557.2220000000001,10.0,3.0,1.0,0.0,0.0,Long-chain,False,False,False,True,Long-chain Branched Highly-fluorinated,Pyrolysis,Pilot,Sludge,649.0,19.1,71.29411764705883,False,High,Short,17.0,4.88
24448-09-7,N-Methyl-N-(2-hydroxyethyl)perfluorooctanesulfonamide,CN(CCO)S(=O)(=O)C(F)(F)C(F)(F)C(F)(F)C(F)(F)C(F)(F)C(F)(F)C(F)(F)C(F)(F)F,C11H8F17NO3S,557.22,17,51.51515151515152,11,17,11,557.2220000000001,10.0,3.0,1.0,0.0,0.0,Long-chain,False,False,False,True,Long-chain Branched Highly-fluorinated,Pyrolysis,Pilot,Sludge,649.0,19.1,99.63617463617464,True,High,Short,19.24,0.07
24448-09-7,N-Methyl-N-(2-hydroxyethyl)perfluorooctanesulfonamide,CN(CCO)S(=O)(=O)C(F)(F)C(F)(F)C(F)(F)C(F)(F)C(F)(F)C(F)(F)C(F)(F)C(F)(F)F,C11H8F17NO3S,557.22,17,51.51515151515152,11,17,11,557.2220000000001,10.0,3.0,1.0,0.0,0.0,Long-chain,False,False,False,True,Long-chain Branched Highly-fluorinated,Pyrolysis,Pilot,Sludge,649.0,19.1,100.0,True,High,Short,18.1,0.0
24448-09-7,N-Methyl-N-(2-hydroxyethyl)perfluorooctanesulfonamide,CN(CCO)S(=O)(=O)C(F)(F)C(F)(F)C(F)(F)C(F)(F)C(F)(F)C(F)(F)C(F)(F)C(F)(F)F,C11H8F17NO3S,557.22,17,51.51515151515152,11,17,11,557.2220000000001,10.0,3.0,1.0,0.0,0.0,Long-chain,False,False,False,True,Long-chain Branched Highly-fluorinated,Infrared Heating,Pilot,Soil,350.0,11520.0,,False,Medium,Extended,1.47,
24448-09-7,N-Methyl-N-(2-hydroxyethyl)perfluorooctanesulfonamide,CN(CCO)S(=O)(=O)C(F)(F)C(F)(F)C(F)(F)C(F)(F)C(F)(F)C(F)(F)C(F)(F)C(F)(F)F,C11H8F17NO3S,557.22,17,51.51515151515152,11,17,11,557.2220000000001,10.0,3.0,1.0,0.0,0.0,Long-chain,False,False,False,True,Long-chain Branched Highly-fluorinated,Infrared Heating,Pilot,Soil,350.0,11520.0,,False,Medium,Extended,0.12,
24448-09-7,N-Methyl-N-(2-hydroxyethyl)perfluorooctanesulfonamide,CN(CCO)S(=O)(=O)C(F)(F)C(F)(F)C(F)(F)C(F)(F)C(F)(F)C(F)(F)C(F)(F)C(F)(F)F,C11H8F17NO3S,557.22,17,51.51515151515152,11,17,11,557.2220000000001,10.0,3.0,1.0,0.0,0.0,Long-chain,False,False,False,True,Long-chain Branched Highly-fluorinated,Infrared Heating,Pilot,Soil,350.0,11520.0,,False,Medium,Extended,1.57,
24448-09-7,N-Methyl-N-(2-hydroxyethyl)perfluorooctanesulfonamide,CN(CCO)S(=O)(=O)C(F)(F)C(F)(F)C(F)(F)C(F)(F)C(F)(F)C(F)(F)C(F)(F)C(F)(F)F,C11H8F17NO3S,557.22,17,51.51515151515152,11,17,11,557.2220000000001,10.0,3.0,1.0,0.0,0.0,Long-chain,False,False,False,True,Long-chain Branched Highly-fluorinated,Pyrolysis,Not specified,Sludge,593.33,,,False,High,,17.1,
24448-09-7,N-Methyl-N-(2-hydroxyethyl)perfluorooctanesulfonamide,CN(CCO)S(=O)(=O)C(F)(F)C(F)(F)C(F)(F)C(F)(F)C(F)(F)C(F)(F)C(F)(F)C(F)(F)F,C11H8F17NO3S,557.22,17,51.51515151515152,11,17,11,557.2220000000001,10.0,3.0,1.0,0.0,0.0,Long-chain,False,False,False,True,Long-chain Branched Highly-fluorinated,Pyrolysis,Not specified,Sludge,593.33,,,False,High,,0.0,
24448-09-7,N-Methyl-N-(2-hydroxyethyl)perfluorooctanesulfonamide,CN(CCO)S(=O)(=O)C(F)(F)C(F)(F)C(F)(F)C(F)(F)C(F)(F)C(F)(F)C(F)(F)C(F)(F)F,C11H8F17NO3S,557.22,17,51.51515151515152,11,17,11,557.2220000000001,10.0,3.0,1.0,0.0,0.0,Long-chain,False,False,False,True,Long-chain Branched Highly-fluorinated,Incineration,Pilot,Other,1020.0,0.045,,False,High,Short,,
24448-09-7,N-Methyl-N-(2-hydroxyethyl)perfluorooctanesulfonamide,CN(CCO)S(=O)(=O)C(F)(F)C(F)(F)C(F)(F)C(F)(F)C(F)(F)C(F)(F)C(F)(F)C(F)(F)F,C11H8F17NO3S,557.22,17,51.51515151515152,11,17,11,557.2220000000001,10.0,3.0,1.0,0.0,0.0,Long-chain,False,False,False,True,Long-chain Branched Highly-fluorinated,Incineration,Pilot,Other,870.0,0.0666666666666666,,False,High,Short,,
678-39-7,Fluorotelomer alcohol 8:2,OCCC(F)(F)C(F)(F)C(F)(F)C(F)(F)C(F)(F)C(F)(F)C(F)(F)C(F)(F)F,C10H5F17O,464.122,17,60.71428571428571,10,17,10,464.1149999999999,8.0,1.0,1.0,0.0,0.0,Long-chain,False,False,False,True,Long-chain Branched Highly-fluorinated,Indirect Thermal Desorption,Lab,Other,700.0,,,False,High,,50.0,
678-39-7,Fluorotelomer alcohol 8:2,OCCC(F)(F)C(F)(F)C(F)(F)C(F)(F)C(F)(F)C(F)(F)C(F)(F)C(F)(F)F,C10H5F17O,464.122,17,60.71428571428571,10,17,10,464.1149999999999,8.0,1.0,1.0,0.0,0.0,Long-chain,False,False,False,True,Long-chain Branched Highly-fluorinated,Indirect Thermal Desorption,Lab,Other,500.0,,,False,High,,50.0,
678-39-7,Fluorotelomer alcohol 8:2,OCCC(F)(F)C(F)(F)C(F)(F)C(F)(F)C(F)(F)C(F)(F)C(F)(F)C(F)(F)F,C10H5F17O,464.122,17,60.71428571428571,10,17,10,464.1149999999999,8.0,1.0,1.0,0.0,0.0,Long-chain,False,False,False,True,Long-chain Branched Highly-fluorinated,Indirect Thermal Desorption,Lab,Other,300.0,,,False,Medium,,50.0,
678-39-7,Fluorotelomer alcohol 8:2,OCCC(F)(F)C(F)(F)C(F)(F)C(F)(F)C(F)(F)C(F)(F)C(F)(F)C(F)(F)F,C10H5F17O,464.122,17,60.71428571428571,10,17,10,464.1149999999999,8.0,1.0,1.0,0.0,0.0,Long-chain,False,False,False,True,Long-chain Branched Highly-fluorinated,Indirect Thermal Desorption,Lab,Other,700.0,,,False,High,,50.0,
678-39-7,Fluorotelomer alcohol 8:2,OCCC(F)(F)C(F)(F)C(F)(F)C(F)(F)C(F)(F)C(F)(F)C(F)(F)C(F)(F)F,C10H5F17O,464.122,17,60.71428571428571,10,17,10,464.1149999999999,8.0,1.0,1.0,0.0,0.0,Long-chain,False,False,False,True,Long-chain Branched Highly-fluorinated,Indirect Thermal Desorption,Lab,Other,700.0,,,False,High,,50.0,
678-39-7,Fluorotelomer alcohol 8:2,OCCC(F)(F)C(F)(F)C(F)(F)C(F)(F)C(F)(F)C(F)(F)C(F)(F)C(F)(F)F,C10H5F17O,464.122,17,60.71428571428571,10,17,10,464.1149999999999,8.0,1.0,1.0,0.0,0.0,Long-chain,False,False,False,True,Long-chain Branched Highly-fluorinated,Indirect Thermal Desorption,Lab,Other,500.0,,,False,High,,50.0,
678-39-7,Fluorotelomer alcohol 8:2,OCCC(F)(F)C(F)(F)C(F)(F)C(F)(F)C(F)(F)C(F)(F)C(F)(F)C(F)(F)F,C10H5F17O,464.122,17,60.71428571428571,10,17,10,464.1149999999999,8.0,1.0,1.0,0.0,0.0,Long-chain,False,False,False,True,Long-chain Branched Highly-fluorinated,Indirect Thermal Desorption,Lab,Other,500.0,,,False,High,,50.0,
678-39-7,Fluorotelomer alcohol 8:2,OCCC(F)(F)C(F)(F)C(F)(F)C(F)(F)C(F)(F)C(F)(F)C(F)(F)C(F)(F)F,C10H5F17O,464.122,17,60.71428571428571,10,17,10,464.1149999999999,8.0,1.0,1.0,0.0,0.0,Long-chain,False,False,False,True,Long-chain Branched Highly-fluorinated,Indirect Thermal Desorption,Lab,Other,300.0,,,False,Medium,,50.0,
678-39-7,Fluorotelomer alcohol 8:2,OCCC(F)(F)C(F)(F)C(F)(F)C(F)(F)C(F)(F)C(F)(F)C(F)(F)C(F)(F)F,C10H5F17O,464.122,17,60.71428571428571,10,17,10,464.1149999999999,8.0,1.0,1.0,0.0,0.0,Long-chain,False,False,False,True,Long-chain Branched Highly-fluorinated,Indirect Thermal Desorption,Lab,Other,300.0,,,False,Medium,,50.0,
355-46-4,Perfluorohexanesulfonic acid,OS(=O)(=O)C(F)(F)C(F)(F)C(F)(F)C(F)(F)C(F)(F)C(F)(F)F,C6HF13O3S,400.11,13,56.52173913043478,6,13,6,400.1119999999999,5.0,2.0,1.0,0.0,0.0,Medium-chain,False,False,False,True,Medium-chain Branched Highly-fluorinated,Electromagnetic Heating,Lab,Soil,845.0,2.0,,False,High,Short,0.02,
355-46-4,Perfluorohexanesulfonic acid,OS(=O)(=O)C(F)(F)C(F)(F)C(F)(F)C(F)(F)C(F)(F)C(F)(F)F,C6HF13O3S,400.11,13,56.52173913043478,6,13,6,400.1119999999999,5.0,2.0,1.0,0.0,0.0,Medium-chain,False,False,False,True,Medium-chain Branched Highly-fluorinated,Hydrothermal Treatment,Lab,Other,350.0,2.5,100.0,True,Medium,Short,700.0,0.0
355-46-4,Perfluorohexanesulfonic acid,OS(=O)(=O)C(F)(F)C(F)(F)C(F)(F)C(F)(F)C(F)(F)C(F)(F)F,C6HF13O3S,400.11,13,56.52173913043478,6,13,6,400.1119999999999,5.0,2.0,1.0,0.0,0.0,Medium-chain,False,False,False,True,Medium-chain Branched Highly-fluorinated,Hydrothermal Treatment,Lab,Other,350.0,2.5,0.0,False,Medium,Short,220.0,230.0
355-46-4,Perfluorohexanesulfonic acid,OS(=O)(=O)C(F)(F)C(F)(F)C(F)(F)C(F)(F)C(F)(F)C(F)(F)F,C6HF13O3S,400.11,13,56.52173913043478,6,13,6,400.1119999999999,5.0,2.0,1.0,0.0,0.0,Medium-chain,False,False,False,True,Medium-chain Branched Highly-fluorinated,Hydrothermal Treatment,Lab,Other,350.0,2.5,0.0,False,Medium,Short,220.0,220.0
355-46-4,Perfluorohexanesulfonic acid,OS(=O)(=O)C(F)(F)C(F)(F)C(F)(F)C(F)(F)C(F)(F)C(F)(F)F,C6HF13O3S,400.11,13,56.52173913043478,6,13,6,400.1119999999999,5.0,2.0,1.0,0.0,0.0,Medium-chain,False,False,False,True,Medium-chain Branched Highly-fluorinated,Pyrolysis,Lab,Sludge,800.0,20.0,21.621621621621617,False,High,Short,0.037,0.029
355-46-4,Perfluorohexanesulfonic acid,OS(=O)(=O)C(F)(F)C(F)(F)C(F)(F)C(F)(F)C(F)(F)C(F)(F)F,C6HF13O3S,400.11,13,56.52173913043478,6,13,6,400.1119999999999,5.0,2.0,1.0,0.0,0.0,Medium-chain,False,False,False,True,Medium-chain Branched Highly-fluorinated,Pyrolysis,Lab,Sludge,800.0,20.0,44.230769230769226,False,High,Short,0.052,0.029
355-46-4,Perfluorohexanesulfonic acid,OS(=O)(=O)C(F)(F)C(F)(F)C(F)(F)C(F)(F)C(F)(F)C(F)(F)F,C6HF13O3S,400.11,13,56.52173913043478,6,13,6,400.1119999999999,5.0,2.0,1.0,0.0,0.0,Medium-chain,False,False,False,True,Medium-chain Branched Highly-fluorinated,Pyrolysis,Lab,Sludge,800.0,20.0,89.60573476702508,True,High,Short,0.279,0.029
355-46-4,Perfluorohexanesulfonic acid,OS(=O)(=O)C(F)(F)C(F)(F)C(F)(F)C(F)(F)C(F)(F)C(F)(F)F,C6HF13O3S,400.11,13,56.52173913043478,6,13,6,400.1119999999999,5.0,2.0,1.0,0.0,0.0,Medium-chain,False,False,False,True,Medium-chain Branched Highly-fluorinated,Pyrolysis,Lab,Sludge,800.0,20.0,89.93506493506494,True,High,Short,0.308,0.031
355-46-4,Perfluorohexanesulfonic acid,OS(=O)(=O)C(F)(F)C(F)(F)C(F)(F)C(F)(F)C(F)(F)C(F)(F)F,C6HF13O3S,400.11,13,56.52173913043478,6,13,6,400.1119999999999,5.0,2.0,1.0,0.0,0.0,Medium-chain,False,False,False,True,Medium-chain Branched Highly-fluorinated,Pyrolysis,Lab,Sludge,800.0,20.0,90.55374592833876,True,High,Short,0.307,0.029
355-46-4,Perfluorohexanesulfonic acid,OS(=O)(=O)C(F)(F)C(F)(F)C(F)(F)C(F)(F)C(F)(F)C(F)(F)F,C6HF13O3S,400.11,13,56.52173913043478,6,13,6,400.1119999999999,5.0,2.0,1.0,0.0,0.0,Medium-chain,False,False,False,True,Medium-chain Branched Highly-fluorinated,Pyrolysis,Lab,Sludge,650.0,20.0,21.621621621621617,False,High,Short,0.037,0.029
355-46-4,Perfluorohexanesulfonic acid,OS(=O)(=O)C(F)(F)C(F)(F)C(F)(F)C(F)(F)C(F)(F)C(F)(F)F,C6HF13O3S,400.11,13,56.52173913043478,6,13,6,400.1119999999999,5.0,2.0,1.0,0.0,0.0,Medium-chain,False,False,False,True,Medium-chain Branched Highly-fluorinated,Pyrolysis,Lab,Sludge,650.0,20.0,38.46153846153846,False,High,Short,0.052,0.032
355-46-4,Perfluorohexanesulfonic acid,OS(=O)(=O)C(F)(F)C(F)(F)C(F)(F)C(F)(F)C(F)(F)C(F)(F)F,C6HF13O3S,400.11,13,56.52173913043478,6,13,6,400.1119999999999,5.0,2.0,1.0,0.0,0.0,Medium-chain,False,False,False,True,Medium-chain Branched Highly-fluorinated,Pyrolysis,Lab,Sludge,650.0,20.0,90.25974025974028,True,High,Short,0.308,0.03
355-46-4,Perfluorohexanesulfonic acid,OS(=O)(=O)C(F)(F)C(F)(F)C(F)(F)C(F)(F)C(F)(F)C(F)(F)F,C6HF13O3S,400.11,13,56.52173913043478,6,13,6,400.1119999999999,5.0,2.0,1.0,0.0,0.0,Medium-chain,False,False,False,True,Medium-chain Branched Highly-fluorinated,Pyrolysis,Lab,Sludge,650.0,20.0,90.22801302931596,True,High,Short,0.307,0.03
355-46-4,Perfluorohexanesulfonic acid,OS(=O)(=O)C(F)(F)C(F)(F)C(F)(F)C(F)(F)C(F)(F)C(F)(F)F,C6HF13O3S,400.11,13,56.52173913043478,6,13,6,400.1119999999999,5.0,2.0,1.0,0.0,0.0,Medium-chain,False,False,False,True,Medium-chain Branched Highly-fluorinated,Pyrolysis,Lab,Sludge,650.0,20.0,89.60573476702508,True,High,Short,0.279,0.029
355-46-4,Perfluorohexanesulfonic acid,OS(=O)(=O)C(F)(F)C(F)(F)C(F)(F)C(F)(F)C(F)(F)C(F)(F)F,C6HF13O3S,400.11,13,56.52173913043478,6,13,6,400.1119999999999,5.0,2.0,1.0,0.0,0.0,Medium-chain,False,False,False,True,Medium-chain Branched Highly-fluorinated,Pyrolysis,Lab,Sludge,500.0,20.0,18.918918918918916,False,High,Short,0.037,0.03
355-46-4,Perfluorohexanesulfonic acid,OS(=O)(=O)C(F)(F)C(F)(F)C(F)(F)C(F)(F)C(F)(F)C(F)(F)F,C6HF13O3S,400.11,13,56.52173913043478,6,13,6,400.1119999999999,5.0,2.0,1.0,0.0,0.0,Medium-chain,False,False,False,True,Medium-chain Branched Highly-fluorinated,Pyrolysis,Lab,Sludge,500.0,20.0,44.230769230769226,False,High,Short,0.052,0.029
355-46-4,Perfluorohexanesulfonic acid,OS(=O)(=O)C(F)(F)C(F)(F)C(F)(F)C(F)(F)C(F)(F)C(F)(F)F,C6HF13O3S,400.11,13,56.52173913043478,6,13,6,400.1119999999999,5.0,2.0,1.0,0.0,0.0,Medium-chain,False,False,False,True,Medium-chain Branched Highly-fluorinated,Pyrolysis,Lab,Sludge,500.0,20.0,89.93506493506494,True,High,Short,0.308,0.031
355-46-4,Perfluorohexanesulfonic acid,OS(=O)(=O)C(F)(F)C(F)(F)C(F)(F)C(F)(F)C(F)(F)C(F)(F)F,C6HF13O3S,400.11,13,56.52173913043478,6,13,6,400.1119999999999,5.0,2.0,1.0,0.0,0.0,Medium-chain,False,False,False,True,Medium-chain Branched Highly-fluorinated,Pyrolysis,Lab,Sludge,500.0,20.0,89.24731182795699,True,High,Short,0.279,0.03
355-46-4,Perfluorohexanesulfonic acid,OS(=O)(=O)C(F)(F)C(F)(F)C(F)(F)C(F)(F)C(F)(F)C(F)(F)F,C6HF13O3S,400.11,13,56.52173913043478,6,13,6,400.1119999999999,5.0,2.0,1.0,0.0,0.0,Medium-chain,False,False,False,True,Medium-chain Branched Highly-fluorinated,Pyrolysis,Lab,Sludge,500.0,20.0,90.55374592833876,True,High,Short,0.307,0.029
355-46-4,Perfluorohexanesulfonic acid,OS(=O)(=O)C(F)(F)C(F)(F)C(F)(F)C(F)(F)C(F)(F)C(F)(F)F,C6HF13O3S,400.11,13,56.52173913043478,6,13,6,400.1119999999999,5.0,2.0,1.0,0.0,0.0,Medium-chain,False,False,False,True,Medium-chain Branched Highly-fluorinated,Hydrothermal Treatment,Lab,Other,350.0,360.0,83.6424957841484,True,Medium,Long,5.93,0.97
355-46-4,Perfluorohexanesulfonic acid,OS(=O)(=O)C(F)(F)C(F)(F)C(F)(F)C(F)(F)C(F)(F)C(F)(F)F,C6HF13O3S,400.11,13,56.52173913043478,6,13,6,400.1119999999999,5.0,2.0,1.0,0.0,0.0,Medium-chain,False,False,False,True,Medium-chain Branched Highly-fluorinated,Hydrothermal Treatment,Lab,Other,350.0,360.0,19.73018549747049,False,Medium,Long,5.93,4.76
355-46-4,Perfluorohexanesulfonic acid,OS(=O)(=O)C(F)(F)C(F)(F)C(F)(F)C(F)(F)C(F)(F)C(F)(F)F,C6HF13O3S,400.11,13,56.52173913043478,6,13,6,400.1119999999999,5.0,2.0,1.0,0.0,0.0,Medium-chain,False,False,False,True,Medium-chain Branched Highly-fluorinated,Hydrothermal Treatment,Lab,Other,350.0,360.0,89.88195615514336,True,Medium,Long,5.93,0.6
355-46-4,Perfluorohexanesulfonic acid,OS(=O)(=O)C(F)(F)C(F)(F)C(F)(F)C(F)(F)C(F)(F)C(F)(F)F,C6HF13O3S,400.11,13,56.52173913043478,6,13,6,400.1119999999999,5.0,2.0,1.0,0.0,0.0,Medium-chain,False,False,False,True,Medium-chain Branched Highly-fluorinated,Hydrothermal Treatment,Lab,Other,380.0,360.0,94.77234401349072,True,Medium,Long,5.93,0.31
355-46-4,Perfluorohexanesulfonic acid,OS(=O)(=O)C(F)(F)C(F)(F)C(F)(F)C(F)(F)C(F)(F)C(F)(F)F,C6HF13O3S,400.11,13,56.52173913043478,6,13,6,400.1119999999999,5.0,2.0,1.0,0.0,0.0,Medium-chain,False,False,False,True,Medium-chain Branched Highly-fluorinated,Hydrothermal Treatment,Lab,Other,380.0,360.0,30.185497470489043,False,Medium,Long,5.93,4.14
355-46-4,Perfluorohexanesulfonic acid,OS(=O)(=O)C(F)(F)C(F)(F)C(F)(F)C(F)(F)C(F)(F)C(F)(F)F,C6HF13O3S,400.11,13,56.52173913043478,6,13,6,400.1119999999999,5.0,2.0,1.0,0.0,0.0,Medium-chain,False,False,False,True,Medium-chain Branched Highly-fluorinated,Hydrothermal Treatment,Lab,Other,350.0,360.0,100.0,True,Medium,Long,1.46,0.0
355-46-4,Perfluorohexanesulfonic acid,OS(=O)(=O)C(F)(F)C(F)(F)C(F)(F)C(F)(F)C(F)(F)C(F)(F)F,C6HF13O3S,400.11,13,56.52173913043478,6,13,6,400.1119999999999,5.0,2.0,1.0,0.0,0.0,Medium-chain,False,False,False,True,Medium-chain Branched Highly-fluorinated,Hydrothermal Treatment,Lab,Other,350.0,360.0,84.71760797342192,True,Medium,Long,3.01,0.46
355-46-4,Perfluorohexanesulfonic acid,OS(=O)(=O)C(F)(F)C(F)(F)C(F)(F)C(F)(F)C(F)(F)C(F)(F)F,C6HF13O3S,400.11,13,56.52173913043478,6,13,6,400.1119999999999,5.0,2.0,1.0,0.0,0.0,Medium-chain,False,False,False,True,Medium-chain Branched Highly-fluorinated,Hydrothermal Treatment,Lab,Other,350.0,360.0,86.84654300168634,True,Medium,Long,5.93,0.78
355-46-4,Perfluorohexanesulfonic acid,OS(=O)(=O)C(F)(F)C(F)(F)C(F)(F)C(F)(F)C(F)(F)C(F)(F)F,C6HF13O3S,400.11,13,56.52173913043478,6,13,6,400.1119999999999,5.0,2.0,1.0,0.0,0.0,Medium-chain,False,False,False,True,Medium-chain Branched Highly-fluorinated,Hydrothermal Treatment,Lab,Other,350.0,360.0,83.6424957841484,True,Medium,Long,5.93,0.97
355-46-4,Perfluorohexanesulfonic acid,OS(=O)(=O)C(F)(F)C(F)(F)C(F)(F)C(F)(F)C(F)(F)C(F)(F)F,C6HF13O3S,400.11,13,56.52173913043478,6,13,6,400.1119999999999,5.0,2.0,1.0,0.0,0.0,Medium-chain,False,False,False,True,Medium-chain Branched Highly-fluorinated,Hydrothermal Treatment,Lab,Other,350.0,360.0,59.19055649241146,False,Medium,Long,5.93,2.42
355-46-4,Perfluorohexanesulfonic acid,OS(=O)(=O)C(F)(F)C(F)(F)C(F)(F)C(F)(F)C(F)(F)C(F)(F)F,C6HF13O3S,400.11,13,56.52173913043478,6,13,6,400.1119999999999,5.0,2.0,1.0,0.0,0.0,Medium-chain,False,False,False,True,Medium-chain Branched Highly-fluorinated,Hydrothermal Treatment,Lab,Other,350.0,360.0,7.588532883642484,False,Medium,Long,5.93,5.48
355-46-4,Perfluorohexanesulfonic acid,OS(=O)(=O)C(F)(F)C(F)(F)C(F)(F)C(F)(F)C(F)(F)C(F)(F)F,C6HF13O3S,400.11,13,56.52173913043478,6,13,6,400.1119999999999,5.0,2.0,1.0,0.0,0.0,Medium-chain,False,False,False,True,Medium-chain Branched Highly-fluorinated,GAC Reactivation,Full,Treatment Media,1093.0,,99.99016949152542,True,High,,5900.0,0.58
355-46-4,Perfluorohexanesulfonic acid,OS(=O)(=O)C(F)(F)C(F)(F)C(F)(F)C(F)(F)C(F)(F)C(F)(F)F,C6HF13O3S,400.11,13,56.52173913043478,6,13,6,400.1119999999999,5.0,2.0,1.0,0.0,0.0,Medium-chain,False,False,False,True,Medium-chain Branched Highly-fluorinated,GAC Reactivation,Full,Treatment Media,1093.0,,99.99736363636362,True,High,,22000.0,0.58
355-46-4,Perfluorohexanesulfonic acid,OS(=O)(=O)C(F)(F)C(F)(F)C(F)(F)C(F)(F)C(F)(F)C(F)(F)F,C6HF13O3S,400.11,13,56.52173913043478,6,13,6,400.1119999999999,5.0,2.0,1.0,0.0,0.0,Medium-chain,False,False,False,True,Medium-chain Branched Highly-fluorinated,GAC Reactivation,Full,Treatment Media,1093.0,,99.99824242424242,True,High,,33000.0,0.58
355-46-4,Perfluorohexanesulfonic acid,OS(=O)(=O)C(F)(F)C(F)(F)C(F)(F)C(F)(F)C(F)(F)C(F)(F)F,C6HF13O3S,400.11,13,56.52173913043478,6,13,6,400.1119999999999,5.0,2.0,1.0,0.0,0.0,Medium-chain,False,False,False,True,Medium-chain Branched Highly-fluorinated,GAC Reactivation,Lab,Treatment Media,500.0,30.0,,False,High,Short,,
355-46-4,Perfluorohexanesulfonic acid,OS(=O)(=O)C(F)(F)C(F)(F)C(F)(F)C(F)(F)C(F)(F)C(F)(F)F,C6HF13O3S,400.11,13,56.52173913043478,6,13,6,400.1119999999999,5.0,2.0,1.0,0.0,0.0,Medium-chain,False,False,False,True,Medium-chain Branched Highly-fluorinated,GAC Reactivation,Lab,Treatment Media,500.0,30.0,,False,High,Short,,
355-46-4,Perfluorohexanesulfonic acid,OS(=O)(=O)C(F)(F)C(F)(F)C(F)(F)C(F)(F)C(F)(F)C(F)(F)F,C6HF13O3S,400.11,13,56.52173913043478,6,13,6,400.1119999999999,5.0,2.0,1.0,0.0,0.0,Medium-chain,False,False,False,True,Medium-chain Branched Highly-fluorinated,Pyrolysis,Lab,Sludge,700.0,,100.0,True,High,,3.6,0.0
355-46-4,Perfluorohexanesulfonic acid,OS(=O)(=O)C(F)(F)C(F)(F)C(F)(F)C(F)(F)C(F)(F)C(F)(F)F,C6HF13O3S,400.11,13,56.52173913043478,6,13,6,400.1119999999999,5.0,2.0,1.0,0.0,0.0,Medium-chain,False,False,False,True,Medium-chain Branched Highly-fluorinated,Pyrolysis,Lab,Sludge,700.0,,100.0,True,High,,3.8,0.0
355-46-4,Perfluorohexanesulfonic acid,OS(=O)(=O)C(F)(F)C(F)(F)C(F)(F)C(F)(F)C(F)(F)C(F)(F)F,C6HF13O3S,400.11,13,56.52173913043478,6,13,6,400.1119999999999,5.0,2.0,1.0,0.0,0.0,Medium-chain,False,False,False,True,Medium-chain Branched Highly-fluorinated,Pyrolysis,Lab,Sludge,500.0,,,False,High,,0.0,0.45
355-46-4,Perfluorohexanesulfonic acid,OS(=O)(=O)C(F)(F)C(F)(F)C(F)(F)C(F)(F)C(F)(F)C(F)(F)F,C6HF13O3S,400.11,13,56.52173913043478,6,13,6,400.1119999999999,5.0,2.0,1.0,0.0,0.0,Medium-chain,False,False,False,True,Medium-chain Branched Highly-fluorinated,Pyrolysis,Lab,Sludge,500.0,,100.0,True,High,,3.6,0.0
355-46-4,Perfluorohexanesulfonic acid,OS(=O)(=O)C(F)(F)C(F)(F)C(F)(F)C(F)(F)C(F)(F)C(F)(F)F,C6HF13O3S,400.11,13,56.52173913043478,6,13,6,400.1119999999999,5.0,2.0,1.0,0.0,0.0,Medium-chain,False,False,False,True,Medium-chain Branched Highly-fluorinated,Pyrolysis,Lab,Sludge,500.0,,100.0,True,High,,3.8,0.0
355-46-4,Perfluorohexanesulfonic acid,OS(=O)(=O)C(F)(F)C(F)(F)C(F)(F)C(F)(F)C(F)(F)C(F)(F)F,C6HF13O3S,400.11,13,56.52173913043478,6,13,6,400.1119999999999,5.0,2.0,1.0,0.0,0.0,Medium-chain,False,False,False,True,Medium-chain Branched Highly-fluorinated,Thermal Oxidation of Off-gas,Lab,Treatment Media,595.0,0.1333333333333333,,False,High,Short,1000.0,
355-46-4,Perfluorohexanesulfonic acid,OS(=O)(=O)C(F)(F)C(F)(F)C(F)(F)C(F)(F)C(F)(F)C(F)(F)F,C6HF13O3S,400.11,13,56.52173913043478,6,13,6,400.1119999999999,5.0,2.0,1.0,0.0,0.0,Medium-chain,False,False,False,True,Medium-chain Branched Highly-fluorinated,Thermal Oxidation of Off-gas,Lab,Treatment Media,590.0,0.1666666666666666,,False,High,Short,1000.0,
355-46-4,Perfluorohexanesulfonic acid,OS(=O)(=O)C(F)(F)C(F)(F)C(F)(F)C(F)(F)C(F)(F)C(F)(F)F,C6HF13O3S,400.11,13,56.52173913043478,6,13,6,400.1119999999999,5.0,2.0,1.0,0.0,0.0,Medium-chain,False,False,False,True,Medium-chain Branched Highly-fluorinated,Thermal Oxidation of Off-gas,Lab,Treatment Media,590.0,1.0,,False,High,Short,1.0,
355-46-4,Perfluorohexanesulfonic acid,OS(=O)(=O)C(F)(F)C(F)(F)C(F)(F)C(F)(F)C(F)(F)C(F)(F)F,C6HF13O3S,400.11,13,56.52173913043478,6,13,6,400.1119999999999,5.0,2.0,1.0,0.0,0.0,Medium-chain,False,False,False,True,Medium-chain Branched Highly-fluorinated,Pyrolysis,Lab,Soil,450.0,30.0,,False,High,Short,0.0042,
355-46-4,Perfluorohexanesulfonic acid,OS(=O)(=O)C(F)(F)C(F)(F)C(F)(F)C(F)(F)C(F)(F)C(F)(F)F,C6HF13O3S,400.11,13,56.52173913043478,6,13,6,400.1119999999999,5.0,2.0,1.0,0.0,0.0,Medium-chain,False,False,False,True,Medium-chain Branched Highly-fluorinated,Pyrolysis,Lab,Soil,300.0,30.0,,False,Medium,Short,0.0042,
355-46-4,Perfluorohexanesulfonic acid,OS(=O)(=O)C(F)(F)C(F)(F)C(F)(F)C(F)(F)C(F)(F)C(F)(F)F,C6HF13O3S,400.11,13,56.52173913043478,6,13,6,400.1119999999999,5.0,2.0,1.0,0.0,0.0,Medium-chain,False,False,False,True,Medium-chain Branched Highly-fluorinated,Pyrolysis,Lab,Soil,200.0,30.0,,False,Medium,Short,0.0042,
355-46-4,Perfluorohexanesulfonic acid,OS(=O)(=O)C(F)(F)C(F)(F)C(F)(F)C(F)(F)C(F)(F)C(F)(F)F,C6HF13O3S,400.11,13,56.52173913043478,6,13,6,400.1119999999999,5.0,2.0,1.0,0.0,0.0,Medium-chain,False,False,False,True,Medium-chain Branched Highly-fluorinated,Hydrothermal Treatment,Not specified,Sludge,300.0,120.0,,False,Medium,Medium,0.0,2.2
355-46-4,Perfluorohexanesulfonic acid,OS(=O)(=O)C(F)(F)C(F)(F)C(F)(F)C(F)(F)C(F)(F)C(F)(F)F,C6HF13O3S,400.11,13,56.52173913043478,6,13,6,400.1119999999999,5.0,2.0,1.0,0.0,0.0,Medium-chain,False,False,False,True,Medium-chain Branched Highly-fluorinated,Hydrothermal Treatment,Not specified,Sludge,165.0,120.0,,False,Medium,Medium,0.0,0.0
355-46-4,Perfluorohexanesulfonic acid,OS(=O)(=O)C(F)(F)C(F)(F)C(F)(F)C(F)(F)C(F)(F)C(F)(F)F,C6HF13O3S,400.11,13,56.52173913043478,6,13,6,400.1119999999999,5.0,2.0,1.0,0.0,0.0,Medium-chain,False,False,False,True,Medium-chain Branched Highly-fluorinated,Hydrothermal Treatment,Not specified,Sludge,300.0,120.0,,False,Medium,Medium,0.0,1.2
355-46-4,Perfluorohexanesulfonic acid,OS(=O)(=O)C(F)(F)C(F)(F)C(F)(F)C(F)(F)C(F)(F)C(F)(F)F,C6HF13O3S,400.11,13,56.52173913043478,6,13,6,400.1119999999999,5.0,2.0,1.0,0.0,0.0,Medium-chain,False,False,False,True,Medium-chain Branched Highly-fluorinated,Hydrothermal Treatment,Not specified,Sludge,300.0,300.0,,False,Medium,Long,0.0,0.0
355-46-4,Perfluorohexanesulfonic acid,OS(=O)(=O)C(F)(F)C(F)(F)C(F)(F)C(F)(F)C(F)(F)C(F)(F)F,C6HF13O3S,400.11,13,56.52173913043478,6,13,6,400.1119999999999,5.0,2.0,1.0,0.0,0.0,Medium-chain,False,False,False,True,Medium-chain Branched Highly-fluorinated,Hydrothermal Treatment,Not specified,Sludge,250.0,120.0,,False,Medium,Medium,0.0,0.0
355-46-4,Perfluorohexanesulfonic acid,OS(=O)(=O)C(F)(F)C(F)(F)C(F)(F)C(F)(F)C(F)(F)C(F)(F)F,C6HF13O3S,400.11,13,56.52173913043478,6,13,6,400.1119999999999,5.0,2.0,1.0,0.0,0.0,Medium-chain,False,False,False,True,Medium-chain Branched Highly-fluorinated,Hydrothermal Treatment,Not specified,Sludge,250.0,300.0,,False,Medium,Long,0.0,0.0
355-46-4,Perfluorohexanesulfonic acid,OS(=O)(=O)C(F)(F)C(F)(F)C(F)(F)C(F)(F)C(F)(F)C(F)(F)F,C6HF13O3S,400.11,13,56.52173913043478,6,13,6,400.1119999999999,5.0,2.0,1.0,0.0,0.0,Medium-chain,False,False,False,True,Medium-chain Branched Highly-fluorinated,Hydrothermal Treatment,Not specified,Sludge,165.0,120.0,,False,Medium,Medium,0.0,0.0
355-46-4,Perfluorohexanesulfonic acid,OS(=O)(=O)C(F)(F)C(F)(F)C(F)(F)C(F)(F)C(F)(F)C(F)(F)F,C6HF13O3S,400.11,13,56.52173913043478,6,13,6,400.1119999999999,5.0,2.0,1.0,0.0,0.0,Medium-chain,False,False,False,True,Medium-chain Branched Highly-fluorinated,Hydrothermal Treatment,Not specified,Sludge,165.0,300.0,,False,Medium,Long,0.0,0.0
355-46-4,Perfluorohexanesulfonic acid,OS(=O)(=O)C(F)(F)C(F)(F)C(F)(F)C(F)(F)C(F)(F)C(F)(F)F,C6HF13O3S,400.11,13,56.52173913043478,6,13,6,400.1119999999999,5.0,2.0,1.0,0.0,0.0,Medium-chain,False,False,False,True,Medium-chain Branched Highly-fluorinated,Pyrolysis,Pilot,Sludge,,300.0,,False,,Long,,
355-46-4,Perfluorohexanesulfonic acid,OS(=O)(=O)C(F)(F)C(F)(F)C(F)(F)C(F)(F)C(F)(F)C(F)(F)F,C6HF13O3S,400.11,13,56.52173913043478,6,13,6,400.1119999999999,5.0,2.0,1.0,0.0,0.0,Medium-chain,False,False,False,True,Medium-chain Branched Highly-fluorinated,GAC Reactivation,Full,Treatment Media,,,,False,,,,0.23
355-46-4,Perfluorohexanesulfonic acid,OS(=O)(=O)C(F)(F)C(F)(F)C(F)(F)C(F)(F)C(F)(F)C(F)(F)F,C6HF13O3S,400.11,13,56.52173913043478,6,13,6,400.1119999999999,5.0,2.0,1.0,0.0,0.0,Medium-chain,False,False,False,True,Medium-chain Branched Highly-fluorinated,Rotary Kiln,Full,Soil,,,,False,,,,3.715
355-46-4,Perfluorohexanesulfonic acid,OS(=O)(=O)C(F)(F)C(F)(F)C(F)(F)C(F)(F)C(F)(F)C(F)(F)F,C6HF13O3S,400.11,13,56.52173913043478,6,13,6,400.1119999999999,5.0,2.0,1.0,0.0,0.0,Medium-chain,False,False,False,True,Medium-chain Branched Highly-fluorinated,Rotary Kiln,Full,Soil,,,,False,,,,
355-46-4,Perfluorohexanesulfonic acid,OS(=O)(=O)C(F)(F)C(F)(F)C(F)(F)C(F)(F)C(F)(F)C(F)(F)F,C6HF13O3S,400.11,13,56.52173913043478,6,13,6,400.1119999999999,5.0,2.0,1.0,0.0,0.0,Medium-chain,False,False,False,True,Medium-chain Branched Highly-fluorinated,Rotary Kiln,Full,Soil,,,,False,,,,0.000383
355-46-4,Perfluorohexanesulfonic acid,OS(=O)(=O)C(F)(F)C(F)(F)C(F)(F)C(F)(F)C(F)(F)C(F)(F)F,C6HF13O3S,400.11,13,56.52173913043478,6,13,6,400.1119999999999,5.0,2.0,1.0,0.0,0.0,Medium-chain,False,False,False,True,Medium-chain Branched Highly-fluorinated,Indirect Thermal Desorption,Pilot,Soil,650.0,,,False,High,,683.0,
355-46-4,Perfluorohexanesulfonic acid,OS(=O)(=O)C(F)(F)C(F)(F)C(F)(F)C(F)(F)C(F)(F)C(F)(F)F,C6HF13O3S,400.11,13,56.52173913043478,6,13,6,400.1119999999999,5.0,2.0,1.0,0.0,0.0,Medium-chain,False,False,False,True,Medium-chain Branched Highly-fluorinated,Indirect Thermal Desorption,Pilot,Soil,650.0,,,False,High,,928.0,
355-46-4,Perfluorohexanesulfonic acid,OS(=O)(=O)C(F)(F)C(F)(F)C(F)(F)C(F)(F)C(F)(F)C(F)(F)F,C6HF13O3S,400.11,13,56.52173913043478,6,13,6,400.1119999999999,5.0,2.0,1.0,0.0,0.0,Medium-chain,False,False,False,True,Medium-chain Branched Highly-fluorinated,Indirect Thermal Desorption,Pilot,Soil,500.0,,,False,High,,721.0,
355-46-4,Perfluorohexanesulfonic acid,OS(=O)(=O)C(F)(F)C(F)(F)C(F)(F)C(F)(F)C(F)(F)C(F)(F)F,C6HF13O3S,400.11,13,56.52173913043478,6,13,6,400.1119999999999,5.0,2.0,1.0,0.0,0.0,Medium-chain,False,False,False,True,Medium-chain Branched Highly-fluorinated,Indirect Thermal Desorption,Pilot,Soil,500.0,,,False,High,,746.0,
355-46-4,Perfluorohexanesulfonic acid,OS(=O)(=O)C(F)(F)C(F)(F)C(F)(F)C(F)(F)C(F)(F)C(F)(F)F,C6HF13O3S,400.11,13,56.52173913043478,6,13,6,400.1119999999999,5.0,2.0,1.0,0.0,0.0,Medium-chain,False,False,False,True,Medium-chain Branched Highly-fluorinated,Indirect Thermal Desorption,Pilot,Soil,650.0,,,False,High,,880.0,
355-46-4,Perfluorohexanesulfonic acid,OS(=O)(=O)C(F)(F)C(F)(F)C(F)(F)C(F)(F)C(F)(F)C(F)(F)F,C6HF13O3S,400.11,13,56.52173913043478,6,13,6,400.1119999999999,5.0,2.0,1.0,0.0,0.0,Medium-chain,False,False,False,True,Medium-chain Branched Highly-fluorinated,Indirect Thermal Desorption,Pilot,Soil,500.0,,,False,High,,952.0,
355-46-4,Perfluorohexanesulfonic acid,OS(=O)(=O)C(F)(F)C(F)(F)C(F)(F)C(F)(F)C(F)(F)C(F)(F)F,C6HF13O3S,400.11,13,56.52173913043478,6,13,6,400.1119999999999,5.0,2.0,1.0,0.0,0.0,Medium-chain,False,False,False,True,Medium-chain Branched Highly-fluorinated,Indirect Thermal Desorption,Pilot,Soil,650.0,,,False,High,,607.0,
355-46-4,Perfluorohexanesulfonic acid,OS(=O)(=O)C(F)(F)C(F)(F)C(F)(F)C(F)(F)C(F)(F)C(F)(F)F,C6HF13O3S,400.11,13,56.52173913043478,6,13,6,400.1119999999999,5.0,2.0,1.0,0.0,0.0,Medium-chain,False,False,False,True,Medium-chain Branched Highly-fluorinated,Indirect Thermal Desorption,Pilot,Soil,500.0,,,False,High,,941.0,
355-46-4,Perfluorohexanesulfonic acid,OS(=O)(=O)C(F)(F)C(F)(F)C(F)(F)C(F)(F)C(F)(F)C(F)(F)F,C6HF13O3S,400.11,13,56.52173913043478,6,13,6,400.1119999999999,5.0,2.0,1.0,0.0,0.0,Medium-chain,False,False,False,True,Medium-chain Branched Highly-fluorinated,GAC Reactivation,Lab,Treatment Media,500.0,40.0,,False,High,Medium,,
355-46-4,Perfluorohexanesulfonic acid,OS(=O)(=O)C(F)(F)C(F)(F)C(F)(F)C(F)(F)C(F)(F)C(F)(F)F,C6HF13O3S,400.11,13,56.52173913043478,6,13,6,400.1119999999999,5.0,2.0,1.0,0.0,0.0,Medium-chain,False,False,False,True,Medium-chain Branched Highly-fluorinated,GAC Reactivation,Lab,Treatment Media,500.0,20.0,,False,High,Short,,
355-46-4,Perfluorohexanesulfonic acid,OS(=O)(=O)C(F)(F)C(F)(F)C(F)(F)C(F)(F)C(F)(F)C(F)(F)F,C6HF13O3S,400.11,13,56.52173913043478,6,13,6,400.1119999999999,5.0,2.0,1.0,0.0,0.0,Medium-chain,False,False,False,True,Medium-chain Branched Highly-fluorinated,GAC Reactivation,Lab,Treatment Media,500.0,10.0,,False,High,Short,,
355-46-4,Perfluorohexanesulfonic acid,OS(=O)(=O)C(F)(F)C(F)(F)C(F)(F)C(F)(F)C(F)(F)C(F)(F)F,C6HF13O3S,400.11,13,56.52173913043478,6,13,6,400.1119999999999,5.0,2.0,1.0,0.0,0.0,Medium-chain,False,False,False,True,Medium-chain Branched Highly-fluorinated,GAC Reactivation,Lab,Treatment Media,500.0,5.0,,False,High,Short,,
355-46-4,Perfluorohexanesulfonic acid,OS(=O)(=O)C(F)(F)C(F)(F)C(F)(F)C(F)(F)C(F)(F)C(F)(F)F,C6HF13O3S,400.11,13,56.52173913043478,6,13,6,400.1119999999999,5.0,2.0,1.0,0.0,0.0,Medium-chain,False,False,False,True,Medium-chain Branched Highly-fluorinated,GAC Reactivation,Lab,Treatment Media,500.0,30.0,,False,High,Short,,
355-46-4,Perfluorohexanesulfonic acid,OS(=O)(=O)C(F)(F)C(F)(F)C(F)(F)C(F)(F)C(F)(F)C(F)(F)F,C6HF13O3S,400.11,13,56.52173913043478,6,13,6,400.1119999999999,5.0,2.0,1.0,0.0,0.0,Medium-chain,False,False,False,True,Medium-chain Branched Highly-fluorinated,GAC Reactivation,Lab,Treatment Media,450.0,30.0,,False,High,Short,,
355-46-4,Perfluorohexanesulfonic acid,OS(=O)(=O)C(F)(F)C(F)(F)C(F)(F)C(F)(F)C(F)(F)C(F)(F)F,C6HF13O3S,400.11,13,56.52173913043478,6,13,6,400.1119999999999,5.0,2.0,1.0,0.0,0.0,Medium-chain,False,False,False,True,Medium-chain Branched Highly-fluorinated,GAC Reactivation,Lab,Treatment Media,150.0,30.0,,False,Medium,Short,,
355-46-4,Perfluorohexanesulfonic acid,OS(=O)(=O)C(F)(F)C(F)(F)C(F)(F)C(F)(F)C(F)(F)C(F)(F)F,C6HF13O3S,400.11,13,56.52173913043478,6,13,6,400.1119999999999,5.0,2.0,1.0,0.0,0.0,Medium-chain,False,False,False,True,Medium-chain Branched Highly-fluorinated,GAC Reactivation,Lab,Treatment Media,500.0,30.0,,False,High,Short,,
355-46-4,Perfluorohexanesulfonic acid,OS(=O)(=O)C(F)(F)C(F)(F)C(F)(F)C(F)(F)C(F)(F)C(F)(F)F,C6HF13O3S,400.11,13,56.52173913043478,6,13,6,400.1119999999999,5.0,2.0,1.0,0.0,0.0,Medium-chain,False,False,False,True,Medium-chain Branched Highly-fluorinated,GAC Reactivation,Lab,Treatment Media,475.0,30.0,,False,High,Short,,
355-46-4,Perfluorohexanesulfonic acid,OS(=O)(=O)C(F)(F)C(F)(F)C(F)(F)C(F)(F)C(F)(F)C(F)(F)F,C6HF13O3S,400.11,13,56.52173913043478,6,13,6,400.1119999999999,5.0,2.0,1.0,0.0,0.0,Medium-chain,False,False,False,True,Medium-chain Branched Highly-fluorinated,GAC Reactivation,Lab,Treatment Media,300.0,30.0,,False,Medium,Short,,
355-46-4,Perfluorohexanesulfonic acid,OS(=O)(=O)C(F)(F)C(F)(F)C(F)(F)C(F)(F)C(F)(F)C(F)(F)F,C6HF13O3S,400.11,13,56.52173913043478,6,13,6,400.1119999999999,5.0,2.0,1.0,0.0,0.0,Medium-chain,False,False,False,True,Medium-chain Branched Highly-fluorinated,GAC Reactivation,Lab,Treatment Media,200.0,30.0,,False,Medium,Short,,
355-46-4,Perfluorohexanesulfonic acid,OS(=O)(=O)C(F)(F)C(F)(F)C(F)(F)C(F)(F)C(F)(F)C(F)(F)F,C6HF13O3S,400.11,13,56.52173913043478,6,13,6,400.1119999999999,5.0,2.0,1.0,0.0,0.0,Medium-chain,False,False,False,True,Medium-chain Branched Highly-fluorinated,GAC Reactivation,Lab,Treatment Media,500.0,30.0,,False,High,Short,,
355-46-4,Perfluorohexanesulfonic acid,OS(=O)(=O)C(F)(F)C(F)(F)C(F)(F)C(F)(F)C(F)(F)C(F)(F)F,C6HF13O3S,400.11,13,56.52173913043478,6,13,6,400.1119999999999,5.0,2.0,1.0,0.0,0.0,Medium-chain,False,False,False,True,Medium-chain Branched Highly-fluorinated,GAC Reactivation,Lab,Treatment Media,475.0,30.0,,False,High,Short,,
355-46-4,Perfluorohexanesulfonic acid,OS(=O)(=O)C(F)(F)C(F)(F)C(F)(F)C(F)(F)C(F)(F)C(F)(F)F,C6HF13O3S,400.11,13,56.52173913043478,6,13,6,400.1119999999999,5.0,2.0,1.0,0.0,0.0,Medium-chain,False,False,False,True,Medium-chain Branched Highly-fluorinated,GAC Reactivation,Lab,Treatment Media,250.0,30.0,,False,Medium,Short,,
355-46-4,Perfluorohexanesulfonic acid,OS(=O)(=O)C(F)(F)C(F)(F)C(F)(F)C(F)(F)C(F)(F)C(F)(F)F,C6HF13O3S,400.11,13,56.52173913043478,6,13,6,400.1119999999999,5.0,2.0,1.0,0.0,0.0,Medium-chain,False,False,False,True,Medium-chain Branched Highly-fluorinated,GAC Reactivation,Lab,Treatment Media,200.0,30.0,,False,Medium,Short,,
355-46-4,Perfluorohexanesulfonic acid,OS(=O)(=O)C(F)(F)C(F)(F)C(F)(F)C(F)(F)C(F)(F)C(F)(F)F,C6HF13O3S,400.11,13,56.52173913043478,6,13,6,400.1119999999999,5.0,2.0,1.0,0.0,0.0,Medium-chain,False,False,False,True,Medium-chain Branched Highly-fluorinated,GAC Reactivation,Lab,Treatment Media,185.0,30.0,,False,Medium,Short,,
355-46-4,Perfluorohexanesulfonic acid,OS(=O)(=O)C(F)(F)C(F)(F)C(F)(F)C(F)(F)C(F)(F)C(F)(F)F,C6HF13O3S,400.11,13,56.52173913043478,6,13,6,400.1119999999999,5.0,2.0,1.0,0.0,0.0,Medium-chain,False,False,False,True,Medium-chain Branched Highly-fluorinated,Pyrolysis,Lab,Other,900.0,15.0,,False,High,Short,,
355-46-4,Perfluorohexanesulfonic acid,OS(=O)(=O)C(F)(F)C(F)(F)C(F)(F)C(F)(F)C(F)(F)C(F)(F)F,C6HF13O3S,400.11,13,56.52173913043478,6,13,6,400.1119999999999,5.0,2.0,1.0,0.0,0.0,Medium-chain,False,False,False,True,Medium-chain Branched Highly-fluorinated,Pyrolysis,Lab,Other,800.0,15.0,,False,High,Short,,
355-46-4,Perfluorohexanesulfonic acid,OS(=O)(=O)C(F)(F)C(F)(F)C(F)(F)C(F)(F)C(F)(F)C(F)(F)F,C6HF13O3S,400.11,13,56.52173913043478,6,13,6,400.1119999999999,5.0,2.0,1.0,0.0,0.0,Medium-chain,False,False,False,True,Medium-chain Branched Highly-fluorinated,Pyrolysis,Lab,Other,700.0,15.0,,False,High,Short,,
355-46-4,Perfluorohexanesulfonic acid,OS(=O)(=O)C(F)(F)C(F)(F)C(F)(F)C(F)(F)C(F)(F)C(F)(F)F,C6HF13O3S,400.11,13,56.52173913043478,6,13,6,400.1119999999999,5.0,2.0,1.0,0.0,0.0,Medium-chain,False,False,False,True,Medium-chain Branched Highly-fluorinated,Pyrolysis,Lab,Other,600.0,15.0,,False,High,Short,,
355-46-4,Perfluorohexanesulfonic acid,OS(=O)(=O)C(F)(F)C(F)(F)C(F)(F)C(F)(F)C(F)(F)C(F)(F)F,C6HF13O3S,400.11,13,56.52173913043478,6,13,6,400.1119999999999,5.0,2.0,1.0,0.0,0.0,Medium-chain,False,False,False,True,Medium-chain Branched Highly-fluorinated,Pyrolysis,Lab,Other,400.0,15.0,,False,Medium,Short,,
355-46-4,Perfluorohexanesulfonic acid,OS(=O)(=O)C(F)(F)C(F)(F)C(F)(F)C(F)(F)C(F)(F)C(F)(F)F,C6HF13O3S,400.11,13,56.52173913043478,6,13,6,400.1119999999999,5.0,2.0,1.0,0.0,0.0,Medium-chain,False,False,False,True,Medium-chain Branched Highly-fluorinated,Indirect Thermal Desorption,Pilot,Soil,650.0,120.0,,False,High,Medium,13475.0,
355-46-4,Perfluorohexanesulfonic acid,OS(=O)(=O)C(F)(F)C(F)(F)C(F)(F)C(F)(F)C(F)(F)C(F)(F)F,C6HF13O3S,400.11,13,56.52173913043478,6,13,6,400.1119999999999,5.0,2.0,1.0,0.0,0.0,Medium-chain,False,False,False,True,Medium-chain Branched Highly-fluorinated,Infrared Heating,Pilot,Soil,350.0,11520.0,,False,Medium,Extended,56.4,
355-46-4,Perfluorohexanesulfonic acid,OS(=O)(=O)C(F)(F)C(F)(F)C(F)(F)C(F)(F)C(F)(F)C(F)(F)F,C6HF13O3S,400.11,13,56.52173913043478,6,13,6,400.1119999999999,5.0,2.0,1.0,0.0,0.0,Medium-chain,False,False,False,True,Medium-chain Branched Highly-fluorinated,Infrared Heating,Pilot,Soil,350.0,11520.0,,False,Medium,Extended,56.4,
355-46-4,Perfluorohexanesulfonic acid,OS(=O)(=O)C(F)(F)C(F)(F)C(F)(F)C(F)(F)C(F)(F)C(F)(F)F,C6HF13O3S,400.11,13,56.52173913043478,6,13,6,400.1119999999999,5.0,2.0,1.0,0.0,0.0,Medium-chain,False,False,False,True,Medium-chain Branched Highly-fluorinated,Infrared Heating,Pilot,Soil,350.0,11520.0,,False,Medium,Extended,0.977,
355-46-4,Perfluorohexanesulfonic acid,OS(=O)(=O)C(F)(F)C(F)(F)C(F)(F)C(F)(F)C(F)(F)C(F)(F)F,C6HF13O3S,400.11,13,56.52173913043478,6,13,6,400.1119999999999,5.0,2.0,1.0,0.0,0.0,Medium-chain,False,False,False,True,Medium-chain Branched Highly-fluorinated,Incineration,Pilot,Other,986.0,180.0,,False,High,Medium,,0.0
355-46-4,Perfluorohexanesulfonic acid,OS(=O)(=O)C(F)(F)C(F)(F)C(F)(F)C(F)(F)C(F)(F)C(F)(F)F,C6HF13O3S,400.11,13,56.52173913043478,6,13,6,400.1119999999999,5.0,2.0,1.0,0.0,0.0,Medium-chain,False,False,False,True,Medium-chain Branched Highly-fluorinated,Incineration,Pilot,Other,986.0,180.0,,False,High,Medium,,0.0
355-46-4,Perfluorohexanesulfonic acid,OS(=O)(=O)C(F)(F)C(F)(F)C(F)(F)C(F)(F)C(F)(F)C(F)(F)F,C6HF13O3S,400.11,13,56.52173913043478,6,13,6,400.1119999999999,5.0,2.0,1.0,0.0,0.0,Medium-chain,False,False,False,True,Medium-chain Branched Highly-fluorinated,Incineration,Pilot,Other,986.0,180.0,,False,High,Medium,,0.0
355-46-4,Perfluorohexanesulfonic acid,OS(=O)(=O)C(F)(F)C(F)(F)C(F)(F)C(F)(F)C(F)(F)C(F)(F)F,C6HF13O3S,400.11,13,56.52173913043478,6,13,6,400.1119999999999,5.0,2.0,1.0,0.0,0.0,Medium-chain,False,False,False,True,Medium-chain Branched Highly-fluorinated,Incineration,Pilot,Other,986.0,180.0,,False,High,Medium,,0.0
355-46-4,Perfluorohexanesulfonic acid,OS(=O)(=O)C(F)(F)C(F)(F)C(F)(F)C(F)(F)C(F)(F)C(F)(F)F,C6HF13O3S,400.11,13,56.52173913043478,6,13,6,400.1119999999999,5.0,2.0,1.0,0.0,0.0,Medium-chain,False,False,False,True,Medium-chain Branched Highly-fluorinated,Incineration,Pilot,Other,998.0,140.0,,False,High,Medium,,0.0
355-46-4,Perfluorohexanesulfonic acid,OS(=O)(=O)C(F)(F)C(F)(F)C(F)(F)C(F)(F)C(F)(F)C(F)(F)F,C6HF13O3S,400.11,13,56.52173913043478,6,13,6,400.1119999999999,5.0,2.0,1.0,0.0,0.0,Medium-chain,False,False,False,True,Medium-chain Branched Highly-fluorinated,Incineration,Pilot,Other,998.0,140.0,,False,High,Medium,,0.0
355-46-4,Perfluorohexanesulfonic acid,OS(=O)(=O)C(F)(F)C(F)(F)C(F)(F)C(F)(F)C(F)(F)C(F)(F)F,C6HF13O3S,400.11,13,56.52173913043478,6,13,6,400.1119999999999,5.0,2.0,1.0,0.0,0.0,Medium-chain,False,False,False,True,Medium-chain Branched Highly-fluorinated,Incineration,Pilot,Other,998.0,140.0,,False,High,Medium,,0.0
355-46-4,Perfluorohexanesulfonic acid,OS(=O)(=O)C(F)(F)C(F)(F)C(F)(F)C(F)(F)C(F)(F)C(F)(F)F,C6HF13O3S,400.11,13,56.52173913043478,6,13,6,400.1119999999999,5.0,2.0,1.0,0.0,0.0,Medium-chain,False,False,False,True,Medium-chain Branched Highly-fluorinated,Incineration,Pilot,Other,998.0,140.0,,False,High,Medium,,0.0
355-46-4,Perfluorohexanesulfonic acid,OS(=O)(=O)C(F)(F)C(F)(F)C(F)(F)C(F)(F)C(F)(F)C(F)(F)F,C6HF13O3S,400.11,13,56.52173913043478,6,13,6,400.1119999999999,5.0,2.0,1.0,0.0,0.0,Medium-chain,False,False,False,True,Medium-chain Branched Highly-fluorinated,Incineration,Pilot,Other,976.0,210.0,,False,High,Long,,0.0
355-46-4,Perfluorohexanesulfonic acid,OS(=O)(=O)C(F)(F)C(F)(F)C(F)(F)C(F)(F)C(F)(F)C(F)(F)F,C6HF13O3S,400.11,13,56.52173913043478,6,13,6,400.1119999999999,5.0,2.0,1.0,0.0,0.0,Medium-chain,False,False,False,True,Medium-chain Branched Highly-fluorinated,Incineration,Pilot,Other,976.0,210.0,,False,High,Long,,0.0
355-46-4,Perfluorohexanesulfonic acid,OS(=O)(=O)C(F)(F)C(F)(F)C(F)(F)C(F)(F)C(F)(F)C(F)(F)F,C6HF13O3S,400.11,13,56.52173913043478,6,13,6,400.1119999999999,5.0,2.0,1.0,0.0,0.0,Medium-chain,False,False,False,True,Medium-chain Branched Highly-fluorinated,Infrared Heating,Pilot,Soil,350.0,11520.0,,False,Medium,Extended,44.6,
355-46-4,Perfluorohexanesulfonic acid,OS(=O)(=O)C(F)(F)C(F)(F)C(F)(F)C(F)(F)C(F)(F)C(F)(F)F,C6HF13O3S,400.11,13,56.52173913043478,6,13,6,400.1119999999999,5.0,2.0,1.0,0.0,0.0,Medium-chain,False,False,False,True,Medium-chain Branched Highly-fluorinated,Incineration,Pilot,Other,976.0,210.0,,False,High,Long,,0.0
355-46-4,Perfluorohexanesulfonic acid,OS(=O)(=O)C(F)(F)C(F)(F)C(F)(F)C(F)(F)C(F)(F)C(F)(F)F,C6HF13O3S,400.11,13,56.52173913043478,6,13,6,400.1119999999999,5.0,2.0,1.0,0.0,0.0,Medium-chain,False,False,False,True,Medium-chain Branched Highly-fluorinated,Incineration,Pilot,Other,976.0,210.0,,False,High,Long,,0.0
355-46-4,Perfluorohexanesulfonic acid,OS(=O)(=O)C(F)(F)C(F)(F)C(F)(F)C(F)(F)C(F)(F)C(F)(F)F,C6HF13O3S,400.11,13,56.52173913043478,6,13,6,400.1119999999999,5.0,2.0,1.0,0.0,0.0,Medium-chain,False,False,False,True,Medium-chain Branched Highly-fluorinated,Incineration,Pilot,Other,980.0,180.0,,False,High,Medium,,0.0
355-46-4,Perfluorohexanesulfonic acid,OS(=O)(=O)C(F)(F)C(F)(F)C(F)(F)C(F)(F)C(F)(F)C(F)(F)F,C6HF13O3S,400.11,13,56.52173913043478,6,13,6,400.1119999999999,5.0,2.0,1.0,0.0,0.0,Medium-chain,False,False,False,True,Medium-chain Branched Highly-fluorinated,Incineration,Pilot,Other,980.0,180.0,,False,High,Medium,,0.0
355-46-4,Perfluorohexanesulfonic acid,OS(=O)(=O)C(F)(F)C(F)(F)C(F)(F)C(F)(F)C(F)(F)C(F)(F)F,C6HF13O3S,400.11,13,56.52173913043478,6,13,6,400.1119999999999,5.0,2.0,1.0,0.0,0.0,Medium-chain,False,False,False,True,Medium-chain Branched Highly-fluorinated,Incineration,Pilot,Other,980.0,180.0,,False,High,Medium,,0.0
355-46-4,Perfluorohexanesulfonic acid,OS(=O)(=O)C(F)(F)C(F)(F)C(F)(F)C(F)(F)C(F)(F)C(F)(F)F,C6HF13O3S,400.11,13,56.52173913043478,6,13,6,400.1119999999999,5.0,2.0,1.0,0.0,0.0,Medium-chain,False,False,False,True,Medium-chain Branched Highly-fluorinated,Incineration,Pilot,Other,980.0,180.0,,False,High,Medium,,0.0
355-46-4,Perfluorohexanesulfonic acid,OS(=O)(=O)C(F)(F)C(F)(F)C(F)(F)C(F)(F)C(F)(F)C(F)(F)F,C6HF13O3S,400.11,13,56.52173913043478,6,13,6,400.1119999999999,5.0,2.0,1.0,0.0,0.0,Medium-chain,False,False,False,True,Medium-chain Branched Highly-fluorinated,Incineration,Pilot,Other,952.0,145.0,,False,High,Medium,,0.0
355-46-4,Perfluorohexanesulfonic acid,OS(=O)(=O)C(F)(F)C(F)(F)C(F)(F)C(F)(F)C(F)(F)C(F)(F)F,C6HF13O3S,400.11,13,56.52173913043478,6,13,6,400.1119999999999,5.0,2.0,1.0,0.0,0.0,Medium-chain,False,False,False,True,Medium-chain Branched Highly-fluorinated,Incineration,Pilot,Other,952.0,145.0,,False,High,Medium,,0.0
355-46-4,Perfluorohexanesulfonic acid,OS(=O)(=O)C(F)(F)C(F)(F)C(F)(F)C(F)(F)C(F)(F)C(F)(F)F,C6HF13O3S,400.11,13,56.52173913043478,6,13,6,400.1119999999999,5.0,2.0,1.0,0.0,0.0,Medium-chain,False,False,False,True,Medium-chain Branched Highly-fluorinated,Incineration,Pilot,Other,952.0,145.0,,False,High,Medium,,0.0
355-46-4,Perfluorohexanesulfonic acid,OS(=O)(=O)C(F)(F)C(F)(F)C(F)(F)C(F)(F)C(F)(F)C(F)(F)F,C6HF13O3S,400.11,13,56.52173913043478,6,13,6,400.1119999999999,5.0,2.0,1.0,0.0,0.0,Medium-chain,False,False,False,True,Medium-chain Branched Highly-fluorinated,Incineration,Pilot,Other,952.0,145.0,,False,High,Medium,,0.0
355-46-4,Perfluorohexanesulfonic acid,OS(=O)(=O)C(F)(F)C(F)(F)C(F)(F)C(F)(F)C(F)(F)C(F)(F)F,C6HF13O3S,400.11,13,56.52173913043478,6,13,6,400.1119999999999,5.0,2.0,1.0,0.0,0.0,Medium-chain,False,False,False,True,Medium-chain Branched Highly-fluorinated,Incineration,Pilot,Other,869.0,180.0,,False,High,Medium,,0.0
355-46-4,Perfluorohexanesulfonic acid,OS(=O)(=O)C(F)(F)C(F)(F)C(F)(F)C(F)(F)C(F)(F)C(F)(F)F,C6HF13O3S,400.11,13,56.52173913043478,6,13,6,400.1119999999999,5.0,2.0,1.0,0.0,0.0,Medium-chain,False,False,False,True,Medium-chain Branched Highly-fluorinated,Incineration,Pilot,Other,869.0,180.0,,False,High,Medium,,0.0
355-46-4,Perfluorohexanesulfonic acid,OS(=O)(=O)C(F)(F)C(F)(F)C(F)(F)C(F)(F)C(F)(F)C(F)(F)F,C6HF13O3S,400.11,13,56.52173913043478,6,13,6,400.1119999999999,5.0,2.0,1.0,0.0,0.0,Medium-chain,False,False,False,True,Medium-chain Branched Highly-fluorinated,Hydrothermal Treatment,Lab,Other,350.0,180.0,100.0,True,Medium,Medium,996.0,0.0
355-46-4,Perfluorohexanesulfonic acid,OS(=O)(=O)C(F)(F)C(F)(F)C(F)(F)C(F)(F)C(F)(F)C(F)(F)F,C6HF13O3S,400.11,13,56.52173913043478,6,13,6,400.1119999999999,5.0,2.0,1.0,0.0,0.0,Medium-chain,False,False,False,True,Medium-chain Branched Highly-fluorinated,Hydrothermal Treatment,Lab,Other,350.0,180.0,93.29317269076306,True,Medium,Medium,996.0,66.8
355-46-4,Perfluorohexanesulfonic acid,OS(=O)(=O)C(F)(F)C(F)(F)C(F)(F)C(F)(F)C(F)(F)C(F)(F)F,C6HF13O3S,400.11,13,56.52173913043478,6,13,6,400.1119999999999,5.0,2.0,1.0,0.0,0.0,Medium-chain,False,False,False,True,Medium-chain Branched Highly-fluorinated,Incineration,Pilot,Other,869.0,180.0,,False,High,Medium,,0.0
355-46-4,Perfluorohexanesulfonic acid,OS(=O)(=O)C(F)(F)C(F)(F)C(F)(F)C(F)(F)C(F)(F)C(F)(F)F,C6HF13O3S,400.11,13,56.52173913043478,6,13,6,400.1119999999999,5.0,2.0,1.0,0.0,0.0,Medium-chain,False,False,False,True,Medium-chain Branched Highly-fluorinated,Incineration,Pilot,Other,869.0,180.0,,False,High,Medium,,0.0
355-46-4,Perfluorohexanesulfonic acid,OS(=O)(=O)C(F)(F)C(F)(F)C(F)(F)C(F)(F)C(F)(F)C(F)(F)F,C6HF13O3S,400.11,13,56.52173913043478,6,13,6,400.1119999999999,5.0,2.0,1.0,0.0,0.0,Medium-chain,False,False,False,True,Medium-chain Branched Highly-fluorinated,Unspecified Heat Treatment,Full,Sludge,650.0,45.0,0.0,False,High,Medium,0.3,0.3
355-46-4,Perfluorohexanesulfonic acid,OS(=O)(=O)C(F)(F)C(F)(F)C(F)(F)C(F)(F)C(F)(F)C(F)(F)F,C6HF13O3S,400.11,13,56.52173913043478,6,13,6,400.1119999999999,5.0,2.0,1.0,0.0,0.0,Medium-chain,False,False,False,True,Medium-chain Branched Highly-fluorinated,Hydrothermal Treatment,Lab,Soil,350.0,90.0,99.69072164948454,True,Medium,Medium,194.0,0.6
355-46-4,Perfluorohexanesulfonic acid,OS(=O)(=O)C(F)(F)C(F)(F)C(F)(F)C(F)(F)C(F)(F)C(F)(F)F,C6HF13O3S,400.11,13,56.52173913043478,6,13,6,400.1119999999999,5.0,2.0,1.0,0.0,0.0,Medium-chain,False,False,False,True,Medium-chain Branched Highly-fluorinated,Hydrothermal Treatment,Lab,Soil,350.0,90.0,99.2156862745098,True,Medium,Medium,76.5,0.6
355-46-4,Perfluorohexanesulfonic acid,OS(=O)(=O)C(F)(F)C(F)(F)C(F)(F)C(F)(F)C(F)(F)C(F)(F)F,C6HF13O3S,400.11,13,56.52173913043478,6,13,6,400.1119999999999,5.0,2.0,1.0,0.0,0.0,Medium-chain,False,False,False,True,Medium-chain Branched Highly-fluorinated,Hydrothermal Treatment,Lab,Soil,350.0,90.0,92.82828282828282,True,Medium,Medium,3960.0,284.0
355-46-4,Perfluorohexanesulfonic acid,OS(=O)(=O)C(F)(F)C(F)(F)C(F)(F)C(F)(F)C(F)(F)C(F)(F)F,C6HF13O3S,400.11,13,56.52173913043478,6,13,6,400.1119999999999,5.0,2.0,1.0,0.0,0.0,Medium-chain,False,False,False,True,Medium-chain Branched Highly-fluorinated,Hydrothermal Treatment,Lab,Other,350.0,90.0,99.99603174603176,True,Medium,Medium,252.0,0.01
355-46-4,Perfluorohexanesulfonic acid,OS(=O)(=O)C(F)(F)C(F)(F)C(F)(F)C(F)(F)C(F)(F)C(F)(F)F,C6HF13O3S,400.11,13,56.52173913043478,6,13,6,400.1119999999999,5.0,2.0,1.0,0.0,0.0,Medium-chain,False,False,False,True,Medium-chain Branched Highly-fluorinated,Hydrothermal Treatment,Lab,Other,350.0,90.0,99.64412811387902,True,Medium,Medium,2.81,0.01
355-46-4,Perfluorohexanesulfonic acid,OS(=O)(=O)C(F)(F)C(F)(F)C(F)(F)C(F)(F)C(F)(F)C(F)(F)F,C6HF13O3S,400.11,13,56.52173913043478,6,13,6,400.1119999999999,5.0,2.0,1.0,0.0,0.0,Medium-chain,False,False,False,True,Medium-chain Branched Highly-fluorinated,Pyrolysis,Not specified,Sludge,593.33,,,False,High,,0.0,
355-46-4,Perfluorohexanesulfonic acid,OS(=O)(=O)C(F)(F)C(F)(F)C(F)(F)C(F)(F)C(F)(F)C(F)(F)F,C6HF13O3S,400.11,13,56.52173913043478,6,13,6,400.1119999999999,5.0,2.0,1.0,0.0,0.0,Medium-chain,False,False,False,True,Medium-chain Branched Highly-fluorinated,Smoldering,Lab,Soil,1012.0,250.0,100.0,True,High,Long,0.00512,0.0
355-46-4,Perfluorohexanesulfonic acid,OS(=O)(=O)C(F)(F)C(F)(F)C(F)(F)C(F)(F)C(F)(F)C(F)(F)F,C6HF13O3S,400.11,13,56.52173913043478,6,13,6,400.1119999999999,5.0,2.0,1.0,0.0,0.0,Medium-chain,False,False,False,True,Medium-chain Branched Highly-fluorinated,Smoldering,Lab,Soil,1040.0,250.0,100.0,True,High,Long,0.017,0.0
355-46-4,Perfluorohexanesulfonic acid,OS(=O)(=O)C(F)(F)C(F)(F)C(F)(F)C(F)(F)C(F)(F)C(F)(F)F,C6HF13O3S,400.11,13,56.52173913043478,6,13,6,400.1119999999999,5.0,2.0,1.0,0.0,0.0,Medium-chain,False,False,False,True,Medium-chain Branched Highly-fluorinated,Smoldering,Lab,Soil,642.0,250.0,100.0,True,High,Long,0.069,0.0
355-46-4,Perfluorohexanesulfonic acid,OS(=O)(=O)C(F)(F)C(F)(F)C(F)(F)C(F)(F)C(F)(F)C(F)(F)F,C6HF13O3S,400.11,13,56.52173913043478,6,13,6,400.1119999999999,5.0,2.0,1.0,0.0,0.0,Medium-chain,False,False,False,True,Medium-chain Branched Highly-fluorinated,Smoldering,Lab,Soil,1143.0,250.0,100.0,True,High,Long,0.219,0.0
355-46-4,Perfluorohexanesulfonic acid,OS(=O)(=O)C(F)(F)C(F)(F)C(F)(F)C(F)(F)C(F)(F)C(F)(F)F,C6HF13O3S,400.11,13,56.52173913043478,6,13,6,400.1119999999999,5.0,2.0,1.0,0.0,0.0,Medium-chain,False,False,False,True,Medium-chain Branched Highly-fluorinated,Smoldering,Lab,Soil,1145.0,250.0,100.0,True,High,Long,0.171,0.0
355-46-4,Perfluorohexanesulfonic acid,OS(=O)(=O)C(F)(F)C(F)(F)C(F)(F)C(F)(F)C(F)(F)C(F)(F)F,C6HF13O3S,400.11,13,56.52173913043478,6,13,6,400.1119999999999,5.0,2.0,1.0,0.0,0.0,Medium-chain,False,False,False,True,Medium-chain Branched Highly-fluorinated,Smoldering,Lab,Soil,1093.0,250.0,100.0,True,High,Long,0.197,0.0
355-46-4,Perfluorohexanesulfonic acid,OS(=O)(=O)C(F)(F)C(F)(F)C(F)(F)C(F)(F)C(F)(F)C(F)(F)F,C6HF13O3S,400.11,13,56.52173913043478,6,13,6,400.1119999999999,5.0,2.0,1.0,0.0,0.0,Medium-chain,False,False,False,True,Medium-chain Branched Highly-fluorinated,Smoldering,Lab,Treatment Media,1011.0,250.0,100.0,True,High,Long,0.195,0.0
355-46-4,Perfluorohexanesulfonic acid,OS(=O)(=O)C(F)(F)C(F)(F)C(F)(F)C(F)(F)C(F)(F)C(F)(F)F,C6HF13O3S,400.11,13,56.52173913043478,6,13,6,400.1119999999999,5.0,2.0,1.0,0.0,0.0,Medium-chain,False,False,False,True,Medium-chain Branched Highly-fluorinated,Smoldering,Lab,Soil,1064.0,250.0,100.0,True,High,Long,7.21,0.0
355-46-4,Perfluorohexanesulfonic acid,OS(=O)(=O)C(F)(F)C(F)(F)C(F)(F)C(F)(F)C(F)(F)C(F)(F)F,C6HF13O3S,400.11,13,56.52173913043478,6,13,6,400.1119999999999,5.0,2.0,1.0,0.0,0.0,Medium-chain,False,False,False,True,Medium-chain Branched Highly-fluorinated,Smoldering,Lab,Soil,1016.0,250.0,100.0,True,High,Long,7.06,0.0
355-46-4,Perfluorohexanesulfonic acid,OS(=O)(=O)C(F)(F)C(F)(F)C(F)(F)C(F)(F)C(F)(F)C(F)(F)F,C6HF13O3S,400.11,13,56.52173913043478,6,13,6,400.1119999999999,5.0,2.0,1.0,0.0,0.0,Medium-chain,False,False,False,True,Medium-chain Branched Highly-fluorinated,Smoldering,Lab,Treatment Media,950.0,250.0,100.0,True,High,Long,220.0,0.0
355-46-4,Perfluorohexanesulfonic acid,OS(=O)(=O)C(F)(F)C(F)(F)C(F)(F)C(F)(F)C(F)(F)C(F)(F)F,C6HF13O3S,400.11,13,56.52173913043478,6,13,6,400.1119999999999,5.0,2.0,1.0,0.0,0.0,Medium-chain,False,False,False,True,Medium-chain Branched Highly-fluorinated,Smoldering,Lab,Treatment Media,908.0,250.0,100.0,True,High,Long,240.0,0.0
355-46-4,Perfluorohexanesulfonic acid,OS(=O)(=O)C(F)(F)C(F)(F)C(F)(F)C(F)(F)C(F)(F)C(F)(F)F,C6HF13O3S,400.11,13,56.52173913043478,6,13,6,400.1119999999999,5.0,2.0,1.0,0.0,0.0,Medium-chain,False,False,False,True,Medium-chain Branched Highly-fluorinated,Indirect Thermal Desorption,Lab,Soil,550.0,75.0,100.0,True,High,Medium,0.0013,0.0
355-46-4,Perfluorohexanesulfonic acid,OS(=O)(=O)C(F)(F)C(F)(F)C(F)(F)C(F)(F)C(F)(F)C(F)(F)F,C6HF13O3S,400.11,13,56.52173913043478,6,13,6,400.1119999999999,5.0,2.0,1.0,0.0,0.0,Medium-chain,False,False,False,True,Medium-chain Branched Highly-fluorinated,Indirect Thermal Desorption,Lab,Soil,550.0,45.0,100.0,True,High,Medium,0.0013,0.0
355-46-4,Perfluorohexanesulfonic acid,OS(=O)(=O)C(F)(F)C(F)(F)C(F)(F)C(F)(F)C(F)(F)C(F)(F)F,C6HF13O3S,400.11,13,56.52173913043478,6,13,6,400.1119999999999,5.0,2.0,1.0,0.0,0.0,Medium-chain,False,False,False,True,Medium-chain Branched Highly-fluorinated,Indirect Thermal Desorption,Lab,Soil,550.0,15.0,100.0,True,High,Short,0.0013,0.0
355-46-4,Perfluorohexanesulfonic acid,OS(=O)(=O)C(F)(F)C(F)(F)C(F)(F)C(F)(F)C(F)(F)C(F)(F)F,C6HF13O3S,400.11,13,56.52173913043478,6,13,6,400.1119999999999,5.0,2.0,1.0,0.0,0.0,Medium-chain,False,False,False,True,Medium-chain Branched Highly-fluorinated,Indirect Thermal Desorption,Lab,Soil,450.0,75.0,100.0,True,High,Medium,0.0013,0.0
355-46-4,Perfluorohexanesulfonic acid,OS(=O)(=O)C(F)(F)C(F)(F)C(F)(F)C(F)(F)C(F)(F)C(F)(F)F,C6HF13O3S,400.11,13,56.52173913043478,6,13,6,400.1119999999999,5.0,2.0,1.0,0.0,0.0,Medium-chain,False,False,False,True,Medium-chain Branched Highly-fluorinated,Indirect Thermal Desorption,Lab,Soil,550.0,75.0,100.0,True,High,Medium,0.6,0.0
355-46-4,Perfluorohexanesulfonic acid,OS(=O)(=O)C(F)(F)C(F)(F)C(F)(F)C(F)(F)C(F)(F)C(F)(F)F,C6HF13O3S,400.11,13,56.52173913043478,6,13,6,400.1119999999999,5.0,2.0,1.0,0.0,0.0,Medium-chain,False,False,False,True,Medium-chain Branched Highly-fluorinated,Hydrothermal Treatment,Lab,Other,350.0,360.0,,False,Medium,Long,3.77,
355-46-4,Perfluorohexanesulfonic acid,OS(=O)(=O)C(F)(F)C(F)(F)C(F)(F)C(F)(F)C(F)(F)C(F)(F)F,C6HF13O3S,400.11,13,56.52173913043478,6,13,6,400.1119999999999,5.0,2.0,1.0,0.0,0.0,Medium-chain,False,False,False,True,Medium-chain Branched Highly-fluorinated,Hydrothermal Treatment,Lab,Other,350.0,360.0,,False,Medium,Long,3.65,
355-46-4,Perfluorohexanesulfonic acid,OS(=O)(=O)C(F)(F)C(F)(F)C(F)(F)C(F)(F)C(F)(F)C(F)(F)F,C6HF13O3S,400.11,13,56.52173913043478,6,13,6,400.1119999999999,5.0,2.0,1.0,0.0,0.0,Medium-chain,False,False,False,True,Medium-chain Branched Highly-fluorinated,Vapor Energy Generation,Lab,Soil,1750.0,30.0,,False,High,Short,,0.005
355-46-4,Perfluorohexanesulfonic acid,OS(=O)(=O)C(F)(F)C(F)(F)C(F)(F)C(F)(F)C(F)(F)C(F)(F)F,C6HF13O3S,400.11,13,56.52173913043478,6,13,6,400.1119999999999,5.0,2.0,1.0,0.0,0.0,Medium-chain,False,False,False,True,Medium-chain Branched Highly-fluorinated,Vapor Energy Generation,Lab,Soil,1100.0,15.0,66.11628346224542,False,High,Short,10853.65,3677.62
355-46-4,Perfluorohexanesulfonic acid,OS(=O)(=O)C(F)(F)C(F)(F)C(F)(F)C(F)(F)C(F)(F)C(F)(F)F,C6HF13O3S,400.11,13,56.52173913043478,6,13,6,400.1119999999999,5.0,2.0,1.0,0.0,0.0,Medium-chain,False,False,False,True,Medium-chain Branched Highly-fluorinated,Vapor Energy Generation,Lab,Soil,900.0,15.0,16.238365204970105,False,High,Short,6524.61,5465.12
355-46-4,Perfluorohexanesulfonic acid,OS(=O)(=O)C(F)(F)C(F)(F)C(F)(F)C(F)(F)C(F)(F)C(F)(F)F,C6HF13O3S,400.11,13,56.52173913043478,6,13,6,400.1119999999999,5.0,2.0,1.0,0.0,0.0,Medium-chain,False,False,False,True,Medium-chain Branched Highly-fluorinated,Indirect Thermal Desorption,Lab,Soil,550.0,75.0,99.975,True,High,Medium,0.6,0.00015
355-46-4,Perfluorohexanesulfonic acid,OS(=O)(=O)C(F)(F)C(F)(F)C(F)(F)C(F)(F)C(F)(F)C(F)(F)F,C6HF13O3S,400.11,13,56.52173913043478,6,13,6,400.1119999999999,5.0,2.0,1.0,0.0,0.0,Medium-chain,False,False,False,True,Medium-chain Branched Highly-fluorinated,Indirect Thermal Desorption,Lab,Soil,550.0,45.0,99.98616666666663,True,High,Medium,0.6,8.3e-05
355-46-4,Perfluorohexanesulfonic acid,OS(=O)(=O)C(F)(F)C(F)(F)C(F)(F)C(F)(F)C(F)(F)C(F)(F)F,C6HF13O3S,400.11,13,56.52173913043478,6,13,6,400.1119999999999,5.0,2.0,1.0,0.0,0.0,Medium-chain,False,False,False,True,Medium-chain Branched Highly-fluorinated,Indirect Thermal Desorption,Lab,Soil,550.0,15.0,100.0,True,High,Short,0.6,0.0
355-46-4,Perfluorohexanesulfonic acid,OS(=O)(=O)C(F)(F)C(F)(F)C(F)(F)C(F)(F)C(F)(F)C(F)(F)F,C6HF13O3S,400.11,13,56.52173913043478,6,13,6,400.1119999999999,5.0,2.0,1.0,0.0,0.0,Medium-chain,False,False,False,True,Medium-chain Branched Highly-fluorinated,Indirect Thermal Desorption,Lab,Soil,450.0,75.0,100.0,True,High,Medium,0.6,0.0
355-46-4,Perfluorohexanesulfonic acid,OS(=O)(=O)C(F)(F)C(F)(F)C(F)(F)C(F)(F)C(F)(F)C(F)(F)F,C6HF13O3S,400.11,13,56.52173913043478,6,13,6,400.1119999999999,5.0,2.0,1.0,0.0,0.0,Medium-chain,False,False,False,True,Medium-chain Branched Highly-fluorinated,Indirect Thermal Desorption,Lab,Soil,450.0,45.0,99.975,True,High,Medium,0.6,0.00015
355-46-4,Perfluorohexanesulfonic acid,OS(=O)(=O)C(F)(F)C(F)(F)C(F)(F)C(F)(F)C(F)(F)C(F)(F)F,C6HF13O3S,400.11,13,56.52173913043478,6,13,6,400.1119999999999,5.0,2.0,1.0,0.0,0.0,Medium-chain,False,False,False,True,Medium-chain Branched Highly-fluorinated,Indirect Thermal Desorption,Lab,Soil,450.0,15.0,61.66666666666667,False,High,Short,0.6,0.23
355-46-4,Perfluorohexanesulfonic acid,OS(=O)(=O)C(F)(F)C(F)(F)C(F)(F)C(F)(F)C(F)(F)C(F)(F)F,C6HF13O3S,400.11,13,56.52173913043478,6,13,6,400.1119999999999,5.0,2.0,1.0,0.0,0.0,Medium-chain,False,False,False,True,Medium-chain Branched Highly-fluorinated,Indirect Thermal Desorption,Lab,Soil,350.0,75.0,65.0,False,Medium,Medium,0.6,0.21
355-46-4,Perfluorohexanesulfonic acid,OS(=O)(=O)C(F)(F)C(F)(F)C(F)(F)C(F)(F)C(F)(F)C(F)(F)F,C6HF13O3S,400.11,13,56.52173913043478,6,13,6,400.1119999999999,5.0,2.0,1.0,0.0,0.0,Medium-chain,False,False,False,True,Medium-chain Branched Highly-fluorinated,Indirect Thermal Desorption,Lab,Soil,350.0,45.0,53.333333333333336,False,Medium,Medium,0.6,0.28
355-46-4,Perfluorohexanesulfonic acid,OS(=O)(=O)C(F)(F)C(F)(F)C(F)(F)C(F)(F)C(F)(F)C(F)(F)F,C6HF13O3S,400.11,13,56.52173913043478,6,13,6,400.1119999999999,5.0,2.0,1.0,0.0,0.0,Medium-chain,False,False,False,True,Medium-chain Branched Highly-fluorinated,Indirect Thermal Desorption,Lab,Soil,350.0,15.0,35.0,False,Medium,Short,0.6,0.39
355-46-4,Perfluorohexanesulfonic acid,OS(=O)(=O)C(F)(F)C(F)(F)C(F)(F)C(F)(F)C(F)(F)C(F)(F)F,C6HF13O3S,400.11,13,56.52173913043478,6,13,6,400.1119999999999,5.0,2.0,1.0,0.0,0.0,Medium-chain,False,False,False,True,Medium-chain Branched Highly-fluorinated,Indirect Thermal Desorption,Lab,Soil,250.0,75.0,23.33333333333333,False,Medium,Medium,0.6,0.46
355-46-4,Perfluorohexanesulfonic acid,OS(=O)(=O)C(F)(F)C(F)(F)C(F)(F)C(F)(F)C(F)(F)C(F)(F)F,C6HF13O3S,400.11,13,56.52173913043478,6,13,6,400.1119999999999,5.0,2.0,1.0,0.0,0.0,Medium-chain,False,False,False,True,Medium-chain Branched Highly-fluorinated,Indirect Thermal Desorption,Lab,Soil,250.0,45.0,23.33333333333333,False,Medium,Medium,0.6,0.46
355-46-4,Perfluorohexanesulfonic acid,OS(=O)(=O)C(F)(F)C(F)(F)C(F)(F)C(F)(F)C(F)(F)C(F)(F)F,C6HF13O3S,400.11,13,56.52173913043478,6,13,6,400.1119999999999,5.0,2.0,1.0,0.0,0.0,Medium-chain,False,False,False,True,Medium-chain Branched Highly-fluorinated,Indirect Thermal Desorption,Lab,Soil,250.0,15.0,23.33333333333333,False,Medium,Short,0.6,0.46
355-46-4,Perfluorohexanesulfonic acid,OS(=O)(=O)C(F)(F)C(F)(F)C(F)(F)C(F)(F)C(F)(F)C(F)(F)F,C6HF13O3S,400.11,13,56.52173913043478,6,13,6,400.1119999999999,5.0,2.0,1.0,0.0,0.0,Medium-chain,False,False,False,True,Medium-chain Branched Highly-fluorinated,Indirect Thermal Desorption,Lab,Soil,150.0,75.0,26.666666666666668,False,Medium,Medium,0.6,0.44
355-46-4,Perfluorohexanesulfonic acid,OS(=O)(=O)C(F)(F)C(F)(F)C(F)(F)C(F)(F)C(F)(F)C(F)(F)F,C6HF13O3S,400.11,13,56.52173913043478,6,13,6,400.1119999999999,5.0,2.0,1.0,0.0,0.0,Medium-chain,False,False,False,True,Medium-chain Branched Highly-fluorinated,Indirect Thermal Desorption,Lab,Soil,150.0,45.0,24.999999999999993,False,Medium,Medium,0.6,0.45
355-46-4,Perfluorohexanesulfonic acid,OS(=O)(=O)C(F)(F)C(F)(F)C(F)(F)C(F)(F)C(F)(F)C(F)(F)F,C6HF13O3S,400.11,13,56.52173913043478,6,13,6,400.1119999999999,5.0,2.0,1.0,0.0,0.0,Medium-chain,False,False,False,True,Medium-chain Branched Highly-fluorinated,Indirect Thermal Desorption,Lab,Soil,150.0,15.0,6.666666666666654,False,Medium,Short,0.6,0.56
355-46-4,Perfluorohexanesulfonic acid,OS(=O)(=O)C(F)(F)C(F)(F)C(F)(F)C(F)(F)C(F)(F)C(F)(F)F,C6HF13O3S,400.11,13,56.52173913043478,6,13,6,400.1119999999999,5.0,2.0,1.0,0.0,0.0,Medium-chain,False,False,False,True,Medium-chain Branched Highly-fluorinated,Indirect Thermal Desorption,Lab,Soil,550.0,45.0,100.0,True,High,Medium,0.6,0.0
355-46-4,Perfluorohexanesulfonic acid,OS(=O)(=O)C(F)(F)C(F)(F)C(F)(F)C(F)(F)C(F)(F)C(F)(F)F,C6HF13O3S,400.11,13,56.52173913043478,6,13,6,400.1119999999999,5.0,2.0,1.0,0.0,0.0,Medium-chain,False,False,False,True,Medium-chain Branched Highly-fluorinated,Indirect Thermal Desorption,Lab,Soil,550.0,15.0,99.96666666666668,True,High,Short,0.6,0.0002
355-46-4,Perfluorohexanesulfonic acid,OS(=O)(=O)C(F)(F)C(F)(F)C(F)(F)C(F)(F)C(F)(F)C(F)(F)F,C6HF13O3S,400.11,13,56.52173913043478,6,13,6,400.1119999999999,5.0,2.0,1.0,0.0,0.0,Medium-chain,False,False,False,True,Medium-chain Branched Highly-fluorinated,Indirect Thermal Desorption,Lab,Soil,450.0,75.0,100.0,True,High,Medium,0.6,0.0
355-46-4,Perfluorohexanesulfonic acid,OS(=O)(=O)C(F)(F)C(F)(F)C(F)(F)C(F)(F)C(F)(F)C(F)(F)F,C6HF13O3S,400.11,13,56.52173913043478,6,13,6,400.1119999999999,5.0,2.0,1.0,0.0,0.0,Medium-chain,False,False,False,True,Medium-chain Branched Highly-fluorinated,Indirect Thermal Desorption,Lab,Soil,450.0,45.0,99.78333333333332,True,High,Medium,0.6,0.0013
355-46-4,Perfluorohexanesulfonic acid,OS(=O)(=O)C(F)(F)C(F)(F)C(F)(F)C(F)(F)C(F)(F)C(F)(F)F,C6HF13O3S,400.11,13,56.52173913043478,6,13,6,400.1119999999999,5.0,2.0,1.0,0.0,0.0,Medium-chain,False,False,False,True,Medium-chain Branched Highly-fluorinated,Indirect Thermal Desorption,Lab,Soil,450.0,15.0,18.333333333333332,False,High,Short,0.6,0.49
355-46-4,Perfluorohexanesulfonic acid,OS(=O)(=O)C(F)(F)C(F)(F)C(F)(F)C(F)(F)C(F)(F)C(F)(F)F,C6HF13O3S,400.11,13,56.52173913043478,6,13,6,400.1119999999999,5.0,2.0,1.0,0.0,0.0,Medium-chain,False,False,False,True,Medium-chain Branched Highly-fluorinated,Indirect Thermal Desorption,Lab,Soil,350.0,75.0,30.0,False,Medium,Medium,0.6,0.42
355-46-4,Perfluorohexanesulfonic acid,OS(=O)(=O)C(F)(F)C(F)(F)C(F)(F)C(F)(F)C(F)(F)C(F)(F)F,C6HF13O3S,400.11,13,56.52173913043478,6,13,6,400.1119999999999,5.0,2.0,1.0,0.0,0.0,Medium-chain,False,False,False,True,Medium-chain Branched Highly-fluorinated,Indirect Thermal Desorption,Lab,Soil,350.0,45.0,13.333333333333329,False,Medium,Medium,0.6,0.52
355-46-4,Perfluorohexanesulfonic acid,OS(=O)(=O)C(F)(F)C(F)(F)C(F)(F)C(F)(F)C(F)(F)C(F)(F)F,C6HF13O3S,400.11,13,56.52173913043478,6,13,6,400.1119999999999,5.0,2.0,1.0,0.0,0.0,Medium-chain,False,False,False,True,Medium-chain Branched Highly-fluorinated,Indirect Thermal Desorption,Lab,Soil,350.0,15.0,21.666666666666668,False,Medium,Short,0.6,0.47
355-46-4,Perfluorohexanesulfonic acid,OS(=O)(=O)C(F)(F)C(F)(F)C(F)(F)C(F)(F)C(F)(F)C(F)(F)F,C6HF13O3S,400.11,13,56.52173913043478,6,13,6,400.1119999999999,5.0,2.0,1.0,0.0,0.0,Medium-chain,False,False,False,True,Medium-chain Branched Highly-fluorinated,Indirect Thermal Desorption,Lab,Soil,250.0,75.0,18.333333333333332,False,Medium,Medium,0.6,0.49
355-46-4,Perfluorohexanesulfonic acid,OS(=O)(=O)C(F)(F)C(F)(F)C(F)(F)C(F)(F)C(F)(F)C(F)(F)F,C6HF13O3S,400.11,13,56.52173913043478,6,13,6,400.1119999999999,5.0,2.0,1.0,0.0,0.0,Medium-chain,False,False,False,True,Medium-chain Branched Highly-fluorinated,Indirect Thermal Desorption,Lab,Soil,250.0,45.0,13.333333333333329,False,Medium,Medium,0.6,0.52
355-46-4,Perfluorohexanesulfonic acid,OS(=O)(=O)C(F)(F)C(F)(F)C(F)(F)C(F)(F)C(F)(F)C(F)(F)F,C6HF13O3S,400.11,13,56.52173913043478,6,13,6,400.1119999999999,5.0,2.0,1.0,0.0,0.0,Medium-chain,False,False,False,True,Medium-chain Branched Highly-fluorinated,Indirect Thermal Desorption,Lab,Soil,250.0,15.0,16.666666666666664,False,Medium,Short,0.6,0.5
355-46-4,Perfluorohexanesulfonic acid,OS(=O)(=O)C(F)(F)C(F)(F)C(F)(F)C(F)(F)C(F)(F)C(F)(F)F,C6HF13O3S,400.11,13,56.52173913043478,6,13,6,400.1119999999999,5.0,2.0,1.0,0.0,0.0,Medium-chain,False,False,False,True,Medium-chain Branched Highly-fluorinated,Indirect Thermal Desorption,Lab,Soil,150.0,75.0,16.666666666666664,False,Medium,Medium,0.6,0.5
355-46-4,Perfluorohexanesulfonic acid,OS(=O)(=O)C(F)(F)C(F)(F)C(F)(F)C(F)(F)C(F)(F)C(F)(F)F,C6HF13O3S,400.11,13,56.52173913043478,6,13,6,400.1119999999999,5.0,2.0,1.0,0.0,0.0,Medium-chain,False,False,False,True,Medium-chain Branched Highly-fluorinated,Indirect Thermal Desorption,Lab,Soil,150.0,45.0,6.666666666666654,False,Medium,Medium,0.6,0.56
355-46-4,Perfluorohexanesulfonic acid,OS(=O)(=O)C(F)(F)C(F)(F)C(F)(F)C(F)(F)C(F)(F)C(F)(F)F,C6HF13O3S,400.11,13,56.52173913043478,6,13,6,400.1119999999999,5.0,2.0,1.0,0.0,0.0,Medium-chain,False,False,False,True,Medium-chain Branched Highly-fluorinated,Indirect Thermal Desorption,Lab,Soil,150.0,15.0,21.333333333333336,False,Medium,Short,0.6,0.472
355-46-4,Perfluorohexanesulfonic acid,OS(=O)(=O)C(F)(F)C(F)(F)C(F)(F)C(F)(F)C(F)(F)C(F)(F)F,C6HF13O3S,400.11,13,56.52173913043478,6,13,6,400.1119999999999,5.0,2.0,1.0,0.0,0.0,Medium-chain,False,False,False,True,Medium-chain Branched Highly-fluorinated,Indirect Thermal Desorption,Lab,Soil,450.0,45.0,100.0,True,High,Medium,0.0013,0.0
355-46-4,Perfluorohexanesulfonic acid,OS(=O)(=O)C(F)(F)C(F)(F)C(F)(F)C(F)(F)C(F)(F)C(F)(F)F,C6HF13O3S,400.11,13,56.52173913043478,6,13,6,400.1119999999999,5.0,2.0,1.0,0.0,0.0,Medium-chain,False,False,False,True,Medium-chain Branched Highly-fluorinated,Indirect Thermal Desorption,Lab,Soil,450.0,15.0,62.30769230769231,False,High,Short,0.0013,0.00049
355-46-4,Perfluorohexanesulfonic acid,OS(=O)(=O)C(F)(F)C(F)(F)C(F)(F)C(F)(F)C(F)(F)C(F)(F)F,C6HF13O3S,400.11,13,56.52173913043478,6,13,6,400.1119999999999,5.0,2.0,1.0,0.0,0.0,Medium-chain,False,False,False,True,Medium-chain Branched Highly-fluorinated,Indirect Thermal Desorption,Lab,Soil,350.0,75.0,30.769230769230766,False,Medium,Medium,0.0013,0.0009
355-46-4,Perfluorohexanesulfonic acid,OS(=O)(=O)C(F)(F)C(F)(F)C(F)(F)C(F)(F)C(F)(F)C(F)(F)F,C6HF13O3S,400.11,13,56.52173913043478,6,13,6,400.1119999999999,5.0,2.0,1.0,0.0,0.0,Medium-chain,False,False,False,True,Medium-chain Branched Highly-fluorinated,Indirect Thermal Desorption,Lab,Soil,350.0,45.0,23.076923076923073,False,Medium,Medium,0.0013,0.001
355-46-4,Perfluorohexanesulfonic acid,OS(=O)(=O)C(F)(F)C(F)(F)C(F)(F)C(F)(F)C(F)(F)C(F)(F)F,C6HF13O3S,400.11,13,56.52173913043478,6,13,6,400.1119999999999,5.0,2.0,1.0,0.0,0.0,Medium-chain,False,False,False,True,Medium-chain Branched Highly-fluorinated,Indirect Thermal Desorption,Lab,Soil,350.0,15.0,15.384615384615374,False,Medium,Short,0.0013,0.0011
355-46-4,Perfluorohexanesulfonic acid,OS(=O)(=O)C(F)(F)C(F)(F)C(F)(F)C(F)(F)C(F)(F)C(F)(F)F,C6HF13O3S,400.11,13,56.52173913043478,6,13,6,400.1119999999999,5.0,2.0,1.0,0.0,0.0,Medium-chain,False,False,False,True,Medium-chain Branched Highly-fluorinated,Indirect Thermal Desorption,Lab,Soil,250.0,75.0,7.692307692307695,False,Medium,Medium,0.0013,0.0012
355-46-4,Perfluorohexanesulfonic acid,OS(=O)(=O)C(F)(F)C(F)(F)C(F)(F)C(F)(F)C(F)(F)C(F)(F)F,C6HF13O3S,400.11,13,56.52173913043478,6,13,6,400.1119999999999,5.0,2.0,1.0,0.0,0.0,Medium-chain,False,False,False,True,Medium-chain Branched Highly-fluorinated,Indirect Thermal Desorption,Lab,Soil,250.0,45.0,15.384615384615374,False,Medium,Medium,0.0013,0.0011
355-46-4,Perfluorohexanesulfonic acid,OS(=O)(=O)C(F)(F)C(F)(F)C(F)(F)C(F)(F)C(F)(F)C(F)(F)F,C6HF13O3S,400.11,13,56.52173913043478,6,13,6,400.1119999999999,5.0,2.0,1.0,0.0,0.0,Medium-chain,False,False,False,True,Medium-chain Branched Highly-fluorinated,Indirect Thermal Desorption,Lab,Soil,250.0,15.0,0.0,False,Medium,Short,0.0013,0.0016
355-46-4,Perfluorohexanesulfonic acid,OS(=O)(=O)C(F)(F)C(F)(F)C(F)(F)C(F)(F)C(F)(F)C(F)(F)F,C6HF13O3S,400.11,13,56.52173913043478,6,13,6,400.1119999999999,5.0,2.0,1.0,0.0,0.0,Medium-chain,False,False,False,True,Medium-chain Branched Highly-fluorinated,Indirect Thermal Desorption,Lab,Soil,150.0,75.0,15.384615384615374,False,Medium,Medium,0.0013,0.0011
355-46-4,Perfluorohexanesulfonic acid,OS(=O)(=O)C(F)(F)C(F)(F)C(F)(F)C(F)(F)C(F)(F)C(F)(F)F,C6HF13O3S,400.11,13,56.52173913043478,6,13,6,400.1119999999999,5.0,2.0,1.0,0.0,0.0,Medium-chain,False,False,False,True,Medium-chain Branched Highly-fluorinated,Indirect Thermal Desorption,Lab,Soil,150.0,45.0,27.692307692307693,False,Medium,Medium,0.0013,0.00094
355-46-4,Perfluorohexanesulfonic acid,OS(=O)(=O)C(F)(F)C(F)(F)C(F)(F)C(F)(F)C(F)(F)C(F)(F)F,C6HF13O3S,400.11,13,56.52173913043478,6,13,6,400.1119999999999,5.0,2.0,1.0,0.0,0.0,Medium-chain,False,False,False,True,Medium-chain Branched Highly-fluorinated,Indirect Thermal Desorption,Lab,Soil,150.0,15.0,0.0,False,Medium,Short,0.0013,0.0016
355-46-4,Perfluorohexanesulfonic acid,OS(=O)(=O)C(F)(F)C(F)(F)C(F)(F)C(F)(F)C(F)(F)C(F)(F)F,C6HF13O3S,400.11,13,56.52173913043478,6,13,6,400.1119999999999,5.0,2.0,1.0,0.0,0.0,Medium-chain,False,False,False,True,Medium-chain Branched Highly-fluorinated,Hydrothermal Treatment,Lab,Other,350.0,360.0,,False,Medium,Long,3.65,
355-46-4,Perfluorohexanesulfonic acid,OS(=O)(=O)C(F)(F)C(F)(F)C(F)(F)C(F)(F)C(F)(F)C(F)(F)F,C6HF13O3S,400.11,13,56.52173913043478,6,13,6,400.1119999999999,5.0,2.0,1.0,0.0,0.0,Medium-chain,False,False,False,True,Medium-chain Branched Highly-fluorinated,Hydrothermal Treatment,Lab,Other,350.0,360.0,,False,Medium,Long,3.77,
355-46-4,Perfluorohexanesulfonic acid,OS(=O)(=O)C(F)(F)C(F)(F)C(F)(F)C(F)(F)C(F)(F)C(F)(F)F,C6HF13O3S,400.11,13,56.52173913043478,6,13,6,400.1119999999999,5.0,2.0,1.0,0.0,0.0,Medium-chain,False,False,False,True,Medium-chain Branched Highly-fluorinated,Indirect Thermal Desorption,Lab,Soil,300.0,14400.0,51.87500000000001,False,Medium,Extended,1600.0,770.0
355-46-4,Perfluorohexanesulfonic acid,OS(=O)(=O)C(F)(F)C(F)(F)C(F)(F)C(F)(F)C(F)(F)C(F)(F)F,C6HF13O3S,400.11,13,56.52173913043478,6,13,6,400.1119999999999,5.0,2.0,1.0,0.0,0.0,Medium-chain,False,False,False,True,Medium-chain Branched Highly-fluorinated,Indirect Thermal Desorption,Lab,Soil,350.0,14400.0,99.8375,True,Medium,Extended,1600.0,2.6
355-46-4,Perfluorohexanesulfonic acid,OS(=O)(=O)C(F)(F)C(F)(F)C(F)(F)C(F)(F)C(F)(F)C(F)(F)F,C6HF13O3S,400.11,13,56.52173913043478,6,13,6,400.1119999999999,5.0,2.0,1.0,0.0,0.0,Medium-chain,False,False,False,True,Medium-chain Branched Highly-fluorinated,Indirect Thermal Desorption,Lab,Soil,400.0,20160.0,99.9980625,True,Medium,Extended,1600.0,0.031
2706-90-3,Perfluoropentanoic acid,OC(=O)C(F)(F)C(F)(F)C(F)(F)C(F)(F)F,C5HF9O2,264.047,9,56.25,5,9,5,264.04299999999995,3.0,1.0,1.0,0.0,0.0,Medium-chain,False,False,False,True,Medium-chain Branched Highly-fluorinated,Electromagnetic Heating,Lab,Soil,845.0,2.0,,False,High,Short,0.02,
2706-90-3,Perfluoropentanoic acid,OC(=O)C(F)(F)C(F)(F)C(F)(F)C(F)(F)F,C5HF9O2,264.047,9,56.25,5,9,5,264.04299999999995,3.0,1.0,1.0,0.0,0.0,Medium-chain,False,False,False,True,Medium-chain Branched Highly-fluorinated,Hydrothermal Treatment,Lab,Other,350.0,2.5,100.0,True,Medium,Short,43.0,0.0
2706-90-3,Perfluoropentanoic acid,OC(=O)C(F)(F)C(F)(F)C(F)(F)C(F)(F)F,C5HF9O2,264.047,9,56.25,5,9,5,264.04299999999995,3.0,1.0,1.0,0.0,0.0,Medium-chain,False,False,False,True,Medium-chain Branched Highly-fluorinated,Hydrothermal Treatment,Lab,Other,350.0,2.5,100.0,True,Medium,Short,60.0,0.0
2706-90-3,Perfluoropentanoic acid,OC(=O)C(F)(F)C(F)(F)C(F)(F)C(F)(F)F,C5HF9O2,264.047,9,56.25,5,9,5,264.04299999999995,3.0,1.0,1.0,0.0,0.0,Medium-chain,False,False,False,True,Medium-chain Branched Highly-fluorinated,Hydrothermal Treatment,Lab,Other,350.0,2.5,100.0,True,Medium,Short,60.0,0.0
2706-90-3,Perfluoropentanoic acid,OC(=O)C(F)(F)C(F)(F)C(F)(F)C(F)(F)F,C5HF9O2,264.047,9,56.25,5,9,5,264.04299999999995,3.0,1.0,1.0,0.0,0.0,Medium-chain,False,False,False,True,Medium-chain Branched Highly-fluorinated,Pyrolysis,Lab,Sludge,800.0,20.0,98.94472361809046,True,High,Short,1.99,0.021
2706-90-3,Perfluoropentanoic acid,OC(=O)C(F)(F)C(F)(F)C(F)(F)C(F)(F)F,C5HF9O2,264.047,9,56.25,5,9,5,264.04299999999995,3.0,1.0,1.0,0.0,0.0,Medium-chain,False,False,False,True,Medium-chain Branched Highly-fluorinated,Pyrolysis,Lab,Sludge,800.0,20.0,99.46524064171123,True,High,Short,3.74,0.02
2706-90-3,Perfluoropentanoic acid,OC(=O)C(F)(F)C(F)(F)C(F)(F)C(F)(F)F,C5HF9O2,264.047,9,56.25,5,9,5,264.04299999999995,3.0,1.0,1.0,0.0,0.0,Medium-chain,False,False,False,True,Medium-chain Branched Highly-fluorinated,Pyrolysis,Lab,Sludge,800.0,20.0,99.6316758747698,True,High,Short,5.43,0.02
2706-90-3,Perfluoropentanoic acid,OC(=O)C(F)(F)C(F)(F)C(F)(F)C(F)(F)F,C5HF9O2,264.047,9,56.25,5,9,5,264.04299999999995,3.0,1.0,1.0,0.0,0.0,Medium-chain,False,False,False,True,Medium-chain Branched Highly-fluorinated,Pyrolysis,Lab,Sludge,800.0,20.0,94.70899470899472,True,High,Short,0.378,0.02
2706-90-3,Perfluoropentanoic acid,OC(=O)C(F)(F)C(F)(F)C(F)(F)C(F)(F)F,C5HF9O2,264.047,9,56.25,5,9,5,264.04299999999995,3.0,1.0,1.0,0.0,0.0,Medium-chain,False,False,False,True,Medium-chain Branched Highly-fluorinated,Pyrolysis,Lab,Sludge,800.0,20.0,97.47899159663864,True,High,Short,0.833,0.021
2706-90-3,Perfluoropentanoic acid,OC(=O)C(F)(F)C(F)(F)C(F)(F)C(F)(F)F,C5HF9O2,264.047,9,56.25,5,9,5,264.04299999999995,3.0,1.0,1.0,0.0,0.0,Medium-chain,False,False,False,True,Medium-chain Branched Highly-fluorinated,Pyrolysis,Lab,Sludge,800.0,20.0,92.74809160305344,True,High,Short,0.262,0.019
2706-90-3,Perfluoropentanoic acid,OC(=O)C(F)(F)C(F)(F)C(F)(F)C(F)(F)F,C5HF9O2,264.047,9,56.25,5,9,5,264.04299999999995,3.0,1.0,1.0,0.0,0.0,Medium-chain,False,False,False,True,Medium-chain Branched Highly-fluorinated,Pyrolysis,Lab,Sludge,650.0,20.0,98.89447236180904,True,High,Short,1.99,0.022
2706-90-3,Perfluoropentanoic acid,OC(=O)C(F)(F)C(F)(F)C(F)(F)C(F)(F)F,C5HF9O2,264.047,9,56.25,5,9,5,264.04299999999995,3.0,1.0,1.0,0.0,0.0,Medium-chain,False,False,False,True,Medium-chain Branched Highly-fluorinated,Pyrolysis,Lab,Sludge,650.0,20.0,99.22459893048128,True,High,Short,3.74,0.029
2706-90-3,Perfluoropentanoic acid,OC(=O)C(F)(F)C(F)(F)C(F)(F)C(F)(F)F,C5HF9O2,264.047,9,56.25,5,9,5,264.04299999999995,3.0,1.0,1.0,0.0,0.0,Medium-chain,False,False,False,True,Medium-chain Branched Highly-fluorinated,Pyrolysis,Lab,Sludge,650.0,20.0,99.61325966850828,True,High,Short,5.43,0.021
2706-90-3,Perfluoropentanoic acid,OC(=O)C(F)(F)C(F)(F)C(F)(F)C(F)(F)F,C5HF9O2,264.047,9,56.25,5,9,5,264.04299999999995,3.0,1.0,1.0,0.0,0.0,Medium-chain,False,False,False,True,Medium-chain Branched Highly-fluorinated,Pyrolysis,Lab,Sludge,650.0,20.0,94.97354497354496,True,High,Short,0.378,0.019
2706-90-3,Perfluoropentanoic acid,OC(=O)C(F)(F)C(F)(F)C(F)(F)C(F)(F)F,C5HF9O2,264.047,9,56.25,5,9,5,264.04299999999995,3.0,1.0,1.0,0.0,0.0,Medium-chain,False,False,False,True,Medium-chain Branched Highly-fluorinated,Pyrolysis,Lab,Sludge,650.0,20.0,97.59903961584634,True,High,Short,0.833,0.02
2706-90-3,Perfluoropentanoic acid,OC(=O)C(F)(F)C(F)(F)C(F)(F)C(F)(F)F,C5HF9O2,264.047,9,56.25,5,9,5,264.04299999999995,3.0,1.0,1.0,0.0,0.0,Medium-chain,False,False,False,True,Medium-chain Branched Highly-fluorinated,Pyrolysis,Lab,Sludge,650.0,20.0,92.36641221374046,True,High,Short,0.262,0.02
2706-90-3,Perfluoropentanoic acid,OC(=O)C(F)(F)C(F)(F)C(F)(F)C(F)(F)F,C5HF9O2,264.047,9,56.25,5,9,5,264.04299999999995,3.0,1.0,1.0,0.0,0.0,Medium-chain,False,False,False,True,Medium-chain Branched Highly-fluorinated,Pyrolysis,Lab,Sludge,500.0,20.0,98.99497487437183,True,High,Short,1.99,0.02
2706-90-3,Perfluoropentanoic acid,OC(=O)C(F)(F)C(F)(F)C(F)(F)C(F)(F)F,C5HF9O2,264.047,9,56.25,5,9,5,264.04299999999995,3.0,1.0,1.0,0.0,0.0,Medium-chain,False,False,False,True,Medium-chain Branched Highly-fluorinated,Pyrolysis,Lab,Sludge,500.0,20.0,99.46524064171123,True,High,Short,3.74,0.02
2706-90-3,Perfluoropentanoic acid,OC(=O)C(F)(F)C(F)(F)C(F)(F)C(F)(F)F,C5HF9O2,264.047,9,56.25,5,9,5,264.04299999999995,3.0,1.0,1.0,0.0,0.0,Medium-chain,False,False,False,True,Medium-chain Branched Highly-fluorinated,Pyrolysis,Lab,Sludge,500.0,20.0,99.6500920810313,True,High,Short,5.43,0.019
2706-90-3,Perfluoropentanoic acid,OC(=O)C(F)(F)C(F)(F)C(F)(F)C(F)(F)F,C5HF9O2,264.047,9,56.25,5,9,5,264.04299999999995,3.0,1.0,1.0,0.0,0.0,Medium-chain,False,False,False,True,Medium-chain Branched Highly-fluorinated,Pyrolysis,Lab,Sludge,500.0,20.0,97.59903961584634,True,High,Short,0.833,0.02
2706-90-3,Perfluoropentanoic acid,OC(=O)C(F)(F)C(F)(F)C(F)(F)C(F)(F)F,C5HF9O2,264.047,9,56.25,5,9,5,264.04299999999995,3.0,1.0,1.0,0.0,0.0,Medium-chain,False,False,False,True,Medium-chain Branched Highly-fluorinated,Pyrolysis,Lab,Sludge,500.0,20.0,94.70899470899472,True,High,Short,0.378,0.02
2706-90-3,Perfluoropentanoic acid,OC(=O)C(F)(F)C(F)(F)C(F)(F)C(F)(F)F,C5HF9O2,264.047,9,56.25,5,9,5,264.04299999999995,3.0,1.0,1.0,0.0,0.0,Medium-chain,False,False,False,True,Medium-chain Branched Highly-fluorinated,Pyrolysis,Lab,Sludge,500.0,20.0,92.74809160305344,True,High,Short,0.262,0.019
2706-90-3,Perfluoropentanoic acid,OC(=O)C(F)(F)C(F)(F)C(F)(F)C(F)(F)F,C5HF9O2,264.047,9,56.25,5,9,5,264.04299999999995,3.0,1.0,1.0,0.0,0.0,Medium-chain,False,False,False,True,Medium-chain Branched Highly-fluorinated,GAC Reactivation,Full,Treatment Media,1093.0,,99.96133333333331,True,High,,1500.0,0.58
2706-90-3,Perfluoropentanoic acid,OC(=O)C(F)(F)C(F)(F)C(F)(F)C(F)(F)F,C5HF9O2,264.047,9,56.25,5,9,5,264.04299999999995,3.0,1.0,1.0,0.0,0.0,Medium-chain,False,False,False,True,Medium-chain Branched Highly-fluorinated,GAC Reactivation,Full,Treatment Media,1093.0,,99.9768,True,High,,2500.0,0.58
2706-90-3,Perfluoropentanoic acid,OC(=O)C(F)(F)C(F)(F)C(F)(F)C(F)(F)F,C5HF9O2,264.047,9,56.25,5,9,5,264.04299999999995,3.0,1.0,1.0,0.0,0.0,Medium-chain,False,False,False,True,Medium-chain Branched Highly-fluorinated,GAC Reactivation,Full,Treatment Media,1093.0,,99.97769230769232,True,High,,2600.0,0.58
2706-90-3,Perfluoropentanoic acid,OC(=O)C(F)(F)C(F)(F)C(F)(F)C(F)(F)F,C5HF9O2,264.047,9,56.25,5,9,5,264.04299999999995,3.0,1.0,1.0,0.0,0.0,Medium-chain,False,False,False,True,Medium-chain Branched Highly-fluorinated,Electric Furnace,Lab,Other,250.0,75.0,,False,Medium,Medium,,0.1
2706-90-3,Perfluoropentanoic acid,OC(=O)C(F)(F)C(F)(F)C(F)(F)C(F)(F)F,C5HF9O2,264.047,9,56.25,5,9,5,264.04299999999995,3.0,1.0,1.0,0.0,0.0,Medium-chain,False,False,False,True,Medium-chain Branched Highly-fluorinated,Electric Furnace,Lab,Other,300.0,75.0,,False,Medium,Medium,,0.07
2706-90-3,Perfluoropentanoic acid,OC(=O)C(F)(F)C(F)(F)C(F)(F)C(F)(F)F,C5HF9O2,264.047,9,56.25,5,9,5,264.04299999999995,3.0,1.0,1.0,0.0,0.0,Medium-chain,False,False,False,True,Medium-chain Branched Highly-fluorinated,GAC Reactivation,Lab,Treatment Media,500.0,30.0,,False,High,Short,,
2706-90-3,Perfluoropentanoic acid,OC(=O)C(F)(F)C(F)(F)C(F)(F)C(F)(F)F,C5HF9O2,264.047,9,56.25,5,9,5,264.04299999999995,3.0,1.0,1.0,0.0,0.0,Medium-chain,False,False,False,True,Medium-chain Branched Highly-fluorinated,GAC Reactivation,Lab,Treatment Media,500.0,30.0,,False,High,Short,,
2706-90-3,Perfluoropentanoic acid,OC(=O)C(F)(F)C(F)(F)C(F)(F)C(F)(F)F,C5HF9O2,264.047,9,56.25,5,9,5,264.04299999999995,3.0,1.0,1.0,0.0,0.0,Medium-chain,False,False,False,True,Medium-chain Branched Highly-fluorinated,GAC Reactivation,Lab,Treatment Media,500.0,30.0,,False,High,Short,,
2706-90-3,Perfluoropentanoic acid,OC(=O)C(F)(F)C(F)(F)C(F)(F)C(F)(F)F,C5HF9O2,264.047,9,56.25,5,9,5,264.04299999999995,3.0,1.0,1.0,0.0,0.0,Medium-chain,False,False,False,True,Medium-chain Branched Highly-fluorinated,Pyrolysis,Lab,Sludge,700.0,,,False,High,,0.0,0.0
2706-90-3,Perfluoropentanoic acid,OC(=O)C(F)(F)C(F)(F)C(F)(F)C(F)(F)F,C5HF9O2,264.047,9,56.25,5,9,5,264.04299999999995,3.0,1.0,1.0,0.0,0.0,Medium-chain,False,False,False,True,Medium-chain Branched Highly-fluorinated,Pyrolysis,Lab,Sludge,500.0,,,False,High,,0.0,0.0
2706-90-3,Perfluoropentanoic acid,OC(=O)C(F)(F)C(F)(F)C(F)(F)C(F)(F)F,C5HF9O2,264.047,9,56.25,5,9,5,264.04299999999995,3.0,1.0,1.0,0.0,0.0,Medium-chain,False,False,False,True,Medium-chain Branched Highly-fluorinated,Thermal Oxidation of Off-gas,Lab,Treatment Media,595.0,0.1333333333333333,,False,High,Short,1000.0,
2706-90-3,Perfluoropentanoic acid,OC(=O)C(F)(F)C(F)(F)C(F)(F)C(F)(F)F,C5HF9O2,264.047,9,56.25,5,9,5,264.04299999999995,3.0,1.0,1.0,0.0,0.0,Medium-chain,False,False,False,True,Medium-chain Branched Highly-fluorinated,Thermal Oxidation of Off-gas,Lab,Treatment Media,590.0,0.1666666666666666,,False,High,Short,100.0,
2706-90-3,Perfluoropentanoic acid,OC(=O)C(F)(F)C(F)(F)C(F)(F)C(F)(F)F,C5HF9O2,264.047,9,56.25,5,9,5,264.04299999999995,3.0,1.0,1.0,0.0,0.0,Medium-chain,False,False,False,True,Medium-chain Branched Highly-fluorinated,Thermal Oxidation of Off-gas,Lab,Treatment Media,590.0,1.0,,False,High,Short,1.0,
2706-90-3,Perfluoropentanoic acid,OC(=O)C(F)(F)C(F)(F)C(F)(F)C(F)(F)F,C5HF9O2,264.047,9,56.25,5,9,5,264.04299999999995,3.0,1.0,1.0,0.0,0.0,Medium-chain,False,False,False,True,Medium-chain Branched Highly-fluorinated,Pyrolysis,Lab,Soil,450.0,30.0,,False,High,Short,0.004,
2706-90-3,Perfluoropentanoic acid,OC(=O)C(F)(F)C(F)(F)C(F)(F)C(F)(F)F,C5HF9O2,264.047,9,56.25,5,9,5,264.04299999999995,3.0,1.0,1.0,0.0,0.0,Medium-chain,False,False,False,True,Medium-chain Branched Highly-fluorinated,Pyrolysis,Lab,Soil,300.0,30.0,,False,Medium,Short,0.004,
2706-90-3,Perfluoropentanoic acid,OC(=O)C(F)(F)C(F)(F)C(F)(F)C(F)(F)F,C5HF9O2,264.047,9,56.25,5,9,5,264.04299999999995,3.0,1.0,1.0,0.0,0.0,Medium-chain,False,False,False,True,Medium-chain Branched Highly-fluorinated,Pyrolysis,Pilot,Sludge,649.0,19.1,94.56066945606696,True,High,Short,7.17,0.39
2706-90-3,Perfluoropentanoic acid,OC(=O)C(F)(F)C(F)(F)C(F)(F)C(F)(F)F,C5HF9O2,264.047,9,56.25,5,9,5,264.04299999999995,3.0,1.0,1.0,0.0,0.0,Medium-chain,False,False,False,True,Medium-chain Branched Highly-fluorinated,Pyrolysis,Pilot,Sludge,649.0,19.1,98.99135446685878,True,High,Short,6.94,0.07
2706-90-3,Perfluoropentanoic acid,OC(=O)C(F)(F)C(F)(F)C(F)(F)C(F)(F)F,C5HF9O2,264.047,9,56.25,5,9,5,264.04299999999995,3.0,1.0,1.0,0.0,0.0,Medium-chain,False,False,False,True,Medium-chain Branched Highly-fluorinated,Pyrolysis,Pilot,Sludge,649.0,19.1,100.0,True,High,Short,7.1,0.0
2706-90-3,Perfluoropentanoic acid,OC(=O)C(F)(F)C(F)(F)C(F)(F)C(F)(F)F,C5HF9O2,264.047,9,56.25,5,9,5,264.04299999999995,3.0,1.0,1.0,0.0,0.0,Medium-chain,False,False,False,True,Medium-chain Branched Highly-fluorinated,Pyrolysis,Lab,Soil,200.0,30.0,,False,Medium,Short,0.004,
2706-90-3,Perfluoropentanoic acid,OC(=O)C(F)(F)C(F)(F)C(F)(F)C(F)(F)F,C5HF9O2,264.047,9,56.25,5,9,5,264.04299999999995,3.0,1.0,1.0,0.0,0.0,Medium-chain,False,False,False,True,Medium-chain Branched Highly-fluorinated,Pyrolysis,Pilot,Sludge,,300.0,,False,,Long,,
2706-90-3,Perfluoropentanoic acid,OC(=O)C(F)(F)C(F)(F)C(F)(F)C(F)(F)F,C5HF9O2,264.047,9,56.25,5,9,5,264.04299999999995,3.0,1.0,1.0,0.0,0.0,Medium-chain,False,False,False,True,Medium-chain Branched Highly-fluorinated,GAC Reactivation,Full,Treatment Media,,,,False,,,,0.43
2706-90-3,Perfluoropentanoic acid,OC(=O)C(F)(F)C(F)(F)C(F)(F)C(F)(F)F,C5HF9O2,264.047,9,56.25,5,9,5,264.04299999999995,3.0,1.0,1.0,0.0,0.0,Medium-chain,False,False,False,True,Medium-chain Branched Highly-fluorinated,Rotary Kiln,Full,Soil,,,,False,,,,
2706-90-3,Perfluoropentanoic acid,OC(=O)C(F)(F)C(F)(F)C(F)(F)C(F)(F)F,C5HF9O2,264.047,9,56.25,5,9,5,264.04299999999995,3.0,1.0,1.0,0.0,0.0,Medium-chain,False,False,False,True,Medium-chain Branched Highly-fluorinated,Indirect Thermal Desorption,Pilot,Soil,650.0,,,False,High,,28.3,
2706-90-3,Perfluoropentanoic acid,OC(=O)C(F)(F)C(F)(F)C(F)(F)C(F)(F)F,C5HF9O2,264.047,9,56.25,5,9,5,264.04299999999995,3.0,1.0,1.0,0.0,0.0,Medium-chain,False,False,False,True,Medium-chain Branched Highly-fluorinated,Indirect Thermal Desorption,Pilot,Soil,650.0,,,False,High,,34.3,
2706-90-3,Perfluoropentanoic acid,OC(=O)C(F)(F)C(F)(F)C(F)(F)C(F)(F)F,C5HF9O2,264.047,9,56.25,5,9,5,264.04299999999995,3.0,1.0,1.0,0.0,0.0,Medium-chain,False,False,False,True,Medium-chain Branched Highly-fluorinated,Indirect Thermal Desorption,Pilot,Soil,500.0,,,False,High,,27.1,
2706-90-3,Perfluoropentanoic acid,OC(=O)C(F)(F)C(F)(F)C(F)(F)C(F)(F)F,C5HF9O2,264.047,9,56.25,5,9,5,264.04299999999995,3.0,1.0,1.0,0.0,0.0,Medium-chain,False,False,False,True,Medium-chain Branched Highly-fluorinated,Indirect Thermal Desorption,Pilot,Soil,500.0,,,False,High,,25.0,
2706-90-3,Perfluoropentanoic acid,OC(=O)C(F)(F)C(F)(F)C(F)(F)C(F)(F)F,C5HF9O2,264.047,9,56.25,5,9,5,264.04299999999995,3.0,1.0,1.0,0.0,0.0,Medium-chain,False,False,False,True,Medium-chain Branched Highly-fluorinated,Indirect Thermal Desorption,Pilot,Soil,650.0,,,False,High,,29.0,
2706-90-3,Perfluoropentanoic acid,OC(=O)C(F)(F)C(F)(F)C(F)(F)C(F)(F)F,C5HF9O2,264.047,9,56.25,5,9,5,264.04299999999995,3.0,1.0,1.0,0.0,0.0,Medium-chain,False,False,False,True,Medium-chain Branched Highly-fluorinated,Indirect Thermal Desorption,Pilot,Soil,500.0,,,False,High,,19.2,
2706-90-3,Perfluoropentanoic acid,OC(=O)C(F)(F)C(F)(F)C(F)(F)C(F)(F)F,C5HF9O2,264.047,9,56.25,5,9,5,264.04299999999995,3.0,1.0,1.0,0.0,0.0,Medium-chain,False,False,False,True,Medium-chain Branched Highly-fluorinated,Indirect Thermal Desorption,Pilot,Soil,650.0,,,False,High,,19.8,
2706-90-3,Perfluoropentanoic acid,OC(=O)C(F)(F)C(F)(F)C(F)(F)C(F)(F)F,C5HF9O2,264.047,9,56.25,5,9,5,264.04299999999995,3.0,1.0,1.0,0.0,0.0,Medium-chain,False,False,False,True,Medium-chain Branched Highly-fluorinated,Indirect Thermal Desorption,Pilot,Soil,500.0,,,False,High,,41.3,
2706-90-3,Perfluoropentanoic acid,OC(=O)C(F)(F)C(F)(F)C(F)(F)C(F)(F)F,C5HF9O2,264.047,9,56.25,5,9,5,264.04299999999995,3.0,1.0,1.0,0.0,0.0,Medium-chain,False,False,False,True,Medium-chain Branched Highly-fluorinated,GAC Reactivation,Lab,Treatment Media,200.0,60.0,,False,Medium,Medium,,
2706-90-3,Perfluoropentanoic acid,OC(=O)C(F)(F)C(F)(F)C(F)(F)C(F)(F)F,C5HF9O2,264.047,9,56.25,5,9,5,264.04299999999995,3.0,1.0,1.0,0.0,0.0,Medium-chain,False,False,False,True,Medium-chain Branched Highly-fluorinated,GAC Reactivation,Lab,Treatment Media,200.0,40.0,,False,Medium,Medium,,
2706-90-3,Perfluoropentanoic acid,OC(=O)C(F)(F)C(F)(F)C(F)(F)C(F)(F)F,C5HF9O2,264.047,9,56.25,5,9,5,264.04299999999995,3.0,1.0,1.0,0.0,0.0,Medium-chain,False,False,False,True,Medium-chain Branched Highly-fluorinated,GAC Reactivation,Lab,Treatment Media,200.0,20.0,,False,Medium,Short,,
2706-90-3,Perfluoropentanoic acid,OC(=O)C(F)(F)C(F)(F)C(F)(F)C(F)(F)F,C5HF9O2,264.047,9,56.25,5,9,5,264.04299999999995,3.0,1.0,1.0,0.0,0.0,Medium-chain,False,False,False,True,Medium-chain Branched Highly-fluorinated,GAC Reactivation,Lab,Treatment Media,200.0,10.0,,False,Medium,Short,,
2706-90-3,Perfluoropentanoic acid,OC(=O)C(F)(F)C(F)(F)C(F)(F)C(F)(F)F,C5HF9O2,264.047,9,56.25,5,9,5,264.04299999999995,3.0,1.0,1.0,0.0,0.0,Medium-chain,False,False,False,True,Medium-chain Branched Highly-fluorinated,GAC Reactivation,Lab,Treatment Media,200.0,5.0,,False,Medium,Short,,
2706-90-3,Perfluoropentanoic acid,OC(=O)C(F)(F)C(F)(F)C(F)(F)C(F)(F)F,C5HF9O2,264.047,9,56.25,5,9,5,264.04299999999995,3.0,1.0,1.0,0.0,0.0,Medium-chain,False,False,False,True,Medium-chain Branched Highly-fluorinated,GAC Reactivation,Lab,Treatment Media,500.0,30.0,,False,High,Short,,
2706-90-3,Perfluoropentanoic acid,OC(=O)C(F)(F)C(F)(F)C(F)(F)C(F)(F)F,C5HF9O2,264.047,9,56.25,5,9,5,264.04299999999995,3.0,1.0,1.0,0.0,0.0,Medium-chain,False,False,False,True,Medium-chain Branched Highly-fluorinated,GAC Reactivation,Lab,Treatment Media,250.0,30.0,,False,Medium,Short,,
2706-90-3,Perfluoropentanoic acid,OC(=O)C(F)(F)C(F)(F)C(F)(F)C(F)(F)F,C5HF9O2,264.047,9,56.25,5,9,5,264.04299999999995,3.0,1.0,1.0,0.0,0.0,Medium-chain,False,False,False,True,Medium-chain Branched Highly-fluorinated,GAC Reactivation,Lab,Treatment Media,200.0,30.0,,False,Medium,Short,,
2706-90-3,Perfluoropentanoic acid,OC(=O)C(F)(F)C(F)(F)C(F)(F)C(F)(F)F,C5HF9O2,264.047,9,56.25,5,9,5,264.04299999999995,3.0,1.0,1.0,0.0,0.0,Medium-chain,False,False,False,True,Medium-chain Branched Highly-fluorinated,GAC Reactivation,Lab,Treatment Media,150.0,30.0,,False,Medium,Short,,
2706-90-3,Perfluoropentanoic acid,OC(=O)C(F)(F)C(F)(F)C(F)(F)C(F)(F)F,C5HF9O2,264.047,9,56.25,5,9,5,264.04299999999995,3.0,1.0,1.0,0.0,0.0,Medium-chain,False,False,False,True,Medium-chain Branched Highly-fluorinated,GAC Reactivation,Lab,Treatment Media,25.0,30.0,,False,Ambient,Short,,
2706-90-3,Perfluoropentanoic acid,OC(=O)C(F)(F)C(F)(F)C(F)(F)C(F)(F)F,C5HF9O2,264.047,9,56.25,5,9,5,264.04299999999995,3.0,1.0,1.0,0.0,0.0,Medium-chain,False,False,False,True,Medium-chain Branched Highly-fluorinated,GAC Reactivation,Lab,Treatment Media,500.0,30.0,,False,High,Short,,
2706-90-3,Perfluoropentanoic acid,OC(=O)C(F)(F)C(F)(F)C(F)(F)C(F)(F)F,C5HF9O2,264.047,9,56.25,5,9,5,264.04299999999995,3.0,1.0,1.0,0.0,0.0,Medium-chain,False,False,False,True,Medium-chain Branched Highly-fluorinated,GAC Reactivation,Lab,Treatment Media,475.0,30.0,,False,High,Short,,
2706-90-3,Perfluoropentanoic acid,OC(=O)C(F)(F)C(F)(F)C(F)(F)C(F)(F)F,C5HF9O2,264.047,9,56.25,5,9,5,264.04299999999995,3.0,1.0,1.0,0.0,0.0,Medium-chain,False,False,False,True,Medium-chain Branched Highly-fluorinated,GAC Reactivation,Lab,Treatment Media,300.0,30.0,,False,Medium,Short,,
2706-90-3,Perfluoropentanoic acid,OC(=O)C(F)(F)C(F)(F)C(F)(F)C(F)(F)F,C5HF9O2,264.047,9,56.25,5,9,5,264.04299999999995,3.0,1.0,1.0,0.0,0.0,Medium-chain,False,False,False,True,Medium-chain Branched Highly-fluorinated,GAC Reactivation,Lab,Treatment Media,200.0,30.0,,False,Medium,Short,,
2706-90-3,Perfluoropentanoic acid,OC(=O)C(F)(F)C(F)(F)C(F)(F)C(F)(F)F,C5HF9O2,264.047,9,56.25,5,9,5,264.04299999999995,3.0,1.0,1.0,0.0,0.0,Medium-chain,False,False,False,True,Medium-chain Branched Highly-fluorinated,GAC Reactivation,Lab,Treatment Media,500.0,30.0,,False,High,Short,,
2706-90-3,Perfluoropentanoic acid,OC(=O)C(F)(F)C(F)(F)C(F)(F)C(F)(F)F,C5HF9O2,264.047,9,56.25,5,9,5,264.04299999999995,3.0,1.0,1.0,0.0,0.0,Medium-chain,False,False,False,True,Medium-chain Branched Highly-fluorinated,GAC Reactivation,Lab,Treatment Media,475.0,30.0,,False,High,Short,,
2706-90-3,Perfluoropentanoic acid,OC(=O)C(F)(F)C(F)(F)C(F)(F)C(F)(F)F,C5HF9O2,264.047,9,56.25,5,9,5,264.04299999999995,3.0,1.0,1.0,0.0,0.0,Medium-chain,False,False,False,True,Medium-chain Branched Highly-fluorinated,GAC Reactivation,Lab,Treatment Media,250.0,30.0,,False,Medium,Short,,
2706-90-3,Perfluoropentanoic acid,OC(=O)C(F)(F)C(F)(F)C(F)(F)C(F)(F)F,C5HF9O2,264.047,9,56.25,5,9,5,264.04299999999995,3.0,1.0,1.0,0.0,0.0,Medium-chain,False,False,False,True,Medium-chain Branched Highly-fluorinated,GAC Reactivation,Lab,Treatment Media,200.0,30.0,,False,Medium,Short,,
2706-90-3,Perfluoropentanoic acid,OC(=O)C(F)(F)C(F)(F)C(F)(F)C(F)(F)F,C5HF9O2,264.047,9,56.25,5,9,5,264.04299999999995,3.0,1.0,1.0,0.0,0.0,Medium-chain,False,False,False,True,Medium-chain Branched Highly-fluorinated,GAC Reactivation,Lab,Treatment Media,185.0,30.0,,False,Medium,Short,,
2706-90-3,Perfluoropentanoic acid,OC(=O)C(F)(F)C(F)(F)C(F)(F)C(F)(F)F,C5HF9O2,264.047,9,56.25,5,9,5,264.04299999999995,3.0,1.0,1.0,0.0,0.0,Medium-chain,False,False,False,True,Medium-chain Branched Highly-fluorinated,Indirect Thermal Desorption,Pilot,Soil,650.0,120.0,,False,High,Medium,13912.5,
2706-90-3,Perfluoropentanoic acid,OC(=O)C(F)(F)C(F)(F)C(F)(F)C(F)(F)F,C5HF9O2,264.047,9,56.25,5,9,5,264.04299999999995,3.0,1.0,1.0,0.0,0.0,Medium-chain,False,False,False,True,Medium-chain Branched Highly-fluorinated,Indirect Thermal Desorption,Pilot,Soil,500.0,120.0,,False,High,Medium,9235.0,
2706-90-3,Perfluoropentanoic acid,OC(=O)C(F)(F)C(F)(F)C(F)(F)C(F)(F)F,C5HF9O2,264.047,9,56.25,5,9,5,264.04299999999995,3.0,1.0,1.0,0.0,0.0,Medium-chain,False,False,False,True,Medium-chain Branched Highly-fluorinated,Infrared Heating,Pilot,Soil,350.0,11520.0,,False,Medium,Extended,1200.0,
2706-90-3,Perfluoropentanoic acid,OC(=O)C(F)(F)C(F)(F)C(F)(F)C(F)(F)F,C5HF9O2,264.047,9,56.25,5,9,5,264.04299999999995,3.0,1.0,1.0,0.0,0.0,Medium-chain,False,False,False,True,Medium-chain Branched Highly-fluorinated,Infrared Heating,Pilot,Soil,350.0,11520.0,,False,Medium,Extended,0.781,
2706-90-3,Perfluoropentanoic acid,OC(=O)C(F)(F)C(F)(F)C(F)(F)C(F)(F)F,C5HF9O2,264.047,9,56.25,5,9,5,264.04299999999995,3.0,1.0,1.0,0.0,0.0,Medium-chain,False,False,False,True,Medium-chain Branched Highly-fluorinated,Infrared Heating,Pilot,Soil,350.0,11520.0,,False,Medium,Extended,141.3,
2706-90-3,Perfluoropentanoic acid,OC(=O)C(F)(F)C(F)(F)C(F)(F)C(F)(F)F,C5HF9O2,264.047,9,56.25,5,9,5,264.04299999999995,3.0,1.0,1.0,0.0,0.0,Medium-chain,False,False,False,True,Medium-chain Branched Highly-fluorinated,Incineration,Pilot,Other,986.0,180.0,,False,High,Medium,,0.0
2706-90-3,Perfluoropentanoic acid,OC(=O)C(F)(F)C(F)(F)C(F)(F)C(F)(F)F,C5HF9O2,264.047,9,56.25,5,9,5,264.04299999999995,3.0,1.0,1.0,0.0,0.0,Medium-chain,False,False,False,True,Medium-chain Branched Highly-fluorinated,Incineration,Pilot,Other,998.0,140.0,,False,High,Medium,,0.0
2706-90-3,Perfluoropentanoic acid,OC(=O)C(F)(F)C(F)(F)C(F)(F)C(F)(F)F,C5HF9O2,264.047,9,56.25,5,9,5,264.04299999999995,3.0,1.0,1.0,0.0,0.0,Medium-chain,False,False,False,True,Medium-chain Branched Highly-fluorinated,Incineration,Pilot,Other,976.0,210.0,,False,High,Long,,0.0
2706-90-3,Perfluoropentanoic acid,OC(=O)C(F)(F)C(F)(F)C(F)(F)C(F)(F)F,C5HF9O2,264.047,9,56.25,5,9,5,264.04299999999995,3.0,1.0,1.0,0.0,0.0,Medium-chain,False,False,False,True,Medium-chain Branched Highly-fluorinated,Infrared Heating,Pilot,Soil,350.0,11520.0,,False,Medium,Extended,2.6,
2706-90-3,Perfluoropentanoic acid,OC(=O)C(F)(F)C(F)(F)C(F)(F)C(F)(F)F,C5HF9O2,264.047,9,56.25,5,9,5,264.04299999999995,3.0,1.0,1.0,0.0,0.0,Medium-chain,False,False,False,True,Medium-chain Branched Highly-fluorinated,Incineration,Pilot,Other,980.0,180.0,,False,High,Medium,,0.0
2706-90-3,Perfluoropentanoic acid,OC(=O)C(F)(F)C(F)(F)C(F)(F)C(F)(F)F,C5HF9O2,264.047,9,56.25,5,9,5,264.04299999999995,3.0,1.0,1.0,0.0,0.0,Medium-chain,False,False,False,True,Medium-chain Branched Highly-fluorinated,Incineration,Pilot,Other,952.0,145.0,,False,High,Medium,,0.0
2706-90-3,Perfluoropentanoic acid,OC(=O)C(F)(F)C(F)(F)C(F)(F)C(F)(F)F,C5HF9O2,264.047,9,56.25,5,9,5,264.04299999999995,3.0,1.0,1.0,0.0,0.0,Medium-chain,False,False,False,True,Medium-chain Branched Highly-fluorinated,Incineration,Pilot,Other,869.0,180.0,,False,High,Medium,,0.0
2706-90-3,Perfluoropentanoic acid,OC(=O)C(F)(F)C(F)(F)C(F)(F)C(F)(F)F,C5HF9O2,264.047,9,56.25,5,9,5,264.04299999999995,3.0,1.0,1.0,0.0,0.0,Medium-chain,False,False,False,True,Medium-chain Branched Highly-fluorinated,Hydrothermal Treatment,Lab,Other,350.0,180.0,100.0,True,Medium,Medium,69.3,0.0
2706-90-3,Perfluoropentanoic acid,OC(=O)C(F)(F)C(F)(F)C(F)(F)C(F)(F)F,C5HF9O2,264.047,9,56.25,5,9,5,264.04299999999995,3.0,1.0,1.0,0.0,0.0,Medium-chain,False,False,False,True,Medium-chain Branched Highly-fluorinated,Hydrothermal Treatment,Lab,Other,350.0,180.0,100.0,True,Medium,Medium,69.3,0.0
2706-90-3,Perfluoropentanoic acid,OC(=O)C(F)(F)C(F)(F)C(F)(F)C(F)(F)F,C5HF9O2,264.047,9,56.25,5,9,5,264.04299999999995,3.0,1.0,1.0,0.0,0.0,Medium-chain,False,False,False,True,Medium-chain Branched Highly-fluorinated,Hydrothermal Treatment,Lab,Soil,350.0,90.0,99.99180327868852,True,Medium,Medium,122.0,0.01
2706-90-3,Perfluoropentanoic acid,OC(=O)C(F)(F)C(F)(F)C(F)(F)C(F)(F)F,C5HF9O2,264.047,9,56.25,5,9,5,264.04299999999995,3.0,1.0,1.0,0.0,0.0,Medium-chain,False,False,False,True,Medium-chain Branched Highly-fluorinated,Hydrothermal Treatment,Lab,Soil,350.0,90.0,99.9931506849315,True,Medium,Medium,146.0,0.01
2706-90-3,Perfluoropentanoic acid,OC(=O)C(F)(F)C(F)(F)C(F)(F)C(F)(F)F,C5HF9O2,264.047,9,56.25,5,9,5,264.04299999999995,3.0,1.0,1.0,0.0,0.0,Medium-chain,False,False,False,True,Medium-chain Branched Highly-fluorinated,Hydrothermal Treatment,Lab,Other,350.0,90.0,95.13274336283186,True,Medium,Medium,4.52,0.22
2706-90-3,Perfluoropentanoic acid,OC(=O)C(F)(F)C(F)(F)C(F)(F)C(F)(F)F,C5HF9O2,264.047,9,56.25,5,9,5,264.04299999999995,3.0,1.0,1.0,0.0,0.0,Medium-chain,False,False,False,True,Medium-chain Branched Highly-fluorinated,Hydrothermal Treatment,Lab,Other,350.0,90.0,92.76315789473684,True,Medium,Medium,3.04,0.22
2706-90-3,Perfluoropentanoic acid,OC(=O)C(F)(F)C(F)(F)C(F)(F)C(F)(F)F,C5HF9O2,264.047,9,56.25,5,9,5,264.04299999999995,3.0,1.0,1.0,0.0,0.0,Medium-chain,False,False,False,True,Medium-chain Branched Highly-fluorinated,Pyrolysis,Not specified,Sludge,593.33,,,False,High,,5.94,
2706-90-3,Perfluoropentanoic acid,OC(=O)C(F)(F)C(F)(F)C(F)(F)C(F)(F)F,C5HF9O2,264.047,9,56.25,5,9,5,264.04299999999995,3.0,1.0,1.0,0.0,0.0,Medium-chain,False,False,False,True,Medium-chain Branched Highly-fluorinated,Hydrothermal Treatment,Lab,Other,300.0,120.0,,False,Medium,Medium,,
2706-90-3,Perfluoropentanoic acid,OC(=O)C(F)(F)C(F)(F)C(F)(F)C(F)(F)F,C5HF9O2,264.047,9,56.25,5,9,5,264.04299999999995,3.0,1.0,1.0,0.0,0.0,Medium-chain,False,False,False,True,Medium-chain Branched Highly-fluorinated,GAC Reactivation,Lab,Treatment Media,800.0,10.0,,False,High,Short,0.0,
2706-90-3,Perfluoropentanoic acid,OC(=O)C(F)(F)C(F)(F)C(F)(F)C(F)(F)F,C5HF9O2,264.047,9,56.25,5,9,5,264.04299999999995,3.0,1.0,1.0,0.0,0.0,Medium-chain,False,False,False,True,Medium-chain Branched Highly-fluorinated,GAC Reactivation,Lab,Treatment Media,800.0,10.0,,False,High,Short,0.0,
2706-90-3,Perfluoropentanoic acid,OC(=O)C(F)(F)C(F)(F)C(F)(F)C(F)(F)F,C5HF9O2,264.047,9,56.25,5,9,5,264.04299999999995,3.0,1.0,1.0,0.0,0.0,Medium-chain,False,False,False,True,Medium-chain Branched Highly-fluorinated,Vapor Energy Generation,Lab,Soil,1750.0,30.0,,False,High,Short,,0.1
2706-90-3,Perfluoropentanoic acid,OC(=O)C(F)(F)C(F)(F)C(F)(F)C(F)(F)F,C5HF9O2,264.047,9,56.25,5,9,5,264.04299999999995,3.0,1.0,1.0,0.0,0.0,Medium-chain,False,False,False,True,Medium-chain Branched Highly-fluorinated,Vapor Energy Generation,Lab,Soil,1100.0,15.0,0.0,False,High,Short,273.07,302.01
2706-90-3,Perfluoropentanoic acid,OC(=O)C(F)(F)C(F)(F)C(F)(F)C(F)(F)F,C5HF9O2,264.047,9,56.25,5,9,5,264.04299999999995,3.0,1.0,1.0,0.0,0.0,Medium-chain,False,False,False,True,Medium-chain Branched Highly-fluorinated,Vapor Energy Generation,Lab,Soil,900.0,15.0,0.0,False,High,Short,137.7,184.81
2706-90-3,Perfluoropentanoic acid,OC(=O)C(F)(F)C(F)(F)C(F)(F)C(F)(F)F,C5HF9O2,264.047,9,56.25,5,9,5,264.04299999999995,3.0,1.0,1.0,0.0,0.0,Medium-chain,False,False,False,True,Medium-chain Branched Highly-fluorinated,Indirect Thermal Desorption,Lab,Soil,300.0,14400.0,92.6,True,Medium,Extended,100.0,7.4
2706-90-3,Perfluoropentanoic acid,OC(=O)C(F)(F)C(F)(F)C(F)(F)C(F)(F)F,C5HF9O2,264.047,9,56.25,5,9,5,264.04299999999995,3.0,1.0,1.0,0.0,0.0,Medium-chain,False,False,False,True,Medium-chain Branched Highly-fluorinated,Indirect Thermal Desorption,Lab,Soil,350.0,14400.0,99.8,True,Medium,Extended,100.0,0.2
2706-90-3,Perfluoropentanoic acid,OC(=O)C(F)(F)C(F)(F)C(F)(F)C(F)(F)F,C5HF9O2,264.047,9,56.25,5,9,5,264.04299999999995,3.0,1.0,1.0,0.0,0.0,Medium-chain,False,False,False,True,Medium-chain Branched Highly-fluorinated,Indirect Thermal Desorption,Lab,Soil,400.0,20160.0,99.923,True,Medium,Extended,100.0,0.077
27619-97-2,6:2 Fluorotelomer sulfonic acid,OS(=O)(=O)CCC(F)(F)C(F)(F)C(F)(F)C(F)(F)C(F)(F)C(F)(F)F,C8H5F13O3S,428.16,13,52.0,8,13,8,428.16599999999994,7.0,2.0,1.0,0.0,0.0,Long-chain,False,False,False,True,Long-chain Branched Highly-fluorinated,Thermolysis,Lab,Various,400.0,30.0,,False,Medium,Short,0.0,18.5
27619-97-2,6:2 Fluorotelomer sulfonic acid,OS(=O)(=O)CCC(F)(F)C(F)(F)C(F)(F)C(F)(F)C(F)(F)C(F)(F)F,C8H5F13O3S,428.16,13,52.0,8,13,8,428.16599999999994,7.0,2.0,1.0,0.0,0.0,Long-chain,False,False,False,True,Long-chain Branched Highly-fluorinated,Thermolysis,Lab,Various,400.0,30.0,,False,Medium,Short,0.0,45.0
27619-97-2,6:2 Fluorotelomer sulfonic acid,OS(=O)(=O)CCC(F)(F)C(F)(F)C(F)(F)C(F)(F)C(F)(F)C(F)(F)F,C8H5F13O3S,428.16,13,52.0,8,13,8,428.16599999999994,7.0,2.0,1.0,0.0,0.0,Long-chain,False,False,False,True,Long-chain Branched Highly-fluorinated,Thermolysis,Lab,Various,400.0,30.0,100.0,True,Medium,Short,100.0,0.0
27619-97-2,6:2 Fluorotelomer sulfonic acid,OS(=O)(=O)CCC(F)(F)C(F)(F)C(F)(F)C(F)(F)C(F)(F)C(F)(F)F,C8H5F13O3S,428.16,13,52.0,8,13,8,428.16599999999994,7.0,2.0,1.0,0.0,0.0,Long-chain,False,False,False,True,Long-chain Branched Highly-fluorinated,Hydrothermal Treatment,Lab,Other,350.0,2.5,100.0,True,Medium,Short,1600.0,0.0
27619-97-2,6:2 Fluorotelomer sulfonic acid,OS(=O)(=O)CCC(F)(F)C(F)(F)C(F)(F)C(F)(F)C(F)(F)C(F)(F)F,C8H5F13O3S,428.16,13,52.0,8,13,8,428.16599999999994,7.0,2.0,1.0,0.0,0.0,Long-chain,False,False,False,True,Long-chain Branched Highly-fluorinated,Hydrothermal Treatment,Lab,Other,350.0,2.5,100.0,True,Medium,Short,280.0,0.0
27619-97-2,6:2 Fluorotelomer sulfonic acid,OS(=O)(=O)CCC(F)(F)C(F)(F)C(F)(F)C(F)(F)C(F)(F)C(F)(F)F,C8H5F13O3S,428.16,13,52.0,8,13,8,428.16599999999994,7.0,2.0,1.0,0.0,0.0,Long-chain,False,False,False,True,Long-chain Branched Highly-fluorinated,Hydrothermal Treatment,Lab,Other,350.0,2.5,100.0,True,Medium,Short,280.0,0.0
27619-97-2,6:2 Fluorotelomer sulfonic acid,OS(=O)(=O)CCC(F)(F)C(F)(F)C(F)(F)C(F)(F)C(F)(F)C(F)(F)F,C8H5F13O3S,428.16,13,52.0,8,13,8,428.16599999999994,7.0,2.0,1.0,0.0,0.0,Long-chain,False,False,False,True,Long-chain Branched Highly-fluorinated,Pyrolysis,Lab,Sludge,800.0,20.0,51.26050420168067,False,High,Short,0.119,0.058
27619-97-2,6:2 Fluorotelomer sulfonic acid,OS(=O)(=O)CCC(F)(F)C(F)(F)C(F)(F)C(F)(F)C(F)(F)C(F)(F)F,C8H5F13O3S,428.16,13,52.0,8,13,8,428.16599999999994,7.0,2.0,1.0,0.0,0.0,Long-chain,False,False,False,True,Long-chain Branched Highly-fluorinated,Pyrolysis,Lab,Sludge,800.0,20.0,93.2258064516129,True,High,Short,0.93,0.063
27619-97-2,6:2 Fluorotelomer sulfonic acid,OS(=O)(=O)CCC(F)(F)C(F)(F)C(F)(F)C(F)(F)C(F)(F)C(F)(F)F,C8H5F13O3S,428.16,13,52.0,8,13,8,428.16599999999994,7.0,2.0,1.0,0.0,0.0,Long-chain,False,False,False,True,Long-chain Branched Highly-fluorinated,Pyrolysis,Lab,Sludge,800.0,20.0,91.24629080118692,True,High,Short,0.674,0.059
27619-97-2,6:2 Fluorotelomer sulfonic acid,OS(=O)(=O)CCC(F)(F)C(F)(F)C(F)(F)C(F)(F)C(F)(F)C(F)(F)F,C8H5F13O3S,428.16,13,52.0,8,13,8,428.16599999999994,7.0,2.0,1.0,0.0,0.0,Long-chain,False,False,False,True,Long-chain Branched Highly-fluorinated,Pyrolysis,Lab,Sludge,800.0,20.0,94.52830188679243,True,High,Short,1.06,0.058
27619-97-2,6:2 Fluorotelomer sulfonic acid,OS(=O)(=O)CCC(F)(F)C(F)(F)C(F)(F)C(F)(F)C(F)(F)C(F)(F)F,C8H5F13O3S,428.16,13,52.0,8,13,8,428.16599999999994,7.0,2.0,1.0,0.0,0.0,Long-chain,False,False,False,True,Long-chain Branched Highly-fluorinated,Pyrolysis,Lab,Sludge,650.0,20.0,46.21848739495798,False,High,Short,0.119,0.064
27619-97-2,6:2 Fluorotelomer sulfonic acid,OS(=O)(=O)CCC(F)(F)C(F)(F)C(F)(F)C(F)(F)C(F)(F)C(F)(F)F,C8H5F13O3S,428.16,13,52.0,8,13,8,428.16599999999994,7.0,2.0,1.0,0.0,0.0,Long-chain,False,False,False,True,Long-chain Branched Highly-fluorinated,Pyrolysis,Lab,Sludge,650.0,20.0,93.65591397849462,True,High,Short,0.93,0.059
27619-97-2,6:2 Fluorotelomer sulfonic acid,OS(=O)(=O)CCC(F)(F)C(F)(F)C(F)(F)C(F)(F)C(F)(F)C(F)(F)F,C8H5F13O3S,428.16,13,52.0,8,13,8,428.16599999999994,7.0,2.0,1.0,0.0,0.0,Long-chain,False,False,False,True,Long-chain Branched Highly-fluorinated,Pyrolysis,Lab,Sludge,650.0,20.0,91.3946587537092,True,High,Short,0.674,0.058
27619-97-2,6:2 Fluorotelomer sulfonic acid,OS(=O)(=O)CCC(F)(F)C(F)(F)C(F)(F)C(F)(F)C(F)(F)C(F)(F)F,C8H5F13O3S,428.16,13,52.0,8,13,8,428.16599999999994,7.0,2.0,1.0,0.0,0.0,Long-chain,False,False,False,True,Long-chain Branched Highly-fluorinated,Pyrolysis,Lab,Sludge,650.0,20.0,94.24528301886794,True,High,Short,1.06,0.061
27619-97-2,6:2 Fluorotelomer sulfonic acid,OS(=O)(=O)CCC(F)(F)C(F)(F)C(F)(F)C(F)(F)C(F)(F)C(F)(F)F,C8H5F13O3S,428.16,13,52.0,8,13,8,428.16599999999994,7.0,2.0,1.0,0.0,0.0,Long-chain,False,False,False,True,Long-chain Branched Highly-fluorinated,Pyrolysis,Lab,Sludge,500.0,20.0,51.26050420168067,False,High,Short,0.119,0.058
27619-97-2,6:2 Fluorotelomer sulfonic acid,OS(=O)(=O)CCC(F)(F)C(F)(F)C(F)(F)C(F)(F)C(F)(F)C(F)(F)F,C8H5F13O3S,428.16,13,52.0,8,13,8,428.16599999999994,7.0,2.0,1.0,0.0,0.0,Long-chain,False,False,False,True,Long-chain Branched Highly-fluorinated,Pyrolysis,Lab,Sludge,500.0,20.0,93.44086021505376,True,High,Short,0.93,0.061
27619-97-2,6:2 Fluorotelomer sulfonic acid,OS(=O)(=O)CCC(F)(F)C(F)(F)C(F)(F)C(F)(F)C(F)(F)C(F)(F)F,C8H5F13O3S,428.16,13,52.0,8,13,8,428.16599999999994,7.0,2.0,1.0,0.0,0.0,Long-chain,False,False,False,True,Long-chain Branched Highly-fluorinated,Pyrolysis,Lab,Sludge,500.0,20.0,91.24629080118692,True,High,Short,0.674,0.059
27619-97-2,6:2 Fluorotelomer sulfonic acid,OS(=O)(=O)CCC(F)(F)C(F)(F)C(F)(F)C(F)(F)C(F)(F)C(F)(F)F,C8H5F13O3S,428.16,13,52.0,8,13,8,428.16599999999994,7.0,2.0,1.0,0.0,0.0,Long-chain,False,False,False,True,Long-chain Branched Highly-fluorinated,Pyrolysis,Lab,Sludge,500.0,20.0,94.52830188679243,True,High,Short,1.06,0.058
27619-97-2,6:2 Fluorotelomer sulfonic acid,OS(=O)(=O)CCC(F)(F)C(F)(F)C(F)(F)C(F)(F)C(F)(F)C(F)(F)F,C8H5F13O3S,428.16,13,52.0,8,13,8,428.16599999999994,7.0,2.0,1.0,0.0,0.0,Long-chain,False,False,False,True,Long-chain Branched Highly-fluorinated,GAC Reactivation,Full,Treatment Media,1093.0,,99.7625,True,High,,800.0,1.9
27619-97-2,6:2 Fluorotelomer sulfonic acid,OS(=O)(=O)CCC(F)(F)C(F)(F)C(F)(F)C(F)(F)C(F)(F)C(F)(F)F,C8H5F13O3S,428.16,13,52.0,8,13,8,428.16599999999994,7.0,2.0,1.0,0.0,0.0,Long-chain,False,False,False,True,Long-chain Branched Highly-fluorinated,GAC Reactivation,Full,Treatment Media,1093.0,,99.3448275862069,True,High,,290.0,1.9
27619-97-2,6:2 Fluorotelomer sulfonic acid,OS(=O)(=O)CCC(F)(F)C(F)(F)C(F)(F)C(F)(F)C(F)(F)C(F)(F)F,C8H5F13O3S,428.16,13,52.0,8,13,8,428.16599999999994,7.0,2.0,1.0,0.0,0.0,Long-chain,False,False,False,True,Long-chain Branched Highly-fluorinated,GAC Reactivation,Full,Treatment Media,1093.0,,98.27272727272728,True,High,,110.0,1.9
27619-97-2,6:2 Fluorotelomer sulfonic acid,OS(=O)(=O)CCC(F)(F)C(F)(F)C(F)(F)C(F)(F)C(F)(F)C(F)(F)F,C8H5F13O3S,428.16,13,52.0,8,13,8,428.16599999999994,7.0,2.0,1.0,0.0,0.0,Long-chain,False,False,False,True,Long-chain Branched Highly-fluorinated,Pyrolysis,Lab,Sludge,700.0,,,False,High,,0.0,0.0
27619-97-2,6:2 Fluorotelomer sulfonic acid,OS(=O)(=O)CCC(F)(F)C(F)(F)C(F)(F)C(F)(F)C(F)(F)C(F)(F)F,C8H5F13O3S,428.16,13,52.0,8,13,8,428.16599999999994,7.0,2.0,1.0,0.0,0.0,Long-chain,False,False,False,True,Long-chain Branched Highly-fluorinated,Pyrolysis,Lab,Sludge,500.0,,,False,High,,0.0,0.0
27619-97-2,6:2 Fluorotelomer sulfonic acid,OS(=O)(=O)CCC(F)(F)C(F)(F)C(F)(F)C(F)(F)C(F)(F)C(F)(F)F,C8H5F13O3S,428.16,13,52.0,8,13,8,428.16599999999994,7.0,2.0,1.0,0.0,0.0,Long-chain,False,False,False,True,Long-chain Branched Highly-fluorinated,Pyrolysis,Pilot,Sludge,649.0,19.1,58.44155844155844,False,High,Short,1.54,0.64
27619-97-2,6:2 Fluorotelomer sulfonic acid,OS(=O)(=O)CCC(F)(F)C(F)(F)C(F)(F)C(F)(F)C(F)(F)C(F)(F)F,C8H5F13O3S,428.16,13,52.0,8,13,8,428.16599999999994,7.0,2.0,1.0,0.0,0.0,Long-chain,False,False,False,True,Long-chain Branched Highly-fluorinated,Pyrolysis,Pilot,Sludge,649.0,19.1,,False,High,Short,1.8,
27619-97-2,6:2 Fluorotelomer sulfonic acid,OS(=O)(=O)CCC(F)(F)C(F)(F)C(F)(F)C(F)(F)C(F)(F)C(F)(F)F,C8H5F13O3S,428.16,13,52.0,8,13,8,428.16599999999994,7.0,2.0,1.0,0.0,0.0,Long-chain,False,False,False,True,Long-chain Branched Highly-fluorinated,Incineration,Full,Other,850.0,,,False,High,,,
27619-97-2,6:2 Fluorotelomer sulfonic acid,OS(=O)(=O)CCC(F)(F)C(F)(F)C(F)(F)C(F)(F)C(F)(F)C(F)(F)F,C8H5F13O3S,428.16,13,52.0,8,13,8,428.16599999999994,7.0,2.0,1.0,0.0,0.0,Long-chain,False,False,False,True,Long-chain Branched Highly-fluorinated,Incineration,Full,Other,850.0,,,False,High,,,
27619-97-2,6:2 Fluorotelomer sulfonic acid,OS(=O)(=O)CCC(F)(F)C(F)(F)C(F)(F)C(F)(F)C(F)(F)C(F)(F)F,C8H5F13O3S,428.16,13,52.0,8,13,8,428.16599999999994,7.0,2.0,1.0,0.0,0.0,Long-chain,False,False,False,True,Long-chain Branched Highly-fluorinated,Pyrolysis,Pilot,Sludge,,300.0,,False,,Long,,
27619-97-2,6:2 Fluorotelomer sulfonic acid,OS(=O)(=O)CCC(F)(F)C(F)(F)C(F)(F)C(F)(F)C(F)(F)C(F)(F)F,C8H5F13O3S,428.16,13,52.0,8,13,8,428.16599999999994,7.0,2.0,1.0,0.0,0.0,Long-chain,False,False,False,True,Long-chain Branched Highly-fluorinated,Rotary Kiln,Full,Soil,,,,False,,,,
27619-97-2,6:2 Fluorotelomer sulfonic acid,OS(=O)(=O)CCC(F)(F)C(F)(F)C(F)(F)C(F)(F)C(F)(F)C(F)(F)F,C8H5F13O3S,428.16,13,52.0,8,13,8,428.16599999999994,7.0,2.0,1.0,0.0,0.0,Long-chain,False,False,False,True,Long-chain Branched Highly-fluorinated,Indirect Thermal Desorption,Pilot,Soil,650.0,,,False,High,,99.5,
27619-97-2,6:2 Fluorotelomer sulfonic acid,OS(=O)(=O)CCC(F)(F)C(F)(F)C(F)(F)C(F)(F)C(F)(F)C(F)(F)F,C8H5F13O3S,428.16,13,52.0,8,13,8,428.16599999999994,7.0,2.0,1.0,0.0,0.0,Long-chain,False,False,False,True,Long-chain Branched Highly-fluorinated,Indirect Thermal Desorption,Pilot,Soil,650.0,,,False,High,,107.0,
27619-97-2,6:2 Fluorotelomer sulfonic acid,OS(=O)(=O)CCC(F)(F)C(F)(F)C(F)(F)C(F)(F)C(F)(F)C(F)(F)F,C8H5F13O3S,428.16,13,52.0,8,13,8,428.16599999999994,7.0,2.0,1.0,0.0,0.0,Long-chain,False,False,False,True,Long-chain Branched Highly-fluorinated,Indirect Thermal Desorption,Pilot,Soil,500.0,,,False,High,,127.0,
27619-97-2,6:2 Fluorotelomer sulfonic acid,OS(=O)(=O)CCC(F)(F)C(F)(F)C(F)(F)C(F)(F)C(F)(F)C(F)(F)F,C8H5F13O3S,428.16,13,52.0,8,13,8,428.16599999999994,7.0,2.0,1.0,0.0,0.0,Long-chain,False,False,False,True,Long-chain Branched Highly-fluorinated,Indirect Thermal Desorption,Pilot,Soil,500.0,,,False,High,,117.0,
27619-97-2,6:2 Fluorotelomer sulfonic acid,OS(=O)(=O)CCC(F)(F)C(F)(F)C(F)(F)C(F)(F)C(F)(F)C(F)(F)F,C8H5F13O3S,428.16,13,52.0,8,13,8,428.16599999999994,7.0,2.0,1.0,0.0,0.0,Long-chain,False,False,False,True,Long-chain Branched Highly-fluorinated,Indirect Thermal Desorption,Pilot,Soil,650.0,,,False,High,,116.0,
27619-97-2,6:2 Fluorotelomer sulfonic acid,OS(=O)(=O)CCC(F)(F)C(F)(F)C(F)(F)C(F)(F)C(F)(F)C(F)(F)F,C8H5F13O3S,428.16,13,52.0,8,13,8,428.16599999999994,7.0,2.0,1.0,0.0,0.0,Long-chain,False,False,False,True,Long-chain Branched Highly-fluorinated,Indirect Thermal Desorption,Pilot,Soil,500.0,,,False,High,,156.0,
27619-97-2,6:2 Fluorotelomer sulfonic acid,OS(=O)(=O)CCC(F)(F)C(F)(F)C(F)(F)C(F)(F)C(F)(F)C(F)(F)F,C8H5F13O3S,428.16,13,52.0,8,13,8,428.16599999999994,7.0,2.0,1.0,0.0,0.0,Long-chain,False,False,False,True,Long-chain Branched Highly-fluorinated,Indirect Thermal Desorption,Pilot,Soil,650.0,,,False,High,,82.4,
27619-97-2,6:2 Fluorotelomer sulfonic acid,OS(=O)(=O)CCC(F)(F)C(F)(F)C(F)(F)C(F)(F)C(F)(F)C(F)(F)F,C8H5F13O3S,428.16,13,52.0,8,13,8,428.16599999999994,7.0,2.0,1.0,0.0,0.0,Long-chain,False,False,False,True,Long-chain Branched Highly-fluorinated,Indirect Thermal Desorption,Pilot,Soil,500.0,,,False,High,,160.0,
27619-97-2,6:2 Fluorotelomer sulfonic acid,OS(=O)(=O)CCC(F)(F)C(F)(F)C(F)(F)C(F)(F)C(F)(F)C(F)(F)F,C8H5F13O3S,428.16,13,52.0,8,13,8,428.16599999999994,7.0,2.0,1.0,0.0,0.0,Long-chain,False,False,False,True,Long-chain Branched Highly-fluorinated,Infrared Heating,Pilot,Soil,350.0,11520.0,,False,Medium,Extended,8.94,
27619-97-2,6:2 Fluorotelomer sulfonic acid,OS(=O)(=O)CCC(F)(F)C(F)(F)C(F)(F)C(F)(F)C(F)(F)C(F)(F)F,C8H5F13O3S,428.16,13,52.0,8,13,8,428.16599999999994,7.0,2.0,1.0,0.0,0.0,Long-chain,False,False,False,True,Long-chain Branched Highly-fluorinated,Infrared Heating,Pilot,Soil,350.0,11520.0,,False,Medium,Extended,4.37,
27619-97-2,6:2 Fluorotelomer sulfonic acid,OS(=O)(=O)CCC(F)(F)C(F)(F)C(F)(F)C(F)(F)C(F)(F)C(F)(F)F,C8H5F13O3S,428.16,13,52.0,8,13,8,428.16599999999994,7.0,2.0,1.0,0.0,0.0,Long-chain,False,False,False,True,Long-chain Branched Highly-fluorinated,Infrared Heating,Pilot,Soil,350.0,11520.0,,False,Medium,Extended,2.4,
27619-97-2,6:2 Fluorotelomer sulfonic acid,OS(=O)(=O)CCC(F)(F)C(F)(F)C(F)(F)C(F)(F)C(F)(F)C(F)(F)F,C8H5F13O3S,428.16,13,52.0,8,13,8,428.16599999999994,7.0,2.0,1.0,0.0,0.0,Long-chain,False,False,False,True,Long-chain Branched Highly-fluorinated,Infrared Heating,Pilot,Soil,350.0,11520.0,,False,Medium,Extended,6.86,
27619-97-2,6:2 Fluorotelomer sulfonic acid,OS(=O)(=O)CCC(F)(F)C(F)(F)C(F)(F)C(F)(F)C(F)(F)C(F)(F)F,C8H5F13O3S,428.16,13,52.0,8,13,8,428.16599999999994,7.0,2.0,1.0,0.0,0.0,Long-chain,False,False,False,True,Long-chain Branched Highly-fluorinated,Hydrothermal Treatment,Lab,Other,350.0,180.0,100.0,True,Medium,Medium,28.6,0.0
27619-97-2,6:2 Fluorotelomer sulfonic acid,OS(=O)(=O)CCC(F)(F)C(F)(F)C(F)(F)C(F)(F)C(F)(F)C(F)(F)F,C8H5F13O3S,428.16,13,52.0,8,13,8,428.16599999999994,7.0,2.0,1.0,0.0,0.0,Long-chain,False,False,False,True,Long-chain Branched Highly-fluorinated,Hydrothermal Treatment,Lab,Other,350.0,180.0,,False,Medium,Medium,0.0,0.0
27619-97-2,6:2 Fluorotelomer sulfonic acid,OS(=O)(=O)CCC(F)(F)C(F)(F)C(F)(F)C(F)(F)C(F)(F)C(F)(F)F,C8H5F13O3S,428.16,13,52.0,8,13,8,428.16599999999994,7.0,2.0,1.0,0.0,0.0,Long-chain,False,False,False,True,Long-chain Branched Highly-fluorinated,Hydrothermal Treatment,Lab,Other,350.0,180.0,,False,Medium,Medium,0.0,0.0
27619-97-2,6:2 Fluorotelomer sulfonic acid,OS(=O)(=O)CCC(F)(F)C(F)(F)C(F)(F)C(F)(F)C(F)(F)C(F)(F)F,C8H5F13O3S,428.16,13,52.0,8,13,8,428.16599999999994,7.0,2.0,1.0,0.0,0.0,Long-chain,False,False,False,True,Long-chain Branched Highly-fluorinated,Hydrothermal Treatment,Lab,Soil,350.0,90.0,99.97894736842106,True,Medium,Medium,47.5,0.01
27619-97-2,6:2 Fluorotelomer sulfonic acid,OS(=O)(=O)CCC(F)(F)C(F)(F)C(F)(F)C(F)(F)C(F)(F)C(F)(F)F,C8H5F13O3S,428.16,13,52.0,8,13,8,428.16599999999994,7.0,2.0,1.0,0.0,0.0,Long-chain,False,False,False,True,Long-chain Branched Highly-fluorinated,Hydrothermal Treatment,Lab,Soil,350.0,90.0,99.9928057553957,True,Medium,Medium,139.0,0.01
27619-97-2,6:2 Fluorotelomer sulfonic acid,OS(=O)(=O)CCC(F)(F)C(F)(F)C(F)(F)C(F)(F)C(F)(F)C(F)(F)F,C8H5F13O3S,428.16,13,52.0,8,13,8,428.16599999999994,7.0,2.0,1.0,0.0,0.0,Long-chain,False,False,False,True,Long-chain Branched Highly-fluorinated,Hydrothermal Treatment,Lab,Soil,350.0,90.0,99.9953488372093,True,Medium,Medium,215.0,0.01
27619-97-2,6:2 Fluorotelomer sulfonic acid,OS(=O)(=O)CCC(F)(F)C(F)(F)C(F)(F)C(F)(F)C(F)(F)C(F)(F)F,C8H5F13O3S,428.16,13,52.0,8,13,8,428.16599999999994,7.0,2.0,1.0,0.0,0.0,Long-chain,False,False,False,True,Long-chain Branched Highly-fluorinated,Hydrothermal Treatment,Lab,Other,350.0,90.0,0.0,False,Medium,Medium,0.11,0.11
27619-97-2,6:2 Fluorotelomer sulfonic acid,OS(=O)(=O)CCC(F)(F)C(F)(F)C(F)(F)C(F)(F)C(F)(F)C(F)(F)F,C8H5F13O3S,428.16,13,52.0,8,13,8,428.16599999999994,7.0,2.0,1.0,0.0,0.0,Long-chain,False,False,False,True,Long-chain Branched Highly-fluorinated,Hydrothermal Treatment,Lab,Other,350.0,90.0,95.33898305084746,True,Medium,Medium,2.36,0.11
27619-97-2,6:2 Fluorotelomer sulfonic acid,OS(=O)(=O)CCC(F)(F)C(F)(F)C(F)(F)C(F)(F)C(F)(F)C(F)(F)F,C8H5F13O3S,428.16,13,52.0,8,13,8,428.16599999999994,7.0,2.0,1.0,0.0,0.0,Long-chain,False,False,False,True,Long-chain Branched Highly-fluorinated,Pyrolysis,Not specified,Sludge,593.33,,,False,High,,0.0,
474511-07-4,Perfluorononanesulfonate,[O-]S(=O)(=O)C(F)(F)C(F)(F)C(F)(F)C(F)(F)C(F)(F)C(F)(F)C(F)(F)C(F)(F)C(F)(F)F,C9F19O3S,549.13,19,59.375,9,19,9,549.125,8.0,3.0,0.0,0.0,0.0,Long-chain,False,False,False,True,Long-chain Branched Highly-fluorinated,Pyrolysis,Lab,Sludge,800.0,20.0,18.421052631578945,False,High,Short,0.038,0.031
474511-07-4,Perfluorononanesulfonate,[O-]S(=O)(=O)C(F)(F)C(F)(F)C(F)(F)C(F)(F)C(F)(F)C(F)(F)C(F)(F)C(F)(F)C(F)(F)F,C9F19O3S,549.13,19,59.375,9,19,9,549.125,8.0,3.0,0.0,0.0,0.0,Long-chain,False,False,False,True,Long-chain Branched Highly-fluorinated,Pyrolysis,Lab,Sludge,650.0,20.0,15.789473684210522,False,High,Short,0.038,0.032
474511-07-4,Perfluorononanesulfonate,[O-]S(=O)(=O)C(F)(F)C(F)(F)C(F)(F)C(F)(F)C(F)(F)C(F)(F)C(F)(F)C(F)(F)C(F)(F)F,C9F19O3S,549.13,19,59.375,9,19,9,549.125,8.0,3.0,0.0,0.0,0.0,Long-chain,False,False,False,True,Long-chain Branched Highly-fluorinated,Pyrolysis,Lab,Sludge,500.0,20.0,18.421052631578945,False,High,Short,0.038,0.031
474511-07-4,Perfluorononanesulfonate,[O-]S(=O)(=O)C(F)(F)C(F)(F)C(F)(F)C(F)(F)C(F)(F)C(F)(F)C(F)(F)C(F)(F)C(F)(F)F,C9F19O3S,549.13,19,59.375,9,19,9,549.125,8.0,3.0,0.0,0.0,0.0,Long-chain,False,False,False,True,Long-chain Branched Highly-fluorinated,GAC Reactivation,Full,Treatment Media,1093.0,,94.14141414141412,True,High,,9.9,0.58
474511-07-4,Perfluorononanesulfonate,[O-]S(=O)(=O)C(F)(F)C(F)(F)C(F)(F)C(F)(F)C(F)(F)C(F)(F)C(F)(F)C(F)(F)C(F)(F)F,C9F19O3S,549.13,19,59.375,9,19,9,549.125,8.0,3.0,0.0,0.0,0.0,Long-chain,False,False,False,True,Long-chain Branched Highly-fluorinated,GAC Reactivation,Full,Treatment Media,1093.0,,97.85185185185186,True,High,,27.0,0.58
474511-07-4,Perfluorononanesulfonate,[O-]S(=O)(=O)C(F)(F)C(F)(F)C(F)(F)C(F)(F)C(F)(F)C(F)(F)C(F)(F)C(F)(F)C(F)(F)F,C9F19O3S,549.13,19,59.375,9,19,9,549.125,8.0,3.0,0.0,0.0,0.0,Long-chain,False,False,False,True,Long-chain Branched Highly-fluorinated,GAC Reactivation,Full,Treatment Media,1093.0,,98.55,True,High,,40.0,0.58
474511-07-4,Perfluorononanesulfonate,[O-]S(=O)(=O)C(F)(F)C(F)(F)C(F)(F)C(F)(F)C(F)(F)C(F)(F)C(F)(F)C(F)(F)C(F)(F)F,C9F19O3S,549.13,19,59.375,9,19,9,549.125,8.0,3.0,0.0,0.0,0.0,Long-chain,False,False,False,True,Long-chain Branched Highly-fluorinated,Thermal Oxidation of Off-gas,Lab,Treatment Media,590.0,0.1666666666666666,,False,High,Short,100.0,
474511-07-4,Perfluorononanesulfonate,[O-]S(=O)(=O)C(F)(F)C(F)(F)C(F)(F)C(F)(F)C(F)(F)C(F)(F)C(F)(F)C(F)(F)C(F)(F)F,C9F19O3S,549.13,19,59.375,9,19,9,549.125,8.0,3.0,0.0,0.0,0.0,Long-chain,False,False,False,True,Long-chain Branched Highly-fluorinated,Indirect Thermal Desorption,Pilot,Soil,650.0,,,False,High,,7.79,
474511-07-4,Perfluorononanesulfonate,[O-]S(=O)(=O)C(F)(F)C(F)(F)C(F)(F)C(F)(F)C(F)(F)C(F)(F)C(F)(F)C(F)(F)C(F)(F)F,C9F19O3S,549.13,19,59.375,9,19,9,549.125,8.0,3.0,0.0,0.0,0.0,Long-chain,False,False,False,True,Long-chain Branched Highly-fluorinated,Indirect Thermal Desorption,Pilot,Soil,650.0,,,False,High,,15.1,
474511-07-4,Perfluorononanesulfonate,[O-]S(=O)(=O)C(F)(F)C(F)(F)C(F)(F)C(F)(F)C(F)(F)C(F)(F)C(F)(F)C(F)(F)C(F)(F)F,C9F19O3S,549.13,19,59.375,9,19,9,549.125,8.0,3.0,0.0,0.0,0.0,Long-chain,False,False,False,True,Long-chain Branched Highly-fluorinated,Indirect Thermal Desorption,Pilot,Soil,500.0,,,False,High,,13.7,
474511-07-4,Perfluorononanesulfonate,[O-]S(=O)(=O)C(F)(F)C(F)(F)C(F)(F)C(F)(F)C(F)(F)C(F)(F)C(F)(F)C(F)(F)C(F)(F)F,C9F19O3S,549.13,19,59.375,9,19,9,549.125,8.0,3.0,0.0,0.0,0.0,Long-chain,False,False,False,True,Long-chain Branched Highly-fluorinated,Indirect Thermal Desorption,Pilot,Soil,500.0,,,False,High,,14.9,
474511-07-4,Perfluorononanesulfonate,[O-]S(=O)(=O)C(F)(F)C(F)(F)C(F)(F)C(F)(F)C(F)(F)C(F)(F)C(F)(F)C(F)(F)C(F)(F)F,C9F19O3S,549.13,19,59.375,9,19,9,549.125,8.0,3.0,0.0,0.0,0.0,Long-chain,False,False,False,True,Long-chain Branched Highly-fluorinated,Indirect Thermal Desorption,Pilot,Soil,650.0,,,False,High,,13.3,
474511-07-4,Perfluorononanesulfonate,[O-]S(=O)(=O)C(F)(F)C(F)(F)C(F)(F)C(F)(F)C(F)(F)C(F)(F)C(F)(F)C(F)(F)C(F)(F)F,C9F19O3S,549.13,19,59.375,9,19,9,549.125,8.0,3.0,0.0,0.0,0.0,Long-chain,False,False,False,True,Long-chain Branched Highly-fluorinated,Indirect Thermal Desorption,Pilot,Soil,500.0,,,False,High,,8.38,
474511-07-4,Perfluorononanesulfonate,[O-]S(=O)(=O)C(F)(F)C(F)(F)C(F)(F)C(F)(F)C(F)(F)C(F)(F)C(F)(F)C(F)(F)C(F)(F)F,C9F19O3S,549.13,19,59.375,9,19,9,549.125,8.0,3.0,0.0,0.0,0.0,Long-chain,False,False,False,True,Long-chain Branched Highly-fluorinated,Indirect Thermal Desorption,Pilot,Soil,650.0,,,False,High,,16.0,
474511-07-4,Perfluorononanesulfonate,[O-]S(=O)(=O)C(F)(F)C(F)(F)C(F)(F)C(F)(F)C(F)(F)C(F)(F)C(F)(F)C(F)(F)C(F)(F)F,C9F19O3S,549.13,19,59.375,9,19,9,549.125,8.0,3.0,0.0,0.0,0.0,Long-chain,False,False,False,True,Long-chain Branched Highly-fluorinated,Indirect Thermal Desorption,Pilot,Soil,500.0,,,False,High,,7.7,
474511-07-4,Perfluorononanesulfonate,[O-]S(=O)(=O)C(F)(F)C(F)(F)C(F)(F)C(F)(F)C(F)(F)C(F)(F)C(F)(F)C(F)(F)C(F)(F)F,C9F19O3S,549.13,19,59.375,9,19,9,549.125,8.0,3.0,0.0,0.0,0.0,Long-chain,False,False,False,True,Long-chain Branched Highly-fluorinated,Infrared Heating,Pilot,Soil,350.0,11520.0,,False,Medium,Extended,1.88,
474511-07-4,Perfluorononanesulfonate,[O-]S(=O)(=O)C(F)(F)C(F)(F)C(F)(F)C(F)(F)C(F)(F)C(F)(F)C(F)(F)C(F)(F)C(F)(F)F,C9F19O3S,549.13,19,59.375,9,19,9,549.125,8.0,3.0,0.0,0.0,0.0,Long-chain,False,False,False,True,Long-chain Branched Highly-fluorinated,Infrared Heating,Pilot,Soil,350.0,11520.0,,False,Medium,Extended,0.262,
474511-07-4,Perfluorononanesulfonate,[O-]S(=O)(=O)C(F)(F)C(F)(F)C(F)(F)C(F)(F)C(F)(F)C(F)(F)C(F)(F)C(F)(F)C(F)(F)F,C9F19O3S,549.13,19,59.375,9,19,9,549.125,8.0,3.0,0.0,0.0,0.0,Long-chain,False,False,False,True,Long-chain Branched Highly-fluorinated,Infrared Heating,Pilot,Soil,350.0,11520.0,,False,Medium,Extended,0.15,
474511-07-4,Perfluorononanesulfonate,[O-]S(=O)(=O)C(F)(F)C(F)(F)C(F)(F)C(F)(F)C(F)(F)C(F)(F)C(F)(F)C(F)(F)C(F)(F)F,C9F19O3S,549.13,19,59.375,9,19,9,549.125,8.0,3.0,0.0,0.0,0.0,Long-chain,False,False,False,True,Long-chain Branched Highly-fluorinated,Infrared Heating,Pilot,Soil,350.0,11520.0,,False,Medium,Extended,0.136,
474511-07-4,Perfluorononanesulfonate,[O-]S(=O)(=O)C(F)(F)C(F)(F)C(F)(F)C(F)(F)C(F)(F)C(F)(F)C(F)(F)C(F)(F)C(F)(F)F,C9F19O3S,549.13,19,59.375,9,19,9,549.125,8.0,3.0,0.0,0.0,0.0,Long-chain,False,False,False,True,Long-chain Branched Highly-fluorinated,Hydrothermal Treatment,Lab,Other,350.0,180.0,100.0,True,Medium,Medium,6.83,0.0
474511-07-4,Perfluorononanesulfonate,[O-]S(=O)(=O)C(F)(F)C(F)(F)C(F)(F)C(F)(F)C(F)(F)C(F)(F)C(F)(F)C(F)(F)C(F)(F)F,C9F19O3S,549.13,19,59.375,9,19,9,549.125,8.0,3.0,0.0,0.0,0.0,Long-chain,False,False,False,True,Long-chain Branched Highly-fluorinated,Hydrothermal Treatment,Lab,Other,350.0,180.0,100.0,True,Medium,Medium,6.83,0.0
474511-07-4,Perfluorononanesulfonate,[O-]S(=O)(=O)C(F)(F)C(F)(F)C(F)(F)C(F)(F)C(F)(F)C(F)(F)C(F)(F)C(F)(F)C(F)(F)F,C9F19O3S,549.13,19,59.375,9,19,9,549.125,8.0,3.0,0.0,0.0,0.0,Long-chain,False,False,False,True,Long-chain Branched Highly-fluorinated,Hydrothermal Treatment,Lab,Soil,350.0,90.0,99.98054474708172,True,Medium,Medium,51.4,0.01
474511-07-4,Perfluorononanesulfonate,[O-]S(=O)(=O)C(F)(F)C(F)(F)C(F)(F)C(F)(F)C(F)(F)C(F)(F)C(F)(F)C(F)(F)C(F)(F)F,C9F19O3S,549.13,19,59.375,9,19,9,549.125,8.0,3.0,0.0,0.0,0.0,Long-chain,False,False,False,True,Long-chain Branched Highly-fluorinated,Hydrothermal Treatment,Lab,Soil,350.0,90.0,99.37368421052632,True,Medium,Medium,1900.0,11.9
474511-07-4,Perfluorononanesulfonate,[O-]S(=O)(=O)C(F)(F)C(F)(F)C(F)(F)C(F)(F)C(F)(F)C(F)(F)C(F)(F)C(F)(F)C(F)(F)F,C9F19O3S,549.13,19,59.375,9,19,9,549.125,8.0,3.0,0.0,0.0,0.0,Long-chain,False,False,False,True,Long-chain Branched Highly-fluorinated,Pyrolysis,Not specified,Sludge,593.33,,,False,High,,0.0,
73606-19-6,Potassium 9-chlorohexadecafluoro-3-oxanonane-1-sulfonate,[K+].[O-]S(=O)(=O)C(F)(F)C(F)(F)OC(F)(F)C(F)(F)C(F)(F)C(F)(F)C(F)(F)C(F)(F)Cl,C8ClF16KO4S,570.67,16,51.61290322580645,8,16,8,570.6700000000001,9.0,4.0,0.0,0.0,0.0,Long-chain,False,False,False,True,Long-chain Branched Highly-fluorinated,Pyrolysis,Not specified,Sludge,593.33,,,False,High,,0.0,
2991-50-6,2-(N-Ethylperfluorooctanesulfonamido)acetic acid,CCN(CC(O)=O)S(=O)(=O)C(F)(F)C(F)(F)C(F)(F)C(F)(F)C(F)(F)C(F)(F)C(F)(F)C(F)(F)F,C12H8F17NO4S,585.23,17,48.57142857142857,12,17,12,585.2320000000001,11.0,3.0,1.0,0.0,0.0,Long-chain,False,False,False,True,Long-chain Branched Moderately-fluorinated,Pyrolysis,Lab,Sludge,800.0,20.0,83.13953488372093,True,High,Short,0.172,0.029
2991-50-6,2-(N-Ethylperfluorooctanesulfonamido)acetic acid,CCN(CC(O)=O)S(=O)(=O)C(F)(F)C(F)(F)C(F)(F)C(F)(F)C(F)(F)C(F)(F)C(F)(F)C(F)(F)F,C12H8F17NO4S,585.23,17,48.57142857142857,12,17,12,585.2320000000001,11.0,3.0,1.0,0.0,0.0,Long-chain,False,False,False,True,Long-chain Branched Moderately-fluorinated,Pyrolysis,Lab,Sludge,800.0,20.0,86.22222222222223,True,High,Short,0.225,0.031
2991-50-6,2-(N-Ethylperfluorooctanesulfonamido)acetic acid,CCN(CC(O)=O)S(=O)(=O)C(F)(F)C(F)(F)C(F)(F)C(F)(F)C(F)(F)C(F)(F)C(F)(F)C(F)(F)F,C12H8F17NO4S,585.23,17,48.57142857142857,12,17,12,585.2320000000001,11.0,3.0,1.0,0.0,0.0,Long-chain,False,False,False,True,Long-chain Branched Moderately-fluorinated,Pyrolysis,Lab,Sludge,800.0,20.0,88.93129770992367,True,High,Short,0.262,0.029
2991-50-6,2-(N-Ethylperfluorooctanesulfonamido)acetic acid,CCN(CC(O)=O)S(=O)(=O)C(F)(F)C(F)(F)C(F)(F)C(F)(F)C(F)(F)C(F)(F)C(F)(F)C(F)(F)F,C12H8F17NO4S,585.23,17,48.57142857142857,12,17,12,585.2320000000001,11.0,3.0,1.0,0.0,0.0,Long-chain,False,False,False,True,Long-chain Branched Moderately-fluorinated,Pyrolysis,Lab,Sludge,650.0,20.0,86.66666666666667,True,High,Short,0.225,0.03
2991-50-6,2-(N-Ethylperfluorooctanesulfonamido)acetic acid,CCN(CC(O)=O)S(=O)(=O)C(F)(F)C(F)(F)C(F)(F)C(F)(F)C(F)(F)C(F)(F)C(F)(F)C(F)(F)F,C12H8F17NO4S,585.23,17,48.57142857142857,12,17,12,585.2320000000001,11.0,3.0,1.0,0.0,0.0,Long-chain,False,False,False,True,Long-chain Branched Moderately-fluorinated,Pyrolysis,Lab,Sludge,650.0,20.0,83.13953488372093,True,High,Short,0.172,0.029
2991-50-6,2-(N-Ethylperfluorooctanesulfonamido)acetic acid,CCN(CC(O)=O)S(=O)(=O)C(F)(F)C(F)(F)C(F)(F)C(F)(F)C(F)(F)C(F)(F)C(F)(F)C(F)(F)F,C12H8F17NO4S,585.23,17,48.57142857142857,12,17,12,585.2320000000001,11.0,3.0,1.0,0.0,0.0,Long-chain,False,False,False,True,Long-chain Branched Moderately-fluorinated,Pyrolysis,Lab,Sludge,650.0,20.0,88.54961832061069,True,High,Short,0.262,0.03
2991-50-6,2-(N-Ethylperfluorooctanesulfonamido)acetic acid,CCN(CC(O)=O)S(=O)(=O)C(F)(F)C(F)(F)C(F)(F)C(F)(F)C(F)(F)C(F)(F)C(F)(F)C(F)(F)F,C12H8F17NO4S,585.23,17,48.57142857142857,12,17,12,585.2320000000001,11.0,3.0,1.0,0.0,0.0,Long-chain,False,False,False,True,Long-chain Branched Moderately-fluorinated,Pyrolysis,Lab,Sludge,500.0,20.0,82.55813953488372,True,High,Short,0.172,0.03
2991-50-6,2-(N-Ethylperfluorooctanesulfonamido)acetic acid,CCN(CC(O)=O)S(=O)(=O)C(F)(F)C(F)(F)C(F)(F)C(F)(F)C(F)(F)C(F)(F)C(F)(F)C(F)(F)F,C12H8F17NO4S,585.23,17,48.57142857142857,12,17,12,585.2320000000001,11.0,3.0,1.0,0.0,0.0,Long-chain,False,False,False,True,Long-chain Branched Moderately-fluorinated,Pyrolysis,Lab,Sludge,500.0,20.0,86.22222222222223,True,High,Short,0.225,0.031
2991-50-6,2-(N-Ethylperfluorooctanesulfonamido)acetic acid,CCN(CC(O)=O)S(=O)(=O)C(F)(F)C(F)(F)C(F)(F)C(F)(F)C(F)(F)C(F)(F)C(F)(F)C(F)(F)F,C12H8F17NO4S,585.23,17,48.57142857142857,12,17,12,585.2320000000001,11.0,3.0,1.0,0.0,0.0,Long-chain,False,False,False,True,Long-chain Branched Moderately-fluorinated,Pyrolysis,Lab,Sludge,500.0,20.0,88.93129770992367,True,High,Short,0.262,0.029
2991-50-6,2-(N-Ethylperfluorooctanesulfonamido)acetic acid,CCN(CC(O)=O)S(=O)(=O)C(F)(F)C(F)(F)C(F)(F)C(F)(F)C(F)(F)C(F)(F)C(F)(F)C(F)(F)F,C12H8F17NO4S,585.23,17,48.57142857142857,12,17,12,585.2320000000001,11.0,3.0,1.0,0.0,0.0,Long-chain,False,False,False,True,Long-chain Branched Moderately-fluorinated,GAC Reactivation,Full,Treatment Media,1093.0,,99.6346153846154,True,High,,520.0,1.9
2991-50-6,2-(N-Ethylperfluorooctanesulfonamido)acetic acid,CCN(CC(O)=O)S(=O)(=O)C(F)(F)C(F)(F)C(F)(F)C(F)(F)C(F)(F)C(F)(F)C(F)(F)C(F)(F)F,C12H8F17NO4S,585.23,17,48.57142857142857,12,17,12,585.2320000000001,11.0,3.0,1.0,0.0,0.0,Long-chain,False,False,False,True,Long-chain Branched Moderately-fluorinated,GAC Reactivation,Full,Treatment Media,1093.0,,99.56818181818184,True,High,,440.0,1.9
2991-50-6,2-(N-Ethylperfluorooctanesulfonamido)acetic acid,CCN(CC(O)=O)S(=O)(=O)C(F)(F)C(F)(F)C(F)(F)C(F)(F)C(F)(F)C(F)(F)C(F)(F)C(F)(F)F,C12H8F17NO4S,585.23,17,48.57142857142857,12,17,12,585.2320000000001,11.0,3.0,1.0,0.0,0.0,Long-chain,False,False,False,True,Long-chain Branched Moderately-fluorinated,GAC Reactivation,Full,Treatment Media,1093.0,,99.68852459016394,True,High,,610.0,1.9
2991-50-6,2-(N-Ethylperfluorooctanesulfonamido)acetic acid,CCN(CC(O)=O)S(=O)(=O)C(F)(F)C(F)(F)C(F)(F)C(F)(F)C(F)(F)C(F)(F)C(F)(F)C(F)(F)F,C12H8F17NO4S,585.23,17,48.57142857142857,12,17,12,585.2320000000001,11.0,3.0,1.0,0.0,0.0,Long-chain,False,False,False,True,Long-chain Branched Moderately-fluorinated,Pyrolysis,Pilot,Sludge,649.0,19.1,96.38297872340424,True,High,Short,18.8,0.68
2991-50-6,2-(N-Ethylperfluorooctanesulfonamido)acetic acid,CCN(CC(O)=O)S(=O)(=O)C(F)(F)C(F)(F)C(F)(F)C(F)(F)C(F)(F)C(F)(F)C(F)(F)C(F)(F)F,C12H8F17NO4S,585.23,17,48.57142857142857,12,17,12,585.2320000000001,11.0,3.0,1.0,0.0,0.0,Long-chain,False,False,False,True,Long-chain Branched Moderately-fluorinated,Pyrolysis,Pilot,Sludge,649.0,19.1,98.57375713121434,True,High,Short,24.54,0.35
2991-50-6,2-(N-Ethylperfluorooctanesulfonamido)acetic acid,CCN(CC(O)=O)S(=O)(=O)C(F)(F)C(F)(F)C(F)(F)C(F)(F)C(F)(F)C(F)(F)C(F)(F)C(F)(F)F,C12H8F17NO4S,585.23,17,48.57142857142857,12,17,12,585.2320000000001,11.0,3.0,1.0,0.0,0.0,Long-chain,False,False,False,True,Long-chain Branched Moderately-fluorinated,Pyrolysis,Pilot,Sludge,649.0,19.1,100.0,True,High,Short,21.7,0.0
2991-50-6,2-(N-Ethylperfluorooctanesulfonamido)acetic acid,CCN(CC(O)=O)S(=O)(=O)C(F)(F)C(F)(F)C(F)(F)C(F)(F)C(F)(F)C(F)(F)C(F)(F)C(F)(F)F,C12H8F17NO4S,585.23,17,48.57142857142857,12,17,12,585.2320000000001,11.0,3.0,1.0,0.0,0.0,Long-chain,False,False,False,True,Long-chain Branched Moderately-fluorinated,Rotary Kiln,Full,Soil,,,,False,,,,
2991-50-6,2-(N-Ethylperfluorooctanesulfonamido)acetic acid,CCN(CC(O)=O)S(=O)(=O)C(F)(F)C(F)(F)C(F)(F)C(F)(F)C(F)(F)C(F)(F)C(F)(F)C(F)(F)F,C12H8F17NO4S,585.23,17,48.57142857142857,12,17,12,585.2320000000001,11.0,3.0,1.0,0.0,0.0,Long-chain,False,False,False,True,Long-chain Branched Moderately-fluorinated,Indirect Thermal Desorption,Pilot,Soil,650.0,,,False,High,,4.84,
2991-50-6,2-(N-Ethylperfluorooctanesulfonamido)acetic acid,CCN(CC(O)=O)S(=O)(=O)C(F)(F)C(F)(F)C(F)(F)C(F)(F)C(F)(F)C(F)(F)C(F)(F)C(F)(F)F,C12H8F17NO4S,585.23,17,48.57142857142857,12,17,12,585.2320000000001,11.0,3.0,1.0,0.0,0.0,Long-chain,False,False,False,True,Long-chain Branched Moderately-fluorinated,Indirect Thermal Desorption,Pilot,Soil,650.0,,,False,High,,1.96,
2991-50-6,2-(N-Ethylperfluorooctanesulfonamido)acetic acid,CCN(CC(O)=O)S(=O)(=O)C(F)(F)C(F)(F)C(F)(F)C(F)(F)C(F)(F)C(F)(F)C(F)(F)C(F)(F)F,C12H8F17NO4S,585.23,17,48.57142857142857,12,17,12,585.2320000000001,11.0,3.0,1.0,0.0,0.0,Long-chain,False,False,False,True,Long-chain Branched Moderately-fluorinated,Indirect Thermal Desorption,Pilot,Soil,500.0,,,False,High,,1.95,
2991-50-6,2-(N-Ethylperfluorooctanesulfonamido)acetic acid,CCN(CC(O)=O)S(=O)(=O)C(F)(F)C(F)(F)C(F)(F)C(F)(F)C(F)(F)C(F)(F)C(F)(F)C(F)(F)F,C12H8F17NO4S,585.23,17,48.57142857142857,12,17,12,585.2320000000001,11.0,3.0,1.0,0.0,0.0,Long-chain,False,False,False,True,Long-chain Branched Moderately-fluorinated,Indirect Thermal Desorption,Pilot,Soil,500.0,,,False,High,,1.92,
2991-50-6,2-(N-Ethylperfluorooctanesulfonamido)acetic acid,CCN(CC(O)=O)S(=O)(=O)C(F)(F)C(F)(F)C(F)(F)C(F)(F)C(F)(F)C(F)(F)C(F)(F)C(F)(F)F,C12H8F17NO4S,585.23,17,48.57142857142857,12,17,12,585.2320000000001,11.0,3.0,1.0,0.0,0.0,Long-chain,False,False,False,True,Long-chain Branched Moderately-fluorinated,Indirect Thermal Desorption,Pilot,Soil,650.0,,,False,High,,1.96,
2991-50-6,2-(N-Ethylperfluorooctanesulfonamido)acetic acid,CCN(CC(O)=O)S(=O)(=O)C(F)(F)C(F)(F)C(F)(F)C(F)(F)C(F)(F)C(F)(F)C(F)(F)C(F)(F)F,C12H8F17NO4S,585.23,17,48.57142857142857,12,17,12,585.2320000000001,11.0,3.0,1.0,0.0,0.0,Long-chain,False,False,False,True,Long-chain Branched Moderately-fluorinated,Indirect Thermal Desorption,Pilot,Soil,500.0,,,False,High,,192.0,
2991-50-6,2-(N-Ethylperfluorooctanesulfonamido)acetic acid,CCN(CC(O)=O)S(=O)(=O)C(F)(F)C(F)(F)C(F)(F)C(F)(F)C(F)(F)C(F)(F)C(F)(F)C(F)(F)F,C12H8F17NO4S,585.23,17,48.57142857142857,12,17,12,585.2320000000001,11.0,3.0,1.0,0.0,0.0,Long-chain,False,False,False,True,Long-chain Branched Moderately-fluorinated,Indirect Thermal Desorption,Pilot,Soil,650.0,,,False,High,,1.98,
2991-50-6,2-(N-Ethylperfluorooctanesulfonamido)acetic acid,CCN(CC(O)=O)S(=O)(=O)C(F)(F)C(F)(F)C(F)(F)C(F)(F)C(F)(F)C(F)(F)C(F)(F)C(F)(F)F,C12H8F17NO4S,585.23,17,48.57142857142857,12,17,12,585.2320000000001,11.0,3.0,1.0,0.0,0.0,Long-chain,False,False,False,True,Long-chain Branched Moderately-fluorinated,Indirect Thermal Desorption,Pilot,Soil,500.0,,,False,High,,195.0,
2991-50-6,2-(N-Ethylperfluorooctanesulfonamido)acetic acid,CCN(CC(O)=O)S(=O)(=O)C(F)(F)C(F)(F)C(F)(F)C(F)(F)C(F)(F)C(F)(F)C(F)(F)C(F)(F)F,C12H8F17NO4S,585.23,17,48.57142857142857,12,17,12,585.2320000000001,11.0,3.0,1.0,0.0,0.0,Long-chain,False,False,False,True,Long-chain Branched Moderately-fluorinated,Infrared Heating,Pilot,Soil,350.0,11520.0,,False,Medium,Extended,120.0,
2991-50-6,2-(N-Ethylperfluorooctanesulfonamido)acetic acid,CCN(CC(O)=O)S(=O)(=O)C(F)(F)C(F)(F)C(F)(F)C(F)(F)C(F)(F)C(F)(F)C(F)(F)C(F)(F)F,C12H8F17NO4S,585.23,17,48.57142857142857,12,17,12,585.2320000000001,11.0,3.0,1.0,0.0,0.0,Long-chain,False,False,False,True,Long-chain Branched Moderately-fluorinated,Infrared Heating,Pilot,Soil,350.0,11520.0,,False,Medium,Extended,0.145,
2991-50-6,2-(N-Ethylperfluorooctanesulfonamido)acetic acid,CCN(CC(O)=O)S(=O)(=O)C(F)(F)C(F)(F)C(F)(F)C(F)(F)C(F)(F)C(F)(F)C(F)(F)C(F)(F)F,C12H8F17NO4S,585.23,17,48.57142857142857,12,17,12,585.2320000000001,11.0,3.0,1.0,0.0,0.0,Long-chain,False,False,False,True,Long-chain Branched Moderately-fluorinated,Infrared Heating,Pilot,Soil,350.0,11520.0,,False,Medium,Extended,0.6,
2991-50-6,2-(N-Ethylperfluorooctanesulfonamido)acetic acid,CCN(CC(O)=O)S(=O)(=O)C(F)(F)C(F)(F)C(F)(F)C(F)(F)C(F)(F)C(F)(F)C(F)(F)C(F)(F)F,C12H8F17NO4S,585.23,17,48.57142857142857,12,17,12,585.2320000000001,11.0,3.0,1.0,0.0,0.0,Long-chain,False,False,False,True,Long-chain Branched Moderately-fluorinated,Infrared Heating,Pilot,Soil,350.0,11520.0,,False,Medium,Extended,0.134,
2991-50-6,2-(N-Ethylperfluorooctanesulfonamido)acetic acid,CCN(CC(O)=O)S(=O)(=O)C(F)(F)C(F)(F)C(F)(F)C(F)(F)C(F)(F)C(F)(F)C(F)(F)C(F)(F)F,C12H8F17NO4S,585.23,17,48.57142857142857,12,17,12,585.2320000000001,11.0,3.0,1.0,0.0,0.0,Long-chain,False,False,False,True,Long-chain Branched Moderately-fluorinated,Pyrolysis,Not specified,Sludge,593.33,,,False,High,,19.6,
120226-60-0,10:2 Fluorotelomer sulfonic acid,OS(=O)(=O)CCC(F)(F)C(F)(F)C(F)(F)C(F)(F)C(F)(F)C(F)(F)C(F)(F)C(F)(F)C(F)(F)C(F)(F)F,C12H5F21O3S,628.2,21,56.75675675675676,12,21,12,628.1940000000002,11.0,2.0,1.0,0.0,0.0,Long-chain,False,False,False,True,Long-chain Branched Highly-fluorinated,Thermolysis,Lab,Various,400.0,30.0,100.0,True,Medium,Short,100.0,0.0
120226-60-0,10:2 Fluorotelomer sulfonic acid,OS(=O)(=O)CCC(F)(F)C(F)(F)C(F)(F)C(F)(F)C(F)(F)C(F)(F)C(F)(F)C(F)(F)C(F)(F)C(F)(F)F,C12H5F21O3S,628.2,21,56.75675675675676,12,21,12,628.1940000000002,11.0,2.0,1.0,0.0,0.0,Long-chain,False,False,False,True,Long-chain Branched Highly-fluorinated,GAC Reactivation,Full,Treatment Media,1093.0,,94.0625,True,High,,32.0,1.9
120226-60-0,10:2 Fluorotelomer sulfonic acid,OS(=O)(=O)CCC(F)(F)C(F)(F)C(F)(F)C(F)(F)C(F)(F)C(F)(F)C(F)(F)C(F)(F)C(F)(F)C(F)(F)F,C12H5F21O3S,628.2,21,56.75675675675676,12,21,12,628.1940000000002,11.0,2.0,1.0,0.0,0.0,Long-chain,False,False,False,True,Long-chain Branched Highly-fluorinated,GAC Reactivation,Full,Treatment Media,1093.0,,93.66666666666669,True,High,,30.0,1.9
120226-60-0,10:2 Fluorotelomer sulfonic acid,OS(=O)(=O)CCC(F)(F)C(F)(F)C(F)(F)C(F)(F)C(F)(F)C(F)(F)C(F)(F)C(F)(F)C(F)(F)C(F)(F)F,C12H5F21O3S,628.2,21,56.75675675675676,12,21,12,628.1940000000002,11.0,2.0,1.0,0.0,0.0,Long-chain,False,False,False,True,Long-chain Branched Highly-fluorinated,GAC Reactivation,Full,Treatment Media,1093.0,,94.0625,True,High,,32.0,1.9
120226-60-0,10:2 Fluorotelomer sulfonic acid,OS(=O)(=O)CCC(F)(F)C(F)(F)C(F)(F)C(F)(F)C(F)(F)C(F)(F)C(F)(F)C(F)(F)C(F)(F)C(F)(F)F,C12H5F21O3S,628.2,21,56.75675675675676,12,21,12,628.1940000000002,11.0,2.0,1.0,0.0,0.0,Long-chain,False,False,False,True,Long-chain Branched Highly-fluorinated,Pyrolysis,Lab,Sludge,700.0,,100.0,True,High,,1.2,0.0
120226-60-0,10:2 Fluorotelomer sulfonic acid,OS(=O)(=O)CCC(F)(F)C(F)(F)C(F)(F)C(F)(F)C(F)(F)C(F)(F)C(F)(F)C(F)(F)C(F)(F)C(F)(F)F,C12H5F21O3S,628.2,21,56.75675675675676,12,21,12,628.1940000000002,11.0,2.0,1.0,0.0,0.0,Long-chain,False,False,False,True,Long-chain Branched Highly-fluorinated,Pyrolysis,Lab,Sludge,700.0,,100.0,True,High,,1.2,0.0
120226-60-0,10:2 Fluorotelomer sulfonic acid,OS(=O)(=O)CCC(F)(F)C(F)(F)C(F)(F)C(F)(F)C(F)(F)C(F)(F)C(F)(F)C(F)(F)C(F)(F)C(F)(F)F,C12H5F21O3S,628.2,21,56.75675675675676,12,21,12,628.1940000000002,11.0,2.0,1.0,0.0,0.0,Long-chain,False,False,False,True,Long-chain Branched Highly-fluorinated,Pyrolysis,Lab,Sludge,700.0,,100.0,True,High,,1.5,0.0
120226-60-0,10:2 Fluorotelomer sulfonic acid,OS(=O)(=O)CCC(F)(F)C(F)(F)C(F)(F)C(F)(F)C(F)(F)C(F)(F)C(F)(F)C(F)(F)C(F)(F)C(F)(F)F,C12H5F21O3S,628.2,21,56.75675675675676,12,21,12,628.1940000000002,11.0,2.0,1.0,0.0,0.0,Long-chain,False,False,False,True,Long-chain Branched Highly-fluorinated,Pyrolysis,Lab,Sludge,500.0,,,False,High,,1.2,
120226-60-0,10:2 Fluorotelomer sulfonic acid,OS(=O)(=O)CCC(F)(F)C(F)(F)C(F)(F)C(F)(F)C(F)(F)C(F)(F)C(F)(F)C(F)(F)C(F)(F)C(F)(F)F,C12H5F21O3S,628.2,21,56.75675675675676,12,21,12,628.1940000000002,11.0,2.0,1.0,0.0,0.0,Long-chain,False,False,False,True,Long-chain Branched Highly-fluorinated,Pyrolysis,Lab,Sludge,500.0,,100.0,True,High,,1.2,0.0
120226-60-0,10:2 Fluorotelomer sulfonic acid,OS(=O)(=O)CCC(F)(F)C(F)(F)C(F)(F)C(F)(F)C(F)(F)C(F)(F)C(F)(F)C(F)(F)C(F)(F)C(F)(F)F,C12H5F21O3S,628.2,21,56.75675675675676,12,21,12,628.1940000000002,11.0,2.0,1.0,0.0,0.0,Long-chain,False,False,False,True,Long-chain Branched Highly-fluorinated,Pyrolysis,Lab,Sludge,500.0,,100.0,True,High,,1.5,0.0
120226-60-0,10:2 Fluorotelomer sulfonic acid,OS(=O)(=O)CCC(F)(F)C(F)(F)C(F)(F)C(F)(F)C(F)(F)C(F)(F)C(F)(F)C(F)(F)C(F)(F)C(F)(F)F,C12H5F21O3S,628.2,21,56.75675675675676,12,21,12,628.1940000000002,11.0,2.0,1.0,0.0,0.0,Long-chain,False,False,False,True,Long-chain Branched Highly-fluorinated,Pyrolysis,Pilot,Sludge,649.0,19.1,73.33333333333333,False,High,Short,3.75,1.0
120226-60-0,10:2 Fluorotelomer sulfonic acid,OS(=O)(=O)CCC(F)(F)C(F)(F)C(F)(F)C(F)(F)C(F)(F)C(F)(F)C(F)(F)C(F)(F)C(F)(F)C(F)(F)F,C12H5F21O3S,628.2,21,56.75675675675676,12,21,12,628.1940000000002,11.0,2.0,1.0,0.0,0.0,Long-chain,False,False,False,True,Long-chain Branched Highly-fluorinated,Pyrolysis,Pilot,Sludge,649.0,19.1,100.0,True,High,Short,2.6,0.0
120226-60-0,10:2 Fluorotelomer sulfonic acid,OS(=O)(=O)CCC(F)(F)C(F)(F)C(F)(F)C(F)(F)C(F)(F)C(F)(F)C(F)(F)C(F)(F)C(F)(F)C(F)(F)F,C12H5F21O3S,628.2,21,56.75675675675676,12,21,12,628.1940000000002,11.0,2.0,1.0,0.0,0.0,Long-chain,False,False,False,True,Long-chain Branched Highly-fluorinated,Pyrolysis,Pilot,Sludge,,300.0,,False,,Long,,
120226-60-0,10:2 Fluorotelomer sulfonic acid,OS(=O)(=O)CCC(F)(F)C(F)(F)C(F)(F)C(F)(F)C(F)(F)C(F)(F)C(F)(F)C(F)(F)C(F)(F)C(F)(F)F,C12H5F21O3S,628.2,21,56.75675675675676,12,21,12,628.1940000000002,11.0,2.0,1.0,0.0,0.0,Long-chain,False,False,False,True,Long-chain Branched Highly-fluorinated,Hydrothermal Treatment,Lab,Soil,350.0,90.0,99.59016393442624,True,Medium,Medium,4.88,0.02
120226-60-0,10:2 Fluorotelomer sulfonic acid,OS(=O)(=O)CCC(F)(F)C(F)(F)C(F)(F)C(F)(F)C(F)(F)C(F)(F)C(F)(F)C(F)(F)C(F)(F)C(F)(F)F,C12H5F21O3S,628.2,21,56.75675675675676,12,21,12,628.1940000000002,11.0,2.0,1.0,0.0,0.0,Long-chain,False,False,False,True,Long-chain Branched Highly-fluorinated,Pyrolysis,Not specified,Sludge,593.33,,,False,High,,0.0,
1691-99-2,N-Ethyl-N-(2-hydroxyethyl)perfluorooctane sulfonamide,CCN(CCO)S(=O)(=O)C(F)(F)C(F)(F)C(F)(F)C(F)(F)C(F)(F)C(F)(F)C(F)(F)C(F)(F)F,C12H10F17NO3S,571.25,17,50.0,12,17,12,571.2490000000001,11.0,3.0,1.0,0.0,0.0,Long-chain,False,False,False,True,Long-chain Branched Moderately-fluorinated,Pyrolysis,Lab,Sludge,700.0,,100.0,True,High,,4.8,0.0
1691-99-2,N-Ethyl-N-(2-hydroxyethyl)perfluorooctane sulfonamide,CCN(CCO)S(=O)(=O)C(F)(F)C(F)(F)C(F)(F)C(F)(F)C(F)(F)C(F)(F)C(F)(F)C(F)(F)F,C12H10F17NO3S,571.25,17,50.0,12,17,12,571.2490000000001,11.0,3.0,1.0,0.0,0.0,Long-chain,False,False,False,True,Long-chain Branched Moderately-fluorinated,Pyrolysis,Lab,Sludge,700.0,,100.0,True,High,,6.3,0.0
1691-99-2,N-Ethyl-N-(2-hydroxyethyl)perfluorooctane sulfonamide,CCN(CCO)S(=O)(=O)C(F)(F)C(F)(F)C(F)(F)C(F)(F)C(F)(F)C(F)(F)C(F)(F)C(F)(F)F,C12H10F17NO3S,571.25,17,50.0,12,17,12,571.2490000000001,11.0,3.0,1.0,0.0,0.0,Long-chain,False,False,False,True,Long-chain Branched Moderately-fluorinated,Pyrolysis,Lab,Sludge,500.0,,100.0,True,High,,4.8,0.0
1691-99-2,N-Ethyl-N-(2-hydroxyethyl)perfluorooctane sulfonamide,CCN(CCO)S(=O)(=O)C(F)(F)C(F)(F)C(F)(F)C(F)(F)C(F)(F)C(F)(F)C(F)(F)C(F)(F)F,C12H10F17NO3S,571.25,17,50.0,12,17,12,571.2490000000001,11.0,3.0,1.0,0.0,0.0,Long-chain,False,False,False,True,Long-chain Branched Moderately-fluorinated,Pyrolysis,Lab,Sludge,500.0,,100.0,True,High,,6.3,0.0
1691-99-2,N-Ethyl-N-(2-hydroxyethyl)perfluorooctane sulfonamide,CCN(CCO)S(=O)(=O)C(F)(F)C(F)(F)C(F)(F)C(F)(F)C(F)(F)C(F)(F)C(F)(F)C(F)(F)F,C12H10F17NO3S,571.25,17,50.0,12,17,12,571.2490000000001,11.0,3.0,1.0,0.0,0.0,Long-chain,False,False,False,True,Long-chain Branched Moderately-fluorinated,Pyrolysis,Pilot,Sludge,649.0,19.1,99.5253164556962,True,High,Short,6.32,0.03
1691-99-2,N-Ethyl-N-(2-hydroxyethyl)perfluorooctane sulfonamide,CCN(CCO)S(=O)(=O)C(F)(F)C(F)(F)C(F)(F)C(F)(F)C(F)(F)C(F)(F)C(F)(F)C(F)(F)F,C12H10F17NO3S,571.25,17,50.0,12,17,12,571.2490000000001,11.0,3.0,1.0,0.0,0.0,Long-chain,False,False,False,True,Long-chain Branched Moderately-fluorinated,Pyrolysis,Pilot,Sludge,649.0,19.1,100.0,True,High,Short,6.3,0.0
1691-99-2,N-Ethyl-N-(2-hydroxyethyl)perfluorooctane sulfonamide,CCN(CCO)S(=O)(=O)C(F)(F)C(F)(F)C(F)(F)C(F)(F)C(F)(F)C(F)(F)C(F)(F)C(F)(F)F,C12H10F17NO3S,571.25,17,50.0,12,17,12,571.2490000000001,11.0,3.0,1.0,0.0,0.0,Long-chain,False,False,False,True,Long-chain Branched Moderately-fluorinated,Infrared Heating,Pilot,Soil,350.0,11520.0,,False,Medium,Extended,1.11,
1691-99-2,N-Ethyl-N-(2-hydroxyethyl)perfluorooctane sulfonamide,CCN(CCO)S(=O)(=O)C(F)(F)C(F)(F)C(F)(F)C(F)(F)C(F)(F)C(F)(F)C(F)(F)C(F)(F)F,C12H10F17NO3S,571.25,17,50.0,12,17,12,571.2490000000001,11.0,3.0,1.0,0.0,0.0,Long-chain,False,False,False,True,Long-chain Branched Moderately-fluorinated,Infrared Heating,Pilot,Soil,350.0,11520.0,,False,Medium,Extended,1.19,
1691-99-2,N-Ethyl-N-(2-hydroxyethyl)perfluorooctane sulfonamide,CCN(CCO)S(=O)(=O)C(F)(F)C(F)(F)C(F)(F)C(F)(F)C(F)(F)C(F)(F)C(F)(F)C(F)(F)F,C12H10F17NO3S,571.25,17,50.0,12,17,12,571.2490000000001,11.0,3.0,1.0,0.0,0.0,Long-chain,False,False,False,True,Long-chain Branched Moderately-fluorinated,Pyrolysis,Not specified,Sludge,593.33,,,False,High,,0.0,
375-73-5,Perfluorobutanesulfonic acid,OS(=O)(=O)C(F)(F)C(F)(F)C(F)(F)C(F)(F)F,C4HF9O3S,300.09,9,52.94117647058824,4,9,4,300.0979999999999,3.0,2.0,1.0,0.0,0.0,Short-chain,False,False,False,True,Short-chain Branched Highly-fluorinated,Thermolysis,Lab,Various,400.0,30.0,,False,Medium,Short,0.0,6.6
375-73-5,Perfluorobutanesulfonic acid,OS(=O)(=O)C(F)(F)C(F)(F)C(F)(F)C(F)(F)F,C4HF9O3S,300.09,9,52.94117647058824,4,9,4,300.0979999999999,3.0,2.0,1.0,0.0,0.0,Short-chain,False,False,False,True,Short-chain Branched Highly-fluorinated,Electromagnetic Heating,Lab,Soil,845.0,2.0,,False,High,Short,0.02,
375-73-5,Perfluorobutanesulfonic acid,OS(=O)(=O)C(F)(F)C(F)(F)C(F)(F)C(F)(F)F,C4HF9O3S,300.09,9,52.94117647058824,4,9,4,300.0979999999999,3.0,2.0,1.0,0.0,0.0,Short-chain,False,False,False,True,Short-chain Branched Highly-fluorinated,Hydrothermal Treatment,Lab,Sludge,300.0,120.0,,False,Medium,Medium,182.41,
375-73-5,Perfluorobutanesulfonic acid,OS(=O)(=O)C(F)(F)C(F)(F)C(F)(F)C(F)(F)F,C4HF9O3S,300.09,9,52.94117647058824,4,9,4,300.0979999999999,3.0,2.0,1.0,0.0,0.0,Short-chain,False,False,False,True,Short-chain Branched Highly-fluorinated,Hydrothermal Treatment,Lab,Sludge,300.0,120.0,,False,Medium,Medium,182.41,
375-73-5,Perfluorobutanesulfonic acid,OS(=O)(=O)C(F)(F)C(F)(F)C(F)(F)C(F)(F)F,C4HF9O3S,300.09,9,52.94117647058824,4,9,4,300.0979999999999,3.0,2.0,1.0,0.0,0.0,Short-chain,False,False,False,True,Short-chain Branched Highly-fluorinated,Hydrothermal Treatment,Lab,Sludge,300.0,120.0,,False,Medium,Medium,182.41,
375-73-5,Perfluorobutanesulfonic acid,OS(=O)(=O)C(F)(F)C(F)(F)C(F)(F)C(F)(F)F,C4HF9O3S,300.09,9,52.94117647058824,4,9,4,300.0979999999999,3.0,2.0,1.0,0.0,0.0,Short-chain,False,False,False,True,Short-chain Branched Highly-fluorinated,Hydrothermal Treatment,Lab,Sludge,300.0,120.0,,False,Medium,Medium,182.41,
375-73-5,Perfluorobutanesulfonic acid,OS(=O)(=O)C(F)(F)C(F)(F)C(F)(F)C(F)(F)F,C4HF9O3S,300.09,9,52.94117647058824,4,9,4,300.0979999999999,3.0,2.0,1.0,0.0,0.0,Short-chain,False,False,False,True,Short-chain Branched Highly-fluorinated,Hydrothermal Treatment,Lab,Sludge,300.0,120.0,,False,Medium,Medium,182.41,
375-73-5,Perfluorobutanesulfonic acid,OS(=O)(=O)C(F)(F)C(F)(F)C(F)(F)C(F)(F)F,C4HF9O3S,300.09,9,52.94117647058824,4,9,4,300.0979999999999,3.0,2.0,1.0,0.0,0.0,Short-chain,False,False,False,True,Short-chain Branched Highly-fluorinated,Hydrothermal Treatment,Lab,Other,350.0,2.5,78.0,False,Medium,Short,50.0,11.0
375-73-5,Perfluorobutanesulfonic acid,OS(=O)(=O)C(F)(F)C(F)(F)C(F)(F)C(F)(F)F,C4HF9O3S,300.09,9,52.94117647058824,4,9,4,300.0979999999999,3.0,2.0,1.0,0.0,0.0,Short-chain,False,False,False,True,Short-chain Branched Highly-fluorinated,Hydrothermal Treatment,Lab,Other,350.0,2.5,0.0,False,Medium,Short,59.0,68.0
375-73-5,Perfluorobutanesulfonic acid,OS(=O)(=O)C(F)(F)C(F)(F)C(F)(F)C(F)(F)F,C4HF9O3S,300.09,9,52.94117647058824,4,9,4,300.0979999999999,3.0,2.0,1.0,0.0,0.0,Short-chain,False,False,False,True,Short-chain Branched Highly-fluorinated,Hydrothermal Treatment,Lab,Other,350.0,2.5,3.389830508474576,False,Medium,Short,59.0,57.0
375-73-5,Perfluorobutanesulfonic acid,OS(=O)(=O)C(F)(F)C(F)(F)C(F)(F)C(F)(F)F,C4HF9O3S,300.09,9,52.94117647058824,4,9,4,300.0979999999999,3.0,2.0,1.0,0.0,0.0,Short-chain,False,False,False,True,Short-chain Branched Highly-fluorinated,Pyrolysis,Lab,Sludge,800.0,20.0,54.34782608695651,False,High,Short,0.046,0.021
375-73-5,Perfluorobutanesulfonic acid,OS(=O)(=O)C(F)(F)C(F)(F)C(F)(F)C(F)(F)F,C4HF9O3S,300.09,9,52.94117647058824,4,9,4,300.0979999999999,3.0,2.0,1.0,0.0,0.0,Short-chain,False,False,False,True,Short-chain Branched Highly-fluorinated,Pyrolysis,Lab,Sludge,800.0,20.0,62.5,False,High,Short,0.056,0.021
375-73-5,Perfluorobutanesulfonic acid,OS(=O)(=O)C(F)(F)C(F)(F)C(F)(F)C(F)(F)F,C4HF9O3S,300.09,9,52.94117647058824,4,9,4,300.0979999999999,3.0,2.0,1.0,0.0,0.0,Short-chain,False,False,False,True,Short-chain Branched Highly-fluorinated,Pyrolysis,Lab,Sludge,800.0,20.0,81.48148148148148,True,High,Short,0.108,0.02
375-73-5,Perfluorobutanesulfonic acid,OS(=O)(=O)C(F)(F)C(F)(F)C(F)(F)C(F)(F)F,C4HF9O3S,300.09,9,52.94117647058824,4,9,4,300.0979999999999,3.0,2.0,1.0,0.0,0.0,Short-chain,False,False,False,True,Short-chain Branched Highly-fluorinated,Pyrolysis,Lab,Sludge,800.0,20.0,91.1214953271028,True,High,Short,0.214,0.019
375-73-5,Perfluorobutanesulfonic acid,OS(=O)(=O)C(F)(F)C(F)(F)C(F)(F)C(F)(F)F,C4HF9O3S,300.09,9,52.94117647058824,4,9,4,300.0979999999999,3.0,2.0,1.0,0.0,0.0,Short-chain,False,False,False,True,Short-chain Branched Highly-fluorinated,Pyrolysis,Lab,Sludge,650.0,20.0,66.07142857142858,False,High,Short,0.056,0.019
375-73-5,Perfluorobutanesulfonic acid,OS(=O)(=O)C(F)(F)C(F)(F)C(F)(F)C(F)(F)F,C4HF9O3S,300.09,9,52.94117647058824,4,9,4,300.0979999999999,3.0,2.0,1.0,0.0,0.0,Short-chain,False,False,False,True,Short-chain Branched Highly-fluorinated,Pyrolysis,Lab,Sludge,650.0,20.0,82.4074074074074,True,High,Short,0.108,0.019
375-73-5,Perfluorobutanesulfonic acid,OS(=O)(=O)C(F)(F)C(F)(F)C(F)(F)C(F)(F)F,C4HF9O3S,300.09,9,52.94117647058824,4,9,4,300.0979999999999,3.0,2.0,1.0,0.0,0.0,Short-chain,False,False,False,True,Short-chain Branched Highly-fluorinated,Pyrolysis,Lab,Sludge,650.0,20.0,90.18691588785047,True,High,Short,0.214,0.021
375-73-5,Perfluorobutanesulfonic acid,OS(=O)(=O)C(F)(F)C(F)(F)C(F)(F)C(F)(F)F,C4HF9O3S,300.09,9,52.94117647058824,4,9,4,300.0979999999999,3.0,2.0,1.0,0.0,0.0,Short-chain,False,False,False,True,Short-chain Branched Highly-fluorinated,Pyrolysis,Lab,Sludge,650.0,20.0,56.52173913043478,False,High,Short,0.046,0.02
375-73-5,Perfluorobutanesulfonic acid,OS(=O)(=O)C(F)(F)C(F)(F)C(F)(F)C(F)(F)F,C4HF9O3S,300.09,9,52.94117647058824,4,9,4,300.0979999999999,3.0,2.0,1.0,0.0,0.0,Short-chain,False,False,False,True,Short-chain Branched Highly-fluorinated,Pyrolysis,Lab,Sludge,500.0,20.0,64.28571428571429,False,High,Short,0.056,0.02
375-73-5,Perfluorobutanesulfonic acid,OS(=O)(=O)C(F)(F)C(F)(F)C(F)(F)C(F)(F)F,C4HF9O3S,300.09,9,52.94117647058824,4,9,4,300.0979999999999,3.0,2.0,1.0,0.0,0.0,Short-chain,False,False,False,True,Short-chain Branched Highly-fluorinated,Pyrolysis,Lab,Sludge,500.0,20.0,81.48148148148148,True,High,Short,0.108,0.02
375-73-5,Perfluorobutanesulfonic acid,OS(=O)(=O)C(F)(F)C(F)(F)C(F)(F)C(F)(F)F,C4HF9O3S,300.09,9,52.94117647058824,4,9,4,300.0979999999999,3.0,2.0,1.0,0.0,0.0,Short-chain,False,False,False,True,Short-chain Branched Highly-fluorinated,Pyrolysis,Lab,Sludge,500.0,20.0,91.1214953271028,True,High,Short,0.214,0.019
375-73-5,Perfluorobutanesulfonic acid,OS(=O)(=O)C(F)(F)C(F)(F)C(F)(F)C(F)(F)F,C4HF9O3S,300.09,9,52.94117647058824,4,9,4,300.0979999999999,3.0,2.0,1.0,0.0,0.0,Short-chain,False,False,False,True,Short-chain Branched Highly-fluorinated,Pyrolysis,Lab,Sludge,500.0,20.0,56.52173913043478,False,High,Short,0.046,0.02
375-73-5,Perfluorobutanesulfonic acid,OS(=O)(=O)C(F)(F)C(F)(F)C(F)(F)C(F)(F)F,C4HF9O3S,300.09,9,52.94117647058824,4,9,4,300.0979999999999,3.0,2.0,1.0,0.0,0.0,Short-chain,False,False,False,True,Short-chain Branched Highly-fluorinated,GAC Reactivation,Full,Treatment Media,1093.0,,99.96984126984128,True,High,,6300.0,1.9
375-73-5,Perfluorobutanesulfonic acid,OS(=O)(=O)C(F)(F)C(F)(F)C(F)(F)C(F)(F)F,C4HF9O3S,300.09,9,52.94117647058824,4,9,4,300.0979999999999,3.0,2.0,1.0,0.0,0.0,Short-chain,False,False,False,True,Short-chain Branched Highly-fluorinated,GAC Reactivation,Full,Treatment Media,1093.0,,99.97682926829268,True,High,,8200.0,1.9
375-73-5,Perfluorobutanesulfonic acid,OS(=O)(=O)C(F)(F)C(F)(F)C(F)(F)C(F)(F)F,C4HF9O3S,300.09,9,52.94117647058824,4,9,4,300.0979999999999,3.0,2.0,1.0,0.0,0.0,Short-chain,False,False,False,True,Short-chain Branched Highly-fluorinated,GAC Reactivation,Full,Treatment Media,1093.0,,99.98272727272727,True,High,,11000.0,1.9
375-73-5,Perfluorobutanesulfonic acid,OS(=O)(=O)C(F)(F)C(F)(F)C(F)(F)C(F)(F)F,C4HF9O3S,300.09,9,52.94117647058824,4,9,4,300.0979999999999,3.0,2.0,1.0,0.0,0.0,Short-chain,False,False,False,True,Short-chain Branched Highly-fluorinated,GAC Reactivation,Lab,Treatment Media,500.0,30.0,,False,High,Short,,
375-73-5,Perfluorobutanesulfonic acid,OS(=O)(=O)C(F)(F)C(F)(F)C(F)(F)C(F)(F)F,C4HF9O3S,300.09,9,52.94117647058824,4,9,4,300.0979999999999,3.0,2.0,1.0,0.0,0.0,Short-chain,False,False,False,True,Short-chain Branched Highly-fluorinated,GAC Reactivation,Lab,Treatment Media,500.0,30.0,,False,High,Short,,
375-73-5,Perfluorobutanesulfonic acid,OS(=O)(=O)C(F)(F)C(F)(F)C(F)(F)C(F)(F)F,C4HF9O3S,300.09,9,52.94117647058824,4,9,4,300.0979999999999,3.0,2.0,1.0,0.0,0.0,Short-chain,False,False,False,True,Short-chain Branched Highly-fluorinated,Thermal Oxidation of Off-gas,Lab,Treatment Media,595.0,0.1333333333333333,,False,High,Short,10000.0,
375-73-5,Perfluorobutanesulfonic acid,OS(=O)(=O)C(F)(F)C(F)(F)C(F)(F)C(F)(F)F,C4HF9O3S,300.09,9,52.94117647058824,4,9,4,300.0979999999999,3.0,2.0,1.0,0.0,0.0,Short-chain,False,False,False,True,Short-chain Branched Highly-fluorinated,Thermal Oxidation of Off-gas,Lab,Treatment Media,590.0,0.1666666666666666,,False,High,Short,1000.0,
375-73-5,Perfluorobutanesulfonic acid,OS(=O)(=O)C(F)(F)C(F)(F)C(F)(F)C(F)(F)F,C4HF9O3S,300.09,9,52.94117647058824,4,9,4,300.0979999999999,3.0,2.0,1.0,0.0,0.0,Short-chain,False,False,False,True,Short-chain Branched Highly-fluorinated,Thermal Oxidation of Off-gas,Lab,Treatment Media,590.0,1.0,,False,High,Short,1.0,
375-73-5,Perfluorobutanesulfonic acid,OS(=O)(=O)C(F)(F)C(F)(F)C(F)(F)C(F)(F)F,C4HF9O3S,300.09,9,52.94117647058824,4,9,4,300.0979999999999,3.0,2.0,1.0,0.0,0.0,Short-chain,False,False,False,True,Short-chain Branched Highly-fluorinated,Pyrolysis,Lab,Soil,450.0,30.0,,False,High,Short,0.0025,
375-73-5,Perfluorobutanesulfonic acid,OS(=O)(=O)C(F)(F)C(F)(F)C(F)(F)C(F)(F)F,C4HF9O3S,300.09,9,52.94117647058824,4,9,4,300.0979999999999,3.0,2.0,1.0,0.0,0.0,Short-chain,False,False,False,True,Short-chain Branched Highly-fluorinated,Pyrolysis,Lab,Soil,300.0,30.0,,False,Medium,Short,0.0025,
375-73-5,Perfluorobutanesulfonic acid,OS(=O)(=O)C(F)(F)C(F)(F)C(F)(F)C(F)(F)F,C4HF9O3S,300.09,9,52.94117647058824,4,9,4,300.0979999999999,3.0,2.0,1.0,0.0,0.0,Short-chain,False,False,False,True,Short-chain Branched Highly-fluorinated,Pyrolysis,Lab,Soil,200.0,30.0,,False,Medium,Short,0.0025,
375-73-5,Perfluorobutanesulfonic acid,OS(=O)(=O)C(F)(F)C(F)(F)C(F)(F)C(F)(F)F,C4HF9O3S,300.09,9,52.94117647058824,4,9,4,300.0979999999999,3.0,2.0,1.0,0.0,0.0,Short-chain,False,False,False,True,Short-chain Branched Highly-fluorinated,Pyrolysis,Pilot,Sludge,649.0,19.1,92.7007299270073,True,High,Short,4.11,0.3
375-73-5,Perfluorobutanesulfonic acid,OS(=O)(=O)C(F)(F)C(F)(F)C(F)(F)C(F)(F)F,C4HF9O3S,300.09,9,52.94117647058824,4,9,4,300.0979999999999,3.0,2.0,1.0,0.0,0.0,Short-chain,False,False,False,True,Short-chain Branched Highly-fluorinated,Pyrolysis,Pilot,Sludge,649.0,19.1,100.0,True,High,Short,4.1,0.0
375-73-5,Perfluorobutanesulfonic acid,OS(=O)(=O)C(F)(F)C(F)(F)C(F)(F)C(F)(F)F,C4HF9O3S,300.09,9,52.94117647058824,4,9,4,300.0979999999999,3.0,2.0,1.0,0.0,0.0,Short-chain,False,False,False,True,Short-chain Branched Highly-fluorinated,Hydrothermal Treatment,Not specified,Sludge,300.0,120.0,0.0,False,Medium,Medium,5.0,90.0
375-73-5,Perfluorobutanesulfonic acid,OS(=O)(=O)C(F)(F)C(F)(F)C(F)(F)C(F)(F)F,C4HF9O3S,300.09,9,52.94117647058824,4,9,4,300.0979999999999,3.0,2.0,1.0,0.0,0.0,Short-chain,False,False,False,True,Short-chain Branched Highly-fluorinated,Hydrothermal Treatment,Not specified,Sludge,165.0,120.0,0.0,False,Medium,Medium,5.0,12.0
375-73-5,Perfluorobutanesulfonic acid,OS(=O)(=O)C(F)(F)C(F)(F)C(F)(F)C(F)(F)F,C4HF9O3S,300.09,9,52.94117647058824,4,9,4,300.0979999999999,3.0,2.0,1.0,0.0,0.0,Short-chain,False,False,False,True,Short-chain Branched Highly-fluorinated,Hydrothermal Treatment,Not specified,Sludge,300.0,120.0,0.0,False,Medium,Medium,5.0,65.0
375-73-5,Perfluorobutanesulfonic acid,OS(=O)(=O)C(F)(F)C(F)(F)C(F)(F)C(F)(F)F,C4HF9O3S,300.09,9,52.94117647058824,4,9,4,300.0979999999999,3.0,2.0,1.0,0.0,0.0,Short-chain,False,False,False,True,Short-chain Branched Highly-fluorinated,Hydrothermal Treatment,Not specified,Sludge,300.0,300.0,40.0,False,Medium,Long,5.0,3.0
375-73-5,Perfluorobutanesulfonic acid,OS(=O)(=O)C(F)(F)C(F)(F)C(F)(F)C(F)(F)F,C4HF9O3S,300.09,9,52.94117647058824,4,9,4,300.0979999999999,3.0,2.0,1.0,0.0,0.0,Short-chain,False,False,False,True,Short-chain Branched Highly-fluorinated,Hydrothermal Treatment,Not specified,Sludge,250.0,120.0,0.0,False,Medium,Medium,5.0,9.0
375-73-5,Perfluorobutanesulfonic acid,OS(=O)(=O)C(F)(F)C(F)(F)C(F)(F)C(F)(F)F,C4HF9O3S,300.09,9,52.94117647058824,4,9,4,300.0979999999999,3.0,2.0,1.0,0.0,0.0,Short-chain,False,False,False,True,Short-chain Branched Highly-fluorinated,Hydrothermal Treatment,Not specified,Sludge,250.0,300.0,0.0,False,Medium,Long,5.0,8.0
375-73-5,Perfluorobutanesulfonic acid,OS(=O)(=O)C(F)(F)C(F)(F)C(F)(F)C(F)(F)F,C4HF9O3S,300.09,9,52.94117647058824,4,9,4,300.0979999999999,3.0,2.0,1.0,0.0,0.0,Short-chain,False,False,False,True,Short-chain Branched Highly-fluorinated,Hydrothermal Treatment,Not specified,Sludge,165.0,120.0,0.0,False,Medium,Medium,5.0,5.0
375-73-5,Perfluorobutanesulfonic acid,OS(=O)(=O)C(F)(F)C(F)(F)C(F)(F)C(F)(F)F,C4HF9O3S,300.09,9,52.94117647058824,4,9,4,300.0979999999999,3.0,2.0,1.0,0.0,0.0,Short-chain,False,False,False,True,Short-chain Branched Highly-fluorinated,Hydrothermal Treatment,Not specified,Sludge,165.0,300.0,0.0,False,Medium,Long,5.0,18.0
375-73-5,Perfluorobutanesulfonic acid,OS(=O)(=O)C(F)(F)C(F)(F)C(F)(F)C(F)(F)F,C4HF9O3S,300.09,9,52.94117647058824,4,9,4,300.0979999999999,3.0,2.0,1.0,0.0,0.0,Short-chain,False,False,False,True,Short-chain Branched Highly-fluorinated,Pyrolysis,Pilot,Sludge,,300.0,,False,,Long,,
375-73-5,Perfluorobutanesulfonic acid,OS(=O)(=O)C(F)(F)C(F)(F)C(F)(F)C(F)(F)F,C4HF9O3S,300.09,9,52.94117647058824,4,9,4,300.0979999999999,3.0,2.0,1.0,0.0,0.0,Short-chain,False,False,False,True,Short-chain Branched Highly-fluorinated,GAC Reactivation,Full,Treatment Media,,,,False,,,,0.18
375-73-5,Perfluorobutanesulfonic acid,OS(=O)(=O)C(F)(F)C(F)(F)C(F)(F)C(F)(F)F,C4HF9O3S,300.09,9,52.94117647058824,4,9,4,300.0979999999999,3.0,2.0,1.0,0.0,0.0,Short-chain,False,False,False,True,Short-chain Branched Highly-fluorinated,Rotary Kiln,Full,Soil,,,,False,,,,1.28
375-73-5,Perfluorobutanesulfonic acid,OS(=O)(=O)C(F)(F)C(F)(F)C(F)(F)C(F)(F)F,C4HF9O3S,300.09,9,52.94117647058824,4,9,4,300.0979999999999,3.0,2.0,1.0,0.0,0.0,Short-chain,False,False,False,True,Short-chain Branched Highly-fluorinated,Rotary Kiln,Full,Soil,,,,False,,,,
375-73-5,Perfluorobutanesulfonic acid,OS(=O)(=O)C(F)(F)C(F)(F)C(F)(F)C(F)(F)F,C4HF9O3S,300.09,9,52.94117647058824,4,9,4,300.0979999999999,3.0,2.0,1.0,0.0,0.0,Short-chain,False,False,False,True,Short-chain Branched Highly-fluorinated,Indirect Thermal Desorption,Pilot,Soil,650.0,,,False,High,,152.0,
375-73-5,Perfluorobutanesulfonic acid,OS(=O)(=O)C(F)(F)C(F)(F)C(F)(F)C(F)(F)F,C4HF9O3S,300.09,9,52.94117647058824,4,9,4,300.0979999999999,3.0,2.0,1.0,0.0,0.0,Short-chain,False,False,False,True,Short-chain Branched Highly-fluorinated,Indirect Thermal Desorption,Pilot,Soil,650.0,,,False,High,,205.0,
375-73-5,Perfluorobutanesulfonic acid,OS(=O)(=O)C(F)(F)C(F)(F)C(F)(F)C(F)(F)F,C4HF9O3S,300.09,9,52.94117647058824,4,9,4,300.0979999999999,3.0,2.0,1.0,0.0,0.0,Short-chain,False,False,False,True,Short-chain Branched Highly-fluorinated,Indirect Thermal Desorption,Pilot,Soil,500.0,,,False,High,,148.0,
375-73-5,Perfluorobutanesulfonic acid,OS(=O)(=O)C(F)(F)C(F)(F)C(F)(F)C(F)(F)F,C4HF9O3S,300.09,9,52.94117647058824,4,9,4,300.0979999999999,3.0,2.0,1.0,0.0,0.0,Short-chain,False,False,False,True,Short-chain Branched Highly-fluorinated,Indirect Thermal Desorption,Pilot,Soil,500.0,,,False,High,,142.0,
375-73-5,Perfluorobutanesulfonic acid,OS(=O)(=O)C(F)(F)C(F)(F)C(F)(F)C(F)(F)F,C4HF9O3S,300.09,9,52.94117647058824,4,9,4,300.0979999999999,3.0,2.0,1.0,0.0,0.0,Short-chain,False,False,False,True,Short-chain Branched Highly-fluorinated,Indirect Thermal Desorption,Pilot,Soil,650.0,,,False,High,,196.0,
375-73-5,Perfluorobutanesulfonic acid,OS(=O)(=O)C(F)(F)C(F)(F)C(F)(F)C(F)(F)F,C4HF9O3S,300.09,9,52.94117647058824,4,9,4,300.0979999999999,3.0,2.0,1.0,0.0,0.0,Short-chain,False,False,False,True,Short-chain Branched Highly-fluorinated,Indirect Thermal Desorption,Pilot,Soil,500.0,,,False,High,,208.0,
375-73-5,Perfluorobutanesulfonic acid,OS(=O)(=O)C(F)(F)C(F)(F)C(F)(F)C(F)(F)F,C4HF9O3S,300.09,9,52.94117647058824,4,9,4,300.0979999999999,3.0,2.0,1.0,0.0,0.0,Short-chain,False,False,False,True,Short-chain Branched Highly-fluorinated,Indirect Thermal Desorption,Pilot,Soil,650.0,,,False,High,,124.0,
375-73-5,Perfluorobutanesulfonic acid,OS(=O)(=O)C(F)(F)C(F)(F)C(F)(F)C(F)(F)F,C4HF9O3S,300.09,9,52.94117647058824,4,9,4,300.0979999999999,3.0,2.0,1.0,0.0,0.0,Short-chain,False,False,False,True,Short-chain Branched Highly-fluorinated,Indirect Thermal Desorption,Pilot,Soil,500.0,,,False,High,,223.0,
375-73-5,Perfluorobutanesulfonic acid,OS(=O)(=O)C(F)(F)C(F)(F)C(F)(F)C(F)(F)F,C4HF9O3S,300.09,9,52.94117647058824,4,9,4,300.0979999999999,3.0,2.0,1.0,0.0,0.0,Short-chain,False,False,False,True,Short-chain Branched Highly-fluorinated,GAC Reactivation,Lab,Treatment Media,500.0,40.0,,False,High,Medium,,
375-73-5,Perfluorobutanesulfonic acid,OS(=O)(=O)C(F)(F)C(F)(F)C(F)(F)C(F)(F)F,C4HF9O3S,300.09,9,52.94117647058824,4,9,4,300.0979999999999,3.0,2.0,1.0,0.0,0.0,Short-chain,False,False,False,True,Short-chain Branched Highly-fluorinated,GAC Reactivation,Lab,Treatment Media,500.0,20.0,,False,High,Short,,
375-73-5,Perfluorobutanesulfonic acid,OS(=O)(=O)C(F)(F)C(F)(F)C(F)(F)C(F)(F)F,C4HF9O3S,300.09,9,52.94117647058824,4,9,4,300.0979999999999,3.0,2.0,1.0,0.0,0.0,Short-chain,False,False,False,True,Short-chain Branched Highly-fluorinated,GAC Reactivation,Lab,Treatment Media,500.0,10.0,,False,High,Short,,
375-73-5,Perfluorobutanesulfonic acid,OS(=O)(=O)C(F)(F)C(F)(F)C(F)(F)C(F)(F)F,C4HF9O3S,300.09,9,52.94117647058824,4,9,4,300.0979999999999,3.0,2.0,1.0,0.0,0.0,Short-chain,False,False,False,True,Short-chain Branched Highly-fluorinated,GAC Reactivation,Lab,Treatment Media,500.0,5.0,,False,High,Short,,
375-73-5,Perfluorobutanesulfonic acid,OS(=O)(=O)C(F)(F)C(F)(F)C(F)(F)C(F)(F)F,C4HF9O3S,300.09,9,52.94117647058824,4,9,4,300.0979999999999,3.0,2.0,1.0,0.0,0.0,Short-chain,False,False,False,True,Short-chain Branched Highly-fluorinated,GAC Reactivation,Lab,Treatment Media,500.0,30.0,,False,High,Short,,
375-73-5,Perfluorobutanesulfonic acid,OS(=O)(=O)C(F)(F)C(F)(F)C(F)(F)C(F)(F)F,C4HF9O3S,300.09,9,52.94117647058824,4,9,4,300.0979999999999,3.0,2.0,1.0,0.0,0.0,Short-chain,False,False,False,True,Short-chain Branched Highly-fluorinated,GAC Reactivation,Lab,Treatment Media,450.0,30.0,,False,High,Short,,
375-73-5,Perfluorobutanesulfonic acid,OS(=O)(=O)C(F)(F)C(F)(F)C(F)(F)C(F)(F)F,C4HF9O3S,300.09,9,52.94117647058824,4,9,4,300.0979999999999,3.0,2.0,1.0,0.0,0.0,Short-chain,False,False,False,True,Short-chain Branched Highly-fluorinated,GAC Reactivation,Lab,Treatment Media,400.0,30.0,,False,Medium,Short,,
375-73-5,Perfluorobutanesulfonic acid,OS(=O)(=O)C(F)(F)C(F)(F)C(F)(F)C(F)(F)F,C4HF9O3S,300.09,9,52.94117647058824,4,9,4,300.0979999999999,3.0,2.0,1.0,0.0,0.0,Short-chain,False,False,False,True,Short-chain Branched Highly-fluorinated,GAC Reactivation,Lab,Treatment Media,150.0,30.0,,False,Medium,Short,,
375-73-5,Perfluorobutanesulfonic acid,OS(=O)(=O)C(F)(F)C(F)(F)C(F)(F)C(F)(F)F,C4HF9O3S,300.09,9,52.94117647058824,4,9,4,300.0979999999999,3.0,2.0,1.0,0.0,0.0,Short-chain,False,False,False,True,Short-chain Branched Highly-fluorinated,GAC Reactivation,Lab,Treatment Media,500.0,30.0,,False,High,Short,,
375-73-5,Perfluorobutanesulfonic acid,OS(=O)(=O)C(F)(F)C(F)(F)C(F)(F)C(F)(F)F,C4HF9O3S,300.09,9,52.94117647058824,4,9,4,300.0979999999999,3.0,2.0,1.0,0.0,0.0,Short-chain,False,False,False,True,Short-chain Branched Highly-fluorinated,GAC Reactivation,Lab,Treatment Media,475.0,30.0,,False,High,Short,,
375-73-5,Perfluorobutanesulfonic acid,OS(=O)(=O)C(F)(F)C(F)(F)C(F)(F)C(F)(F)F,C4HF9O3S,300.09,9,52.94117647058824,4,9,4,300.0979999999999,3.0,2.0,1.0,0.0,0.0,Short-chain,False,False,False,True,Short-chain Branched Highly-fluorinated,GAC Reactivation,Lab,Treatment Media,300.0,30.0,,False,Medium,Short,,
375-73-5,Perfluorobutanesulfonic acid,OS(=O)(=O)C(F)(F)C(F)(F)C(F)(F)C(F)(F)F,C4HF9O3S,300.09,9,52.94117647058824,4,9,4,300.0979999999999,3.0,2.0,1.0,0.0,0.0,Short-chain,False,False,False,True,Short-chain Branched Highly-fluorinated,GAC Reactivation,Lab,Treatment Media,200.0,30.0,,False,Medium,Short,,
375-73-5,Perfluorobutanesulfonic acid,OS(=O)(=O)C(F)(F)C(F)(F)C(F)(F)C(F)(F)F,C4HF9O3S,300.09,9,52.94117647058824,4,9,4,300.0979999999999,3.0,2.0,1.0,0.0,0.0,Short-chain,False,False,False,True,Short-chain Branched Highly-fluorinated,GAC Reactivation,Lab,Treatment Media,500.0,30.0,,False,High,Short,,
375-73-5,Perfluorobutanesulfonic acid,OS(=O)(=O)C(F)(F)C(F)(F)C(F)(F)C(F)(F)F,C4HF9O3S,300.09,9,52.94117647058824,4,9,4,300.0979999999999,3.0,2.0,1.0,0.0,0.0,Short-chain,False,False,False,True,Short-chain Branched Highly-fluorinated,GAC Reactivation,Lab,Treatment Media,475.0,30.0,,False,High,Short,,
375-73-5,Perfluorobutanesulfonic acid,OS(=O)(=O)C(F)(F)C(F)(F)C(F)(F)C(F)(F)F,C4HF9O3S,300.09,9,52.94117647058824,4,9,4,300.0979999999999,3.0,2.0,1.0,0.0,0.0,Short-chain,False,False,False,True,Short-chain Branched Highly-fluorinated,GAC Reactivation,Lab,Treatment Media,250.0,30.0,,False,Medium,Short,,
375-73-5,Perfluorobutanesulfonic acid,OS(=O)(=O)C(F)(F)C(F)(F)C(F)(F)C(F)(F)F,C4HF9O3S,300.09,9,52.94117647058824,4,9,4,300.0979999999999,3.0,2.0,1.0,0.0,0.0,Short-chain,False,False,False,True,Short-chain Branched Highly-fluorinated,GAC Reactivation,Lab,Treatment Media,200.0,30.0,,False,Medium,Short,,
375-73-5,Perfluorobutanesulfonic acid,OS(=O)(=O)C(F)(F)C(F)(F)C(F)(F)C(F)(F)F,C4HF9O3S,300.09,9,52.94117647058824,4,9,4,300.0979999999999,3.0,2.0,1.0,0.0,0.0,Short-chain,False,False,False,True,Short-chain Branched Highly-fluorinated,GAC Reactivation,Lab,Treatment Media,185.0,30.0,,False,Medium,Short,,
375-73-5,Perfluorobutanesulfonic acid,OS(=O)(=O)C(F)(F)C(F)(F)C(F)(F)C(F)(F)F,C4HF9O3S,300.09,9,52.94117647058824,4,9,4,300.0979999999999,3.0,2.0,1.0,0.0,0.0,Short-chain,False,False,False,True,Short-chain Branched Highly-fluorinated,Indirect Thermal Desorption,Pilot,Soil,650.0,120.0,,False,High,Medium,13037.5,
375-73-5,Perfluorobutanesulfonic acid,OS(=O)(=O)C(F)(F)C(F)(F)C(F)(F)C(F)(F)F,C4HF9O3S,300.09,9,52.94117647058824,4,9,4,300.0979999999999,3.0,2.0,1.0,0.0,0.0,Short-chain,False,False,False,True,Short-chain Branched Highly-fluorinated,Infrared Heating,Pilot,Soil,350.0,11520.0,,False,Medium,Extended,6.95,
375-73-5,Perfluorobutanesulfonic acid,OS(=O)(=O)C(F)(F)C(F)(F)C(F)(F)C(F)(F)F,C4HF9O3S,300.09,9,52.94117647058824,4,9,4,300.0979999999999,3.0,2.0,1.0,0.0,0.0,Short-chain,False,False,False,True,Short-chain Branched Highly-fluorinated,Infrared Heating,Pilot,Soil,350.0,11520.0,,False,Medium,Extended,4.69,
375-73-5,Perfluorobutanesulfonic acid,OS(=O)(=O)C(F)(F)C(F)(F)C(F)(F)C(F)(F)F,C4HF9O3S,300.09,9,52.94117647058824,4,9,4,300.0979999999999,3.0,2.0,1.0,0.0,0.0,Short-chain,False,False,False,True,Short-chain Branched Highly-fluorinated,Infrared Heating,Pilot,Soil,350.0,11520.0,,False,Medium,Extended,0.13,
375-73-5,Perfluorobutanesulfonic acid,OS(=O)(=O)C(F)(F)C(F)(F)C(F)(F)C(F)(F)F,C4HF9O3S,300.09,9,52.94117647058824,4,9,4,300.0979999999999,3.0,2.0,1.0,0.0,0.0,Short-chain,False,False,False,True,Short-chain Branched Highly-fluorinated,Incineration,Pilot,Other,986.0,180.0,,False,High,Medium,,0.0
375-73-5,Perfluorobutanesulfonic acid,OS(=O)(=O)C(F)(F)C(F)(F)C(F)(F)C(F)(F)F,C4HF9O3S,300.09,9,52.94117647058824,4,9,4,300.0979999999999,3.0,2.0,1.0,0.0,0.0,Short-chain,False,False,False,True,Short-chain Branched Highly-fluorinated,Incineration,Pilot,Other,986.0,180.0,,False,High,Medium,,0.0
375-73-5,Perfluorobutanesulfonic acid,OS(=O)(=O)C(F)(F)C(F)(F)C(F)(F)C(F)(F)F,C4HF9O3S,300.09,9,52.94117647058824,4,9,4,300.0979999999999,3.0,2.0,1.0,0.0,0.0,Short-chain,False,False,False,True,Short-chain Branched Highly-fluorinated,Incineration,Pilot,Other,986.0,180.0,,False,High,Medium,,0.0
375-73-5,Perfluorobutanesulfonic acid,OS(=O)(=O)C(F)(F)C(F)(F)C(F)(F)C(F)(F)F,C4HF9O3S,300.09,9,52.94117647058824,4,9,4,300.0979999999999,3.0,2.0,1.0,0.0,0.0,Short-chain,False,False,False,True,Short-chain Branched Highly-fluorinated,Incineration,Pilot,Other,986.0,180.0,,False,High,Medium,,0.0
375-73-5,Perfluorobutanesulfonic acid,OS(=O)(=O)C(F)(F)C(F)(F)C(F)(F)C(F)(F)F,C4HF9O3S,300.09,9,52.94117647058824,4,9,4,300.0979999999999,3.0,2.0,1.0,0.0,0.0,Short-chain,False,False,False,True,Short-chain Branched Highly-fluorinated,Incineration,Pilot,Other,998.0,140.0,,False,High,Medium,,0.0
375-73-5,Perfluorobutanesulfonic acid,OS(=O)(=O)C(F)(F)C(F)(F)C(F)(F)C(F)(F)F,C4HF9O3S,300.09,9,52.94117647058824,4,9,4,300.0979999999999,3.0,2.0,1.0,0.0,0.0,Short-chain,False,False,False,True,Short-chain Branched Highly-fluorinated,Incineration,Pilot,Other,998.0,140.0,,False,High,Medium,,0.0
375-73-5,Perfluorobutanesulfonic acid,OS(=O)(=O)C(F)(F)C(F)(F)C(F)(F)C(F)(F)F,C4HF9O3S,300.09,9,52.94117647058824,4,9,4,300.0979999999999,3.0,2.0,1.0,0.0,0.0,Short-chain,False,False,False,True,Short-chain Branched Highly-fluorinated,Incineration,Pilot,Other,998.0,140.0,,False,High,Medium,,0.0
375-73-5,Perfluorobutanesulfonic acid,OS(=O)(=O)C(F)(F)C(F)(F)C(F)(F)C(F)(F)F,C4HF9O3S,300.09,9,52.94117647058824,4,9,4,300.0979999999999,3.0,2.0,1.0,0.0,0.0,Short-chain,False,False,False,True,Short-chain Branched Highly-fluorinated,Incineration,Pilot,Other,998.0,140.0,,False,High,Medium,,0.0
375-73-5,Perfluorobutanesulfonic acid,OS(=O)(=O)C(F)(F)C(F)(F)C(F)(F)C(F)(F)F,C4HF9O3S,300.09,9,52.94117647058824,4,9,4,300.0979999999999,3.0,2.0,1.0,0.0,0.0,Short-chain,False,False,False,True,Short-chain Branched Highly-fluorinated,Incineration,Pilot,Other,976.0,210.0,,False,High,Long,,0.0
375-73-5,Perfluorobutanesulfonic acid,OS(=O)(=O)C(F)(F)C(F)(F)C(F)(F)C(F)(F)F,C4HF9O3S,300.09,9,52.94117647058824,4,9,4,300.0979999999999,3.0,2.0,1.0,0.0,0.0,Short-chain,False,False,False,True,Short-chain Branched Highly-fluorinated,Incineration,Pilot,Other,976.0,210.0,,False,High,Long,,0.0
375-73-5,Perfluorobutanesulfonic acid,OS(=O)(=O)C(F)(F)C(F)(F)C(F)(F)C(F)(F)F,C4HF9O3S,300.09,9,52.94117647058824,4,9,4,300.0979999999999,3.0,2.0,1.0,0.0,0.0,Short-chain,False,False,False,True,Short-chain Branched Highly-fluorinated,Infrared Heating,Pilot,Soil,350.0,11520.0,,False,Medium,Extended,0.52,
375-73-5,Perfluorobutanesulfonic acid,OS(=O)(=O)C(F)(F)C(F)(F)C(F)(F)C(F)(F)F,C4HF9O3S,300.09,9,52.94117647058824,4,9,4,300.0979999999999,3.0,2.0,1.0,0.0,0.0,Short-chain,False,False,False,True,Short-chain Branched Highly-fluorinated,Incineration,Pilot,Other,976.0,210.0,,False,High,Long,,0.0
375-73-5,Perfluorobutanesulfonic acid,OS(=O)(=O)C(F)(F)C(F)(F)C(F)(F)C(F)(F)F,C4HF9O3S,300.09,9,52.94117647058824,4,9,4,300.0979999999999,3.0,2.0,1.0,0.0,0.0,Short-chain,False,False,False,True,Short-chain Branched Highly-fluorinated,Incineration,Pilot,Other,976.0,210.0,,False,High,Long,,0.0
375-73-5,Perfluorobutanesulfonic acid,OS(=O)(=O)C(F)(F)C(F)(F)C(F)(F)C(F)(F)F,C4HF9O3S,300.09,9,52.94117647058824,4,9,4,300.0979999999999,3.0,2.0,1.0,0.0,0.0,Short-chain,False,False,False,True,Short-chain Branched Highly-fluorinated,Incineration,Pilot,Other,980.0,180.0,,False,High,Medium,,0.0
375-73-5,Perfluorobutanesulfonic acid,OS(=O)(=O)C(F)(F)C(F)(F)C(F)(F)C(F)(F)F,C4HF9O3S,300.09,9,52.94117647058824,4,9,4,300.0979999999999,3.0,2.0,1.0,0.0,0.0,Short-chain,False,False,False,True,Short-chain Branched Highly-fluorinated,Incineration,Pilot,Other,980.0,180.0,,False,High,Medium,,0.0
375-73-5,Perfluorobutanesulfonic acid,OS(=O)(=O)C(F)(F)C(F)(F)C(F)(F)C(F)(F)F,C4HF9O3S,300.09,9,52.94117647058824,4,9,4,300.0979999999999,3.0,2.0,1.0,0.0,0.0,Short-chain,False,False,False,True,Short-chain Branched Highly-fluorinated,Incineration,Pilot,Other,980.0,180.0,,False,High,Medium,,0.0
375-73-5,Perfluorobutanesulfonic acid,OS(=O)(=O)C(F)(F)C(F)(F)C(F)(F)C(F)(F)F,C4HF9O3S,300.09,9,52.94117647058824,4,9,4,300.0979999999999,3.0,2.0,1.0,0.0,0.0,Short-chain,False,False,False,True,Short-chain Branched Highly-fluorinated,Incineration,Pilot,Other,980.0,180.0,,False,High,Medium,,
375-73-5,Perfluorobutanesulfonic acid,OS(=O)(=O)C(F)(F)C(F)(F)C(F)(F)C(F)(F)F,C4HF9O3S,300.09,9,52.94117647058824,4,9,4,300.0979999999999,3.0,2.0,1.0,0.0,0.0,Short-chain,False,False,False,True,Short-chain Branched Highly-fluorinated,Incineration,Pilot,Other,952.0,145.0,,False,High,Medium,,0.0
375-73-5,Perfluorobutanesulfonic acid,OS(=O)(=O)C(F)(F)C(F)(F)C(F)(F)C(F)(F)F,C4HF9O3S,300.09,9,52.94117647058824,4,9,4,300.0979999999999,3.0,2.0,1.0,0.0,0.0,Short-chain,False,False,False,True,Short-chain Branched Highly-fluorinated,Incineration,Pilot,Other,952.0,145.0,,False,High,Medium,,0.0
375-73-5,Perfluorobutanesulfonic acid,OS(=O)(=O)C(F)(F)C(F)(F)C(F)(F)C(F)(F)F,C4HF9O3S,300.09,9,52.94117647058824,4,9,4,300.0979999999999,3.0,2.0,1.0,0.0,0.0,Short-chain,False,False,False,True,Short-chain Branched Highly-fluorinated,Incineration,Pilot,Other,952.0,145.0,,False,High,Medium,,0.0
375-73-5,Perfluorobutanesulfonic acid,OS(=O)(=O)C(F)(F)C(F)(F)C(F)(F)C(F)(F)F,C4HF9O3S,300.09,9,52.94117647058824,4,9,4,300.0979999999999,3.0,2.0,1.0,0.0,0.0,Short-chain,False,False,False,True,Short-chain Branched Highly-fluorinated,Incineration,Pilot,Other,952.0,145.0,,False,High,Medium,,0.0
375-73-5,Perfluorobutanesulfonic acid,OS(=O)(=O)C(F)(F)C(F)(F)C(F)(F)C(F)(F)F,C4HF9O3S,300.09,9,52.94117647058824,4,9,4,300.0979999999999,3.0,2.0,1.0,0.0,0.0,Short-chain,False,False,False,True,Short-chain Branched Highly-fluorinated,Incineration,Pilot,Other,869.0,180.0,,False,High,Medium,,0.0
375-73-5,Perfluorobutanesulfonic acid,OS(=O)(=O)C(F)(F)C(F)(F)C(F)(F)C(F)(F)F,C4HF9O3S,300.09,9,52.94117647058824,4,9,4,300.0979999999999,3.0,2.0,1.0,0.0,0.0,Short-chain,False,False,False,True,Short-chain Branched Highly-fluorinated,Hydrothermal Treatment,Lab,Other,350.0,180.0,100.0,True,Medium,Medium,237.0,0.0
375-73-5,Perfluorobutanesulfonic acid,OS(=O)(=O)C(F)(F)C(F)(F)C(F)(F)C(F)(F)F,C4HF9O3S,300.09,9,52.94117647058824,4,9,4,300.0979999999999,3.0,2.0,1.0,0.0,0.0,Short-chain,False,False,False,True,Short-chain Branched Highly-fluorinated,Hydrothermal Treatment,Lab,Other,350.0,180.0,91.26582278481014,True,Medium,Medium,237.0,20.7
375-73-5,Perfluorobutanesulfonic acid,OS(=O)(=O)C(F)(F)C(F)(F)C(F)(F)C(F)(F)F,C4HF9O3S,300.09,9,52.94117647058824,4,9,4,300.0979999999999,3.0,2.0,1.0,0.0,0.0,Short-chain,False,False,False,True,Short-chain Branched Highly-fluorinated,Incineration,Pilot,Other,869.0,180.0,,False,High,Medium,,0.0
375-73-5,Perfluorobutanesulfonic acid,OS(=O)(=O)C(F)(F)C(F)(F)C(F)(F)C(F)(F)F,C4HF9O3S,300.09,9,52.94117647058824,4,9,4,300.0979999999999,3.0,2.0,1.0,0.0,0.0,Short-chain,False,False,False,True,Short-chain Branched Highly-fluorinated,Incineration,Pilot,Other,869.0,180.0,,False,High,Medium,,0.0
375-73-5,Perfluorobutanesulfonic acid,OS(=O)(=O)C(F)(F)C(F)(F)C(F)(F)C(F)(F)F,C4HF9O3S,300.09,9,52.94117647058824,4,9,4,300.0979999999999,3.0,2.0,1.0,0.0,0.0,Short-chain,False,False,False,True,Short-chain Branched Highly-fluorinated,Incineration,Pilot,Other,869.0,180.0,,False,High,Medium,,0.0
375-73-5,Perfluorobutanesulfonic acid,OS(=O)(=O)C(F)(F)C(F)(F)C(F)(F)C(F)(F)F,C4HF9O3S,300.09,9,52.94117647058824,4,9,4,300.0979999999999,3.0,2.0,1.0,0.0,0.0,Short-chain,False,False,False,True,Short-chain Branched Highly-fluorinated,Unspecified Heat Treatment,Full,Sludge,650.0,45.0,88.8888888888889,True,High,Medium,0.9,0.1
375-73-5,Perfluorobutanesulfonic acid,OS(=O)(=O)C(F)(F)C(F)(F)C(F)(F)C(F)(F)F,C4HF9O3S,300.09,9,52.94117647058824,4,9,4,300.0979999999999,3.0,2.0,1.0,0.0,0.0,Short-chain,False,False,False,True,Short-chain Branched Highly-fluorinated,Hydrothermal Treatment,Lab,Soil,350.0,90.0,99.4279661016949,True,Medium,Medium,47.2,0.27
375-73-5,Perfluorobutanesulfonic acid,OS(=O)(=O)C(F)(F)C(F)(F)C(F)(F)C(F)(F)F,C4HF9O3S,300.09,9,52.94117647058824,4,9,4,300.0979999999999,3.0,2.0,1.0,0.0,0.0,Short-chain,False,False,False,True,Short-chain Branched Highly-fluorinated,Hydrothermal Treatment,Lab,Soil,350.0,90.0,98.13780260707637,True,Medium,Medium,5.37,0.1
375-73-5,Perfluorobutanesulfonic acid,OS(=O)(=O)C(F)(F)C(F)(F)C(F)(F)C(F)(F)F,C4HF9O3S,300.09,9,52.94117647058824,4,9,4,300.0979999999999,3.0,2.0,1.0,0.0,0.0,Short-chain,False,False,False,True,Short-chain Branched Highly-fluorinated,Hydrothermal Treatment,Lab,Soil,350.0,90.0,94.9871794871795,True,Medium,Medium,156.0,7.82
375-73-5,Perfluorobutanesulfonic acid,OS(=O)(=O)C(F)(F)C(F)(F)C(F)(F)C(F)(F)F,C4HF9O3S,300.09,9,52.94117647058824,4,9,4,300.0979999999999,3.0,2.0,1.0,0.0,0.0,Short-chain,False,False,False,True,Short-chain Branched Highly-fluorinated,Hydrothermal Treatment,Lab,Other,350.0,90.0,99.87775061124697,True,Medium,Medium,8.18,0.01
375-73-5,Perfluorobutanesulfonic acid,OS(=O)(=O)C(F)(F)C(F)(F)C(F)(F)C(F)(F)F,C4HF9O3S,300.09,9,52.94117647058824,4,9,4,300.0979999999999,3.0,2.0,1.0,0.0,0.0,Short-chain,False,False,False,True,Short-chain Branched Highly-fluorinated,Hydrothermal Treatment,Lab,Other,350.0,90.0,66.66666666666666,False,Medium,Medium,0.03,0.01
375-73-5,Perfluorobutanesulfonic acid,OS(=O)(=O)C(F)(F)C(F)(F)C(F)(F)C(F)(F)F,C4HF9O3S,300.09,9,52.94117647058824,4,9,4,300.0979999999999,3.0,2.0,1.0,0.0,0.0,Short-chain,False,False,False,True,Short-chain Branched Highly-fluorinated,Pyrolysis,Not specified,Sludge,593.33,,,False,High,,2.3,
375-73-5,Perfluorobutanesulfonic acid,OS(=O)(=O)C(F)(F)C(F)(F)C(F)(F)C(F)(F)F,C4HF9O3S,300.09,9,52.94117647058824,4,9,4,300.0979999999999,3.0,2.0,1.0,0.0,0.0,Short-chain,False,False,False,True,Short-chain Branched Highly-fluorinated,Smoldering,Lab,Soil,1012.0,250.0,100.0,True,High,Long,0.000329,0.0
375-73-5,Perfluorobutanesulfonic acid,OS(=O)(=O)C(F)(F)C(F)(F)C(F)(F)C(F)(F)F,C4HF9O3S,300.09,9,52.94117647058824,4,9,4,300.0979999999999,3.0,2.0,1.0,0.0,0.0,Short-chain,False,False,False,True,Short-chain Branched Highly-fluorinated,Smoldering,Lab,Soil,642.0,250.0,100.0,True,High,Long,0.074,0.0
375-73-5,Perfluorobutanesulfonic acid,OS(=O)(=O)C(F)(F)C(F)(F)C(F)(F)C(F)(F)F,C4HF9O3S,300.09,9,52.94117647058824,4,9,4,300.0979999999999,3.0,2.0,1.0,0.0,0.0,Short-chain,False,False,False,True,Short-chain Branched Highly-fluorinated,Smoldering,Lab,Soil,1143.0,250.0,100.0,True,High,Long,0.126,0.0
375-73-5,Perfluorobutanesulfonic acid,OS(=O)(=O)C(F)(F)C(F)(F)C(F)(F)C(F)(F)F,C4HF9O3S,300.09,9,52.94117647058824,4,9,4,300.0979999999999,3.0,2.0,1.0,0.0,0.0,Short-chain,False,False,False,True,Short-chain Branched Highly-fluorinated,Smoldering,Lab,Soil,1145.0,250.0,100.0,True,High,Long,0.089,0.0
375-73-5,Perfluorobutanesulfonic acid,OS(=O)(=O)C(F)(F)C(F)(F)C(F)(F)C(F)(F)F,C4HF9O3S,300.09,9,52.94117647058824,4,9,4,300.0979999999999,3.0,2.0,1.0,0.0,0.0,Short-chain,False,False,False,True,Short-chain Branched Highly-fluorinated,Smoldering,Lab,Soil,1093.0,250.0,100.0,True,High,Long,0.695,0.0
375-73-5,Perfluorobutanesulfonic acid,OS(=O)(=O)C(F)(F)C(F)(F)C(F)(F)C(F)(F)F,C4HF9O3S,300.09,9,52.94117647058824,4,9,4,300.0979999999999,3.0,2.0,1.0,0.0,0.0,Short-chain,False,False,False,True,Short-chain Branched Highly-fluorinated,Smoldering,Lab,Soil,1064.0,250.0,100.0,True,High,Long,1.3,0.0
375-73-5,Perfluorobutanesulfonic acid,OS(=O)(=O)C(F)(F)C(F)(F)C(F)(F)C(F)(F)F,C4HF9O3S,300.09,9,52.94117647058824,4,9,4,300.0979999999999,3.0,2.0,1.0,0.0,0.0,Short-chain,False,False,False,True,Short-chain Branched Highly-fluorinated,Incineration,Pilot,Other,1020.0,0.045,,False,High,Short,,
375-73-5,Perfluorobutanesulfonic acid,OS(=O)(=O)C(F)(F)C(F)(F)C(F)(F)C(F)(F)F,C4HF9O3S,300.09,9,52.94117647058824,4,9,4,300.0979999999999,3.0,2.0,1.0,0.0,0.0,Short-chain,False,False,False,True,Short-chain Branched Highly-fluorinated,Incineration,Pilot,Other,870.0,0.0666666666666666,,False,High,Short,,
375-73-5,Perfluorobutanesulfonic acid,OS(=O)(=O)C(F)(F)C(F)(F)C(F)(F)C(F)(F)F,C4HF9O3S,300.09,9,52.94117647058824,4,9,4,300.0979999999999,3.0,2.0,1.0,0.0,0.0,Short-chain,False,False,False,True,Short-chain Branched Highly-fluorinated,Hydrothermal Treatment,Lab,Other,350.0,360.0,,False,Medium,Long,3.67,
375-73-5,Perfluorobutanesulfonic acid,OS(=O)(=O)C(F)(F)C(F)(F)C(F)(F)C(F)(F)F,C4HF9O3S,300.09,9,52.94117647058824,4,9,4,300.0979999999999,3.0,2.0,1.0,0.0,0.0,Short-chain,False,False,False,True,Short-chain Branched Highly-fluorinated,Hydrothermal Treatment,Lab,Other,350.0,360.0,,False,Medium,Long,3.67,
375-73-5,Perfluorobutanesulfonic acid,OS(=O)(=O)C(F)(F)C(F)(F)C(F)(F)C(F)(F)F,C4HF9O3S,300.09,9,52.94117647058824,4,9,4,300.0979999999999,3.0,2.0,1.0,0.0,0.0,Short-chain,False,False,False,True,Short-chain Branched Highly-fluorinated,Vapor Energy Generation,Lab,Soil,1750.0,30.0,,False,High,Short,,0.005
375-73-5,Perfluorobutanesulfonic acid,OS(=O)(=O)C(F)(F)C(F)(F)C(F)(F)C(F)(F)F,C4HF9O3S,300.09,9,52.94117647058824,4,9,4,300.0979999999999,3.0,2.0,1.0,0.0,0.0,Short-chain,False,False,False,True,Short-chain Branched Highly-fluorinated,Vapor Energy Generation,Lab,Soil,1100.0,15.0,77.61186844372371,False,High,Short,3946.6,883.57
375-73-5,Perfluorobutanesulfonic acid,OS(=O)(=O)C(F)(F)C(F)(F)C(F)(F)C(F)(F)F,C4HF9O3S,300.09,9,52.94117647058824,4,9,4,300.0979999999999,3.0,2.0,1.0,0.0,0.0,Short-chain,False,False,False,True,Short-chain Branched Highly-fluorinated,Vapor Energy Generation,Lab,Soil,900.0,15.0,26.137226191583867,False,High,Short,2042.03,1508.3
375-73-5,Perfluorobutanesulfonic acid,OS(=O)(=O)C(F)(F)C(F)(F)C(F)(F)C(F)(F)F,C4HF9O3S,300.09,9,52.94117647058824,4,9,4,300.0979999999999,3.0,2.0,1.0,0.0,0.0,Short-chain,False,False,False,True,Short-chain Branched Highly-fluorinated,Hydrothermal Treatment,Lab,Other,350.0,360.0,,False,Medium,Long,3.67,
375-73-5,Perfluorobutanesulfonic acid,OS(=O)(=O)C(F)(F)C(F)(F)C(F)(F)C(F)(F)F,C4HF9O3S,300.09,9,52.94117647058824,4,9,4,300.0979999999999,3.0,2.0,1.0,0.0,0.0,Short-chain,False,False,False,True,Short-chain Branched Highly-fluorinated,Hydrothermal Treatment,Lab,Other,350.0,360.0,,False,Medium,Long,3.67,
375-73-5,Perfluorobutanesulfonic acid,OS(=O)(=O)C(F)(F)C(F)(F)C(F)(F)C(F)(F)F,C4HF9O3S,300.09,9,52.94117647058824,4,9,4,300.0979999999999,3.0,2.0,1.0,0.0,0.0,Short-chain,False,False,False,True,Short-chain Branched Highly-fluorinated,Indirect Thermal Desorption,Lab,Soil,300.0,14400.0,58.536585365853654,False,Medium,Extended,41.0,17.0
375-73-5,Perfluorobutanesulfonic acid,OS(=O)(=O)C(F)(F)C(F)(F)C(F)(F)C(F)(F)F,C4HF9O3S,300.09,9,52.94117647058824,4,9,4,300.0979999999999,3.0,2.0,1.0,0.0,0.0,Short-chain,False,False,False,True,Short-chain Branched Highly-fluorinated,Indirect Thermal Desorption,Lab,Soil,350.0,14400.0,99.8048780487805,True,Medium,Extended,41.0,0.08
375-73-5,Perfluorobutanesulfonic acid,OS(=O)(=O)C(F)(F)C(F)(F)C(F)(F)C(F)(F)F,C4HF9O3S,300.09,9,52.94117647058824,4,9,4,300.0979999999999,3.0,2.0,1.0,0.0,0.0,Short-chain,False,False,False,True,Short-chain Branched Highly-fluorinated,Indirect Thermal Desorption,Lab,Soil,400.0,20160.0,99.9390243902439,True,Medium,Extended,41.0,0.025
647-42-7,Fluorotelomer alcohol 6:2,OCCC(F)(F)C(F)(F)C(F)(F)C(F)(F)C(F)(F)C(F)(F)F,C8H5F13O,364.106,13,59.09090909090909,8,13,8,364.10099999999994,6.0,1.0,1.0,0.0,0.0,Long-chain,False,False,False,True,Long-chain Branched Highly-fluorinated,Indirect Thermal Desorption,Lab,Other,700.0,,,False,High,,50.0,
647-42-7,Fluorotelomer alcohol 6:2,OCCC(F)(F)C(F)(F)C(F)(F)C(F)(F)C(F)(F)C(F)(F)F,C8H5F13O,364.106,13,59.09090909090909,8,13,8,364.10099999999994,6.0,1.0,1.0,0.0,0.0,Long-chain,False,False,False,True,Long-chain Branched Highly-fluorinated,Indirect Thermal Desorption,Lab,Other,500.0,,,False,High,,50.0,
647-42-7,Fluorotelomer alcohol 6:2,OCCC(F)(F)C(F)(F)C(F)(F)C(F)(F)C(F)(F)C(F)(F)F,C8H5F13O,364.106,13,59.09090909090909,8,13,8,364.10099999999994,6.0,1.0,1.0,0.0,0.0,Long-chain,False,False,False,True,Long-chain Branched Highly-fluorinated,Indirect Thermal Desorption,Lab,Other,300.0,,,False,Medium,,50.0,
647-42-7,Fluorotelomer alcohol 6:2,OCCC(F)(F)C(F)(F)C(F)(F)C(F)(F)C(F)(F)C(F)(F)F,C8H5F13O,364.106,13,59.09090909090909,8,13,8,364.10099999999994,6.0,1.0,1.0,0.0,0.0,Long-chain,False,False,False,True,Long-chain Branched Highly-fluorinated,Indirect Thermal Desorption,Lab,Other,700.0,,,False,High,,50.0,
647-42-7,Fluorotelomer alcohol 6:2,OCCC(F)(F)C(F)(F)C(F)(F)C(F)(F)C(F)(F)C(F)(F)F,C8H5F13O,364.106,13,59.09090909090909,8,13,8,364.10099999999994,6.0,1.0,1.0,0.0,0.0,Long-chain,False,False,False,True,Long-chain Branched Highly-fluorinated,Indirect Thermal Desorption,Lab,Other,700.0,,,False,High,,50.0,
647-42-7,Fluorotelomer alcohol 6:2,OCCC(F)(F)C(F)(F)C(F)(F)C(F)(F)C(F)(F)C(F)(F)F,C8H5F13O,364.106,13,59.09090909090909,8,13,8,364.10099999999994,6.0,1.0,1.0,0.0,0.0,Long-chain,False,False,False,True,Long-chain Branched Highly-fluorinated,Indirect Thermal Desorption,Lab,Other,500.0,,,False,High,,50.0,
647-42-7,Fluorotelomer alcohol 6:2,OCCC(F)(F)C(F)(F)C(F)(F)C(F)(F)C(F)(F)C(F)(F)F,C8H5F13O,364.106,13,59.09090909090909,8,13,8,364.10099999999994,6.0,1.0,1.0,0.0,0.0,Long-chain,False,False,False,True,Long-chain Branched Highly-fluorinated,Indirect Thermal Desorption,Lab,Other,500.0,,,False,High,,50.0,
647-42-7,Fluorotelomer alcohol 6:2,OCCC(F)(F)C(F)(F)C(F)(F)C(F)(F)C(F)(F)C(F)(F)F,C8H5F13O,364.106,13,59.09090909090909,8,13,8,364.10099999999994,6.0,1.0,1.0,0.0,0.0,Long-chain,False,False,False,True,Long-chain Branched Highly-fluorinated,Indirect Thermal Desorption,Lab,Other,300.0,,,False,Medium,,50.0,
647-42-7,Fluorotelomer alcohol 6:2,OCCC(F)(F)C(F)(F)C(F)(F)C(F)(F)C(F)(F)C(F)(F)F,C8H5F13O,364.106,13,59.09090909090909,8,13,8,364.10099999999994,6.0,1.0,1.0,0.0,0.0,Long-chain,False,False,False,True,Long-chain Branched Highly-fluorinated,Indirect Thermal Desorption,Lab,Other,300.0,,,False,Medium,,50.0,
27854-31-5,2-(Perfluorooctyl)ethanoic acid,OC(=O)CC(F)(F)C(F)(F)C(F)(F)C(F)(F)C(F)(F)C(F)(F)C(F)(F)C(F)(F)F,C10H3F17O2,478.105,17,58.620689655172406,10,17,10,478.098,8.0,1.0,1.0,0.0,0.0,Long-chain,False,False,False,True,Long-chain Branched Highly-fluorinated,Hydrothermal Treatment,Lab,Other,350.0,60.0,,False,Medium,Medium,,
27854-31-5,2-(Perfluorooctyl)ethanoic acid,OC(=O)CC(F)(F)C(F)(F)C(F)(F)C(F)(F)C(F)(F)C(F)(F)C(F)(F)C(F)(F)F,C10H3F17O2,478.105,17,58.620689655172406,10,17,10,478.098,8.0,1.0,1.0,0.0,0.0,Long-chain,False,False,False,True,Long-chain Branched Highly-fluorinated,Hydrothermal Treatment,Lab,Other,350.0,60.0,,False,Medium,Medium,,
27854-31-5,2-(Perfluorooctyl)ethanoic acid,OC(=O)CC(F)(F)C(F)(F)C(F)(F)C(F)(F)C(F)(F)C(F)(F)C(F)(F)C(F)(F)F,C10H3F17O2,478.105,17,58.620689655172406,10,17,10,478.098,8.0,1.0,1.0,0.0,0.0,Long-chain,False,False,False,True,Long-chain Branched Highly-fluorinated,Hydrothermal Treatment,Lab,Other,300.0,60.0,,False,Medium,Medium,,
27854-31-5,2-(Perfluorooctyl)ethanoic acid,OC(=O)CC(F)(F)C(F)(F)C(F)(F)C(F)(F)C(F)(F)C(F)(F)C(F)(F)C(F)(F)F,C10H3F17O2,478.105,17,58.620689655172406,10,17,10,478.098,8.0,1.0,1.0,0.0,0.0,Long-chain,False,False,False,True,Long-chain Branched Highly-fluorinated,Hydrothermal Treatment,Lab,Other,300.0,60.0,,False,Medium,Medium,,
27854-31-5,2-(Perfluorooctyl)ethanoic acid,OC(=O)CC(F)(F)C(F)(F)C(F)(F)C(F)(F)C(F)(F)C(F)(F)C(F)(F)C(F)(F)F,C10H3F17O2,478.105,17,58.620689655172406,10,17,10,478.098,8.0,1.0,1.0,0.0,0.0,Long-chain,False,False,False,True,Long-chain Branched Highly-fluorinated,Hydrothermal Treatment,Lab,Other,260.0,60.0,,False,Medium,Medium,,
27854-31-5,2-(Perfluorooctyl)ethanoic acid,OC(=O)CC(F)(F)C(F)(F)C(F)(F)C(F)(F)C(F)(F)C(F)(F)C(F)(F)C(F)(F)F,C10H3F17O2,478.105,17,58.620689655172406,10,17,10,478.098,8.0,1.0,1.0,0.0,0.0,Long-chain,False,False,False,True,Long-chain Branched Highly-fluorinated,Hydrothermal Treatment,Lab,Other,260.0,60.0,,False,Medium,Medium,,
27854-31-5,2-(Perfluorooctyl)ethanoic acid,OC(=O)CC(F)(F)C(F)(F)C(F)(F)C(F)(F)C(F)(F)C(F)(F)C(F)(F)C(F)(F)F,C10H3F17O2,478.105,17,58.620689655172406,10,17,10,478.098,8.0,1.0,1.0,0.0,0.0,Long-chain,False,False,False,True,Long-chain Branched Highly-fluorinated,Hydrothermal Treatment,Lab,Sludge,300.0,60.0,,False,Medium,Medium,1000.0,
27854-31-5,2-(Perfluorooctyl)ethanoic acid,OC(=O)CC(F)(F)C(F)(F)C(F)(F)C(F)(F)C(F)(F)C(F)(F)C(F)(F)C(F)(F)F,C10H3F17O2,478.105,17,58.620689655172406,10,17,10,478.098,8.0,1.0,1.0,0.0,0.0,Long-chain,False,False,False,True,Long-chain Branched Highly-fluorinated,Hydrothermal Treatment,Lab,Sludge,260.0,60.0,,False,Medium,Medium,1000.0,
27854-31-5,2-(Perfluorooctyl)ethanoic acid,OC(=O)CC(F)(F)C(F)(F)C(F)(F)C(F)(F)C(F)(F)C(F)(F)C(F)(F)C(F)(F)F,C10H3F17O2,478.105,17,58.620689655172406,10,17,10,478.098,8.0,1.0,1.0,0.0,0.0,Long-chain,False,False,False,True,Long-chain Branched Highly-fluorinated,Hydrothermal Treatment,Lab,Sludge,350.0,90.0,,False,Medium,Medium,1000.0,
27854-31-5,2-(Perfluorooctyl)ethanoic acid,OC(=O)CC(F)(F)C(F)(F)C(F)(F)C(F)(F)C(F)(F)C(F)(F)C(F)(F)C(F)(F)F,C10H3F17O2,478.105,17,58.620689655172406,10,17,10,478.098,8.0,1.0,1.0,0.0,0.0,Long-chain,False,False,False,True,Long-chain Branched Highly-fluorinated,Hydrothermal Treatment,Lab,Sludge,350.0,60.0,,False,Medium,Medium,1000.0,
27854-31-5,2-(Perfluorooctyl)ethanoic acid,OC(=O)CC(F)(F)C(F)(F)C(F)(F)C(F)(F)C(F)(F)C(F)(F)C(F)(F)C(F)(F)F,C10H3F17O2,478.105,17,58.620689655172406,10,17,10,478.098,8.0,1.0,1.0,0.0,0.0,Long-chain,False,False,False,True,Long-chain Branched Highly-fluorinated,Hydrothermal Treatment,Lab,Sludge,350.0,30.0,,False,Medium,Short,1000.0,
62037-80-3,Ammonium perfluoro-2-methyl-3-oxahexanoate,[NH4+].[O-]C(=O)C(F)(OC(F)(F)C(F)(F)C(F)(F)F)C(F)(F)F,C6H4F11NO3,347.084,11,52.38095238095239,6,11,6,347.0799999999999,4.0,3.0,1.0,0.0,0.0,Medium-chain,False,False,False,True,Medium-chain Branched Highly-fluorinated,GAC Reactivation,Full,Treatment Media,1093.0,,99.99654545454544,True,High,,55000.0,1.9
62037-80-3,Ammonium perfluoro-2-methyl-3-oxahexanoate,[NH4+].[O-]C(=O)C(F)(OC(F)(F)C(F)(F)C(F)(F)F)C(F)(F)F,C6H4F11NO3,347.084,11,52.38095238095239,6,11,6,347.0799999999999,4.0,3.0,1.0,0.0,0.0,Medium-chain,False,False,False,True,Medium-chain Branched Highly-fluorinated,GAC Reactivation,Full,Treatment Media,1093.0,,99.99524999999998,True,High,,40000.0,1.9
62037-80-3,Ammonium perfluoro-2-methyl-3-oxahexanoate,[NH4+].[O-]C(=O)C(F)(OC(F)(F)C(F)(F)C(F)(F)F)C(F)(F)F,C6H4F11NO3,347.084,11,52.38095238095239,6,11,6,347.0799999999999,4.0,3.0,1.0,0.0,0.0,Medium-chain,False,False,False,True,Medium-chain Branched Highly-fluorinated,GAC Reactivation,Full,Treatment Media,1093.0,,99.97076923076924,True,High,,6500.0,1.9
62037-80-3,Ammonium perfluoro-2-methyl-3-oxahexanoate,[NH4+].[O-]C(=O)C(F)(OC(F)(F)C(F)(F)C(F)(F)F)C(F)(F)F,C6H4F11NO3,347.084,11,52.38095238095239,6,11,6,347.0799999999999,4.0,3.0,1.0,0.0,0.0,Medium-chain,False,False,False,True,Medium-chain Branched Highly-fluorinated,GAC Reactivation,Lab,Treatment Media,500.0,30.0,,False,High,Short,,
62037-80-3,Ammonium perfluoro-2-methyl-3-oxahexanoate,[NH4+].[O-]C(=O)C(F)(OC(F)(F)C(F)(F)C(F)(F)F)C(F)(F)F,C6H4F11NO3,347.084,11,52.38095238095239,6,11,6,347.0799999999999,4.0,3.0,1.0,0.0,0.0,Medium-chain,False,False,False,True,Medium-chain Branched Highly-fluorinated,GAC Reactivation,Lab,Treatment Media,500.0,30.0,,False,High,Short,,
62037-80-3,Ammonium perfluoro-2-methyl-3-oxahexanoate,[NH4+].[O-]C(=O)C(F)(OC(F)(F)C(F)(F)C(F)(F)F)C(F)(F)F,C6H4F11NO3,347.084,11,52.38095238095239,6,11,6,347.0799999999999,4.0,3.0,1.0,0.0,0.0,Medium-chain,False,False,False,True,Medium-chain Branched Highly-fluorinated,Hydrothermal Treatment,Lab,Other,300.0,120.0,,False,Medium,Medium,,0.0
62037-80-3,Ammonium perfluoro-2-methyl-3-oxahexanoate,[NH4+].[O-]C(=O)C(F)(OC(F)(F)C(F)(F)C(F)(F)F)C(F)(F)F,C6H4F11NO3,347.084,11,52.38095238095239,6,11,6,347.0799999999999,4.0,3.0,1.0,0.0,0.0,Medium-chain,False,False,False,True,Medium-chain Branched Highly-fluorinated,Hydrothermal Treatment,Lab,Other,200.0,120.0,,False,Medium,Medium,,0.0
62037-80-3,Ammonium perfluoro-2-methyl-3-oxahexanoate,[NH4+].[O-]C(=O)C(F)(OC(F)(F)C(F)(F)C(F)(F)F)C(F)(F)F,C6H4F11NO3,347.084,11,52.38095238095239,6,11,6,347.0799999999999,4.0,3.0,1.0,0.0,0.0,Medium-chain,False,False,False,True,Medium-chain Branched Highly-fluorinated,Hydrothermal Treatment,Lab,Other,300.0,120.0,100.0,True,Medium,Medium,20.0,0.0
62037-80-3,Ammonium perfluoro-2-methyl-3-oxahexanoate,[NH4+].[O-]C(=O)C(F)(OC(F)(F)C(F)(F)C(F)(F)F)C(F)(F)F,C6H4F11NO3,347.084,11,52.38095238095239,6,11,6,347.0799999999999,4.0,3.0,1.0,0.0,0.0,Medium-chain,False,False,False,True,Medium-chain Branched Highly-fluorinated,Hydrothermal Treatment,Lab,Other,250.0,120.0,100.0,True,Medium,Medium,20.0,0.0
62037-80-3,Ammonium perfluoro-2-methyl-3-oxahexanoate,[NH4+].[O-]C(=O)C(F)(OC(F)(F)C(F)(F)C(F)(F)F)C(F)(F)F,C6H4F11NO3,347.084,11,52.38095238095239,6,11,6,347.0799999999999,4.0,3.0,1.0,0.0,0.0,Medium-chain,False,False,False,True,Medium-chain Branched Highly-fluorinated,Hydrothermal Treatment,Lab,Other,300.0,120.0,,False,Medium,Medium,,0.0
62037-80-3,Ammonium perfluoro-2-methyl-3-oxahexanoate,[NH4+].[O-]C(=O)C(F)(OC(F)(F)C(F)(F)C(F)(F)F)C(F)(F)F,C6H4F11NO3,347.084,11,52.38095238095239,6,11,6,347.0799999999999,4.0,3.0,1.0,0.0,0.0,Medium-chain,False,False,False,True,Medium-chain Branched Highly-fluorinated,Hydrothermal Treatment,Lab,Other,250.0,120.0,,False,Medium,Medium,,0.0
62037-80-3,Ammonium perfluoro-2-methyl-3-oxahexanoate,[NH4+].[O-]C(=O)C(F)(OC(F)(F)C(F)(F)C(F)(F)F)C(F)(F)F,C6H4F11NO3,347.084,11,52.38095238095239,6,11,6,347.0799999999999,4.0,3.0,1.0,0.0,0.0,Medium-chain,False,False,False,True,Medium-chain Branched Highly-fluorinated,GAC Reactivation,Lab,Treatment Media,500.0,30.0,,False,High,Short,,
62037-80-3,Ammonium perfluoro-2-methyl-3-oxahexanoate,[NH4+].[O-]C(=O)C(F)(OC(F)(F)C(F)(F)C(F)(F)F)C(F)(F)F,C6H4F11NO3,347.084,11,52.38095238095239,6,11,6,347.0799999999999,4.0,3.0,1.0,0.0,0.0,Medium-chain,False,False,False,True,Medium-chain Branched Highly-fluorinated,GAC Reactivation,Lab,Treatment Media,475.0,30.0,,False,High,Short,,
62037-80-3,Ammonium perfluoro-2-methyl-3-oxahexanoate,[NH4+].[O-]C(=O)C(F)(OC(F)(F)C(F)(F)C(F)(F)F)C(F)(F)F,C6H4F11NO3,347.084,11,52.38095238095239,6,11,6,347.0799999999999,4.0,3.0,1.0,0.0,0.0,Medium-chain,False,False,False,True,Medium-chain Branched Highly-fluorinated,GAC Reactivation,Lab,Treatment Media,300.0,30.0,,False,Medium,Short,,
62037-80-3,Ammonium perfluoro-2-methyl-3-oxahexanoate,[NH4+].[O-]C(=O)C(F)(OC(F)(F)C(F)(F)C(F)(F)F)C(F)(F)F,C6H4F11NO3,347.084,11,52.38095238095239,6,11,6,347.0799999999999,4.0,3.0,1.0,0.0,0.0,Medium-chain,False,False,False,True,Medium-chain Branched Highly-fluorinated,GAC Reactivation,Lab,Treatment Media,200.0,30.0,,False,Medium,Short,,
62037-80-3,Ammonium perfluoro-2-methyl-3-oxahexanoate,[NH4+].[O-]C(=O)C(F)(OC(F)(F)C(F)(F)C(F)(F)F)C(F)(F)F,C6H4F11NO3,347.084,11,52.38095238095239,6,11,6,347.0799999999999,4.0,3.0,1.0,0.0,0.0,Medium-chain,False,False,False,True,Medium-chain Branched Highly-fluorinated,GAC Reactivation,Lab,Treatment Media,500.0,30.0,,False,High,Short,,
62037-80-3,Ammonium perfluoro-2-methyl-3-oxahexanoate,[NH4+].[O-]C(=O)C(F)(OC(F)(F)C(F)(F)C(F)(F)F)C(F)(F)F,C6H4F11NO3,347.084,11,52.38095238095239,6,11,6,347.0799999999999,4.0,3.0,1.0,0.0,0.0,Medium-chain,False,False,False,True,Medium-chain Branched Highly-fluorinated,GAC Reactivation,Lab,Treatment Media,475.0,30.0,,False,High,Short,,
62037-80-3,Ammonium perfluoro-2-methyl-3-oxahexanoate,[NH4+].[O-]C(=O)C(F)(OC(F)(F)C(F)(F)C(F)(F)F)C(F)(F)F,C6H4F11NO3,347.084,11,52.38095238095239,6,11,6,347.0799999999999,4.0,3.0,1.0,0.0,0.0,Medium-chain,False,False,False,True,Medium-chain Branched Highly-fluorinated,GAC Reactivation,Lab,Treatment Media,250.0,30.0,,False,Medium,Short,,
62037-80-3,Ammonium perfluoro-2-methyl-3-oxahexanoate,[NH4+].[O-]C(=O)C(F)(OC(F)(F)C(F)(F)C(F)(F)F)C(F)(F)F,C6H4F11NO3,347.084,11,52.38095238095239,6,11,6,347.0799999999999,4.0,3.0,1.0,0.0,0.0,Medium-chain,False,False,False,True,Medium-chain Branched Highly-fluorinated,GAC Reactivation,Lab,Treatment Media,200.0,30.0,,False,Medium,Short,,
62037-80-3,Ammonium perfluoro-2-methyl-3-oxahexanoate,[NH4+].[O-]C(=O)C(F)(OC(F)(F)C(F)(F)C(F)(F)F)C(F)(F)F,C6H4F11NO3,347.084,11,52.38095238095239,6,11,6,347.0799999999999,4.0,3.0,1.0,0.0,0.0,Medium-chain,False,False,False,True,Medium-chain Branched Highly-fluorinated,GAC Reactivation,Lab,Treatment Media,185.0,30.0,,False,Medium,Short,,
2806-24-8,N-[(Perfluorooctyl)sulfonyl]glycine,OC(=O)CNS(=O)(=O)C(F)(F)C(F)(F)C(F)(F)C(F)(F)C(F)(F)C(F)(F)C(F)(F)C(F)(F)F,C10H4F17NO4S,557.18,17,51.51515151515152,10,17,10,557.1780000000001,10.0,3.0,2.0,0.0,0.0,Long-chain,False,False,False,True,Long-chain Branched Highly-fluorinated,Infrared Heating,Pilot,Soil,350.0,11520.0,,False,Medium,Extended,5.66,
2806-24-8,N-[(Perfluorooctyl)sulfonyl]glycine,OC(=O)CNS(=O)(=O)C(F)(F)C(F)(F)C(F)(F)C(F)(F)C(F)(F)C(F)(F)C(F)(F)C(F)(F)F,C10H4F17NO4S,557.18,17,51.51515151515152,10,17,10,557.1780000000001,10.0,3.0,2.0,0.0,0.0,Long-chain,False,False,False,True,Long-chain Branched Highly-fluorinated,Hydrothermal Treatment,Lab,Soil,350.0,90.0,99.8888888888889,True,Medium,Medium,18.0,0.02
375-22-4,Perfluorobutanoic acid,OC(=O)C(F)(F)C(F)(F)C(F)(F)F,C4HF7O2,214.039,7,53.84615384615385,4,7,4,214.03599999999997,2.0,1.0,1.0,0.0,0.0,Short-chain,False,False,False,True,Short-chain Branched Highly-fluorinated,Thermolysis,Lab,Various,400.0,30.0,,False,Medium,Short,0.0,4.79
375-22-4,Perfluorobutanoic acid,OC(=O)C(F)(F)C(F)(F)C(F)(F)F,C4HF7O2,214.039,7,53.84615384615385,4,7,4,214.03599999999997,2.0,1.0,1.0,0.0,0.0,Short-chain,False,False,False,True,Short-chain Branched Highly-fluorinated,Electromagnetic Heating,Lab,Soil,845.0,2.0,,False,High,Short,0.02,
375-22-4,Perfluorobutanoic acid,OC(=O)C(F)(F)C(F)(F)C(F)(F)F,C4HF7O2,214.039,7,53.84615384615385,4,7,4,214.03599999999997,2.0,1.0,1.0,0.0,0.0,Short-chain,False,False,False,True,Short-chain Branched Highly-fluorinated,Hydrothermal Treatment,Lab,Sludge,300.0,120.0,,False,Medium,Medium,,
375-22-4,Perfluorobutanoic acid,OC(=O)C(F)(F)C(F)(F)C(F)(F)F,C4HF7O2,214.039,7,53.84615384615385,4,7,4,214.03599999999997,2.0,1.0,1.0,0.0,0.0,Short-chain,False,False,False,True,Short-chain Branched Highly-fluorinated,Hydrothermal Treatment,Lab,Sludge,300.0,120.0,,False,Medium,Medium,,
375-22-4,Perfluorobutanoic acid,OC(=O)C(F)(F)C(F)(F)C(F)(F)F,C4HF7O2,214.039,7,53.84615384615385,4,7,4,214.03599999999997,2.0,1.0,1.0,0.0,0.0,Short-chain,False,False,False,True,Short-chain Branched Highly-fluorinated,Hydrothermal Treatment,Lab,Sludge,300.0,120.0,,False,Medium,Medium,,
375-22-4,Perfluorobutanoic acid,OC(=O)C(F)(F)C(F)(F)C(F)(F)F,C4HF7O2,214.039,7,53.84615384615385,4,7,4,214.03599999999997,2.0,1.0,1.0,0.0,0.0,Short-chain,False,False,False,True,Short-chain Branched Highly-fluorinated,Hydrothermal Treatment,Lab,Sludge,300.0,120.0,,False,Medium,Medium,,
375-22-4,Perfluorobutanoic acid,OC(=O)C(F)(F)C(F)(F)C(F)(F)F,C4HF7O2,214.039,7,53.84615384615385,4,7,4,214.03599999999997,2.0,1.0,1.0,0.0,0.0,Short-chain,False,False,False,True,Short-chain Branched Highly-fluorinated,Hydrothermal Treatment,Lab,Sludge,300.0,120.0,,False,Medium,Medium,,
375-22-4,Perfluorobutanoic acid,OC(=O)C(F)(F)C(F)(F)C(F)(F)F,C4HF7O2,214.039,7,53.84615384615385,4,7,4,214.03599999999997,2.0,1.0,1.0,0.0,0.0,Short-chain,False,False,False,True,Short-chain Branched Highly-fluorinated,Hydrothermal Treatment,Lab,Other,350.0,2.5,100.0,True,Medium,Short,21.0,0.0
375-22-4,Perfluorobutanoic acid,OC(=O)C(F)(F)C(F)(F)C(F)(F)F,C4HF7O2,214.039,7,53.84615384615385,4,7,4,214.03599999999997,2.0,1.0,1.0,0.0,0.0,Short-chain,False,False,False,True,Short-chain Branched Highly-fluorinated,Hydrothermal Treatment,Lab,Other,350.0,2.5,100.0,True,Medium,Short,26.0,0.0
375-22-4,Perfluorobutanoic acid,OC(=O)C(F)(F)C(F)(F)C(F)(F)F,C4HF7O2,214.039,7,53.84615384615385,4,7,4,214.03599999999997,2.0,1.0,1.0,0.0,0.0,Short-chain,False,False,False,True,Short-chain Branched Highly-fluorinated,Hydrothermal Treatment,Lab,Other,350.0,2.5,100.0,True,Medium,Short,26.0,0.0
375-22-4,Perfluorobutanoic acid,OC(=O)C(F)(F)C(F)(F)C(F)(F)F,C4HF7O2,214.039,7,53.84615384615385,4,7,4,214.03599999999997,2.0,1.0,1.0,0.0,0.0,Short-chain,False,False,False,True,Short-chain Branched Highly-fluorinated,Pyrolysis,Lab,Sludge,800.0,20.0,98.0909090909091,True,High,Short,2.2,0.042
375-22-4,Perfluorobutanoic acid,OC(=O)C(F)(F)C(F)(F)C(F)(F)F,C4HF7O2,214.039,7,53.84615384615385,4,7,4,214.03599999999997,2.0,1.0,1.0,0.0,0.0,Short-chain,False,False,False,True,Short-chain Branched Highly-fluorinated,Pyrolysis,Lab,Sludge,800.0,20.0,98.9430894308943,True,High,Short,3.69,0.039
375-22-4,Perfluorobutanoic acid,OC(=O)C(F)(F)C(F)(F)C(F)(F)F,C4HF7O2,214.039,7,53.84615384615385,4,7,4,214.03599999999997,2.0,1.0,1.0,0.0,0.0,Short-chain,False,False,False,True,Short-chain Branched Highly-fluorinated,Pyrolysis,Lab,Sludge,800.0,20.0,99.22155688622756,True,High,Short,5.01,0.039
375-22-4,Perfluorobutanoic acid,OC(=O)C(F)(F)C(F)(F)C(F)(F)F,C4HF7O2,214.039,7,53.84615384615385,4,7,4,214.03599999999997,2.0,1.0,1.0,0.0,0.0,Short-chain,False,False,False,True,Short-chain Branched Highly-fluorinated,Pyrolysis,Lab,Sludge,800.0,20.0,90.89147286821706,True,High,Short,0.516,0.047
375-22-4,Perfluorobutanoic acid,OC(=O)C(F)(F)C(F)(F)C(F)(F)F,C4HF7O2,214.039,7,53.84615384615385,4,7,4,214.03599999999997,2.0,1.0,1.0,0.0,0.0,Short-chain,False,False,False,True,Short-chain Branched Highly-fluorinated,Pyrolysis,Lab,Sludge,800.0,20.0,74.32432432432432,False,High,Short,0.148,0.038
375-22-4,Perfluorobutanoic acid,OC(=O)C(F)(F)C(F)(F)C(F)(F)F,C4HF7O2,214.039,7,53.84615384615385,4,7,4,214.03599999999997,2.0,1.0,1.0,0.0,0.0,Short-chain,False,False,False,True,Short-chain Branched Highly-fluorinated,Pyrolysis,Lab,Sludge,800.0,20.0,72.53521126760563,False,High,Short,0.142,0.039
375-22-4,Perfluorobutanoic acid,OC(=O)C(F)(F)C(F)(F)C(F)(F)F,C4HF7O2,214.039,7,53.84615384615385,4,7,4,214.03599999999997,2.0,1.0,1.0,0.0,0.0,Short-chain,False,False,False,True,Short-chain Branched Highly-fluorinated,Pyrolysis,Lab,Sludge,650.0,20.0,98.27272727272728,True,High,Short,2.2,0.038
375-22-4,Perfluorobutanoic acid,OC(=O)C(F)(F)C(F)(F)C(F)(F)F,C4HF7O2,214.039,7,53.84615384615385,4,7,4,214.03599999999997,2.0,1.0,1.0,0.0,0.0,Short-chain,False,False,False,True,Short-chain Branched Highly-fluorinated,Pyrolysis,Lab,Sludge,650.0,20.0,98.97018970189704,True,High,Short,3.69,0.038
375-22-4,Perfluorobutanoic acid,OC(=O)C(F)(F)C(F)(F)C(F)(F)F,C4HF7O2,214.039,7,53.84615384615385,4,7,4,214.03599999999997,2.0,1.0,1.0,0.0,0.0,Short-chain,False,False,False,True,Short-chain Branched Highly-fluorinated,Pyrolysis,Lab,Sludge,650.0,20.0,99.16167664670658,True,High,Short,5.01,0.042
375-22-4,Perfluorobutanoic acid,OC(=O)C(F)(F)C(F)(F)C(F)(F)F,C4HF7O2,214.039,7,53.84615384615385,4,7,4,214.03599999999997,2.0,1.0,1.0,0.0,0.0,Short-chain,False,False,False,True,Short-chain Branched Highly-fluorinated,Pyrolysis,Lab,Sludge,650.0,20.0,92.24806201550388,True,High,Short,0.516,0.04
375-22-4,Perfluorobutanoic acid,OC(=O)C(F)(F)C(F)(F)C(F)(F)F,C4HF7O2,214.039,7,53.84615384615385,4,7,4,214.03599999999997,2.0,1.0,1.0,0.0,0.0,Short-chain,False,False,False,True,Short-chain Branched Highly-fluorinated,Pyrolysis,Lab,Sludge,650.0,20.0,73.64864864864865,False,High,Short,0.148,0.039
375-22-4,Perfluorobutanoic acid,OC(=O)C(F)(F)C(F)(F)C(F)(F)F,C4HF7O2,214.039,7,53.84615384615385,4,7,4,214.03599999999997,2.0,1.0,1.0,0.0,0.0,Short-chain,False,False,False,True,Short-chain Branched Highly-fluorinated,Pyrolysis,Lab,Sludge,650.0,20.0,71.83098591549295,False,High,Short,0.142,0.04
375-22-4,Perfluorobutanoic acid,OC(=O)C(F)(F)C(F)(F)C(F)(F)F,C4HF7O2,214.039,7,53.84615384615385,4,7,4,214.03599999999997,2.0,1.0,1.0,0.0,0.0,Short-chain,False,False,False,True,Short-chain Branched Highly-fluorinated,Pyrolysis,Lab,Sludge,500.0,20.0,98.1818181818182,True,High,Short,2.2,0.04
375-22-4,Perfluorobutanoic acid,OC(=O)C(F)(F)C(F)(F)C(F)(F)F,C4HF7O2,214.039,7,53.84615384615385,4,7,4,214.03599999999997,2.0,1.0,1.0,0.0,0.0,Short-chain,False,False,False,True,Short-chain Branched Highly-fluorinated,Pyrolysis,Lab,Sludge,500.0,20.0,98.9430894308943,True,High,Short,3.69,0.039
375-22-4,Perfluorobutanoic acid,OC(=O)C(F)(F)C(F)(F)C(F)(F)F,C4HF7O2,214.039,7,53.84615384615385,4,7,4,214.03599999999997,2.0,1.0,1.0,0.0,0.0,Short-chain,False,False,False,True,Short-chain Branched Highly-fluorinated,Pyrolysis,Lab,Sludge,500.0,20.0,99.22155688622756,True,High,Short,5.01,0.039
375-22-4,Perfluorobutanoic acid,OC(=O)C(F)(F)C(F)(F)C(F)(F)F,C4HF7O2,214.039,7,53.84615384615385,4,7,4,214.03599999999997,2.0,1.0,1.0,0.0,0.0,Short-chain,False,False,False,True,Short-chain Branched Highly-fluorinated,Pyrolysis,Lab,Sludge,500.0,20.0,73.64864864864865,False,High,Short,0.148,0.039
375-22-4,Perfluorobutanoic acid,OC(=O)C(F)(F)C(F)(F)C(F)(F)F,C4HF7O2,214.039,7,53.84615384615385,4,7,4,214.03599999999997,2.0,1.0,1.0,0.0,0.0,Short-chain,False,False,False,True,Short-chain Branched Highly-fluorinated,Pyrolysis,Lab,Sludge,500.0,20.0,92.05426356589147,True,High,Short,0.516,0.041
375-22-4,Perfluorobutanoic acid,OC(=O)C(F)(F)C(F)(F)C(F)(F)F,C4HF7O2,214.039,7,53.84615384615385,4,7,4,214.03599999999997,2.0,1.0,1.0,0.0,0.0,Short-chain,False,False,False,True,Short-chain Branched Highly-fluorinated,Pyrolysis,Lab,Sludge,500.0,20.0,72.53521126760563,False,High,Short,0.142,0.039
375-22-4,Perfluorobutanoic acid,OC(=O)C(F)(F)C(F)(F)C(F)(F)F,C4HF7O2,214.039,7,53.84615384615385,4,7,4,214.03599999999997,2.0,1.0,1.0,0.0,0.0,Short-chain,False,False,False,True,Short-chain Branched Highly-fluorinated,GAC Reactivation,Full,Treatment Media,1093.0,,99.95957446808512,True,High,,4700.0,1.9
375-22-4,Perfluorobutanoic acid,OC(=O)C(F)(F)C(F)(F)C(F)(F)F,C4HF7O2,214.039,7,53.84615384615385,4,7,4,214.03599999999997,2.0,1.0,1.0,0.0,0.0,Short-chain,False,False,False,True,Short-chain Branched Highly-fluorinated,GAC Reactivation,Full,Treatment Media,1093.0,,99.9716417910448,True,High,,6700.0,1.9
375-22-4,Perfluorobutanoic acid,OC(=O)C(F)(F)C(F)(F)C(F)(F)F,C4HF7O2,214.039,7,53.84615384615385,4,7,4,214.03599999999997,2.0,1.0,1.0,0.0,0.0,Short-chain,False,False,False,True,Short-chain Branched Highly-fluorinated,GAC Reactivation,Full,Treatment Media,1093.0,,99.96984126984128,True,High,,6300.0,1.9
375-22-4,Perfluorobutanoic acid,OC(=O)C(F)(F)C(F)(F)C(F)(F)F,C4HF7O2,214.039,7,53.84615384615385,4,7,4,214.03599999999997,2.0,1.0,1.0,0.0,0.0,Short-chain,False,False,False,True,Short-chain Branched Highly-fluorinated,Electric Furnace,Lab,Other,250.0,75.0,,False,Medium,Medium,,0.02
375-22-4,Perfluorobutanoic acid,OC(=O)C(F)(F)C(F)(F)C(F)(F)F,C4HF7O2,214.039,7,53.84615384615385,4,7,4,214.03599999999997,2.0,1.0,1.0,0.0,0.0,Short-chain,False,False,False,True,Short-chain Branched Highly-fluorinated,Electric Furnace,Lab,Other,300.0,75.0,,False,Medium,Medium,,1.86
375-22-4,Perfluorobutanoic acid,OC(=O)C(F)(F)C(F)(F)C(F)(F)F,C4HF7O2,214.039,7,53.84615384615385,4,7,4,214.03599999999997,2.0,1.0,1.0,0.0,0.0,Short-chain,False,False,False,True,Short-chain Branched Highly-fluorinated,GAC Reactivation,Lab,Treatment Media,500.0,30.0,,False,High,Short,,
375-22-4,Perfluorobutanoic acid,OC(=O)C(F)(F)C(F)(F)C(F)(F)F,C4HF7O2,214.039,7,53.84615384615385,4,7,4,214.03599999999997,2.0,1.0,1.0,0.0,0.0,Short-chain,False,False,False,True,Short-chain Branched Highly-fluorinated,GAC Reactivation,Lab,Treatment Media,500.0,30.0,,False,High,Short,,
375-22-4,Perfluorobutanoic acid,OC(=O)C(F)(F)C(F)(F)C(F)(F)F,C4HF7O2,214.039,7,53.84615384615385,4,7,4,214.03599999999997,2.0,1.0,1.0,0.0,0.0,Short-chain,False,False,False,True,Short-chain Branched Highly-fluorinated,Thermal Oxidation of Off-gas,Lab,Treatment Media,590.0,0.1666666666666666,,False,High,Short,100.0,
375-22-4,Perfluorobutanoic acid,OC(=O)C(F)(F)C(F)(F)C(F)(F)F,C4HF7O2,214.039,7,53.84615384615385,4,7,4,214.03599999999997,2.0,1.0,1.0,0.0,0.0,Short-chain,False,False,False,True,Short-chain Branched Highly-fluorinated,Thermal Oxidation of Off-gas,Lab,Treatment Media,590.0,1.0,,False,High,Short,100.0,
375-22-4,Perfluorobutanoic acid,OC(=O)C(F)(F)C(F)(F)C(F)(F)F,C4HF7O2,214.039,7,53.84615384615385,4,7,4,214.03599999999997,2.0,1.0,1.0,0.0,0.0,Short-chain,False,False,False,True,Short-chain Branched Highly-fluorinated,Pyrolysis,Lab,Soil,450.0,30.0,,False,High,Short,0.0022,
375-22-4,Perfluorobutanoic acid,OC(=O)C(F)(F)C(F)(F)C(F)(F)F,C4HF7O2,214.039,7,53.84615384615385,4,7,4,214.03599999999997,2.0,1.0,1.0,0.0,0.0,Short-chain,False,False,False,True,Short-chain Branched Highly-fluorinated,Pyrolysis,Lab,Soil,300.0,30.0,,False,Medium,Short,0.0022,
375-22-4,Perfluorobutanoic acid,OC(=O)C(F)(F)C(F)(F)C(F)(F)F,C4HF7O2,214.039,7,53.84615384615385,4,7,4,214.03599999999997,2.0,1.0,1.0,0.0,0.0,Short-chain,False,False,False,True,Short-chain Branched Highly-fluorinated,Pyrolysis,Pilot,Sludge,649.0,19.1,95.78686493184637,True,High,Short,8.07,0.34
375-22-4,Perfluorobutanoic acid,OC(=O)C(F)(F)C(F)(F)C(F)(F)F,C4HF7O2,214.039,7,53.84615384615385,4,7,4,214.03599999999997,2.0,1.0,1.0,0.0,0.0,Short-chain,False,False,False,True,Short-chain Branched Highly-fluorinated,Pyrolysis,Pilot,Sludge,649.0,19.1,99.43074003795066,True,High,Short,5.27,0.03
375-22-4,Perfluorobutanoic acid,OC(=O)C(F)(F)C(F)(F)C(F)(F)F,C4HF7O2,214.039,7,53.84615384615385,4,7,4,214.03599999999997,2.0,1.0,1.0,0.0,0.0,Short-chain,False,False,False,True,Short-chain Branched Highly-fluorinated,Pyrolysis,Pilot,Sludge,649.0,19.1,97.01492537313432,True,High,Short,6.7,0.2
375-22-4,Perfluorobutanoic acid,OC(=O)C(F)(F)C(F)(F)C(F)(F)F,C4HF7O2,214.039,7,53.84615384615385,4,7,4,214.03599999999997,2.0,1.0,1.0,0.0,0.0,Short-chain,False,False,False,True,Short-chain Branched Highly-fluorinated,Pyrolysis,Lab,Soil,200.0,30.0,,False,Medium,Short,0.0022,
375-22-4,Perfluorobutanoic acid,OC(=O)C(F)(F)C(F)(F)C(F)(F)F,C4HF7O2,214.039,7,53.84615384615385,4,7,4,214.03599999999997,2.0,1.0,1.0,0.0,0.0,Short-chain,False,False,False,True,Short-chain Branched Highly-fluorinated,Pyrolysis,Pilot,Sludge,,300.0,,False,,Long,,
375-22-4,Perfluorobutanoic acid,OC(=O)C(F)(F)C(F)(F)C(F)(F)F,C4HF7O2,214.039,7,53.84615384615385,4,7,4,214.03599999999997,2.0,1.0,1.0,0.0,0.0,Short-chain,False,False,False,True,Short-chain Branched Highly-fluorinated,GAC Reactivation,Full,Treatment Media,,,,False,,,,1.9
375-22-4,Perfluorobutanoic acid,OC(=O)C(F)(F)C(F)(F)C(F)(F)F,C4HF7O2,214.039,7,53.84615384615385,4,7,4,214.03599999999997,2.0,1.0,1.0,0.0,0.0,Short-chain,False,False,False,True,Short-chain Branched Highly-fluorinated,Rotary Kiln,Full,Soil,,,,False,,,,
375-22-4,Perfluorobutanoic acid,OC(=O)C(F)(F)C(F)(F)C(F)(F)F,C4HF7O2,214.039,7,53.84615384615385,4,7,4,214.03599999999997,2.0,1.0,1.0,0.0,0.0,Short-chain,False,False,False,True,Short-chain Branched Highly-fluorinated,Rotary Kiln,Full,Soil,,,,False,,,,
375-22-4,Perfluorobutanoic acid,OC(=O)C(F)(F)C(F)(F)C(F)(F)F,C4HF7O2,214.039,7,53.84615384615385,4,7,4,214.03599999999997,2.0,1.0,1.0,0.0,0.0,Short-chain,False,False,False,True,Short-chain Branched Highly-fluorinated,Indirect Thermal Desorption,Pilot,Soil,650.0,,,False,High,,13.0,
375-22-4,Perfluorobutanoic acid,OC(=O)C(F)(F)C(F)(F)C(F)(F)F,C4HF7O2,214.039,7,53.84615384615385,4,7,4,214.03599999999997,2.0,1.0,1.0,0.0,0.0,Short-chain,False,False,False,True,Short-chain Branched Highly-fluorinated,Indirect Thermal Desorption,Pilot,Soil,650.0,,,False,High,,16.0,
375-22-4,Perfluorobutanoic acid,OC(=O)C(F)(F)C(F)(F)C(F)(F)F,C4HF7O2,214.039,7,53.84615384615385,4,7,4,214.03599999999997,2.0,1.0,1.0,0.0,0.0,Short-chain,False,False,False,True,Short-chain Branched Highly-fluorinated,Indirect Thermal Desorption,Pilot,Soil,500.0,,,False,High,,11.0,
375-22-4,Perfluorobutanoic acid,OC(=O)C(F)(F)C(F)(F)C(F)(F)F,C4HF7O2,214.039,7,53.84615384615385,4,7,4,214.03599999999997,2.0,1.0,1.0,0.0,0.0,Short-chain,False,False,False,True,Short-chain Branched Highly-fluorinated,Indirect Thermal Desorption,Pilot,Soil,500.0,,,False,High,,10.2,
375-22-4,Perfluorobutanoic acid,OC(=O)C(F)(F)C(F)(F)C(F)(F)F,C4HF7O2,214.039,7,53.84615384615385,4,7,4,214.03599999999997,2.0,1.0,1.0,0.0,0.0,Short-chain,False,False,False,True,Short-chain Branched Highly-fluorinated,Indirect Thermal Desorption,Pilot,Soil,650.0,,,False,High,,14.5,
375-22-4,Perfluorobutanoic acid,OC(=O)C(F)(F)C(F)(F)C(F)(F)F,C4HF7O2,214.039,7,53.84615384615385,4,7,4,214.03599999999997,2.0,1.0,1.0,0.0,0.0,Short-chain,False,False,False,True,Short-chain Branched Highly-fluorinated,Indirect Thermal Desorption,Pilot,Soil,500.0,,,False,High,,16.1,
375-22-4,Perfluorobutanoic acid,OC(=O)C(F)(F)C(F)(F)C(F)(F)F,C4HF7O2,214.039,7,53.84615384615385,4,7,4,214.03599999999997,2.0,1.0,1.0,0.0,0.0,Short-chain,False,False,False,True,Short-chain Branched Highly-fluorinated,Indirect Thermal Desorption,Pilot,Soil,650.0,,,False,High,,9.54,
375-22-4,Perfluorobutanoic acid,OC(=O)C(F)(F)C(F)(F)C(F)(F)F,C4HF7O2,214.039,7,53.84615384615385,4,7,4,214.03599999999997,2.0,1.0,1.0,0.0,0.0,Short-chain,False,False,False,True,Short-chain Branched Highly-fluorinated,Indirect Thermal Desorption,Pilot,Soil,500.0,,,False,High,,18.0,
375-22-4,Perfluorobutanoic acid,OC(=O)C(F)(F)C(F)(F)C(F)(F)F,C4HF7O2,214.039,7,53.84615384615385,4,7,4,214.03599999999997,2.0,1.0,1.0,0.0,0.0,Short-chain,False,False,False,True,Short-chain Branched Highly-fluorinated,GAC Reactivation,Lab,Treatment Media,200.0,60.0,,False,Medium,Medium,,
375-22-4,Perfluorobutanoic acid,OC(=O)C(F)(F)C(F)(F)C(F)(F)F,C4HF7O2,214.039,7,53.84615384615385,4,7,4,214.03599999999997,2.0,1.0,1.0,0.0,0.0,Short-chain,False,False,False,True,Short-chain Branched Highly-fluorinated,GAC Reactivation,Lab,Treatment Media,200.0,40.0,,False,Medium,Medium,,
375-22-4,Perfluorobutanoic acid,OC(=O)C(F)(F)C(F)(F)C(F)(F)F,C4HF7O2,214.039,7,53.84615384615385,4,7,4,214.03599999999997,2.0,1.0,1.0,0.0,0.0,Short-chain,False,False,False,True,Short-chain Branched Highly-fluorinated,GAC Reactivation,Lab,Treatment Media,200.0,20.0,,False,Medium,Short,,
375-22-4,Perfluorobutanoic acid,OC(=O)C(F)(F)C(F)(F)C(F)(F)F,C4HF7O2,214.039,7,53.84615384615385,4,7,4,214.03599999999997,2.0,1.0,1.0,0.0,0.0,Short-chain,False,False,False,True,Short-chain Branched Highly-fluorinated,GAC Reactivation,Lab,Treatment Media,200.0,10.0,,False,Medium,Short,,
375-22-4,Perfluorobutanoic acid,OC(=O)C(F)(F)C(F)(F)C(F)(F)F,C4HF7O2,214.039,7,53.84615384615385,4,7,4,214.03599999999997,2.0,1.0,1.0,0.0,0.0,Short-chain,False,False,False,True,Short-chain Branched Highly-fluorinated,GAC Reactivation,Lab,Treatment Media,200.0,5.0,,False,Medium,Short,,
375-22-4,Perfluorobutanoic acid,OC(=O)C(F)(F)C(F)(F)C(F)(F)F,C4HF7O2,214.039,7,53.84615384615385,4,7,4,214.03599999999997,2.0,1.0,1.0,0.0,0.0,Short-chain,False,False,False,True,Short-chain Branched Highly-fluorinated,GAC Reactivation,Lab,Treatment Media,500.0,30.0,,False,High,Short,,
375-22-4,Perfluorobutanoic acid,OC(=O)C(F)(F)C(F)(F)C(F)(F)F,C4HF7O2,214.039,7,53.84615384615385,4,7,4,214.03599999999997,2.0,1.0,1.0,0.0,0.0,Short-chain,False,False,False,True,Short-chain Branched Highly-fluorinated,GAC Reactivation,Lab,Treatment Media,250.0,30.0,,False,Medium,Short,,
375-22-4,Perfluorobutanoic acid,OC(=O)C(F)(F)C(F)(F)C(F)(F)F,C4HF7O2,214.039,7,53.84615384615385,4,7,4,214.03599999999997,2.0,1.0,1.0,0.0,0.0,Short-chain,False,False,False,True,Short-chain Branched Highly-fluorinated,GAC Reactivation,Lab,Treatment Media,200.0,30.0,,False,Medium,Short,,
375-22-4,Perfluorobutanoic acid,OC(=O)C(F)(F)C(F)(F)C(F)(F)F,C4HF7O2,214.039,7,53.84615384615385,4,7,4,214.03599999999997,2.0,1.0,1.0,0.0,0.0,Short-chain,False,False,False,True,Short-chain Branched Highly-fluorinated,GAC Reactivation,Lab,Treatment Media,150.0,30.0,,False,Medium,Short,,
375-22-4,Perfluorobutanoic acid,OC(=O)C(F)(F)C(F)(F)C(F)(F)F,C4HF7O2,214.039,7,53.84615384615385,4,7,4,214.03599999999997,2.0,1.0,1.0,0.0,0.0,Short-chain,False,False,False,True,Short-chain Branched Highly-fluorinated,GAC Reactivation,Lab,Treatment Media,25.0,30.0,,False,Ambient,Short,,
375-22-4,Perfluorobutanoic acid,OC(=O)C(F)(F)C(F)(F)C(F)(F)F,C4HF7O2,214.039,7,53.84615384615385,4,7,4,214.03599999999997,2.0,1.0,1.0,0.0,0.0,Short-chain,False,False,False,True,Short-chain Branched Highly-fluorinated,GAC Reactivation,Lab,Treatment Media,500.0,30.0,,False,High,Short,,
375-22-4,Perfluorobutanoic acid,OC(=O)C(F)(F)C(F)(F)C(F)(F)F,C4HF7O2,214.039,7,53.84615384615385,4,7,4,214.03599999999997,2.0,1.0,1.0,0.0,0.0,Short-chain,False,False,False,True,Short-chain Branched Highly-fluorinated,GAC Reactivation,Lab,Treatment Media,475.0,30.0,,False,High,Short,,
375-22-4,Perfluorobutanoic acid,OC(=O)C(F)(F)C(F)(F)C(F)(F)F,C4HF7O2,214.039,7,53.84615384615385,4,7,4,214.03599999999997,2.0,1.0,1.0,0.0,0.0,Short-chain,False,False,False,True,Short-chain Branched Highly-fluorinated,GAC Reactivation,Lab,Treatment Media,300.0,30.0,,False,Medium,Short,,
375-22-4,Perfluorobutanoic acid,OC(=O)C(F)(F)C(F)(F)C(F)(F)F,C4HF7O2,214.039,7,53.84615384615385,4,7,4,214.03599999999997,2.0,1.0,1.0,0.0,0.0,Short-chain,False,False,False,True,Short-chain Branched Highly-fluorinated,GAC Reactivation,Lab,Treatment Media,200.0,30.0,,False,Medium,Short,,
375-22-4,Perfluorobutanoic acid,OC(=O)C(F)(F)C(F)(F)C(F)(F)F,C4HF7O2,214.039,7,53.84615384615385,4,7,4,214.03599999999997,2.0,1.0,1.0,0.0,0.0,Short-chain,False,False,False,True,Short-chain Branched Highly-fluorinated,GAC Reactivation,Lab,Treatment Media,500.0,30.0,,False,High,Short,,
375-22-4,Perfluorobutanoic acid,OC(=O)C(F)(F)C(F)(F)C(F)(F)F,C4HF7O2,214.039,7,53.84615384615385,4,7,4,214.03599999999997,2.0,1.0,1.0,0.0,0.0,Short-chain,False,False,False,True,Short-chain Branched Highly-fluorinated,GAC Reactivation,Lab,Treatment Media,475.0,30.0,,False,High,Short,,
375-22-4,Perfluorobutanoic acid,OC(=O)C(F)(F)C(F)(F)C(F)(F)F,C4HF7O2,214.039,7,53.84615384615385,4,7,4,214.03599999999997,2.0,1.0,1.0,0.0,0.0,Short-chain,False,False,False,True,Short-chain Branched Highly-fluorinated,GAC Reactivation,Lab,Treatment Media,250.0,30.0,,False,Medium,Short,,
375-22-4,Perfluorobutanoic acid,OC(=O)C(F)(F)C(F)(F)C(F)(F)F,C4HF7O2,214.039,7,53.84615384615385,4,7,4,214.03599999999997,2.0,1.0,1.0,0.0,0.0,Short-chain,False,False,False,True,Short-chain Branched Highly-fluorinated,GAC Reactivation,Lab,Treatment Media,200.0,30.0,,False,Medium,Short,,
375-22-4,Perfluorobutanoic acid,OC(=O)C(F)(F)C(F)(F)C(F)(F)F,C4HF7O2,214.039,7,53.84615384615385,4,7,4,214.03599999999997,2.0,1.0,1.0,0.0,0.0,Short-chain,False,False,False,True,Short-chain Branched Highly-fluorinated,GAC Reactivation,Lab,Treatment Media,185.0,30.0,,False,Medium,Short,,
375-22-4,Perfluorobutanoic acid,OC(=O)C(F)(F)C(F)(F)C(F)(F)F,C4HF7O2,214.039,7,53.84615384615385,4,7,4,214.03599999999997,2.0,1.0,1.0,0.0,0.0,Short-chain,False,False,False,True,Short-chain Branched Highly-fluorinated,Infrared Heating,Pilot,Soil,350.0,11520.0,,False,Medium,Extended,12.6,
375-22-4,Perfluorobutanoic acid,OC(=O)C(F)(F)C(F)(F)C(F)(F)F,C4HF7O2,214.039,7,53.84615384615385,4,7,4,214.03599999999997,2.0,1.0,1.0,0.0,0.0,Short-chain,False,False,False,True,Short-chain Branched Highly-fluorinated,Infrared Heating,Pilot,Soil,350.0,11520.0,,False,Medium,Extended,0.781,
375-22-4,Perfluorobutanoic acid,OC(=O)C(F)(F)C(F)(F)C(F)(F)F,C4HF7O2,214.039,7,53.84615384615385,4,7,4,214.03599999999997,2.0,1.0,1.0,0.0,0.0,Short-chain,False,False,False,True,Short-chain Branched Highly-fluorinated,Infrared Heating,Pilot,Soil,350.0,11520.0,,False,Medium,Extended,6.0,
375-22-4,Perfluorobutanoic acid,OC(=O)C(F)(F)C(F)(F)C(F)(F)F,C4HF7O2,214.039,7,53.84615384615385,4,7,4,214.03599999999997,2.0,1.0,1.0,0.0,0.0,Short-chain,False,False,False,True,Short-chain Branched Highly-fluorinated,Incineration,Pilot,Other,986.0,180.0,,False,High,Medium,,0.0
375-22-4,Perfluorobutanoic acid,OC(=O)C(F)(F)C(F)(F)C(F)(F)F,C4HF7O2,214.039,7,53.84615384615385,4,7,4,214.03599999999997,2.0,1.0,1.0,0.0,0.0,Short-chain,False,False,False,True,Short-chain Branched Highly-fluorinated,Incineration,Pilot,Other,998.0,140.0,,False,High,Medium,,0.0
375-22-4,Perfluorobutanoic acid,OC(=O)C(F)(F)C(F)(F)C(F)(F)F,C4HF7O2,214.039,7,53.84615384615385,4,7,4,214.03599999999997,2.0,1.0,1.0,0.0,0.0,Short-chain,False,False,False,True,Short-chain Branched Highly-fluorinated,Incineration,Pilot,Other,976.0,210.0,,False,High,Long,,0.0
375-22-4,Perfluorobutanoic acid,OC(=O)C(F)(F)C(F)(F)C(F)(F)F,C4HF7O2,214.039,7,53.84615384615385,4,7,4,214.03599999999997,2.0,1.0,1.0,0.0,0.0,Short-chain,False,False,False,True,Short-chain Branched Highly-fluorinated,Infrared Heating,Pilot,Soil,350.0,11520.0,,False,Medium,Extended,0.606,
375-22-4,Perfluorobutanoic acid,OC(=O)C(F)(F)C(F)(F)C(F)(F)F,C4HF7O2,214.039,7,53.84615384615385,4,7,4,214.03599999999997,2.0,1.0,1.0,0.0,0.0,Short-chain,False,False,False,True,Short-chain Branched Highly-fluorinated,Incineration,Pilot,Other,980.0,180.0,,False,High,Medium,,0.0
375-22-4,Perfluorobutanoic acid,OC(=O)C(F)(F)C(F)(F)C(F)(F)F,C4HF7O2,214.039,7,53.84615384615385,4,7,4,214.03599999999997,2.0,1.0,1.0,0.0,0.0,Short-chain,False,False,False,True,Short-chain Branched Highly-fluorinated,Incineration,Pilot,Other,952.0,145.0,,False,High,Medium,,0.0
375-22-4,Perfluorobutanoic acid,OC(=O)C(F)(F)C(F)(F)C(F)(F)F,C4HF7O2,214.039,7,53.84615384615385,4,7,4,214.03599999999997,2.0,1.0,1.0,0.0,0.0,Short-chain,False,False,False,True,Short-chain Branched Highly-fluorinated,Incineration,Pilot,Other,869.0,180.0,,False,High,Medium,,0.0
375-22-4,Perfluorobutanoic acid,OC(=O)C(F)(F)C(F)(F)C(F)(F)F,C4HF7O2,214.039,7,53.84615384615385,4,7,4,214.03599999999997,2.0,1.0,1.0,0.0,0.0,Short-chain,False,False,False,True,Short-chain Branched Highly-fluorinated,Hydrothermal Treatment,Lab,Other,350.0,180.0,100.0,True,Medium,Medium,21.7,0.0
375-22-4,Perfluorobutanoic acid,OC(=O)C(F)(F)C(F)(F)C(F)(F)F,C4HF7O2,214.039,7,53.84615384615385,4,7,4,214.03599999999997,2.0,1.0,1.0,0.0,0.0,Short-chain,False,False,False,True,Short-chain Branched Highly-fluorinated,Hydrothermal Treatment,Lab,Other,350.0,180.0,100.0,True,Medium,Medium,21.7,0.0
375-22-4,Perfluorobutanoic acid,OC(=O)C(F)(F)C(F)(F)C(F)(F)F,C4HF7O2,214.039,7,53.84615384615385,4,7,4,214.03599999999997,2.0,1.0,1.0,0.0,0.0,Short-chain,False,False,False,True,Short-chain Branched Highly-fluorinated,Unspecified Heat Treatment,Full,Sludge,650.0,45.0,0.0,False,High,Medium,1.9,2.8
375-22-4,Perfluorobutanoic acid,OC(=O)C(F)(F)C(F)(F)C(F)(F)F,C4HF7O2,214.039,7,53.84615384615385,4,7,4,214.03599999999997,2.0,1.0,1.0,0.0,0.0,Short-chain,False,False,False,True,Short-chain Branched Highly-fluorinated,Pyrolysis,Not specified,Sludge,593.33,,,False,High,,7.03,
375-22-4,Perfluorobutanoic acid,OC(=O)C(F)(F)C(F)(F)C(F)(F)F,C4HF7O2,214.039,7,53.84615384615385,4,7,4,214.03599999999997,2.0,1.0,1.0,0.0,0.0,Short-chain,False,False,False,True,Short-chain Branched Highly-fluorinated,Hydrothermal Treatment,Lab,Other,300.0,120.0,,False,Medium,Medium,147.0,
375-22-4,Perfluorobutanoic acid,OC(=O)C(F)(F)C(F)(F)C(F)(F)F,C4HF7O2,214.039,7,53.84615384615385,4,7,4,214.03599999999997,2.0,1.0,1.0,0.0,0.0,Short-chain,False,False,False,True,Short-chain Branched Highly-fluorinated,Hydrothermal Treatment,Lab,Other,300.0,120.0,,False,Medium,Medium,254.0,
375-22-4,Perfluorobutanoic acid,OC(=O)C(F)(F)C(F)(F)C(F)(F)F,C4HF7O2,214.039,7,53.84615384615385,4,7,4,214.03599999999997,2.0,1.0,1.0,0.0,0.0,Short-chain,False,False,False,True,Short-chain Branched Highly-fluorinated,Hydrothermal Treatment,Lab,Other,300.0,120.0,,False,Medium,Medium,,
375-22-4,Perfluorobutanoic acid,OC(=O)C(F)(F)C(F)(F)C(F)(F)F,C4HF7O2,214.039,7,53.84615384615385,4,7,4,214.03599999999997,2.0,1.0,1.0,0.0,0.0,Short-chain,False,False,False,True,Short-chain Branched Highly-fluorinated,GAC Reactivation,Lab,Treatment Media,900.0,10.0,,False,High,Short,0.0,
375-22-4,Perfluorobutanoic acid,OC(=O)C(F)(F)C(F)(F)C(F)(F)F,C4HF7O2,214.039,7,53.84615384615385,4,7,4,214.03599999999997,2.0,1.0,1.0,0.0,0.0,Short-chain,False,False,False,True,Short-chain Branched Highly-fluorinated,GAC Reactivation,Lab,Treatment Media,800.0,10.0,,False,High,Short,0.0,
375-22-4,Perfluorobutanoic acid,OC(=O)C(F)(F)C(F)(F)C(F)(F)F,C4HF7O2,214.039,7,53.84615384615385,4,7,4,214.03599999999997,2.0,1.0,1.0,0.0,0.0,Short-chain,False,False,False,True,Short-chain Branched Highly-fluorinated,GAC Reactivation,Lab,Treatment Media,900.0,10.0,,False,High,Short,0.0,
375-22-4,Perfluorobutanoic acid,OC(=O)C(F)(F)C(F)(F)C(F)(F)F,C4HF7O2,214.039,7,53.84615384615385,4,7,4,214.03599999999997,2.0,1.0,1.0,0.0,0.0,Short-chain,False,False,False,True,Short-chain Branched Highly-fluorinated,GAC Reactivation,Lab,Treatment Media,800.0,10.0,,False,High,Short,0.0,
375-22-4,Perfluorobutanoic acid,OC(=O)C(F)(F)C(F)(F)C(F)(F)F,C4HF7O2,214.039,7,53.84615384615385,4,7,4,214.03599999999997,2.0,1.0,1.0,0.0,0.0,Short-chain,False,False,False,True,Short-chain Branched Highly-fluorinated,Smoldering,Lab,Soil,1012.0,250.0,100.0,True,High,Long,0.00284,0.0
375-22-4,Perfluorobutanoic acid,OC(=O)C(F)(F)C(F)(F)C(F)(F)F,C4HF7O2,214.039,7,53.84615384615385,4,7,4,214.03599999999997,2.0,1.0,1.0,0.0,0.0,Short-chain,False,False,False,True,Short-chain Branched Highly-fluorinated,Smoldering,Lab,Soil,642.0,250.0,100.0,True,High,Long,0.00173,0.0
375-22-4,Perfluorobutanoic acid,OC(=O)C(F)(F)C(F)(F)C(F)(F)F,C4HF7O2,214.039,7,53.84615384615385,4,7,4,214.03599999999997,2.0,1.0,1.0,0.0,0.0,Short-chain,False,False,False,True,Short-chain Branched Highly-fluorinated,Vapor Energy Generation,Lab,Soil,1750.0,30.0,,False,High,Short,,0.1
375-22-4,Perfluorobutanoic acid,OC(=O)C(F)(F)C(F)(F)C(F)(F)F,C4HF7O2,214.039,7,53.84615384615385,4,7,4,214.03599999999997,2.0,1.0,1.0,0.0,0.0,Short-chain,False,False,False,True,Short-chain Branched Highly-fluorinated,Vapor Energy Generation,Lab,Soil,1100.0,15.0,0.0,False,High,Short,199.4,314.96
375-22-4,Perfluorobutanoic acid,OC(=O)C(F)(F)C(F)(F)C(F)(F)F,C4HF7O2,214.039,7,53.84615384615385,4,7,4,214.03599999999997,2.0,1.0,1.0,0.0,0.0,Short-chain,False,False,False,True,Short-chain Branched Highly-fluorinated,Vapor Energy Generation,Lab,Soil,900.0,15.0,0.0,False,High,Short,140.07,197.02
375-22-4,Perfluorobutanoic acid,OC(=O)C(F)(F)C(F)(F)C(F)(F)F,C4HF7O2,214.039,7,53.84615384615385,4,7,4,214.03599999999997,2.0,1.0,1.0,0.0,0.0,Short-chain,False,False,False,True,Short-chain Branched Highly-fluorinated,Indirect Thermal Desorption,Lab,Soil,550.0,75.0,99.945,True,High,Medium,0.6,0.00033
375-22-4,Perfluorobutanoic acid,OC(=O)C(F)(F)C(F)(F)C(F)(F)F,C4HF7O2,214.039,7,53.84615384615385,4,7,4,214.03599999999997,2.0,1.0,1.0,0.0,0.0,Short-chain,False,False,False,True,Short-chain Branched Highly-fluorinated,Indirect Thermal Desorption,Lab,Soil,550.0,45.0,99.94666666666669,True,High,Medium,0.6,0.00032
375-22-4,Perfluorobutanoic acid,OC(=O)C(F)(F)C(F)(F)C(F)(F)F,C4HF7O2,214.039,7,53.84615384615385,4,7,4,214.03599999999997,2.0,1.0,1.0,0.0,0.0,Short-chain,False,False,False,True,Short-chain Branched Highly-fluorinated,Indirect Thermal Desorption,Lab,Soil,550.0,15.0,99.94,True,High,Short,0.6,0.00036
375-22-4,Perfluorobutanoic acid,OC(=O)C(F)(F)C(F)(F)C(F)(F)F,C4HF7O2,214.039,7,53.84615384615385,4,7,4,214.03599999999997,2.0,1.0,1.0,0.0,0.0,Short-chain,False,False,False,True,Short-chain Branched Highly-fluorinated,Indirect Thermal Desorption,Lab,Soil,450.0,75.0,99.89833333333334,True,High,Medium,0.6,0.00061
375-22-4,Perfluorobutanoic acid,OC(=O)C(F)(F)C(F)(F)C(F)(F)F,C4HF7O2,214.039,7,53.84615384615385,4,7,4,214.03599999999997,2.0,1.0,1.0,0.0,0.0,Short-chain,False,False,False,True,Short-chain Branched Highly-fluorinated,Indirect Thermal Desorption,Lab,Soil,450.0,45.0,99.90166666666669,True,High,Medium,0.6,0.00059
375-22-4,Perfluorobutanoic acid,OC(=O)C(F)(F)C(F)(F)C(F)(F)F,C4HF7O2,214.039,7,53.84615384615385,4,7,4,214.03599999999997,2.0,1.0,1.0,0.0,0.0,Short-chain,False,False,False,True,Short-chain Branched Highly-fluorinated,Indirect Thermal Desorption,Lab,Soil,450.0,15.0,98.56666666666666,True,High,Short,0.6,0.0086
375-22-4,Perfluorobutanoic acid,OC(=O)C(F)(F)C(F)(F)C(F)(F)F,C4HF7O2,214.039,7,53.84615384615385,4,7,4,214.03599999999997,2.0,1.0,1.0,0.0,0.0,Short-chain,False,False,False,True,Short-chain Branched Highly-fluorinated,Indirect Thermal Desorption,Lab,Soil,350.0,75.0,98.65,True,Medium,Medium,0.6,0.0081
375-22-4,Perfluorobutanoic acid,OC(=O)C(F)(F)C(F)(F)C(F)(F)F,C4HF7O2,214.039,7,53.84615384615385,4,7,4,214.03599999999997,2.0,1.0,1.0,0.0,0.0,Short-chain,False,False,False,True,Short-chain Branched Highly-fluorinated,Indirect Thermal Desorption,Lab,Soil,350.0,45.0,98.0,True,Medium,Medium,0.6,0.012
375-22-4,Perfluorobutanoic acid,OC(=O)C(F)(F)C(F)(F)C(F)(F)F,C4HF7O2,214.039,7,53.84615384615385,4,7,4,214.03599999999997,2.0,1.0,1.0,0.0,0.0,Short-chain,False,False,False,True,Short-chain Branched Highly-fluorinated,Indirect Thermal Desorption,Lab,Soil,350.0,15.0,85.00000000000001,True,Medium,Short,0.6,0.09
375-22-4,Perfluorobutanoic acid,OC(=O)C(F)(F)C(F)(F)C(F)(F)F,C4HF7O2,214.039,7,53.84615384615385,4,7,4,214.03599999999997,2.0,1.0,1.0,0.0,0.0,Short-chain,False,False,False,True,Short-chain Branched Highly-fluorinated,Indirect Thermal Desorption,Lab,Soil,250.0,75.0,76.66666666666666,False,Medium,Medium,0.6,0.14
375-22-4,Perfluorobutanoic acid,OC(=O)C(F)(F)C(F)(F)C(F)(F)F,C4HF7O2,214.039,7,53.84615384615385,4,7,4,214.03599999999997,2.0,1.0,1.0,0.0,0.0,Short-chain,False,False,False,True,Short-chain Branched Highly-fluorinated,Indirect Thermal Desorption,Lab,Soil,250.0,45.0,71.66666666666666,False,Medium,Medium,0.6,0.17
375-22-4,Perfluorobutanoic acid,OC(=O)C(F)(F)C(F)(F)C(F)(F)F,C4HF7O2,214.039,7,53.84615384615385,4,7,4,214.03599999999997,2.0,1.0,1.0,0.0,0.0,Short-chain,False,False,False,True,Short-chain Branched Highly-fluorinated,Indirect Thermal Desorption,Lab,Soil,250.0,15.0,60.0,False,Medium,Short,0.6,0.24
375-22-4,Perfluorobutanoic acid,OC(=O)C(F)(F)C(F)(F)C(F)(F)F,C4HF7O2,214.039,7,53.84615384615385,4,7,4,214.03599999999997,2.0,1.0,1.0,0.0,0.0,Short-chain,False,False,False,True,Short-chain Branched Highly-fluorinated,Indirect Thermal Desorption,Lab,Soil,150.0,75.0,65.0,False,Medium,Medium,0.6,0.21
375-22-4,Perfluorobutanoic acid,OC(=O)C(F)(F)C(F)(F)C(F)(F)F,C4HF7O2,214.039,7,53.84615384615385,4,7,4,214.03599999999997,2.0,1.0,1.0,0.0,0.0,Short-chain,False,False,False,True,Short-chain Branched Highly-fluorinated,Indirect Thermal Desorption,Lab,Soil,150.0,45.0,60.0,False,Medium,Medium,0.6,0.24
375-22-4,Perfluorobutanoic acid,OC(=O)C(F)(F)C(F)(F)C(F)(F)F,C4HF7O2,214.039,7,53.84615384615385,4,7,4,214.03599999999997,2.0,1.0,1.0,0.0,0.0,Short-chain,False,False,False,True,Short-chain Branched Highly-fluorinated,Indirect Thermal Desorption,Lab,Soil,150.0,15.0,65.0,False,Medium,Short,0.6,0.21
375-22-4,Perfluorobutanoic acid,OC(=O)C(F)(F)C(F)(F)C(F)(F)F,C4HF7O2,214.039,7,53.84615384615385,4,7,4,214.03599999999997,2.0,1.0,1.0,0.0,0.0,Short-chain,False,False,False,True,Short-chain Branched Highly-fluorinated,Indirect Thermal Desorption,Lab,Soil,550.0,75.0,99.7,True,High,Medium,0.6,0.0018
375-22-4,Perfluorobutanoic acid,OC(=O)C(F)(F)C(F)(F)C(F)(F)F,C4HF7O2,214.039,7,53.84615384615385,4,7,4,214.03599999999997,2.0,1.0,1.0,0.0,0.0,Short-chain,False,False,False,True,Short-chain Branched Highly-fluorinated,Indirect Thermal Desorption,Lab,Soil,550.0,45.0,99.73333333333332,True,High,Medium,0.6,0.0016
375-22-4,Perfluorobutanoic acid,OC(=O)C(F)(F)C(F)(F)C(F)(F)F,C4HF7O2,214.039,7,53.84615384615385,4,7,4,214.03599999999997,2.0,1.0,1.0,0.0,0.0,Short-chain,False,False,False,True,Short-chain Branched Highly-fluorinated,Indirect Thermal Desorption,Lab,Soil,550.0,15.0,99.33333333333331,True,High,Short,0.6,0.004
375-22-4,Perfluorobutanoic acid,OC(=O)C(F)(F)C(F)(F)C(F)(F)F,C4HF7O2,214.039,7,53.84615384615385,4,7,4,214.03599999999997,2.0,1.0,1.0,0.0,0.0,Short-chain,False,False,False,True,Short-chain Branched Highly-fluorinated,Indirect Thermal Desorption,Lab,Soil,450.0,75.0,98.55,True,High,Medium,0.6,0.0087
375-22-4,Perfluorobutanoic acid,OC(=O)C(F)(F)C(F)(F)C(F)(F)F,C4HF7O2,214.039,7,53.84615384615385,4,7,4,214.03599999999997,2.0,1.0,1.0,0.0,0.0,Short-chain,False,False,False,True,Short-chain Branched Highly-fluorinated,Indirect Thermal Desorption,Lab,Soil,450.0,45.0,99.33333333333331,True,High,Medium,0.6,0.004
375-22-4,Perfluorobutanoic acid,OC(=O)C(F)(F)C(F)(F)C(F)(F)F,C4HF7O2,214.039,7,53.84615384615385,4,7,4,214.03599999999997,2.0,1.0,1.0,0.0,0.0,Short-chain,False,False,False,True,Short-chain Branched Highly-fluorinated,Indirect Thermal Desorption,Lab,Soil,450.0,15.0,98.16666666666669,True,High,Short,0.6,0.011
375-22-4,Perfluorobutanoic acid,OC(=O)C(F)(F)C(F)(F)C(F)(F)F,C4HF7O2,214.039,7,53.84615384615385,4,7,4,214.03599999999997,2.0,1.0,1.0,0.0,0.0,Short-chain,False,False,False,True,Short-chain Branched Highly-fluorinated,Indirect Thermal Desorption,Lab,Soil,350.0,75.0,98.75,True,Medium,Medium,0.6,0.0075
375-22-4,Perfluorobutanoic acid,OC(=O)C(F)(F)C(F)(F)C(F)(F)F,C4HF7O2,214.039,7,53.84615384615385,4,7,4,214.03599999999997,2.0,1.0,1.0,0.0,0.0,Short-chain,False,False,False,True,Short-chain Branched Highly-fluorinated,Indirect Thermal Desorption,Lab,Soil,350.0,45.0,98.33333333333331,True,Medium,Medium,0.6,0.01
375-22-4,Perfluorobutanoic acid,OC(=O)C(F)(F)C(F)(F)C(F)(F)F,C4HF7O2,214.039,7,53.84615384615385,4,7,4,214.03599999999997,2.0,1.0,1.0,0.0,0.0,Short-chain,False,False,False,True,Short-chain Branched Highly-fluorinated,Indirect Thermal Desorption,Lab,Soil,350.0,15.0,90.16666666666666,True,Medium,Short,0.6,0.059
375-22-4,Perfluorobutanoic acid,OC(=O)C(F)(F)C(F)(F)C(F)(F)F,C4HF7O2,214.039,7,53.84615384615385,4,7,4,214.03599999999997,2.0,1.0,1.0,0.0,0.0,Short-chain,False,False,False,True,Short-chain Branched Highly-fluorinated,Indirect Thermal Desorption,Lab,Soil,250.0,75.0,91.33333333333331,True,Medium,Medium,0.6,0.052
375-22-4,Perfluorobutanoic acid,OC(=O)C(F)(F)C(F)(F)C(F)(F)F,C4HF7O2,214.039,7,53.84615384615385,4,7,4,214.03599999999997,2.0,1.0,1.0,0.0,0.0,Short-chain,False,False,False,True,Short-chain Branched Highly-fluorinated,Indirect Thermal Desorption,Lab,Soil,250.0,45.0,76.66666666666666,False,Medium,Medium,0.6,0.14
375-22-4,Perfluorobutanoic acid,OC(=O)C(F)(F)C(F)(F)C(F)(F)F,C4HF7O2,214.039,7,53.84615384615385,4,7,4,214.03599999999997,2.0,1.0,1.0,0.0,0.0,Short-chain,False,False,False,True,Short-chain Branched Highly-fluorinated,Indirect Thermal Desorption,Lab,Soil,250.0,15.0,21.666666666666668,False,Medium,Short,0.6,0.47
375-22-4,Perfluorobutanoic acid,OC(=O)C(F)(F)C(F)(F)C(F)(F)F,C4HF7O2,214.039,7,53.84615384615385,4,7,4,214.03599999999997,2.0,1.0,1.0,0.0,0.0,Short-chain,False,False,False,True,Short-chain Branched Highly-fluorinated,Indirect Thermal Desorption,Lab,Soil,150.0,75.0,31.516666666666666,False,Medium,Medium,0.6,0.4109
375-22-4,Perfluorobutanoic acid,OC(=O)C(F)(F)C(F)(F)C(F)(F)F,C4HF7O2,214.039,7,53.84615384615385,4,7,4,214.03599999999997,2.0,1.0,1.0,0.0,0.0,Short-chain,False,False,False,True,Short-chain Branched Highly-fluorinated,Indirect Thermal Desorption,Lab,Soil,150.0,45.0,14.999999999999996,False,Medium,Medium,0.6,0.51
375-22-4,Perfluorobutanoic acid,OC(=O)C(F)(F)C(F)(F)C(F)(F)F,C4HF7O2,214.039,7,53.84615384615385,4,7,4,214.03599999999997,2.0,1.0,1.0,0.0,0.0,Short-chain,False,False,False,True,Short-chain Branched Highly-fluorinated,Indirect Thermal Desorption,Lab,Soil,150.0,15.0,41.66666666666667,False,Medium,Short,0.6,0.35
375-22-4,Perfluorobutanoic acid,OC(=O)C(F)(F)C(F)(F)C(F)(F)F,C4HF7O2,214.039,7,53.84615384615385,4,7,4,214.03599999999997,2.0,1.0,1.0,0.0,0.0,Short-chain,False,False,False,True,Short-chain Branched Highly-fluorinated,Indirect Thermal Desorption,Lab,Soil,550.0,75.0,70.0,False,High,Medium,0.0013,0.00039
375-22-4,Perfluorobutanoic acid,OC(=O)C(F)(F)C(F)(F)C(F)(F)F,C4HF7O2,214.039,7,53.84615384615385,4,7,4,214.03599999999997,2.0,1.0,1.0,0.0,0.0,Short-chain,False,False,False,True,Short-chain Branched Highly-fluorinated,Indirect Thermal Desorption,Lab,Soil,550.0,45.0,44.615384615384606,False,High,Medium,0.0013,0.00072
375-22-4,Perfluorobutanoic acid,OC(=O)C(F)(F)C(F)(F)C(F)(F)F,C4HF7O2,214.039,7,53.84615384615385,4,7,4,214.03599999999997,2.0,1.0,1.0,0.0,0.0,Short-chain,False,False,False,True,Short-chain Branched Highly-fluorinated,Indirect Thermal Desorption,Lab,Soil,550.0,15.0,7.692307692307695,False,High,Short,0.0013,0.0012
375-22-4,Perfluorobutanoic acid,OC(=O)C(F)(F)C(F)(F)C(F)(F)F,C4HF7O2,214.039,7,53.84615384615385,4,7,4,214.03599999999997,2.0,1.0,1.0,0.0,0.0,Short-chain,False,False,False,True,Short-chain Branched Highly-fluorinated,Indirect Thermal Desorption,Lab,Soil,450.0,75.0,0.0,False,High,Medium,0.0013,0.0021
375-22-4,Perfluorobutanoic acid,OC(=O)C(F)(F)C(F)(F)C(F)(F)F,C4HF7O2,214.039,7,53.84615384615385,4,7,4,214.03599999999997,2.0,1.0,1.0,0.0,0.0,Short-chain,False,False,False,True,Short-chain Branched Highly-fluorinated,Indirect Thermal Desorption,Lab,Soil,450.0,45.0,0.0,False,High,Medium,0.0013,0.0045
375-22-4,Perfluorobutanoic acid,OC(=O)C(F)(F)C(F)(F)C(F)(F)F,C4HF7O2,214.039,7,53.84615384615385,4,7,4,214.03599999999997,2.0,1.0,1.0,0.0,0.0,Short-chain,False,False,False,True,Short-chain Branched Highly-fluorinated,Indirect Thermal Desorption,Lab,Soil,450.0,15.0,0.0,False,High,Short,0.0013,0.0034
375-22-4,Perfluorobutanoic acid,OC(=O)C(F)(F)C(F)(F)C(F)(F)F,C4HF7O2,214.039,7,53.84615384615385,4,7,4,214.03599999999997,2.0,1.0,1.0,0.0,0.0,Short-chain,False,False,False,True,Short-chain Branched Highly-fluorinated,Indirect Thermal Desorption,Lab,Soil,350.0,75.0,0.0,False,Medium,Medium,0.0013,0.0037
375-22-4,Perfluorobutanoic acid,OC(=O)C(F)(F)C(F)(F)C(F)(F)F,C4HF7O2,214.039,7,53.84615384615385,4,7,4,214.03599999999997,2.0,1.0,1.0,0.0,0.0,Short-chain,False,False,False,True,Short-chain Branched Highly-fluorinated,Indirect Thermal Desorption,Lab,Soil,350.0,45.0,0.0,False,Medium,Medium,0.0013,0.0045
375-22-4,Perfluorobutanoic acid,OC(=O)C(F)(F)C(F)(F)C(F)(F)F,C4HF7O2,214.039,7,53.84615384615385,4,7,4,214.03599999999997,2.0,1.0,1.0,0.0,0.0,Short-chain,False,False,False,True,Short-chain Branched Highly-fluorinated,Indirect Thermal Desorption,Lab,Soil,350.0,15.0,0.0,False,Medium,Short,0.0013,0.0062
375-22-4,Perfluorobutanoic acid,OC(=O)C(F)(F)C(F)(F)C(F)(F)F,C4HF7O2,214.039,7,53.84615384615385,4,7,4,214.03599999999997,2.0,1.0,1.0,0.0,0.0,Short-chain,False,False,False,True,Short-chain Branched Highly-fluorinated,Indirect Thermal Desorption,Lab,Soil,250.0,75.0,0.0,False,Medium,Medium,0.0013,0.0044
375-22-4,Perfluorobutanoic acid,OC(=O)C(F)(F)C(F)(F)C(F)(F)F,C4HF7O2,214.039,7,53.84615384615385,4,7,4,214.03599999999997,2.0,1.0,1.0,0.0,0.0,Short-chain,False,False,False,True,Short-chain Branched Highly-fluorinated,Indirect Thermal Desorption,Lab,Soil,250.0,45.0,0.0,False,Medium,Medium,0.0013,0.0055
375-22-4,Perfluorobutanoic acid,OC(=O)C(F)(F)C(F)(F)C(F)(F)F,C4HF7O2,214.039,7,53.84615384615385,4,7,4,214.03599999999997,2.0,1.0,1.0,0.0,0.0,Short-chain,False,False,False,True,Short-chain Branched Highly-fluorinated,Indirect Thermal Desorption,Lab,Soil,250.0,15.0,0.0,False,Medium,Short,0.0013,0.01
375-22-4,Perfluorobutanoic acid,OC(=O)C(F)(F)C(F)(F)C(F)(F)F,C4HF7O2,214.039,7,53.84615384615385,4,7,4,214.03599999999997,2.0,1.0,1.0,0.0,0.0,Short-chain,False,False,False,True,Short-chain Branched Highly-fluorinated,Indirect Thermal Desorption,Lab,Soil,150.0,75.0,0.0,False,Medium,Medium,0.0013,0.0042
375-22-4,Perfluorobutanoic acid,OC(=O)C(F)(F)C(F)(F)C(F)(F)F,C4HF7O2,214.039,7,53.84615384615385,4,7,4,214.03599999999997,2.0,1.0,1.0,0.0,0.0,Short-chain,False,False,False,True,Short-chain Branched Highly-fluorinated,Indirect Thermal Desorption,Lab,Soil,150.0,45.0,0.0,False,Medium,Medium,0.0013,0.0029
375-22-4,Perfluorobutanoic acid,OC(=O)C(F)(F)C(F)(F)C(F)(F)F,C4HF7O2,214.039,7,53.84615384615385,4,7,4,214.03599999999997,2.0,1.0,1.0,0.0,0.0,Short-chain,False,False,False,True,Short-chain Branched Highly-fluorinated,Indirect Thermal Desorption,Lab,Soil,150.0,15.0,0.0,False,Medium,Short,0.0013,0.0081
375-22-4,Perfluorobutanoic acid,OC(=O)C(F)(F)C(F)(F)C(F)(F)F,C4HF7O2,214.039,7,53.84615384615385,4,7,4,214.03599999999997,2.0,1.0,1.0,0.0,0.0,Short-chain,False,False,False,True,Short-chain Branched Highly-fluorinated,Indirect Thermal Desorption,Lab,Soil,300.0,14400.0,93.84615384615384,True,Medium,Extended,91.0,5.6
375-22-4,Perfluorobutanoic acid,OC(=O)C(F)(F)C(F)(F)C(F)(F)F,C4HF7O2,214.039,7,53.84615384615385,4,7,4,214.03599999999997,2.0,1.0,1.0,0.0,0.0,Short-chain,False,False,False,True,Short-chain Branched Highly-fluorinated,Indirect Thermal Desorption,Lab,Soil,350.0,14400.0,99.82417582417582,True,Medium,Extended,91.0,0.16
375-22-4,Perfluorobutanoic acid,OC(=O)C(F)(F)C(F)(F)C(F)(F)F,C4HF7O2,214.039,7,53.84615384615385,4,7,4,214.03599999999997,2.0,1.0,1.0,0.0,0.0,Short-chain,False,False,False,True,Short-chain Branched Highly-fluorinated,Indirect Thermal Desorption,Lab,Soil,400.0,20160.0,99.94615384615383,True,Medium,Extended,91.0,0.049
763051-92-9,11-Chloroperfluoro-3-oxaundecanesulfonic acid,OS(=O)(=O)C(F)(F)C(F)(F)OC(F)(F)C(F)(F)C(F)(F)C(F)(F)C(F)(F)C(F)(F)C(F)(F)C(F)(F)Cl,C10HClF20O4S,632.59,20,55.55555555555556,10,20,10,632.594,11.0,3.0,1.0,0.0,0.0,Long-chain,False,False,False,True,Long-chain Branched Highly-fluorinated,Pyrolysis,Not specified,Sludge,593.33,,,False,High,,0.0,
376-06-7,Perfluorotetradecanoic acid,OC(=O)C(F)(F)C(F)(F)C(F)(F)C(F)(F)C(F)(F)C(F)(F)C(F)(F)C(F)(F)C(F)(F)C(F)(F)C(F)(F)C(F)(F)C(F)(F)F,C14HF27O2,714.117,27,62.7906976744186,14,27,14,714.1060000000003,12.0,1.0,1.0,0.0,0.0,Long-chain,False,False,False,True,Long-chain Branched Highly-fluorinated,Pyrolysis,Lab,Sludge,800.0,20.0,12.499999999999996,False,High,Short,0.024,0.021
376-06-7,Perfluorotetradecanoic acid,OC(=O)C(F)(F)C(F)(F)C(F)(F)C(F)(F)C(F)(F)C(F)(F)C(F)(F)C(F)(F)C(F)(F)C(F)(F)C(F)(F)C(F)(F)C(F)(F)F,C14HF27O2,714.117,27,62.7906976744186,14,27,14,714.1060000000003,12.0,1.0,1.0,0.0,0.0,Long-chain,False,False,False,True,Long-chain Branched Highly-fluorinated,Pyrolysis,Lab,Sludge,800.0,20.0,39.3939393939394,False,High,Short,0.033,0.02
376-06-7,Perfluorotetradecanoic acid,OC(=O)C(F)(F)C(F)(F)C(F)(F)C(F)(F)C(F)(F)C(F)(F)C(F)(F)C(F)(F)C(F)(F)C(F)(F)C(F)(F)C(F)(F)C(F)(F)F,C14HF27O2,714.117,27,62.7906976744186,14,27,14,714.1060000000003,12.0,1.0,1.0,0.0,0.0,Long-chain,False,False,False,True,Long-chain Branched Highly-fluorinated,Pyrolysis,Lab,Sludge,800.0,20.0,41.66666666666666,False,High,Short,0.036,0.021
376-06-7,Perfluorotetradecanoic acid,OC(=O)C(F)(F)C(F)(F)C(F)(F)C(F)(F)C(F)(F)C(F)(F)C(F)(F)C(F)(F)C(F)(F)C(F)(F)C(F)(F)C(F)(F)C(F)(F)F,C14HF27O2,714.117,27,62.7906976744186,14,27,14,714.1060000000003,12.0,1.0,1.0,0.0,0.0,Long-chain,False,False,False,True,Long-chain Branched Highly-fluorinated,Pyrolysis,Lab,Sludge,800.0,20.0,58.69565217391305,False,High,Short,0.046,0.019
376-06-7,Perfluorotetradecanoic acid,OC(=O)C(F)(F)C(F)(F)C(F)(F)C(F)(F)C(F)(F)C(F)(F)C(F)(F)C(F)(F)C(F)(F)C(F)(F)C(F)(F)C(F)(F)C(F)(F)F,C14HF27O2,714.117,27,62.7906976744186,14,27,14,714.1060000000003,12.0,1.0,1.0,0.0,0.0,Long-chain,False,False,False,True,Long-chain Branched Highly-fluorinated,Pyrolysis,Lab,Sludge,800.0,20.0,45.945945945945944,False,High,Short,0.037,0.02
376-06-7,Perfluorotetradecanoic acid,OC(=O)C(F)(F)C(F)(F)C(F)(F)C(F)(F)C(F)(F)C(F)(F)C(F)(F)C(F)(F)C(F)(F)C(F)(F)C(F)(F)C(F)(F)C(F)(F)F,C14HF27O2,714.117,27,62.7906976744186,14,27,14,714.1060000000003,12.0,1.0,1.0,0.0,0.0,Long-chain,False,False,False,True,Long-chain Branched Highly-fluorinated,Pyrolysis,Lab,Sludge,800.0,20.0,44.117647058823536,False,High,Short,0.034,0.019
376-06-7,Perfluorotetradecanoic acid,OC(=O)C(F)(F)C(F)(F)C(F)(F)C(F)(F)C(F)(F)C(F)(F)C(F)(F)C(F)(F)C(F)(F)C(F)(F)C(F)(F)C(F)(F)C(F)(F)F,C14HF27O2,714.117,27,62.7906976744186,14,27,14,714.1060000000003,12.0,1.0,1.0,0.0,0.0,Long-chain,False,False,False,True,Long-chain Branched Highly-fluorinated,Pyrolysis,Lab,Sludge,650.0,20.0,42.42424242424243,False,High,Short,0.033,0.019
376-06-7,Perfluorotetradecanoic acid,OC(=O)C(F)(F)C(F)(F)C(F)(F)C(F)(F)C(F)(F)C(F)(F)C(F)(F)C(F)(F)C(F)(F)C(F)(F)C(F)(F)C(F)(F)C(F)(F)F,C14HF27O2,714.117,27,62.7906976744186,14,27,14,714.1060000000003,12.0,1.0,1.0,0.0,0.0,Long-chain,False,False,False,True,Long-chain Branched Highly-fluorinated,Pyrolysis,Lab,Sludge,650.0,20.0,20.833333333333336,False,High,Short,0.024,0.019
376-06-7,Perfluorotetradecanoic acid,OC(=O)C(F)(F)C(F)(F)C(F)(F)C(F)(F)C(F)(F)C(F)(F)C(F)(F)C(F)(F)C(F)(F)C(F)(F)C(F)(F)C(F)(F)C(F)(F)F,C14HF27O2,714.117,27,62.7906976744186,14,27,14,714.1060000000003,12.0,1.0,1.0,0.0,0.0,Long-chain,False,False,False,True,Long-chain Branched Highly-fluorinated,Pyrolysis,Lab,Sludge,650.0,20.0,54.34782608695651,False,High,Short,0.046,0.021
376-06-7,Perfluorotetradecanoic acid,OC(=O)C(F)(F)C(F)(F)C(F)(F)C(F)(F)C(F)(F)C(F)(F)C(F)(F)C(F)(F)C(F)(F)C(F)(F)C(F)(F)C(F)(F)C(F)(F)F,C14HF27O2,714.117,27,62.7906976744186,14,27,14,714.1060000000003,12.0,1.0,1.0,0.0,0.0,Long-chain,False,False,False,True,Long-chain Branched Highly-fluorinated,Pyrolysis,Lab,Sludge,650.0,20.0,48.648648648648646,False,High,Short,0.037,0.019
376-06-7,Perfluorotetradecanoic acid,OC(=O)C(F)(F)C(F)(F)C(F)(F)C(F)(F)C(F)(F)C(F)(F)C(F)(F)C(F)(F)C(F)(F)C(F)(F)C(F)(F)C(F)(F)C(F)(F)F,C14HF27O2,714.117,27,62.7906976744186,14,27,14,714.1060000000003,12.0,1.0,1.0,0.0,0.0,Long-chain,False,False,False,True,Long-chain Branched Highly-fluorinated,Pyrolysis,Lab,Sludge,650.0,20.0,44.44444444444443,False,High,Short,0.036,0.02
376-06-7,Perfluorotetradecanoic acid,OC(=O)C(F)(F)C(F)(F)C(F)(F)C(F)(F)C(F)(F)C(F)(F)C(F)(F)C(F)(F)C(F)(F)C(F)(F)C(F)(F)C(F)(F)C(F)(F)F,C14HF27O2,714.117,27,62.7906976744186,14,27,14,714.1060000000003,12.0,1.0,1.0,0.0,0.0,Long-chain,False,False,False,True,Long-chain Branched Highly-fluorinated,Pyrolysis,Lab,Sludge,650.0,20.0,41.1764705882353,False,High,Short,0.034,0.02
376-06-7,Perfluorotetradecanoic acid,OC(=O)C(F)(F)C(F)(F)C(F)(F)C(F)(F)C(F)(F)C(F)(F)C(F)(F)C(F)(F)C(F)(F)C(F)(F)C(F)(F)C(F)(F)C(F)(F)F,C14HF27O2,714.117,27,62.7906976744186,14,27,14,714.1060000000003,12.0,1.0,1.0,0.0,0.0,Long-chain,False,False,False,True,Long-chain Branched Highly-fluorinated,Pyrolysis,Lab,Sludge,500.0,20.0,16.666666666666664,False,High,Short,0.024,0.02
376-06-7,Perfluorotetradecanoic acid,OC(=O)C(F)(F)C(F)(F)C(F)(F)C(F)(F)C(F)(F)C(F)(F)C(F)(F)C(F)(F)C(F)(F)C(F)(F)C(F)(F)C(F)(F)C(F)(F)F,C14HF27O2,714.117,27,62.7906976744186,14,27,14,714.1060000000003,12.0,1.0,1.0,0.0,0.0,Long-chain,False,False,False,True,Long-chain Branched Highly-fluorinated,Pyrolysis,Lab,Sludge,500.0,20.0,39.3939393939394,False,High,Short,0.033,0.02
376-06-7,Perfluorotetradecanoic acid,OC(=O)C(F)(F)C(F)(F)C(F)(F)C(F)(F)C(F)(F)C(F)(F)C(F)(F)C(F)(F)C(F)(F)C(F)(F)C(F)(F)C(F)(F)C(F)(F)F,C14HF27O2,714.117,27,62.7906976744186,14,27,14,714.1060000000003,12.0,1.0,1.0,0.0,0.0,Long-chain,False,False,False,True,Long-chain Branched Highly-fluorinated,Pyrolysis,Lab,Sludge,500.0,20.0,58.69565217391305,False,High,Short,0.046,0.019
376-06-7,Perfluorotetradecanoic acid,OC(=O)C(F)(F)C(F)(F)C(F)(F)C(F)(F)C(F)(F)C(F)(F)C(F)(F)C(F)(F)C(F)(F)C(F)(F)C(F)(F)C(F)(F)C(F)(F)F,C14HF27O2,714.117,27,62.7906976744186,14,27,14,714.1060000000003,12.0,1.0,1.0,0.0,0.0,Long-chain,False,False,False,True,Long-chain Branched Highly-fluorinated,Pyrolysis,Lab,Sludge,500.0,20.0,44.44444444444443,False,High,Short,0.036,0.02
376-06-7,Perfluorotetradecanoic acid,OC(=O)C(F)(F)C(F)(F)C(F)(F)C(F)(F)C(F)(F)C(F)(F)C(F)(F)C(F)(F)C(F)(F)C(F)(F)C(F)(F)C(F)(F)C(F)(F)F,C14HF27O2,714.117,27,62.7906976744186,14,27,14,714.1060000000003,12.0,1.0,1.0,0.0,0.0,Long-chain,False,False,False,True,Long-chain Branched Highly-fluorinated,Pyrolysis,Lab,Sludge,500.0,20.0,45.945945945945944,False,High,Short,0.037,0.02
376-06-7,Perfluorotetradecanoic acid,OC(=O)C(F)(F)C(F)(F)C(F)(F)C(F)(F)C(F)(F)C(F)(F)C(F)(F)C(F)(F)C(F)(F)C(F)(F)C(F)(F)C(F)(F)C(F)(F)F,C14HF27O2,714.117,27,62.7906976744186,14,27,14,714.1060000000003,12.0,1.0,1.0,0.0,0.0,Long-chain,False,False,False,True,Long-chain Branched Highly-fluorinated,Pyrolysis,Lab,Sludge,500.0,20.0,44.117647058823536,False,High,Short,0.034,0.019
376-06-7,Perfluorotetradecanoic acid,OC(=O)C(F)(F)C(F)(F)C(F)(F)C(F)(F)C(F)(F)C(F)(F)C(F)(F)C(F)(F)C(F)(F)C(F)(F)C(F)(F)C(F)(F)C(F)(F)F,C14HF27O2,714.117,27,62.7906976744186,14,27,14,714.1060000000003,12.0,1.0,1.0,0.0,0.0,Long-chain,False,False,False,True,Long-chain Branched Highly-fluorinated,GAC Reactivation,Full,Treatment Media,1093.0,,93.95833333333331,True,High,,9.6,0.58
376-06-7,Perfluorotetradecanoic acid,OC(=O)C(F)(F)C(F)(F)C(F)(F)C(F)(F)C(F)(F)C(F)(F)C(F)(F)C(F)(F)C(F)(F)C(F)(F)C(F)(F)C(F)(F)C(F)(F)F,C14HF27O2,714.117,27,62.7906976744186,14,27,14,714.1060000000003,12.0,1.0,1.0,0.0,0.0,Long-chain,False,False,False,True,Long-chain Branched Highly-fluorinated,GAC Reactivation,Full,Treatment Media,1093.0,,93.62637362637362,True,High,,9.1,0.58
376-06-7,Perfluorotetradecanoic acid,OC(=O)C(F)(F)C(F)(F)C(F)(F)C(F)(F)C(F)(F)C(F)(F)C(F)(F)C(F)(F)C(F)(F)C(F)(F)C(F)(F)C(F)(F)C(F)(F)F,C14HF27O2,714.117,27,62.7906976744186,14,27,14,714.1060000000003,12.0,1.0,1.0,0.0,0.0,Long-chain,False,False,False,True,Long-chain Branched Highly-fluorinated,GAC Reactivation,Full,Treatment Media,1093.0,,94.02061855670102,True,High,,9.7,0.58
376-06-7,Perfluorotetradecanoic acid,OC(=O)C(F)(F)C(F)(F)C(F)(F)C(F)(F)C(F)(F)C(F)(F)C(F)(F)C(F)(F)C(F)(F)C(F)(F)C(F)(F)C(F)(F)C(F)(F)F,C14HF27O2,714.117,27,62.7906976744186,14,27,14,714.1060000000003,12.0,1.0,1.0,0.0,0.0,Long-chain,False,False,False,True,Long-chain Branched Highly-fluorinated,Pyrolysis,Pilot,Sludge,649.0,19.1,87.96296296296296,True,High,Short,2.16,0.26
376-06-7,Perfluorotetradecanoic acid,OC(=O)C(F)(F)C(F)(F)C(F)(F)C(F)(F)C(F)(F)C(F)(F)C(F)(F)C(F)(F)C(F)(F)C(F)(F)C(F)(F)C(F)(F)C(F)(F)F,C14HF27O2,714.117,27,62.7906976744186,14,27,14,714.1060000000003,12.0,1.0,1.0,0.0,0.0,Long-chain,False,False,False,True,Long-chain Branched Highly-fluorinated,Pyrolysis,Pilot,Sludge,649.0,19.1,97.81659388646288,True,High,Short,2.29,0.05
376-06-7,Perfluorotetradecanoic acid,OC(=O)C(F)(F)C(F)(F)C(F)(F)C(F)(F)C(F)(F)C(F)(F)C(F)(F)C(F)(F)C(F)(F)C(F)(F)C(F)(F)C(F)(F)C(F)(F)F,C14HF27O2,714.117,27,62.7906976744186,14,27,14,714.1060000000003,12.0,1.0,1.0,0.0,0.0,Long-chain,False,False,False,True,Long-chain Branched Highly-fluorinated,Pyrolysis,Pilot,Sludge,649.0,19.1,,False,High,Short,2.2,
376-06-7,Perfluorotetradecanoic acid,OC(=O)C(F)(F)C(F)(F)C(F)(F)C(F)(F)C(F)(F)C(F)(F)C(F)(F)C(F)(F)C(F)(F)C(F)(F)C(F)(F)C(F)(F)C(F)(F)F,C14HF27O2,714.117,27,62.7906976744186,14,27,14,714.1060000000003,12.0,1.0,1.0,0.0,0.0,Long-chain,False,False,False,True,Long-chain Branched Highly-fluorinated,GAC Reactivation,Full,Treatment Media,,,,False,,,,0.26
376-06-7,Perfluorotetradecanoic acid,OC(=O)C(F)(F)C(F)(F)C(F)(F)C(F)(F)C(F)(F)C(F)(F)C(F)(F)C(F)(F)C(F)(F)C(F)(F)C(F)(F)C(F)(F)C(F)(F)F,C14HF27O2,714.117,27,62.7906976744186,14,27,14,714.1060000000003,12.0,1.0,1.0,0.0,0.0,Long-chain,False,False,False,True,Long-chain Branched Highly-fluorinated,Rotary Kiln,Full,Soil,,,,False,,,,
376-06-7,Perfluorotetradecanoic acid,OC(=O)C(F)(F)C(F)(F)C(F)(F)C(F)(F)C(F)(F)C(F)(F)C(F)(F)C(F)(F)C(F)(F)C(F)(F)C(F)(F)C(F)(F)C(F)(F)F,C14HF27O2,714.117,27,62.7906976744186,14,27,14,714.1060000000003,12.0,1.0,1.0,0.0,0.0,Long-chain,False,False,False,True,Long-chain Branched Highly-fluorinated,Indirect Thermal Desorption,Pilot,Soil,650.0,,,False,High,,4.84,
376-06-7,Perfluorotetradecanoic acid,OC(=O)C(F)(F)C(F)(F)C(F)(F)C(F)(F)C(F)(F)C(F)(F)C(F)(F)C(F)(F)C(F)(F)C(F)(F)C(F)(F)C(F)(F)C(F)(F)F,C14HF27O2,714.117,27,62.7906976744186,14,27,14,714.1060000000003,12.0,1.0,1.0,0.0,0.0,Long-chain,False,False,False,True,Long-chain Branched Highly-fluorinated,Indirect Thermal Desorption,Pilot,Soil,650.0,,,False,High,,0.0708,
376-06-7,Perfluorotetradecanoic acid,OC(=O)C(F)(F)C(F)(F)C(F)(F)C(F)(F)C(F)(F)C(F)(F)C(F)(F)C(F)(F)C(F)(F)C(F)(F)C(F)(F)C(F)(F)C(F)(F)F,C14HF27O2,714.117,27,62.7906976744186,14,27,14,714.1060000000003,12.0,1.0,1.0,0.0,0.0,Long-chain,False,False,False,True,Long-chain Branched Highly-fluorinated,Indirect Thermal Desorption,Pilot,Soil,500.0,,,False,High,,19.5,
376-06-7,Perfluorotetradecanoic acid,OC(=O)C(F)(F)C(F)(F)C(F)(F)C(F)(F)C(F)(F)C(F)(F)C(F)(F)C(F)(F)C(F)(F)C(F)(F)C(F)(F)C(F)(F)C(F)(F)F,C14HF27O2,714.117,27,62.7906976744186,14,27,14,714.1060000000003,12.0,1.0,1.0,0.0,0.0,Long-chain,False,False,False,True,Long-chain Branched Highly-fluorinated,Indirect Thermal Desorption,Pilot,Soil,500.0,,,False,High,,19.5,
376-06-7,Perfluorotetradecanoic acid,OC(=O)C(F)(F)C(F)(F)C(F)(F)C(F)(F)C(F)(F)C(F)(F)C(F)(F)C(F)(F)C(F)(F)C(F)(F)C(F)(F)C(F)(F)C(F)(F)F,C14HF27O2,714.117,27,62.7906976744186,14,27,14,714.1060000000003,12.0,1.0,1.0,0.0,0.0,Long-chain,False,False,False,True,Long-chain Branched Highly-fluorinated,Indirect Thermal Desorption,Pilot,Soil,650.0,,,False,High,,0.0691,
376-06-7,Perfluorotetradecanoic acid,OC(=O)C(F)(F)C(F)(F)C(F)(F)C(F)(F)C(F)(F)C(F)(F)C(F)(F)C(F)(F)C(F)(F)C(F)(F)C(F)(F)C(F)(F)C(F)(F)F,C14HF27O2,714.117,27,62.7906976744186,14,27,14,714.1060000000003,12.0,1.0,1.0,0.0,0.0,Long-chain,False,False,False,True,Long-chain Branched Highly-fluorinated,Indirect Thermal Desorption,Pilot,Soil,500.0,,,False,High,,19.2,
376-06-7,Perfluorotetradecanoic acid,OC(=O)C(F)(F)C(F)(F)C(F)(F)C(F)(F)C(F)(F)C(F)(F)C(F)(F)C(F)(F)C(F)(F)C(F)(F)C(F)(F)C(F)(F)C(F)(F)F,C14HF27O2,714.117,27,62.7906976744186,14,27,14,714.1060000000003,12.0,1.0,1.0,0.0,0.0,Long-chain,False,False,False,True,Long-chain Branched Highly-fluorinated,Indirect Thermal Desorption,Pilot,Soil,650.0,,,False,High,,0.0682,
376-06-7,Perfluorotetradecanoic acid,OC(=O)C(F)(F)C(F)(F)C(F)(F)C(F)(F)C(F)(F)C(F)(F)C(F)(F)C(F)(F)C(F)(F)C(F)(F)C(F)(F)C(F)(F)C(F)(F)F,C14HF27O2,714.117,27,62.7906976744186,14,27,14,714.1060000000003,12.0,1.0,1.0,0.0,0.0,Long-chain,False,False,False,True,Long-chain Branched Highly-fluorinated,Indirect Thermal Desorption,Pilot,Soil,500.0,,,False,High,,0.0684,
376-06-7,Perfluorotetradecanoic acid,OC(=O)C(F)(F)C(F)(F)C(F)(F)C(F)(F)C(F)(F)C(F)(F)C(F)(F)C(F)(F)C(F)(F)C(F)(F)C(F)(F)C(F)(F)C(F)(F)F,C14HF27O2,714.117,27,62.7906976744186,14,27,14,714.1060000000003,12.0,1.0,1.0,0.0,0.0,Long-chain,False,False,False,True,Long-chain Branched Highly-fluorinated,Infrared Heating,Pilot,Soil,350.0,11520.0,,False,Medium,Extended,120.0,
376-06-7,Perfluorotetradecanoic acid,OC(=O)C(F)(F)C(F)(F)C(F)(F)C(F)(F)C(F)(F)C(F)(F)C(F)(F)C(F)(F)C(F)(F)C(F)(F)C(F)(F)C(F)(F)C(F)(F)F,C14HF27O2,714.117,27,62.7906976744186,14,27,14,714.1060000000003,12.0,1.0,1.0,0.0,0.0,Long-chain,False,False,False,True,Long-chain Branched Highly-fluorinated,Infrared Heating,Pilot,Soil,350.0,11520.0,,False,Medium,Extended,0.145,
376-06-7,Perfluorotetradecanoic acid,OC(=O)C(F)(F)C(F)(F)C(F)(F)C(F)(F)C(F)(F)C(F)(F)C(F)(F)C(F)(F)C(F)(F)C(F)(F)C(F)(F)C(F)(F)C(F)(F)F,C14HF27O2,714.117,27,62.7906976744186,14,27,14,714.1060000000003,12.0,1.0,1.0,0.0,0.0,Long-chain,False,False,False,True,Long-chain Branched Highly-fluorinated,Infrared Heating,Pilot,Soil,350.0,11520.0,,False,Medium,Extended,1.2,
376-06-7,Perfluorotetradecanoic acid,OC(=O)C(F)(F)C(F)(F)C(F)(F)C(F)(F)C(F)(F)C(F)(F)C(F)(F)C(F)(F)C(F)(F)C(F)(F)C(F)(F)C(F)(F)C(F)(F)F,C14HF27O2,714.117,27,62.7906976744186,14,27,14,714.1060000000003,12.0,1.0,1.0,0.0,0.0,Long-chain,False,False,False,True,Long-chain Branched Highly-fluorinated,Infrared Heating,Pilot,Soil,350.0,11520.0,,False,Medium,Extended,0.154,
376-06-7,Perfluorotetradecanoic acid,OC(=O)C(F)(F)C(F)(F)C(F)(F)C(F)(F)C(F)(F)C(F)(F)C(F)(F)C(F)(F)C(F)(F)C(F)(F)C(F)(F)C(F)(F)C(F)(F)F,C14HF27O2,714.117,27,62.7906976744186,14,27,14,714.1060000000003,12.0,1.0,1.0,0.0,0.0,Long-chain,False,False,False,True,Long-chain Branched Highly-fluorinated,Unspecified Heat Treatment,Full,Sludge,650.0,45.0,55.55555555555556,False,High,Medium,1.8,0.8
376-06-7,Perfluorotetradecanoic acid,OC(=O)C(F)(F)C(F)(F)C(F)(F)C(F)(F)C(F)(F)C(F)(F)C(F)(F)C(F)(F)C(F)(F)C(F)(F)C(F)(F)C(F)(F)C(F)(F)F,C14HF27O2,714.117,27,62.7906976744186,14,27,14,714.1060000000003,12.0,1.0,1.0,0.0,0.0,Long-chain,False,False,False,True,Long-chain Branched Highly-fluorinated,Pyrolysis,Not specified,Sludge,593.33,,,False,High,,2.44,
376-06-7,Perfluorotetradecanoic acid,OC(=O)C(F)(F)C(F)(F)C(F)(F)C(F)(F)C(F)(F)C(F)(F)C(F)(F)C(F)(F)C(F)(F)C(F)(F)C(F)(F)C(F)(F)C(F)(F)F,C14HF27O2,714.117,27,62.7906976744186,14,27,14,714.1060000000003,12.0,1.0,1.0,0.0,0.0,Long-chain,False,False,False,True,Long-chain Branched Highly-fluorinated,Incineration,Pilot,Other,1020.0,0.045,,False,High,Short,,
376-06-7,Perfluorotetradecanoic acid,OC(=O)C(F)(F)C(F)(F)C(F)(F)C(F)(F)C(F)(F)C(F)(F)C(F)(F)C(F)(F)C(F)(F)C(F)(F)C(F)(F)C(F)(F)C(F)(F)F,C14HF27O2,714.117,27,62.7906976744186,14,27,14,714.1060000000003,12.0,1.0,1.0,0.0,0.0,Long-chain,False,False,False,True,Long-chain Branched Highly-fluorinated,Incineration,Pilot,Other,870.0,0.0666666666666666,,False,High,Short,,
354-88-1,Perfluoroethanesulfonic acid,OS(=O)(=O)C(F)(F)C(F)(F)F,C2HF5O3S,200.08,5,45.45454545454545,2,5,2,200.08399999999995,1.0,2.0,1.0,0.0,0.0,Short-chain,False,False,False,True,Short-chain Branched Moderately-fluorinated,Hydrothermal Treatment,Lab,Other,350.0,360.0,,False,Medium,Long,3.78,
354-88-1,Perfluoroethanesulfonic acid,OS(=O)(=O)C(F)(F)C(F)(F)F,C2HF5O3S,200.08,5,45.45454545454545,2,5,2,200.08399999999995,1.0,2.0,1.0,0.0,0.0,Short-chain,False,False,False,True,Short-chain Branched Moderately-fluorinated,Hydrothermal Treatment,Lab,Other,350.0,360.0,,False,Medium,Long,3.99,
354-88-1,Perfluoroethanesulfonic acid,OS(=O)(=O)C(F)(F)C(F)(F)F,C2HF5O3S,200.08,5,45.45454545454545,2,5,2,200.08399999999995,1.0,2.0,1.0,0.0,0.0,Short-chain,False,False,False,True,Short-chain Branched Moderately-fluorinated,Hydrothermal Treatment,Lab,Other,350.0,360.0,,False,Medium,Long,3.99,
354-88-1,Perfluoroethanesulfonic acid,OS(=O)(=O)C(F)(F)C(F)(F)F,C2HF5O3S,200.08,5,45.45454545454545,2,5,2,200.08399999999995,1.0,2.0,1.0,0.0,0.0,Short-chain,False,False,False,True,Short-chain Branched Moderately-fluorinated,Hydrothermal Treatment,Lab,Other,350.0,360.0,,False,Medium,Long,3.78,
777011-38-8,Perfluoro-8-chloro-1-octanesulfonic acid,OS(=O)(=O)C(F)(F)C(F)(F)C(F)(F)C(F)(F)C(F)(F)C(F)(F)C(F)(F)C(F)(F)Cl,C8HClF16O3S,516.58,16,55.172413793103445,8,16,8,516.5809999999999,8.0,2.0,1.0,0.0,0.0,Long-chain,False,False,False,True,Long-chain Branched Highly-fluorinated,Hydrothermal Treatment,Lab,Other,350.0,180.0,100.0,True,Medium,Medium,95.6,0.0
777011-38-8,Perfluoro-8-chloro-1-octanesulfonic acid,OS(=O)(=O)C(F)(F)C(F)(F)C(F)(F)C(F)(F)C(F)(F)C(F)(F)C(F)(F)C(F)(F)Cl,C8HClF16O3S,516.58,16,55.172413793103445,8,16,8,516.5809999999999,8.0,2.0,1.0,0.0,0.0,Long-chain,False,False,False,True,Long-chain Branched Highly-fluorinated,Hydrothermal Treatment,Lab,Other,350.0,180.0,100.0,True,Medium,Medium,95.6,0.0
777011-38-8,Perfluoro-8-chloro-1-octanesulfonic acid,OS(=O)(=O)C(F)(F)C(F)(F)C(F)(F)C(F)(F)C(F)(F)C(F)(F)C(F)(F)C(F)(F)Cl,C8HClF16O3S,516.58,16,55.172413793103445,8,16,8,516.5809999999999,8.0,2.0,1.0,0.0,0.0,Long-chain,False,False,False,True,Long-chain Branched Highly-fluorinated,Hydrothermal Treatment,Lab,Soil,350.0,90.0,99.97282608695652,True,Medium,Medium,36.8,0.01
777011-38-8,Perfluoro-8-chloro-1-octanesulfonic acid,OS(=O)(=O)C(F)(F)C(F)(F)C(F)(F)C(F)(F)C(F)(F)C(F)(F)C(F)(F)C(F)(F)Cl,C8HClF16O3S,516.58,16,55.172413793103445,8,16,8,516.5809999999999,8.0,2.0,1.0,0.0,0.0,Long-chain,False,False,False,True,Long-chain Branched Highly-fluorinated,Hydrothermal Treatment,Lab,Other,350.0,90.0,0.0,False,Medium,Medium,0.01,0.01
777011-38-8,Perfluoro-8-chloro-1-octanesulfonic acid,OS(=O)(=O)C(F)(F)C(F)(F)C(F)(F)C(F)(F)C(F)(F)C(F)(F)C(F)(F)C(F)(F)Cl,C8HClF16O3S,516.58,16,55.172413793103445,8,16,8,516.5809999999999,8.0,2.0,1.0,0.0,0.0,Long-chain,False,False,False,True,Long-chain Branched Highly-fluorinated,Hydrothermal Treatment,Lab,Other,350.0,90.0,66.66666666666666,False,Medium,Medium,0.03,0.01
335-76-2,Perfluorodecanoic acid,OC(=O)C(F)(F)C(F)(F)C(F)(F)C(F)(F)C(F)(F)C(F)(F)C(F)(F)C(F)(F)C(F)(F)F,C10HF19O2,514.086,19,61.29032258064516,10,19,10,514.078,8.0,1.0,1.0,0.0,0.0,Long-chain,False,False,False,True,Long-chain Branched Highly-fluorinated,Thermolysis,Lab,Various,300.0,30.0,93.10344827586206,True,Medium,Short,4350.0,300.0
335-76-2,Perfluorodecanoic acid,OC(=O)C(F)(F)C(F)(F)C(F)(F)C(F)(F)C(F)(F)C(F)(F)C(F)(F)C(F)(F)C(F)(F)F,C10HF19O2,514.086,19,61.29032258064516,10,19,10,514.078,8.0,1.0,1.0,0.0,0.0,Long-chain,False,False,False,True,Long-chain Branched Highly-fluorinated,Thermolysis,Lab,Various,300.0,20.0,93.10344827586206,True,Medium,Short,4350.0,300.0
335-76-2,Perfluorodecanoic acid,OC(=O)C(F)(F)C(F)(F)C(F)(F)C(F)(F)C(F)(F)C(F)(F)C(F)(F)C(F)(F)C(F)(F)F,C10HF19O2,514.086,19,61.29032258064516,10,19,10,514.078,8.0,1.0,1.0,0.0,0.0,Long-chain,False,False,False,True,Long-chain Branched Highly-fluorinated,Thermolysis,Lab,Various,300.0,10.0,94.2528735632184,True,Medium,Short,4350.0,250.0
335-76-2,Perfluorodecanoic acid,OC(=O)C(F)(F)C(F)(F)C(F)(F)C(F)(F)C(F)(F)C(F)(F)C(F)(F)C(F)(F)C(F)(F)F,C10HF19O2,514.086,19,61.29032258064516,10,19,10,514.078,8.0,1.0,1.0,0.0,0.0,Long-chain,False,False,False,True,Long-chain Branched Highly-fluorinated,Electromagnetic Heating,Lab,Soil,845.0,2.0,,False,High,Short,0.02,
335-76-2,Perfluorodecanoic acid,OC(=O)C(F)(F)C(F)(F)C(F)(F)C(F)(F)C(F)(F)C(F)(F)C(F)(F)C(F)(F)C(F)(F)F,C10HF19O2,514.086,19,61.29032258064516,10,19,10,514.078,8.0,1.0,1.0,0.0,0.0,Long-chain,False,False,False,True,Long-chain Branched Highly-fluorinated,Pyrolysis,Lab,Sludge,800.0,20.0,57.14285714285714,False,High,Short,0.098,0.042
335-76-2,Perfluorodecanoic acid,OC(=O)C(F)(F)C(F)(F)C(F)(F)C(F)(F)C(F)(F)C(F)(F)C(F)(F)C(F)(F)C(F)(F)F,C10HF19O2,514.086,19,61.29032258064516,10,19,10,514.078,8.0,1.0,1.0,0.0,0.0,Long-chain,False,False,False,True,Long-chain Branched Highly-fluorinated,Pyrolysis,Lab,Sludge,800.0,20.0,72.34042553191489,False,High,Short,0.141,0.039
335-76-2,Perfluorodecanoic acid,OC(=O)C(F)(F)C(F)(F)C(F)(F)C(F)(F)C(F)(F)C(F)(F)C(F)(F)C(F)(F)C(F)(F)F,C10HF19O2,514.086,19,61.29032258064516,10,19,10,514.078,8.0,1.0,1.0,0.0,0.0,Long-chain,False,False,False,True,Long-chain Branched Highly-fluorinated,Pyrolysis,Lab,Sludge,800.0,20.0,78.9189189189189,False,High,Short,0.185,0.039
335-76-2,Perfluorodecanoic acid,OC(=O)C(F)(F)C(F)(F)C(F)(F)C(F)(F)C(F)(F)C(F)(F)C(F)(F)C(F)(F)C(F)(F)F,C10HF19O2,514.086,19,61.29032258064516,10,19,10,514.078,8.0,1.0,1.0,0.0,0.0,Long-chain,False,False,False,True,Long-chain Branched Highly-fluorinated,Pyrolysis,Lab,Sludge,800.0,20.0,65.17857142857143,False,High,Short,0.112,0.039
335-76-2,Perfluorodecanoic acid,OC(=O)C(F)(F)C(F)(F)C(F)(F)C(F)(F)C(F)(F)C(F)(F)C(F)(F)C(F)(F)C(F)(F)F,C10HF19O2,514.086,19,61.29032258064516,10,19,10,514.078,8.0,1.0,1.0,0.0,0.0,Long-chain,False,False,False,True,Long-chain Branched Highly-fluorinated,Pyrolysis,Lab,Sludge,800.0,20.0,75.43859649122807,False,High,Short,0.171,0.042
335-76-2,Perfluorodecanoic acid,OC(=O)C(F)(F)C(F)(F)C(F)(F)C(F)(F)C(F)(F)C(F)(F)C(F)(F)C(F)(F)C(F)(F)F,C10HF19O2,514.086,19,61.29032258064516,10,19,10,514.078,8.0,1.0,1.0,0.0,0.0,Long-chain,False,False,False,True,Long-chain Branched Highly-fluorinated,Pyrolysis,Lab,Sludge,800.0,20.0,76.78571428571428,False,High,Short,0.168,0.039
335-76-2,Perfluorodecanoic acid,OC(=O)C(F)(F)C(F)(F)C(F)(F)C(F)(F)C(F)(F)C(F)(F)C(F)(F)C(F)(F)C(F)(F)F,C10HF19O2,514.086,19,61.29032258064516,10,19,10,514.078,8.0,1.0,1.0,0.0,0.0,Long-chain,False,False,False,True,Long-chain Branched Highly-fluorinated,Pyrolysis,Lab,Sludge,650.0,20.0,61.224489795918366,False,High,Short,0.098,0.038
335-76-2,Perfluorodecanoic acid,OC(=O)C(F)(F)C(F)(F)C(F)(F)C(F)(F)C(F)(F)C(F)(F)C(F)(F)C(F)(F)C(F)(F)F,C10HF19O2,514.086,19,61.29032258064516,10,19,10,514.078,8.0,1.0,1.0,0.0,0.0,Long-chain,False,False,False,True,Long-chain Branched Highly-fluorinated,Pyrolysis,Lab,Sludge,650.0,20.0,73.04964539007092,False,High,Short,0.141,0.038
335-76-2,Perfluorodecanoic acid,OC(=O)C(F)(F)C(F)(F)C(F)(F)C(F)(F)C(F)(F)C(F)(F)C(F)(F)C(F)(F)C(F)(F)F,C10HF19O2,514.086,19,61.29032258064516,10,19,10,514.078,8.0,1.0,1.0,0.0,0.0,Long-chain,False,False,False,True,Long-chain Branched Highly-fluorinated,Pyrolysis,Lab,Sludge,650.0,20.0,77.29729729729729,False,High,Short,0.185,0.042
335-76-2,Perfluorodecanoic acid,OC(=O)C(F)(F)C(F)(F)C(F)(F)C(F)(F)C(F)(F)C(F)(F)C(F)(F)C(F)(F)C(F)(F)F,C10HF19O2,514.086,19,61.29032258064516,10,19,10,514.078,8.0,1.0,1.0,0.0,0.0,Long-chain,False,False,False,True,Long-chain Branched Highly-fluorinated,Pyrolysis,Lab,Sludge,650.0,20.0,76.60818713450293,False,High,Short,0.171,0.04
335-76-2,Perfluorodecanoic acid,OC(=O)C(F)(F)C(F)(F)C(F)(F)C(F)(F)C(F)(F)C(F)(F)C(F)(F)C(F)(F)C(F)(F)F,C10HF19O2,514.086,19,61.29032258064516,10,19,10,514.078,8.0,1.0,1.0,0.0,0.0,Long-chain,False,False,False,True,Long-chain Branched Highly-fluorinated,Pyrolysis,Lab,Sludge,650.0,20.0,65.17857142857143,False,High,Short,0.112,0.039
335-76-2,Perfluorodecanoic acid,OC(=O)C(F)(F)C(F)(F)C(F)(F)C(F)(F)C(F)(F)C(F)(F)C(F)(F)C(F)(F)C(F)(F)F,C10HF19O2,514.086,19,61.29032258064516,10,19,10,514.078,8.0,1.0,1.0,0.0,0.0,Long-chain,False,False,False,True,Long-chain Branched Highly-fluorinated,Pyrolysis,Lab,Sludge,650.0,20.0,76.19047619047619,False,High,Short,0.168,0.04
335-76-2,Perfluorodecanoic acid,OC(=O)C(F)(F)C(F)(F)C(F)(F)C(F)(F)C(F)(F)C(F)(F)C(F)(F)C(F)(F)C(F)(F)F,C10HF19O2,514.086,19,61.29032258064516,10,19,10,514.078,8.0,1.0,1.0,0.0,0.0,Long-chain,False,False,False,True,Long-chain Branched Highly-fluorinated,Pyrolysis,Lab,Sludge,500.0,20.0,72.34042553191489,False,High,Short,0.141,0.039
335-76-2,Perfluorodecanoic acid,OC(=O)C(F)(F)C(F)(F)C(F)(F)C(F)(F)C(F)(F)C(F)(F)C(F)(F)C(F)(F)C(F)(F)F,C10HF19O2,514.086,19,61.29032258064516,10,19,10,514.078,8.0,1.0,1.0,0.0,0.0,Long-chain,False,False,False,True,Long-chain Branched Highly-fluorinated,Pyrolysis,Lab,Sludge,500.0,20.0,59.18367346938776,False,High,Short,0.098,0.04
335-76-2,Perfluorodecanoic acid,OC(=O)C(F)(F)C(F)(F)C(F)(F)C(F)(F)C(F)(F)C(F)(F)C(F)(F)C(F)(F)C(F)(F)F,C10HF19O2,514.086,19,61.29032258064516,10,19,10,514.078,8.0,1.0,1.0,0.0,0.0,Long-chain,False,False,False,True,Long-chain Branched Highly-fluorinated,Pyrolysis,Lab,Sludge,500.0,20.0,78.9189189189189,False,High,Short,0.185,0.039
335-76-2,Perfluorodecanoic acid,OC(=O)C(F)(F)C(F)(F)C(F)(F)C(F)(F)C(F)(F)C(F)(F)C(F)(F)C(F)(F)C(F)(F)F,C10HF19O2,514.086,19,61.29032258064516,10,19,10,514.078,8.0,1.0,1.0,0.0,0.0,Long-chain,False,False,False,True,Long-chain Branched Highly-fluorinated,Pyrolysis,Lab,Sludge,500.0,20.0,76.0233918128655,False,High,Short,0.171,0.041
335-76-2,Perfluorodecanoic acid,OC(=O)C(F)(F)C(F)(F)C(F)(F)C(F)(F)C(F)(F)C(F)(F)C(F)(F)C(F)(F)C(F)(F)F,C10HF19O2,514.086,19,61.29032258064516,10,19,10,514.078,8.0,1.0,1.0,0.0,0.0,Long-chain,False,False,False,True,Long-chain Branched Highly-fluorinated,Pyrolysis,Lab,Sludge,500.0,20.0,65.17857142857143,False,High,Short,0.112,0.039
335-76-2,Perfluorodecanoic acid,OC(=O)C(F)(F)C(F)(F)C(F)(F)C(F)(F)C(F)(F)C(F)(F)C(F)(F)C(F)(F)C(F)(F)F,C10HF19O2,514.086,19,61.29032258064516,10,19,10,514.078,8.0,1.0,1.0,0.0,0.0,Long-chain,False,False,False,True,Long-chain Branched Highly-fluorinated,Pyrolysis,Lab,Sludge,500.0,20.0,76.78571428571428,False,High,Short,0.168,0.039
335-76-2,Perfluorodecanoic acid,OC(=O)C(F)(F)C(F)(F)C(F)(F)C(F)(F)C(F)(F)C(F)(F)C(F)(F)C(F)(F)C(F)(F)F,C10HF19O2,514.086,19,61.29032258064516,10,19,10,514.078,8.0,1.0,1.0,0.0,0.0,Long-chain,False,False,False,True,Long-chain Branched Highly-fluorinated,GAC Reactivation,Full,Treatment Media,1093.0,,97.23809523809524,True,High,,21.0,0.58
335-76-2,Perfluorodecanoic acid,OC(=O)C(F)(F)C(F)(F)C(F)(F)C(F)(F)C(F)(F)C(F)(F)C(F)(F)C(F)(F)C(F)(F)F,C10HF19O2,514.086,19,61.29032258064516,10,19,10,514.078,8.0,1.0,1.0,0.0,0.0,Long-chain,False,False,False,True,Long-chain Branched Highly-fluorinated,GAC Reactivation,Full,Treatment Media,1093.0,,98.8627450980392,True,High,,51.0,0.58
335-76-2,Perfluorodecanoic acid,OC(=O)C(F)(F)C(F)(F)C(F)(F)C(F)(F)C(F)(F)C(F)(F)C(F)(F)C(F)(F)C(F)(F)F,C10HF19O2,514.086,19,61.29032258064516,10,19,10,514.078,8.0,1.0,1.0,0.0,0.0,Long-chain,False,False,False,True,Long-chain Branched Highly-fluorinated,GAC Reactivation,Full,Treatment Media,1093.0,,99.1830985915493,True,High,,71.0,0.58
335-76-2,Perfluorodecanoic acid,OC(=O)C(F)(F)C(F)(F)C(F)(F)C(F)(F)C(F)(F)C(F)(F)C(F)(F)C(F)(F)C(F)(F)F,C10HF19O2,514.086,19,61.29032258064516,10,19,10,514.078,8.0,1.0,1.0,0.0,0.0,Long-chain,False,False,False,True,Long-chain Branched Highly-fluorinated,Pyrolysis,Lab,Sludge,700.0,,,False,High,,0.0,0.0
335-76-2,Perfluorodecanoic acid,OC(=O)C(F)(F)C(F)(F)C(F)(F)C(F)(F)C(F)(F)C(F)(F)C(F)(F)C(F)(F)C(F)(F)F,C10HF19O2,514.086,19,61.29032258064516,10,19,10,514.078,8.0,1.0,1.0,0.0,0.0,Long-chain,False,False,False,True,Long-chain Branched Highly-fluorinated,Thermal Oxidation of Off-gas,Lab,Treatment Media,590.0,0.1666666666666666,,False,High,Short,1.0,
335-76-2,Perfluorodecanoic acid,OC(=O)C(F)(F)C(F)(F)C(F)(F)C(F)(F)C(F)(F)C(F)(F)C(F)(F)C(F)(F)C(F)(F)F,C10HF19O2,514.086,19,61.29032258064516,10,19,10,514.078,8.0,1.0,1.0,0.0,0.0,Long-chain,False,False,False,True,Long-chain Branched Highly-fluorinated,Pyrolysis,Lab,Soil,450.0,30.0,,False,High,Short,0.047,
335-76-2,Perfluorodecanoic acid,OC(=O)C(F)(F)C(F)(F)C(F)(F)C(F)(F)C(F)(F)C(F)(F)C(F)(F)C(F)(F)C(F)(F)F,C10HF19O2,514.086,19,61.29032258064516,10,19,10,514.078,8.0,1.0,1.0,0.0,0.0,Long-chain,False,False,False,True,Long-chain Branched Highly-fluorinated,Pyrolysis,Lab,Soil,300.0,30.0,,False,Medium,Short,0.047,
335-76-2,Perfluorodecanoic acid,OC(=O)C(F)(F)C(F)(F)C(F)(F)C(F)(F)C(F)(F)C(F)(F)C(F)(F)C(F)(F)C(F)(F)F,C10HF19O2,514.086,19,61.29032258064516,10,19,10,514.078,8.0,1.0,1.0,0.0,0.0,Long-chain,False,False,False,True,Long-chain Branched Highly-fluorinated,Pyrolysis,Lab,Soil,200.0,30.0,,False,Medium,Short,0.047,
335-76-2,Perfluorodecanoic acid,OC(=O)C(F)(F)C(F)(F)C(F)(F)C(F)(F)C(F)(F)C(F)(F)C(F)(F)C(F)(F)C(F)(F)F,C10HF19O2,514.086,19,61.29032258064516,10,19,10,514.078,8.0,1.0,1.0,0.0,0.0,Long-chain,False,False,False,True,Long-chain Branched Highly-fluorinated,Pyrolysis,Pilot,Sludge,649.0,19.1,96.55712050078247,True,High,Short,12.78,0.44
335-76-2,Perfluorodecanoic acid,OC(=O)C(F)(F)C(F)(F)C(F)(F)C(F)(F)C(F)(F)C(F)(F)C(F)(F)C(F)(F)C(F)(F)F,C10HF19O2,514.086,19,61.29032258064516,10,19,10,514.078,8.0,1.0,1.0,0.0,0.0,Long-chain,False,False,False,True,Long-chain Branched Highly-fluorinated,Pyrolysis,Pilot,Sludge,649.0,19.1,99.84744469870328,True,High,Short,13.11,0.02
335-76-2,Perfluorodecanoic acid,OC(=O)C(F)(F)C(F)(F)C(F)(F)C(F)(F)C(F)(F)C(F)(F)C(F)(F)C(F)(F)C(F)(F)F,C10HF19O2,514.086,19,61.29032258064516,10,19,10,514.078,8.0,1.0,1.0,0.0,0.0,Long-chain,False,False,False,True,Long-chain Branched Highly-fluorinated,Pyrolysis,Pilot,Sludge,649.0,19.1,100.0,True,High,Short,12.9,0.0
335-76-2,Perfluorodecanoic acid,OC(=O)C(F)(F)C(F)(F)C(F)(F)C(F)(F)C(F)(F)C(F)(F)C(F)(F)C(F)(F)C(F)(F)F,C10HF19O2,514.086,19,61.29032258064516,10,19,10,514.078,8.0,1.0,1.0,0.0,0.0,Long-chain,False,False,False,True,Long-chain Branched Highly-fluorinated,GAC Reactivation,Full,Treatment Media,,,,False,,,,0.27
335-76-2,Perfluorodecanoic acid,OC(=O)C(F)(F)C(F)(F)C(F)(F)C(F)(F)C(F)(F)C(F)(F)C(F)(F)C(F)(F)C(F)(F)F,C10HF19O2,514.086,19,61.29032258064516,10,19,10,514.078,8.0,1.0,1.0,0.0,0.0,Long-chain,False,False,False,True,Long-chain Branched Highly-fluorinated,Rotary Kiln,Full,Soil,,,,False,,,,
335-76-2,Perfluorodecanoic acid,OC(=O)C(F)(F)C(F)(F)C(F)(F)C(F)(F)C(F)(F)C(F)(F)C(F)(F)C(F)(F)C(F)(F)F,C10HF19O2,514.086,19,61.29032258064516,10,19,10,514.078,8.0,1.0,1.0,0.0,0.0,Long-chain,False,False,False,True,Long-chain Branched Highly-fluorinated,Rotary Kiln,Full,Soil,,,,False,,,,
335-76-2,Perfluorodecanoic acid,OC(=O)C(F)(F)C(F)(F)C(F)(F)C(F)(F)C(F)(F)C(F)(F)C(F)(F)C(F)(F)C(F)(F)F,C10HF19O2,514.086,19,61.29032258064516,10,19,10,514.078,8.0,1.0,1.0,0.0,0.0,Long-chain,False,False,False,True,Long-chain Branched Highly-fluorinated,Indirect Thermal Desorption,Pilot,Soil,650.0,,,False,High,,4.84,
335-76-2,Perfluorodecanoic acid,OC(=O)C(F)(F)C(F)(F)C(F)(F)C(F)(F)C(F)(F)C(F)(F)C(F)(F)C(F)(F)C(F)(F)F,C10HF19O2,514.086,19,61.29032258064516,10,19,10,514.078,8.0,1.0,1.0,0.0,0.0,Long-chain,False,False,False,True,Long-chain Branched Highly-fluorinated,Indirect Thermal Desorption,Pilot,Soil,650.0,,,False,High,,19.6,
335-76-2,Perfluorodecanoic acid,OC(=O)C(F)(F)C(F)(F)C(F)(F)C(F)(F)C(F)(F)C(F)(F)C(F)(F)C(F)(F)C(F)(F)F,C10HF19O2,514.086,19,61.29032258064516,10,19,10,514.078,8.0,1.0,1.0,0.0,0.0,Long-chain,False,False,False,True,Long-chain Branched Highly-fluorinated,Indirect Thermal Desorption,Pilot,Soil,500.0,,,False,High,,19.5,
335-76-2,Perfluorodecanoic acid,OC(=O)C(F)(F)C(F)(F)C(F)(F)C(F)(F)C(F)(F)C(F)(F)C(F)(F)C(F)(F)C(F)(F)F,C10HF19O2,514.086,19,61.29032258064516,10,19,10,514.078,8.0,1.0,1.0,0.0,0.0,Long-chain,False,False,False,True,Long-chain Branched Highly-fluorinated,Indirect Thermal Desorption,Pilot,Soil,500.0,,,False,High,,19.2,
335-76-2,Perfluorodecanoic acid,OC(=O)C(F)(F)C(F)(F)C(F)(F)C(F)(F)C(F)(F)C(F)(F)C(F)(F)C(F)(F)C(F)(F)F,C10HF19O2,514.086,19,61.29032258064516,10,19,10,514.078,8.0,1.0,1.0,0.0,0.0,Long-chain,False,False,False,True,Long-chain Branched Highly-fluorinated,Indirect Thermal Desorption,Pilot,Soil,650.0,,,False,High,,19.6,
335-76-2,Perfluorodecanoic acid,OC(=O)C(F)(F)C(F)(F)C(F)(F)C(F)(F)C(F)(F)C(F)(F)C(F)(F)C(F)(F)C(F)(F)F,C10HF19O2,514.086,19,61.29032258064516,10,19,10,514.078,8.0,1.0,1.0,0.0,0.0,Long-chain,False,False,False,True,Long-chain Branched Highly-fluorinated,Indirect Thermal Desorption,Pilot,Soil,500.0,,,False,High,,19.2,
335-76-2,Perfluorodecanoic acid,OC(=O)C(F)(F)C(F)(F)C(F)(F)C(F)(F)C(F)(F)C(F)(F)C(F)(F)C(F)(F)C(F)(F)F,C10HF19O2,514.086,19,61.29032258064516,10,19,10,514.078,8.0,1.0,1.0,0.0,0.0,Long-chain,False,False,False,True,Long-chain Branched Highly-fluorinated,Indirect Thermal Desorption,Pilot,Soil,650.0,,,False,High,,19.8,
335-76-2,Perfluorodecanoic acid,OC(=O)C(F)(F)C(F)(F)C(F)(F)C(F)(F)C(F)(F)C(F)(F)C(F)(F)C(F)(F)C(F)(F)F,C10HF19O2,514.086,19,61.29032258064516,10,19,10,514.078,8.0,1.0,1.0,0.0,0.0,Long-chain,False,False,False,True,Long-chain Branched Highly-fluorinated,Indirect Thermal Desorption,Pilot,Soil,500.0,,,False,High,,19.5,
335-76-2,Perfluorodecanoic acid,OC(=O)C(F)(F)C(F)(F)C(F)(F)C(F)(F)C(F)(F)C(F)(F)C(F)(F)C(F)(F)C(F)(F)F,C10HF19O2,514.086,19,61.29032258064516,10,19,10,514.078,8.0,1.0,1.0,0.0,0.0,Long-chain,False,False,False,True,Long-chain Branched Highly-fluorinated,Infrared Heating,Pilot,Soil,350.0,11520.0,,False,Medium,Extended,2400.0,
335-76-2,Perfluorodecanoic acid,OC(=O)C(F)(F)C(F)(F)C(F)(F)C(F)(F)C(F)(F)C(F)(F)C(F)(F)C(F)(F)C(F)(F)F,C10HF19O2,514.086,19,61.29032258064516,10,19,10,514.078,8.0,1.0,1.0,0.0,0.0,Long-chain,False,False,False,True,Long-chain Branched Highly-fluorinated,Infrared Heating,Pilot,Soil,350.0,11520.0,,False,Medium,Extended,0.145,
335-76-2,Perfluorodecanoic acid,OC(=O)C(F)(F)C(F)(F)C(F)(F)C(F)(F)C(F)(F)C(F)(F)C(F)(F)C(F)(F)C(F)(F)F,C10HF19O2,514.086,19,61.29032258064516,10,19,10,514.078,8.0,1.0,1.0,0.0,0.0,Long-chain,False,False,False,True,Long-chain Branched Highly-fluorinated,Calcining,Lab,Treatment Media,600.0,20.0,,False,High,Short,,
335-76-2,Perfluorodecanoic acid,OC(=O)C(F)(F)C(F)(F)C(F)(F)C(F)(F)C(F)(F)C(F)(F)C(F)(F)C(F)(F)C(F)(F)F,C10HF19O2,514.086,19,61.29032258064516,10,19,10,514.078,8.0,1.0,1.0,0.0,0.0,Long-chain,False,False,False,True,Long-chain Branched Highly-fluorinated,Calcining,Lab,Treatment Media,200.0,20.0,,False,Medium,Short,,
335-76-2,Perfluorodecanoic acid,OC(=O)C(F)(F)C(F)(F)C(F)(F)C(F)(F)C(F)(F)C(F)(F)C(F)(F)C(F)(F)C(F)(F)F,C10HF19O2,514.086,19,61.29032258064516,10,19,10,514.078,8.0,1.0,1.0,0.0,0.0,Long-chain,False,False,False,True,Long-chain Branched Highly-fluorinated,Infrared Heating,Pilot,Soil,350.0,11520.0,,False,Medium,Extended,0.6,
335-76-2,Perfluorodecanoic acid,OC(=O)C(F)(F)C(F)(F)C(F)(F)C(F)(F)C(F)(F)C(F)(F)C(F)(F)C(F)(F)C(F)(F)F,C10HF19O2,514.086,19,61.29032258064516,10,19,10,514.078,8.0,1.0,1.0,0.0,0.0,Long-chain,False,False,False,True,Long-chain Branched Highly-fluorinated,Incineration,Pilot,Other,986.0,180.0,,False,High,Medium,,0.5
335-76-2,Perfluorodecanoic acid,OC(=O)C(F)(F)C(F)(F)C(F)(F)C(F)(F)C(F)(F)C(F)(F)C(F)(F)C(F)(F)C(F)(F)F,C10HF19O2,514.086,19,61.29032258064516,10,19,10,514.078,8.0,1.0,1.0,0.0,0.0,Long-chain,False,False,False,True,Long-chain Branched Highly-fluorinated,Incineration,Pilot,Other,986.0,180.0,,False,High,Medium,,0.0
335-76-2,Perfluorodecanoic acid,OC(=O)C(F)(F)C(F)(F)C(F)(F)C(F)(F)C(F)(F)C(F)(F)C(F)(F)C(F)(F)C(F)(F)F,C10HF19O2,514.086,19,61.29032258064516,10,19,10,514.078,8.0,1.0,1.0,0.0,0.0,Long-chain,False,False,False,True,Long-chain Branched Highly-fluorinated,Incineration,Pilot,Other,986.0,180.0,,False,High,Medium,,0.0
335-76-2,Perfluorodecanoic acid,OC(=O)C(F)(F)C(F)(F)C(F)(F)C(F)(F)C(F)(F)C(F)(F)C(F)(F)C(F)(F)C(F)(F)F,C10HF19O2,514.086,19,61.29032258064516,10,19,10,514.078,8.0,1.0,1.0,0.0,0.0,Long-chain,False,False,False,True,Long-chain Branched Highly-fluorinated,Incineration,Pilot,Other,986.0,180.0,,False,High,Medium,,
335-76-2,Perfluorodecanoic acid,OC(=O)C(F)(F)C(F)(F)C(F)(F)C(F)(F)C(F)(F)C(F)(F)C(F)(F)C(F)(F)C(F)(F)F,C10HF19O2,514.086,19,61.29032258064516,10,19,10,514.078,8.0,1.0,1.0,0.0,0.0,Long-chain,False,False,False,True,Long-chain Branched Highly-fluorinated,Incineration,Pilot,Other,998.0,140.0,,False,High,Medium,,0.0
335-76-2,Perfluorodecanoic acid,OC(=O)C(F)(F)C(F)(F)C(F)(F)C(F)(F)C(F)(F)C(F)(F)C(F)(F)C(F)(F)C(F)(F)F,C10HF19O2,514.086,19,61.29032258064516,10,19,10,514.078,8.0,1.0,1.0,0.0,0.0,Long-chain,False,False,False,True,Long-chain Branched Highly-fluorinated,Incineration,Pilot,Other,998.0,140.0,,False,High,Medium,,0.0
335-76-2,Perfluorodecanoic acid,OC(=O)C(F)(F)C(F)(F)C(F)(F)C(F)(F)C(F)(F)C(F)(F)C(F)(F)C(F)(F)C(F)(F)F,C10HF19O2,514.086,19,61.29032258064516,10,19,10,514.078,8.0,1.0,1.0,0.0,0.0,Long-chain,False,False,False,True,Long-chain Branched Highly-fluorinated,Incineration,Pilot,Other,998.0,140.0,,False,High,Medium,,0.0
335-76-2,Perfluorodecanoic acid,OC(=O)C(F)(F)C(F)(F)C(F)(F)C(F)(F)C(F)(F)C(F)(F)C(F)(F)C(F)(F)C(F)(F)F,C10HF19O2,514.086,19,61.29032258064516,10,19,10,514.078,8.0,1.0,1.0,0.0,0.0,Long-chain,False,False,False,True,Long-chain Branched Highly-fluorinated,Incineration,Pilot,Other,998.0,140.0,,False,High,Medium,,0.0
335-76-2,Perfluorodecanoic acid,OC(=O)C(F)(F)C(F)(F)C(F)(F)C(F)(F)C(F)(F)C(F)(F)C(F)(F)C(F)(F)C(F)(F)F,C10HF19O2,514.086,19,61.29032258064516,10,19,10,514.078,8.0,1.0,1.0,0.0,0.0,Long-chain,False,False,False,True,Long-chain Branched Highly-fluorinated,Incineration,Pilot,Other,976.0,210.0,,False,High,Long,,0.2
335-76-2,Perfluorodecanoic acid,OC(=O)C(F)(F)C(F)(F)C(F)(F)C(F)(F)C(F)(F)C(F)(F)C(F)(F)C(F)(F)C(F)(F)F,C10HF19O2,514.086,19,61.29032258064516,10,19,10,514.078,8.0,1.0,1.0,0.0,0.0,Long-chain,False,False,False,True,Long-chain Branched Highly-fluorinated,Incineration,Pilot,Other,976.0,210.0,,False,High,Long,,0.0
335-76-2,Perfluorodecanoic acid,OC(=O)C(F)(F)C(F)(F)C(F)(F)C(F)(F)C(F)(F)C(F)(F)C(F)(F)C(F)(F)C(F)(F)F,C10HF19O2,514.086,19,61.29032258064516,10,19,10,514.078,8.0,1.0,1.0,0.0,0.0,Long-chain,False,False,False,True,Long-chain Branched Highly-fluorinated,Infrared Heating,Pilot,Soil,350.0,11520.0,,False,Medium,Extended,0.114,
335-76-2,Perfluorodecanoic acid,OC(=O)C(F)(F)C(F)(F)C(F)(F)C(F)(F)C(F)(F)C(F)(F)C(F)(F)C(F)(F)C(F)(F)F,C10HF19O2,514.086,19,61.29032258064516,10,19,10,514.078,8.0,1.0,1.0,0.0,0.0,Long-chain,False,False,False,True,Long-chain Branched Highly-fluorinated,Incineration,Pilot,Other,976.0,210.0,,False,High,Long,,0.0
335-76-2,Perfluorodecanoic acid,OC(=O)C(F)(F)C(F)(F)C(F)(F)C(F)(F)C(F)(F)C(F)(F)C(F)(F)C(F)(F)C(F)(F)F,C10HF19O2,514.086,19,61.29032258064516,10,19,10,514.078,8.0,1.0,1.0,0.0,0.0,Long-chain,False,False,False,True,Long-chain Branched Highly-fluorinated,Incineration,Pilot,Other,976.0,210.0,,False,High,Long,,
335-76-2,Perfluorodecanoic acid,OC(=O)C(F)(F)C(F)(F)C(F)(F)C(F)(F)C(F)(F)C(F)(F)C(F)(F)C(F)(F)C(F)(F)F,C10HF19O2,514.086,19,61.29032258064516,10,19,10,514.078,8.0,1.0,1.0,0.0,0.0,Long-chain,False,False,False,True,Long-chain Branched Highly-fluorinated,Incineration,Pilot,Other,980.0,180.0,,False,High,Medium,,0.0
335-76-2,Perfluorodecanoic acid,OC(=O)C(F)(F)C(F)(F)C(F)(F)C(F)(F)C(F)(F)C(F)(F)C(F)(F)C(F)(F)C(F)(F)F,C10HF19O2,514.086,19,61.29032258064516,10,19,10,514.078,8.0,1.0,1.0,0.0,0.0,Long-chain,False,False,False,True,Long-chain Branched Highly-fluorinated,Incineration,Pilot,Other,980.0,180.0,,False,High,Medium,,0.0
335-76-2,Perfluorodecanoic acid,OC(=O)C(F)(F)C(F)(F)C(F)(F)C(F)(F)C(F)(F)C(F)(F)C(F)(F)C(F)(F)C(F)(F)F,C10HF19O2,514.086,19,61.29032258064516,10,19,10,514.078,8.0,1.0,1.0,0.0,0.0,Long-chain,False,False,False,True,Long-chain Branched Highly-fluorinated,Incineration,Pilot,Other,980.0,180.0,,False,High,Medium,,0.0
335-76-2,Perfluorodecanoic acid,OC(=O)C(F)(F)C(F)(F)C(F)(F)C(F)(F)C(F)(F)C(F)(F)C(F)(F)C(F)(F)C(F)(F)F,C10HF19O2,514.086,19,61.29032258064516,10,19,10,514.078,8.0,1.0,1.0,0.0,0.0,Long-chain,False,False,False,True,Long-chain Branched Highly-fluorinated,Incineration,Pilot,Other,980.0,180.0,,False,High,Medium,,
335-76-2,Perfluorodecanoic acid,OC(=O)C(F)(F)C(F)(F)C(F)(F)C(F)(F)C(F)(F)C(F)(F)C(F)(F)C(F)(F)C(F)(F)F,C10HF19O2,514.086,19,61.29032258064516,10,19,10,514.078,8.0,1.0,1.0,0.0,0.0,Long-chain,False,False,False,True,Long-chain Branched Highly-fluorinated,Incineration,Pilot,Other,952.0,145.0,,False,High,Medium,,0.0
335-76-2,Perfluorodecanoic acid,OC(=O)C(F)(F)C(F)(F)C(F)(F)C(F)(F)C(F)(F)C(F)(F)C(F)(F)C(F)(F)C(F)(F)F,C10HF19O2,514.086,19,61.29032258064516,10,19,10,514.078,8.0,1.0,1.0,0.0,0.0,Long-chain,False,False,False,True,Long-chain Branched Highly-fluorinated,Incineration,Pilot,Other,952.0,145.0,,False,High,Medium,,0.0
335-76-2,Perfluorodecanoic acid,OC(=O)C(F)(F)C(F)(F)C(F)(F)C(F)(F)C(F)(F)C(F)(F)C(F)(F)C(F)(F)C(F)(F)F,C10HF19O2,514.086,19,61.29032258064516,10,19,10,514.078,8.0,1.0,1.0,0.0,0.0,Long-chain,False,False,False,True,Long-chain Branched Highly-fluorinated,Incineration,Pilot,Other,952.0,145.0,,False,High,Medium,,0.0
335-76-2,Perfluorodecanoic acid,OC(=O)C(F)(F)C(F)(F)C(F)(F)C(F)(F)C(F)(F)C(F)(F)C(F)(F)C(F)(F)C(F)(F)F,C10HF19O2,514.086,19,61.29032258064516,10,19,10,514.078,8.0,1.0,1.0,0.0,0.0,Long-chain,False,False,False,True,Long-chain Branched Highly-fluorinated,Incineration,Pilot,Other,952.0,145.0,,False,High,Medium,,
335-76-2,Perfluorodecanoic acid,OC(=O)C(F)(F)C(F)(F)C(F)(F)C(F)(F)C(F)(F)C(F)(F)C(F)(F)C(F)(F)C(F)(F)F,C10HF19O2,514.086,19,61.29032258064516,10,19,10,514.078,8.0,1.0,1.0,0.0,0.0,Long-chain,False,False,False,True,Long-chain Branched Highly-fluorinated,Incineration,Pilot,Other,869.0,180.0,,False,High,Medium,,0.0
335-76-2,Perfluorodecanoic acid,OC(=O)C(F)(F)C(F)(F)C(F)(F)C(F)(F)C(F)(F)C(F)(F)C(F)(F)C(F)(F)C(F)(F)F,C10HF19O2,514.086,19,61.29032258064516,10,19,10,514.078,8.0,1.0,1.0,0.0,0.0,Long-chain,False,False,False,True,Long-chain Branched Highly-fluorinated,Incineration,Pilot,Other,869.0,180.0,,False,High,Medium,,0.0
335-76-2,Perfluorodecanoic acid,OC(=O)C(F)(F)C(F)(F)C(F)(F)C(F)(F)C(F)(F)C(F)(F)C(F)(F)C(F)(F)C(F)(F)F,C10HF19O2,514.086,19,61.29032258064516,10,19,10,514.078,8.0,1.0,1.0,0.0,0.0,Long-chain,False,False,False,True,Long-chain Branched Highly-fluorinated,Incineration,Pilot,Other,869.0,180.0,,False,High,Medium,,0.0
335-76-2,Perfluorodecanoic acid,OC(=O)C(F)(F)C(F)(F)C(F)(F)C(F)(F)C(F)(F)C(F)(F)C(F)(F)C(F)(F)C(F)(F)F,C10HF19O2,514.086,19,61.29032258064516,10,19,10,514.078,8.0,1.0,1.0,0.0,0.0,Long-chain,False,False,False,True,Long-chain Branched Highly-fluorinated,Incineration,Pilot,Other,869.0,180.0,,False,High,Medium,,
335-76-2,Perfluorodecanoic acid,OC(=O)C(F)(F)C(F)(F)C(F)(F)C(F)(F)C(F)(F)C(F)(F)C(F)(F)C(F)(F)C(F)(F)F,C10HF19O2,514.086,19,61.29032258064516,10,19,10,514.078,8.0,1.0,1.0,0.0,0.0,Long-chain,False,False,False,True,Long-chain Branched Highly-fluorinated,Unspecified Heat Treatment,Full,Sludge,650.0,45.0,13.33333333333333,False,High,Medium,3.0,2.6
335-76-2,Perfluorodecanoic acid,OC(=O)C(F)(F)C(F)(F)C(F)(F)C(F)(F)C(F)(F)C(F)(F)C(F)(F)C(F)(F)C(F)(F)F,C10HF19O2,514.086,19,61.29032258064516,10,19,10,514.078,8.0,1.0,1.0,0.0,0.0,Long-chain,False,False,False,True,Long-chain Branched Highly-fluorinated,Hydrothermal Treatment,Lab,Soil,350.0,90.0,0.0,False,Medium,Medium,0.18,0.52
335-76-2,Perfluorodecanoic acid,OC(=O)C(F)(F)C(F)(F)C(F)(F)C(F)(F)C(F)(F)C(F)(F)C(F)(F)C(F)(F)C(F)(F)F,C10HF19O2,514.086,19,61.29032258064516,10,19,10,514.078,8.0,1.0,1.0,0.0,0.0,Long-chain,False,False,False,True,Long-chain Branched Highly-fluorinated,Hydrothermal Treatment,Lab,Soil,350.0,90.0,97.46835443037976,True,Medium,Medium,0.79,0.02
335-76-2,Perfluorodecanoic acid,OC(=O)C(F)(F)C(F)(F)C(F)(F)C(F)(F)C(F)(F)C(F)(F)C(F)(F)C(F)(F)C(F)(F)F,C10HF19O2,514.086,19,61.29032258064516,10,19,10,514.078,8.0,1.0,1.0,0.0,0.0,Long-chain,False,False,False,True,Long-chain Branched Highly-fluorinated,Hydrothermal Treatment,Lab,Soil,350.0,90.0,99.7452229299363,True,Medium,Medium,7.85,0.02
335-76-2,Perfluorodecanoic acid,OC(=O)C(F)(F)C(F)(F)C(F)(F)C(F)(F)C(F)(F)C(F)(F)C(F)(F)C(F)(F)C(F)(F)F,C10HF19O2,514.086,19,61.29032258064516,10,19,10,514.078,8.0,1.0,1.0,0.0,0.0,Long-chain,False,False,False,True,Long-chain Branched Highly-fluorinated,Pyrolysis,Not specified,Sludge,593.33,,,False,High,,11.3,
335-76-2,Perfluorodecanoic acid,OC(=O)C(F)(F)C(F)(F)C(F)(F)C(F)(F)C(F)(F)C(F)(F)C(F)(F)C(F)(F)C(F)(F)F,C10HF19O2,514.086,19,61.29032258064516,10,19,10,514.078,8.0,1.0,1.0,0.0,0.0,Long-chain,False,False,False,True,Long-chain Branched Highly-fluorinated,Smoldering,Lab,Soil,1145.0,250.0,100.0,True,High,Long,0.00125,0.0
335-76-2,Perfluorodecanoic acid,OC(=O)C(F)(F)C(F)(F)C(F)(F)C(F)(F)C(F)(F)C(F)(F)C(F)(F)C(F)(F)C(F)(F)F,C10HF19O2,514.086,19,61.29032258064516,10,19,10,514.078,8.0,1.0,1.0,0.0,0.0,Long-chain,False,False,False,True,Long-chain Branched Highly-fluorinated,Incineration,Pilot,Other,1020.0,0.045,,False,High,Short,,
335-76-2,Perfluorodecanoic acid,OC(=O)C(F)(F)C(F)(F)C(F)(F)C(F)(F)C(F)(F)C(F)(F)C(F)(F)C(F)(F)C(F)(F)F,C10HF19O2,514.086,19,61.29032258064516,10,19,10,514.078,8.0,1.0,1.0,0.0,0.0,Long-chain,False,False,False,True,Long-chain Branched Highly-fluorinated,Incineration,Pilot,Other,870.0,0.0666666666666666,,False,High,Short,,
335-76-2,Perfluorodecanoic acid,OC(=O)C(F)(F)C(F)(F)C(F)(F)C(F)(F)C(F)(F)C(F)(F)C(F)(F)C(F)(F)C(F)(F)F,C10HF19O2,514.086,19,61.29032258064516,10,19,10,514.078,8.0,1.0,1.0,0.0,0.0,Long-chain,False,False,False,True,Long-chain Branched Highly-fluorinated,Indirect Thermal Desorption,Lab,Soil,550.0,75.0,99.85,True,High,Medium,0.6,0.0009
335-76-2,Perfluorodecanoic acid,OC(=O)C(F)(F)C(F)(F)C(F)(F)C(F)(F)C(F)(F)C(F)(F)C(F)(F)C(F)(F)C(F)(F)F,C10HF19O2,514.086,19,61.29032258064516,10,19,10,514.078,8.0,1.0,1.0,0.0,0.0,Long-chain,False,False,False,True,Long-chain Branched Highly-fluorinated,Indirect Thermal Desorption,Lab,Soil,550.0,45.0,99.91,True,High,Medium,0.6,0.00054
335-76-2,Perfluorodecanoic acid,OC(=O)C(F)(F)C(F)(F)C(F)(F)C(F)(F)C(F)(F)C(F)(F)C(F)(F)C(F)(F)C(F)(F)F,C10HF19O2,514.086,19,61.29032258064516,10,19,10,514.078,8.0,1.0,1.0,0.0,0.0,Long-chain,False,False,False,True,Long-chain Branched Highly-fluorinated,Indirect Thermal Desorption,Lab,Soil,550.0,15.0,99.88333333333333,True,High,Short,0.6,0.0007
335-76-2,Perfluorodecanoic acid,OC(=O)C(F)(F)C(F)(F)C(F)(F)C(F)(F)C(F)(F)C(F)(F)C(F)(F)C(F)(F)C(F)(F)F,C10HF19O2,514.086,19,61.29032258064516,10,19,10,514.078,8.0,1.0,1.0,0.0,0.0,Long-chain,False,False,False,True,Long-chain Branched Highly-fluorinated,Indirect Thermal Desorption,Lab,Soil,450.0,75.0,99.86,True,High,Medium,0.6,0.00084
335-76-2,Perfluorodecanoic acid,OC(=O)C(F)(F)C(F)(F)C(F)(F)C(F)(F)C(F)(F)C(F)(F)C(F)(F)C(F)(F)C(F)(F)F,C10HF19O2,514.086,19,61.29032258064516,10,19,10,514.078,8.0,1.0,1.0,0.0,0.0,Long-chain,False,False,False,True,Long-chain Branched Highly-fluorinated,Indirect Thermal Desorption,Lab,Soil,450.0,45.0,99.81666666666666,True,High,Medium,0.6,0.0011
335-76-2,Perfluorodecanoic acid,OC(=O)C(F)(F)C(F)(F)C(F)(F)C(F)(F)C(F)(F)C(F)(F)C(F)(F)C(F)(F)C(F)(F)F,C10HF19O2,514.086,19,61.29032258064516,10,19,10,514.078,8.0,1.0,1.0,0.0,0.0,Long-chain,False,False,False,True,Long-chain Branched Highly-fluorinated,Indirect Thermal Desorption,Lab,Soil,450.0,15.0,99.01666666666668,True,High,Short,0.6,0.0059
335-76-2,Perfluorodecanoic acid,OC(=O)C(F)(F)C(F)(F)C(F)(F)C(F)(F)C(F)(F)C(F)(F)C(F)(F)C(F)(F)C(F)(F)F,C10HF19O2,514.086,19,61.29032258064516,10,19,10,514.078,8.0,1.0,1.0,0.0,0.0,Long-chain,False,False,False,True,Long-chain Branched Highly-fluorinated,Indirect Thermal Desorption,Lab,Soil,350.0,75.0,98.91666666666669,True,Medium,Medium,0.6,0.0065
335-76-2,Perfluorodecanoic acid,OC(=O)C(F)(F)C(F)(F)C(F)(F)C(F)(F)C(F)(F)C(F)(F)C(F)(F)C(F)(F)C(F)(F)F,C10HF19O2,514.086,19,61.29032258064516,10,19,10,514.078,8.0,1.0,1.0,0.0,0.0,Long-chain,False,False,False,True,Long-chain Branched Highly-fluorinated,Indirect Thermal Desorption,Lab,Soil,350.0,45.0,98.16666666666669,True,Medium,Medium,0.6,0.011
335-76-2,Perfluorodecanoic acid,OC(=O)C(F)(F)C(F)(F)C(F)(F)C(F)(F)C(F)(F)C(F)(F)C(F)(F)C(F)(F)C(F)(F)F,C10HF19O2,514.086,19,61.29032258064516,10,19,10,514.078,8.0,1.0,1.0,0.0,0.0,Long-chain,False,False,False,True,Long-chain Branched Highly-fluorinated,Indirect Thermal Desorption,Lab,Soil,350.0,15.0,86.83333333333334,True,Medium,Short,0.6,0.079
335-76-2,Perfluorodecanoic acid,OC(=O)C(F)(F)C(F)(F)C(F)(F)C(F)(F)C(F)(F)C(F)(F)C(F)(F)C(F)(F)C(F)(F)F,C10HF19O2,514.086,19,61.29032258064516,10,19,10,514.078,8.0,1.0,1.0,0.0,0.0,Long-chain,False,False,False,True,Long-chain Branched Highly-fluorinated,Indirect Thermal Desorption,Lab,Soil,250.0,75.0,75.0,False,Medium,Medium,0.6,0.15
335-76-2,Perfluorodecanoic acid,OC(=O)C(F)(F)C(F)(F)C(F)(F)C(F)(F)C(F)(F)C(F)(F)C(F)(F)C(F)(F)C(F)(F)F,C10HF19O2,514.086,19,61.29032258064516,10,19,10,514.078,8.0,1.0,1.0,0.0,0.0,Long-chain,False,False,False,True,Long-chain Branched Highly-fluorinated,Indirect Thermal Desorption,Lab,Soil,250.0,45.0,58.333333333333336,False,Medium,Medium,0.6,0.25
335-76-2,Perfluorodecanoic acid,OC(=O)C(F)(F)C(F)(F)C(F)(F)C(F)(F)C(F)(F)C(F)(F)C(F)(F)C(F)(F)C(F)(F)F,C10HF19O2,514.086,19,61.29032258064516,10,19,10,514.078,8.0,1.0,1.0,0.0,0.0,Long-chain,False,False,False,True,Long-chain Branched Highly-fluorinated,Indirect Thermal Desorption,Lab,Soil,250.0,15.0,38.33333333333333,False,Medium,Short,0.6,0.37
335-76-2,Perfluorodecanoic acid,OC(=O)C(F)(F)C(F)(F)C(F)(F)C(F)(F)C(F)(F)C(F)(F)C(F)(F)C(F)(F)C(F)(F)F,C10HF19O2,514.086,19,61.29032258064516,10,19,10,514.078,8.0,1.0,1.0,0.0,0.0,Long-chain,False,False,False,True,Long-chain Branched Highly-fluorinated,Indirect Thermal Desorption,Lab,Soil,150.0,75.0,51.66666666666667,False,Medium,Medium,0.6,0.29
335-76-2,Perfluorodecanoic acid,OC(=O)C(F)(F)C(F)(F)C(F)(F)C(F)(F)C(F)(F)C(F)(F)C(F)(F)C(F)(F)C(F)(F)F,C10HF19O2,514.086,19,61.29032258064516,10,19,10,514.078,8.0,1.0,1.0,0.0,0.0,Long-chain,False,False,False,True,Long-chain Branched Highly-fluorinated,Indirect Thermal Desorption,Lab,Soil,150.0,45.0,48.333333333333336,False,Medium,Medium,0.6,0.31
335-76-2,Perfluorodecanoic acid,OC(=O)C(F)(F)C(F)(F)C(F)(F)C(F)(F)C(F)(F)C(F)(F)C(F)(F)C(F)(F)C(F)(F)F,C10HF19O2,514.086,19,61.29032258064516,10,19,10,514.078,8.0,1.0,1.0,0.0,0.0,Long-chain,False,False,False,True,Long-chain Branched Highly-fluorinated,Indirect Thermal Desorption,Lab,Soil,150.0,15.0,61.66666666666667,False,Medium,Short,0.6,0.23
335-76-2,Perfluorodecanoic acid,OC(=O)C(F)(F)C(F)(F)C(F)(F)C(F)(F)C(F)(F)C(F)(F)C(F)(F)C(F)(F)C(F)(F)F,C10HF19O2,514.086,19,61.29032258064516,10,19,10,514.078,8.0,1.0,1.0,0.0,0.0,Long-chain,False,False,False,True,Long-chain Branched Highly-fluorinated,Incineration,Full,Sludge,,,93.90243902439023,True,,,41.0,2.5
335-76-2,Perfluorodecanoic acid,OC(=O)C(F)(F)C(F)(F)C(F)(F)C(F)(F)C(F)(F)C(F)(F)C(F)(F)C(F)(F)C(F)(F)F,C10HF19O2,514.086,19,61.29032258064516,10,19,10,514.078,8.0,1.0,1.0,0.0,0.0,Long-chain,False,False,False,True,Long-chain Branched Highly-fluorinated,Incineration,Full,Sludge,,,26.31578947368421,False,,,19.0,14.0
335-76-2,Perfluorodecanoic acid,OC(=O)C(F)(F)C(F)(F)C(F)(F)C(F)(F)C(F)(F)C(F)(F)C(F)(F)C(F)(F)C(F)(F)F,C10HF19O2,514.086,19,61.29032258064516,10,19,10,514.078,8.0,1.0,1.0,0.0,0.0,Long-chain,False,False,False,True,Long-chain Branched Highly-fluorinated,Incineration,Full,Sludge,,,91.66666666666666,True,,,30.0,2.5
307-24-4,Perfluorohexanoic acid,OC(=O)C(F)(F)C(F)(F)C(F)(F)C(F)(F)C(F)(F)F,C6HF11O2,314.054,11,57.89473684210527,6,11,6,314.04999999999995,4.0,1.0,1.0,0.0,0.0,Medium-chain,False,False,False,True,Medium-chain Branched Highly-fluorinated,Thermolysis,Lab,Various,400.0,30.0,,False,Medium,Short,0.0,11.8
307-24-4,Perfluorohexanoic acid,OC(=O)C(F)(F)C(F)(F)C(F)(F)C(F)(F)C(F)(F)F,C6HF11O2,314.054,11,57.89473684210527,6,11,6,314.04999999999995,4.0,1.0,1.0,0.0,0.0,Medium-chain,False,False,False,True,Medium-chain Branched Highly-fluorinated,Thermolysis,Lab,Various,400.0,30.0,,False,Medium,Short,0.0,8.56
307-24-4,Perfluorohexanoic acid,OC(=O)C(F)(F)C(F)(F)C(F)(F)C(F)(F)C(F)(F)F,C6HF11O2,314.054,11,57.89473684210527,6,11,6,314.04999999999995,4.0,1.0,1.0,0.0,0.0,Medium-chain,False,False,False,True,Medium-chain Branched Highly-fluorinated,Hydrothermal Treatment,Lab,Sludge,300.0,120.0,,False,Medium,Medium,,
307-24-4,Perfluorohexanoic acid,OC(=O)C(F)(F)C(F)(F)C(F)(F)C(F)(F)C(F)(F)F,C6HF11O2,314.054,11,57.89473684210527,6,11,6,314.04999999999995,4.0,1.0,1.0,0.0,0.0,Medium-chain,False,False,False,True,Medium-chain Branched Highly-fluorinated,Hydrothermal Treatment,Lab,Sludge,300.0,120.0,,False,Medium,Medium,,
307-24-4,Perfluorohexanoic acid,OC(=O)C(F)(F)C(F)(F)C(F)(F)C(F)(F)C(F)(F)F,C6HF11O2,314.054,11,57.89473684210527,6,11,6,314.04999999999995,4.0,1.0,1.0,0.0,0.0,Medium-chain,False,False,False,True,Medium-chain Branched Highly-fluorinated,Hydrothermal Treatment,Lab,Sludge,300.0,120.0,,False,Medium,Medium,,
307-24-4,Perfluorohexanoic acid,OC(=O)C(F)(F)C(F)(F)C(F)(F)C(F)(F)C(F)(F)F,C6HF11O2,314.054,11,57.89473684210527,6,11,6,314.04999999999995,4.0,1.0,1.0,0.0,0.0,Medium-chain,False,False,False,True,Medium-chain Branched Highly-fluorinated,Hydrothermal Treatment,Lab,Sludge,300.0,120.0,,False,Medium,Medium,,
307-24-4,Perfluorohexanoic acid,OC(=O)C(F)(F)C(F)(F)C(F)(F)C(F)(F)C(F)(F)F,C6HF11O2,314.054,11,57.89473684210527,6,11,6,314.04999999999995,4.0,1.0,1.0,0.0,0.0,Medium-chain,False,False,False,True,Medium-chain Branched Highly-fluorinated,Hydrothermal Treatment,Lab,Sludge,300.0,120.0,,False,Medium,Medium,,
307-24-4,Perfluorohexanoic acid,OC(=O)C(F)(F)C(F)(F)C(F)(F)C(F)(F)C(F)(F)F,C6HF11O2,314.054,11,57.89473684210527,6,11,6,314.04999999999995,4.0,1.0,1.0,0.0,0.0,Medium-chain,False,False,False,True,Medium-chain Branched Highly-fluorinated,Hydrothermal Treatment,Lab,Other,350.0,2.5,100.0,True,Medium,Short,119.0,0.0
307-24-4,Perfluorohexanoic acid,OC(=O)C(F)(F)C(F)(F)C(F)(F)C(F)(F)C(F)(F)F,C6HF11O2,314.054,11,57.89473684210527,6,11,6,314.04999999999995,4.0,1.0,1.0,0.0,0.0,Medium-chain,False,False,False,True,Medium-chain Branched Highly-fluorinated,Hydrothermal Treatment,Lab,Other,350.0,2.5,100.0,True,Medium,Short,95.0,0.0
307-24-4,Perfluorohexanoic acid,OC(=O)C(F)(F)C(F)(F)C(F)(F)C(F)(F)C(F)(F)F,C6HF11O2,314.054,11,57.89473684210527,6,11,6,314.04999999999995,4.0,1.0,1.0,0.0,0.0,Medium-chain,False,False,False,True,Medium-chain Branched Highly-fluorinated,Hydrothermal Treatment,Lab,Other,350.0,2.5,100.0,True,Medium,Short,95.0,0.0
307-24-4,Perfluorohexanoic acid,OC(=O)C(F)(F)C(F)(F)C(F)(F)C(F)(F)C(F)(F)F,C6HF11O2,314.054,11,57.89473684210527,6,11,6,314.04999999999995,4.0,1.0,1.0,0.0,0.0,Medium-chain,False,False,False,True,Medium-chain Branched Highly-fluorinated,Pyrolysis,Lab,Sludge,800.0,20.0,97.7987421383648,True,High,Short,0.954,0.021
307-24-4,Perfluorohexanoic acid,OC(=O)C(F)(F)C(F)(F)C(F)(F)C(F)(F)C(F)(F)F,C6HF11O2,314.054,11,57.89473684210527,6,11,6,314.04999999999995,4.0,1.0,1.0,0.0,0.0,Medium-chain,False,False,False,True,Medium-chain Branched Highly-fluorinated,Pyrolysis,Lab,Sludge,800.0,20.0,99.11627906976744,True,High,Short,2.15,0.019
307-24-4,Perfluorohexanoic acid,OC(=O)C(F)(F)C(F)(F)C(F)(F)C(F)(F)C(F)(F)F,C6HF11O2,314.054,11,57.89473684210527,6,11,6,314.04999999999995,4.0,1.0,1.0,0.0,0.0,Medium-chain,False,False,False,True,Medium-chain Branched Highly-fluorinated,Pyrolysis,Lab,Sludge,800.0,20.0,98.78048780487804,True,High,Short,1.64,0.02
307-24-4,Perfluorohexanoic acid,OC(=O)C(F)(F)C(F)(F)C(F)(F)C(F)(F)C(F)(F)F,C6HF11O2,314.054,11,57.89473684210527,6,11,6,314.04999999999995,4.0,1.0,1.0,0.0,0.0,Medium-chain,False,False,False,True,Medium-chain Branched Highly-fluorinated,Pyrolysis,Lab,Sludge,800.0,20.0,98.141592920354,True,High,Short,1.13,0.021
307-24-4,Perfluorohexanoic acid,OC(=O)C(F)(F)C(F)(F)C(F)(F)C(F)(F)C(F)(F)F,C6HF11O2,314.054,11,57.89473684210527,6,11,6,314.04999999999995,4.0,1.0,1.0,0.0,0.0,Medium-chain,False,False,False,True,Medium-chain Branched Highly-fluorinated,Pyrolysis,Lab,Sludge,800.0,20.0,97.32262382864792,True,High,Short,0.747,0.02
307-24-4,Perfluorohexanoic acid,OC(=O)C(F)(F)C(F)(F)C(F)(F)C(F)(F)C(F)(F)F,C6HF11O2,314.054,11,57.89473684210527,6,11,6,314.04999999999995,4.0,1.0,1.0,0.0,0.0,Medium-chain,False,False,False,True,Medium-chain Branched Highly-fluorinated,Pyrolysis,Lab,Sludge,800.0,20.0,98.1372549019608,True,High,Short,1.02,0.019
307-24-4,Perfluorohexanoic acid,OC(=O)C(F)(F)C(F)(F)C(F)(F)C(F)(F)C(F)(F)F,C6HF11O2,314.054,11,57.89473684210527,6,11,6,314.04999999999995,4.0,1.0,1.0,0.0,0.0,Medium-chain,False,False,False,True,Medium-chain Branched Highly-fluorinated,Pyrolysis,Lab,Sludge,650.0,20.0,98.0083857442348,True,High,Short,0.954,0.019
307-24-4,Perfluorohexanoic acid,OC(=O)C(F)(F)C(F)(F)C(F)(F)C(F)(F)C(F)(F)F,C6HF11O2,314.054,11,57.89473684210527,6,11,6,314.04999999999995,4.0,1.0,1.0,0.0,0.0,Medium-chain,False,False,False,True,Medium-chain Branched Highly-fluorinated,Pyrolysis,Lab,Sludge,650.0,20.0,98.84146341463416,True,High,Short,1.64,0.019
307-24-4,Perfluorohexanoic acid,OC(=O)C(F)(F)C(F)(F)C(F)(F)C(F)(F)C(F)(F)F,C6HF11O2,314.054,11,57.89473684210527,6,11,6,314.04999999999995,4.0,1.0,1.0,0.0,0.0,Medium-chain,False,False,False,True,Medium-chain Branched Highly-fluorinated,Pyrolysis,Lab,Sludge,650.0,20.0,99.0232558139535,True,High,Short,2.15,0.021
307-24-4,Perfluorohexanoic acid,OC(=O)C(F)(F)C(F)(F)C(F)(F)C(F)(F)C(F)(F)F,C6HF11O2,314.054,11,57.89473684210527,6,11,6,314.04999999999995,4.0,1.0,1.0,0.0,0.0,Medium-chain,False,False,False,True,Medium-chain Branched Highly-fluorinated,Pyrolysis,Lab,Sludge,650.0,20.0,98.23008849557522,True,High,Short,1.13,0.02
307-24-4,Perfluorohexanoic acid,OC(=O)C(F)(F)C(F)(F)C(F)(F)C(F)(F)C(F)(F)F,C6HF11O2,314.054,11,57.89473684210527,6,11,6,314.04999999999995,4.0,1.0,1.0,0.0,0.0,Medium-chain,False,False,False,True,Medium-chain Branched Highly-fluorinated,Pyrolysis,Lab,Sludge,650.0,20.0,97.45649263721552,True,High,Short,0.747,0.019
307-24-4,Perfluorohexanoic acid,OC(=O)C(F)(F)C(F)(F)C(F)(F)C(F)(F)C(F)(F)F,C6HF11O2,314.054,11,57.89473684210527,6,11,6,314.04999999999995,4.0,1.0,1.0,0.0,0.0,Medium-chain,False,False,False,True,Medium-chain Branched Highly-fluorinated,Pyrolysis,Lab,Sludge,650.0,20.0,98.0392156862745,True,High,Short,1.02,0.02
307-24-4,Perfluorohexanoic acid,OC(=O)C(F)(F)C(F)(F)C(F)(F)C(F)(F)C(F)(F)F,C6HF11O2,314.054,11,57.89473684210527,6,11,6,314.04999999999995,4.0,1.0,1.0,0.0,0.0,Medium-chain,False,False,False,True,Medium-chain Branched Highly-fluorinated,Pyrolysis,Lab,Sludge,500.0,20.0,98.78048780487804,True,High,Short,1.64,0.02
307-24-4,Perfluorohexanoic acid,OC(=O)C(F)(F)C(F)(F)C(F)(F)C(F)(F)C(F)(F)F,C6HF11O2,314.054,11,57.89473684210527,6,11,6,314.04999999999995,4.0,1.0,1.0,0.0,0.0,Medium-chain,False,False,False,True,Medium-chain Branched Highly-fluorinated,Pyrolysis,Lab,Sludge,500.0,20.0,97.9035639412998,True,High,Short,0.954,0.02
307-24-4,Perfluorohexanoic acid,OC(=O)C(F)(F)C(F)(F)C(F)(F)C(F)(F)C(F)(F)F,C6HF11O2,314.054,11,57.89473684210527,6,11,6,314.04999999999995,4.0,1.0,1.0,0.0,0.0,Medium-chain,False,False,False,True,Medium-chain Branched Highly-fluorinated,Pyrolysis,Lab,Sludge,500.0,20.0,99.11627906976744,True,High,Short,2.15,0.019
307-24-4,Perfluorohexanoic acid,OC(=O)C(F)(F)C(F)(F)C(F)(F)C(F)(F)C(F)(F)F,C6HF11O2,314.054,11,57.89473684210527,6,11,6,314.04999999999995,4.0,1.0,1.0,0.0,0.0,Medium-chain,False,False,False,True,Medium-chain Branched Highly-fluorinated,Pyrolysis,Lab,Sludge,500.0,20.0,98.23008849557522,True,High,Short,1.13,0.02
307-24-4,Perfluorohexanoic acid,OC(=O)C(F)(F)C(F)(F)C(F)(F)C(F)(F)C(F)(F)F,C6HF11O2,314.054,11,57.89473684210527,6,11,6,314.04999999999995,4.0,1.0,1.0,0.0,0.0,Medium-chain,False,False,False,True,Medium-chain Branched Highly-fluorinated,Pyrolysis,Lab,Sludge,500.0,20.0,97.32262382864792,True,High,Short,0.747,0.02
307-24-4,Perfluorohexanoic acid,OC(=O)C(F)(F)C(F)(F)C(F)(F)C(F)(F)C(F)(F)F,C6HF11O2,314.054,11,57.89473684210527,6,11,6,314.04999999999995,4.0,1.0,1.0,0.0,0.0,Medium-chain,False,False,False,True,Medium-chain Branched Highly-fluorinated,Pyrolysis,Lab,Sludge,500.0,20.0,98.1372549019608,True,High,Short,1.02,0.019
307-24-4,Perfluorohexanoic acid,OC(=O)C(F)(F)C(F)(F)C(F)(F)C(F)(F)C(F)(F)F,C6HF11O2,314.054,11,57.89473684210527,6,11,6,314.04999999999995,4.0,1.0,1.0,0.0,0.0,Medium-chain,False,False,False,True,Medium-chain Branched Highly-fluorinated,GAC Reactivation,Full,Treatment Media,1093.0,,99.96375,True,High,,1600.0,0.58
307-24-4,Perfluorohexanoic acid,OC(=O)C(F)(F)C(F)(F)C(F)(F)C(F)(F)C(F)(F)F,C6HF11O2,314.054,11,57.89473684210527,6,11,6,314.04999999999995,4.0,1.0,1.0,0.0,0.0,Medium-chain,False,False,False,True,Medium-chain Branched Highly-fluorinated,GAC Reactivation,Full,Treatment Media,1093.0,,99.98,True,High,,2900.0,0.58
307-24-4,Perfluorohexanoic acid,OC(=O)C(F)(F)C(F)(F)C(F)(F)C(F)(F)C(F)(F)F,C6HF11O2,314.054,11,57.89473684210527,6,11,6,314.04999999999995,4.0,1.0,1.0,0.0,0.0,Medium-chain,False,False,False,True,Medium-chain Branched Highly-fluorinated,GAC Reactivation,Full,Treatment Media,1093.0,,99.98432432432432,True,High,,3700.0,0.58
307-24-4,Perfluorohexanoic acid,OC(=O)C(F)(F)C(F)(F)C(F)(F)C(F)(F)C(F)(F)F,C6HF11O2,314.054,11,57.89473684210527,6,11,6,314.04999999999995,4.0,1.0,1.0,0.0,0.0,Medium-chain,False,False,False,True,Medium-chain Branched Highly-fluorinated,Electric Furnace,Lab,Other,250.0,75.0,,False,Medium,Medium,,0.56
307-24-4,Perfluorohexanoic acid,OC(=O)C(F)(F)C(F)(F)C(F)(F)C(F)(F)C(F)(F)F,C6HF11O2,314.054,11,57.89473684210527,6,11,6,314.04999999999995,4.0,1.0,1.0,0.0,0.0,Medium-chain,False,False,False,True,Medium-chain Branched Highly-fluorinated,Electric Furnace,Lab,Other,300.0,75.0,,False,Medium,Medium,,0.14
307-24-4,Perfluorohexanoic acid,OC(=O)C(F)(F)C(F)(F)C(F)(F)C(F)(F)C(F)(F)F,C6HF11O2,314.054,11,57.89473684210527,6,11,6,314.04999999999995,4.0,1.0,1.0,0.0,0.0,Medium-chain,False,False,False,True,Medium-chain Branched Highly-fluorinated,Pyrolysis,Lab,Sludge,700.0,,100.0,True,High,,1.6,0.0
307-24-4,Perfluorohexanoic acid,OC(=O)C(F)(F)C(F)(F)C(F)(F)C(F)(F)C(F)(F)F,C6HF11O2,314.054,11,57.89473684210527,6,11,6,314.04999999999995,4.0,1.0,1.0,0.0,0.0,Medium-chain,False,False,False,True,Medium-chain Branched Highly-fluorinated,Pyrolysis,Lab,Sludge,700.0,,100.0,True,High,,2.2,0.0
307-24-4,Perfluorohexanoic acid,OC(=O)C(F)(F)C(F)(F)C(F)(F)C(F)(F)C(F)(F)F,C6HF11O2,314.054,11,57.89473684210527,6,11,6,314.04999999999995,4.0,1.0,1.0,0.0,0.0,Medium-chain,False,False,False,True,Medium-chain Branched Highly-fluorinated,Pyrolysis,Lab,Sludge,700.0,,91.66666666666669,True,High,,1.8,0.15
307-24-4,Perfluorohexanoic acid,OC(=O)C(F)(F)C(F)(F)C(F)(F)C(F)(F)C(F)(F)F,C6HF11O2,314.054,11,57.89473684210527,6,11,6,314.04999999999995,4.0,1.0,1.0,0.0,0.0,Medium-chain,False,False,False,True,Medium-chain Branched Highly-fluorinated,Pyrolysis,Lab,Sludge,500.0,,85.55555555555556,True,High,,1.8,0.26
307-24-4,Perfluorohexanoic acid,OC(=O)C(F)(F)C(F)(F)C(F)(F)C(F)(F)C(F)(F)F,C6HF11O2,314.054,11,57.89473684210527,6,11,6,314.04999999999995,4.0,1.0,1.0,0.0,0.0,Medium-chain,False,False,False,True,Medium-chain Branched Highly-fluorinated,Pyrolysis,Lab,Sludge,500.0,,82.27272727272727,True,High,,2.2,0.39
307-24-4,Perfluorohexanoic acid,OC(=O)C(F)(F)C(F)(F)C(F)(F)C(F)(F)C(F)(F)F,C6HF11O2,314.054,11,57.89473684210527,6,11,6,314.04999999999995,4.0,1.0,1.0,0.0,0.0,Medium-chain,False,False,False,True,Medium-chain Branched Highly-fluorinated,Pyrolysis,Lab,Sludge,500.0,,100.0,True,High,,1.6,0.0
307-24-4,Perfluorohexanoic acid,OC(=O)C(F)(F)C(F)(F)C(F)(F)C(F)(F)C(F)(F)F,C6HF11O2,314.054,11,57.89473684210527,6,11,6,314.04999999999995,4.0,1.0,1.0,0.0,0.0,Medium-chain,False,False,False,True,Medium-chain Branched Highly-fluorinated,Thermal Oxidation of Off-gas,Lab,Treatment Media,595.0,0.1333333333333333,,False,High,Short,1000.0,
307-24-4,Perfluorohexanoic acid,OC(=O)C(F)(F)C(F)(F)C(F)(F)C(F)(F)C(F)(F)F,C6HF11O2,314.054,11,57.89473684210527,6,11,6,314.04999999999995,4.0,1.0,1.0,0.0,0.0,Medium-chain,False,False,False,True,Medium-chain Branched Highly-fluorinated,Thermal Oxidation of Off-gas,Lab,Treatment Media,590.0,1.0,,False,High,Short,1000.0,
307-24-4,Perfluorohexanoic acid,OC(=O)C(F)(F)C(F)(F)C(F)(F)C(F)(F)C(F)(F)F,C6HF11O2,314.054,11,57.89473684210527,6,11,6,314.04999999999995,4.0,1.0,1.0,0.0,0.0,Medium-chain,False,False,False,True,Medium-chain Branched Highly-fluorinated,Pyrolysis,Pilot,Sludge,649.0,19.1,99.42857142857142,True,High,Short,36.75,0.21
307-24-4,Perfluorohexanoic acid,OC(=O)C(F)(F)C(F)(F)C(F)(F)C(F)(F)C(F)(F)F,C6HF11O2,314.054,11,57.89473684210527,6,11,6,314.04999999999995,4.0,1.0,1.0,0.0,0.0,Medium-chain,False,False,False,True,Medium-chain Branched Highly-fluorinated,Pyrolysis,Pilot,Sludge,649.0,19.1,99.88870339454648,True,High,Short,35.94,0.04
307-24-4,Perfluorohexanoic acid,OC(=O)C(F)(F)C(F)(F)C(F)(F)C(F)(F)C(F)(F)F,C6HF11O2,314.054,11,57.89473684210527,6,11,6,314.04999999999995,4.0,1.0,1.0,0.0,0.0,Medium-chain,False,False,False,True,Medium-chain Branched Highly-fluorinated,Pyrolysis,Pilot,Sludge,649.0,19.1,100.0,True,High,Short,36.3,0.0
307-24-4,Perfluorohexanoic acid,OC(=O)C(F)(F)C(F)(F)C(F)(F)C(F)(F)C(F)(F)F,C6HF11O2,314.054,11,57.89473684210527,6,11,6,314.04999999999995,4.0,1.0,1.0,0.0,0.0,Medium-chain,False,False,False,True,Medium-chain Branched Highly-fluorinated,Hydrothermal Treatment,Not specified,Sludge,300.0,120.0,100.0,True,Medium,Medium,5.0,0.0
307-24-4,Perfluorohexanoic acid,OC(=O)C(F)(F)C(F)(F)C(F)(F)C(F)(F)C(F)(F)F,C6HF11O2,314.054,11,57.89473684210527,6,11,6,314.04999999999995,4.0,1.0,1.0,0.0,0.0,Medium-chain,False,False,False,True,Medium-chain Branched Highly-fluorinated,Hydrothermal Treatment,Not specified,Sludge,165.0,120.0,0.0,False,Medium,Medium,5.0,43.0
307-24-4,Perfluorohexanoic acid,OC(=O)C(F)(F)C(F)(F)C(F)(F)C(F)(F)C(F)(F)F,C6HF11O2,314.054,11,57.89473684210527,6,11,6,314.04999999999995,4.0,1.0,1.0,0.0,0.0,Medium-chain,False,False,False,True,Medium-chain Branched Highly-fluorinated,Hydrothermal Treatment,Not specified,Sludge,300.0,120.0,100.0,True,Medium,Medium,5.0,0.0
307-24-4,Perfluorohexanoic acid,OC(=O)C(F)(F)C(F)(F)C(F)(F)C(F)(F)C(F)(F)F,C6HF11O2,314.054,11,57.89473684210527,6,11,6,314.04999999999995,4.0,1.0,1.0,0.0,0.0,Medium-chain,False,False,False,True,Medium-chain Branched Highly-fluorinated,Hydrothermal Treatment,Not specified,Sludge,300.0,300.0,100.0,True,Medium,Long,5.0,0.0
307-24-4,Perfluorohexanoic acid,OC(=O)C(F)(F)C(F)(F)C(F)(F)C(F)(F)C(F)(F)F,C6HF11O2,314.054,11,57.89473684210527,6,11,6,314.04999999999995,4.0,1.0,1.0,0.0,0.0,Medium-chain,False,False,False,True,Medium-chain Branched Highly-fluorinated,Hydrothermal Treatment,Not specified,Sludge,250.0,120.0,100.0,True,Medium,Medium,5.0,0.0
307-24-4,Perfluorohexanoic acid,OC(=O)C(F)(F)C(F)(F)C(F)(F)C(F)(F)C(F)(F)F,C6HF11O2,314.054,11,57.89473684210527,6,11,6,314.04999999999995,4.0,1.0,1.0,0.0,0.0,Medium-chain,False,False,False,True,Medium-chain Branched Highly-fluorinated,Hydrothermal Treatment,Not specified,Sludge,250.0,300.0,0.0,False,Medium,Long,5.0,12.0
307-24-4,Perfluorohexanoic acid,OC(=O)C(F)(F)C(F)(F)C(F)(F)C(F)(F)C(F)(F)F,C6HF11O2,314.054,11,57.89473684210527,6,11,6,314.04999999999995,4.0,1.0,1.0,0.0,0.0,Medium-chain,False,False,False,True,Medium-chain Branched Highly-fluorinated,Hydrothermal Treatment,Not specified,Sludge,165.0,120.0,0.0,False,Medium,Medium,5.0,16.0
307-24-4,Perfluorohexanoic acid,OC(=O)C(F)(F)C(F)(F)C(F)(F)C(F)(F)C(F)(F)F,C6HF11O2,314.054,11,57.89473684210527,6,11,6,314.04999999999995,4.0,1.0,1.0,0.0,0.0,Medium-chain,False,False,False,True,Medium-chain Branched Highly-fluorinated,Incineration,Full,Other,850.0,,,False,High,,,
307-24-4,Perfluorohexanoic acid,OC(=O)C(F)(F)C(F)(F)C(F)(F)C(F)(F)C(F)(F)F,C6HF11O2,314.054,11,57.89473684210527,6,11,6,314.04999999999995,4.0,1.0,1.0,0.0,0.0,Medium-chain,False,False,False,True,Medium-chain Branched Highly-fluorinated,Hydrothermal Treatment,Not specified,Sludge,165.0,300.0,0.0,False,Medium,Long,4.0,7.0
307-24-4,Perfluorohexanoic acid,OC(=O)C(F)(F)C(F)(F)C(F)(F)C(F)(F)C(F)(F)F,C6HF11O2,314.054,11,57.89473684210527,6,11,6,314.04999999999995,4.0,1.0,1.0,0.0,0.0,Medium-chain,False,False,False,True,Medium-chain Branched Highly-fluorinated,Pyrolysis,Pilot,Sludge,,300.0,,False,,Long,,
307-24-4,Perfluorohexanoic acid,OC(=O)C(F)(F)C(F)(F)C(F)(F)C(F)(F)C(F)(F)F,C6HF11O2,314.054,11,57.89473684210527,6,11,6,314.04999999999995,4.0,1.0,1.0,0.0,0.0,Medium-chain,False,False,False,True,Medium-chain Branched Highly-fluorinated,GAC Reactivation,Full,Treatment Media,,,,False,,,,0.51
307-24-4,Perfluorohexanoic acid,OC(=O)C(F)(F)C(F)(F)C(F)(F)C(F)(F)C(F)(F)F,C6HF11O2,314.054,11,57.89473684210527,6,11,6,314.04999999999995,4.0,1.0,1.0,0.0,0.0,Medium-chain,False,False,False,True,Medium-chain Branched Highly-fluorinated,Rotary Kiln,Full,Soil,,,,False,,,,
307-24-4,Perfluorohexanoic acid,OC(=O)C(F)(F)C(F)(F)C(F)(F)C(F)(F)C(F)(F)F,C6HF11O2,314.054,11,57.89473684210527,6,11,6,314.04999999999995,4.0,1.0,1.0,0.0,0.0,Medium-chain,False,False,False,True,Medium-chain Branched Highly-fluorinated,Rotary Kiln,Full,Soil,,,,False,,,,
307-24-4,Perfluorohexanoic acid,OC(=O)C(F)(F)C(F)(F)C(F)(F)C(F)(F)C(F)(F)F,C6HF11O2,314.054,11,57.89473684210527,6,11,6,314.04999999999995,4.0,1.0,1.0,0.0,0.0,Medium-chain,False,False,False,True,Medium-chain Branched Highly-fluorinated,Indirect Thermal Desorption,Pilot,Soil,650.0,,,False,High,,129.0,
307-24-4,Perfluorohexanoic acid,OC(=O)C(F)(F)C(F)(F)C(F)(F)C(F)(F)C(F)(F)F,C6HF11O2,314.054,11,57.89473684210527,6,11,6,314.04999999999995,4.0,1.0,1.0,0.0,0.0,Medium-chain,False,False,False,True,Medium-chain Branched Highly-fluorinated,Indirect Thermal Desorption,Pilot,Soil,650.0,,,False,High,,153.0,
307-24-4,Perfluorohexanoic acid,OC(=O)C(F)(F)C(F)(F)C(F)(F)C(F)(F)C(F)(F)F,C6HF11O2,314.054,11,57.89473684210527,6,11,6,314.04999999999995,4.0,1.0,1.0,0.0,0.0,Medium-chain,False,False,False,True,Medium-chain Branched Highly-fluorinated,Indirect Thermal Desorption,Pilot,Soil,500.0,,,False,High,,112.0,
307-24-4,Perfluorohexanoic acid,OC(=O)C(F)(F)C(F)(F)C(F)(F)C(F)(F)C(F)(F)F,C6HF11O2,314.054,11,57.89473684210527,6,11,6,314.04999999999995,4.0,1.0,1.0,0.0,0.0,Medium-chain,False,False,False,True,Medium-chain Branched Highly-fluorinated,Indirect Thermal Desorption,Pilot,Soil,500.0,,,False,High,,107.0,
307-24-4,Perfluorohexanoic acid,OC(=O)C(F)(F)C(F)(F)C(F)(F)C(F)(F)C(F)(F)F,C6HF11O2,314.054,11,57.89473684210527,6,11,6,314.04999999999995,4.0,1.0,1.0,0.0,0.0,Medium-chain,False,False,False,True,Medium-chain Branched Highly-fluorinated,Indirect Thermal Desorption,Pilot,Soil,650.0,,,False,High,,146.0,
307-24-4,Perfluorohexanoic acid,OC(=O)C(F)(F)C(F)(F)C(F)(F)C(F)(F)C(F)(F)F,C6HF11O2,314.054,11,57.89473684210527,6,11,6,314.04999999999995,4.0,1.0,1.0,0.0,0.0,Medium-chain,False,False,False,True,Medium-chain Branched Highly-fluorinated,Indirect Thermal Desorption,Pilot,Soil,500.0,,,False,High,,153.0,
307-24-4,Perfluorohexanoic acid,OC(=O)C(F)(F)C(F)(F)C(F)(F)C(F)(F)C(F)(F)F,C6HF11O2,314.054,11,57.89473684210527,6,11,6,314.04999999999995,4.0,1.0,1.0,0.0,0.0,Medium-chain,False,False,False,True,Medium-chain Branched Highly-fluorinated,Indirect Thermal Desorption,Pilot,Soil,650.0,,,False,High,,98.7,
307-24-4,Perfluorohexanoic acid,OC(=O)C(F)(F)C(F)(F)C(F)(F)C(F)(F)C(F)(F)F,C6HF11O2,314.054,11,57.89473684210527,6,11,6,314.04999999999995,4.0,1.0,1.0,0.0,0.0,Medium-chain,False,False,False,True,Medium-chain Branched Highly-fluorinated,Indirect Thermal Desorption,Pilot,Soil,500.0,,,False,High,,194.0,
307-24-4,Perfluorohexanoic acid,OC(=O)C(F)(F)C(F)(F)C(F)(F)C(F)(F)C(F)(F)F,C6HF11O2,314.054,11,57.89473684210527,6,11,6,314.04999999999995,4.0,1.0,1.0,0.0,0.0,Medium-chain,False,False,False,True,Medium-chain Branched Highly-fluorinated,Pyrolysis,Lab,Other,500.0,15.0,,False,High,Short,,
307-24-4,Perfluorohexanoic acid,OC(=O)C(F)(F)C(F)(F)C(F)(F)C(F)(F)C(F)(F)F,C6HF11O2,314.054,11,57.89473684210527,6,11,6,314.04999999999995,4.0,1.0,1.0,0.0,0.0,Medium-chain,False,False,False,True,Medium-chain Branched Highly-fluorinated,Infrared Heating,Pilot,Soil,350.0,11520.0,,False,Medium,Extended,3.12,
307-24-4,Perfluorohexanoic acid,OC(=O)C(F)(F)C(F)(F)C(F)(F)C(F)(F)C(F)(F)F,C6HF11O2,314.054,11,57.89473684210527,6,11,6,314.04999999999995,4.0,1.0,1.0,0.0,0.0,Medium-chain,False,False,False,True,Medium-chain Branched Highly-fluorinated,Infrared Heating,Pilot,Soil,350.0,11520.0,,False,Medium,Extended,0.999,
307-24-4,Perfluorohexanoic acid,OC(=O)C(F)(F)C(F)(F)C(F)(F)C(F)(F)C(F)(F)F,C6HF11O2,314.054,11,57.89473684210527,6,11,6,314.04999999999995,4.0,1.0,1.0,0.0,0.0,Medium-chain,False,False,False,True,Medium-chain Branched Highly-fluorinated,Infrared Heating,Pilot,Soil,350.0,11520.0,,False,Medium,Extended,1.8,
307-24-4,Perfluorohexanoic acid,OC(=O)C(F)(F)C(F)(F)C(F)(F)C(F)(F)C(F)(F)F,C6HF11O2,314.054,11,57.89473684210527,6,11,6,314.04999999999995,4.0,1.0,1.0,0.0,0.0,Medium-chain,False,False,False,True,Medium-chain Branched Highly-fluorinated,Incineration,Pilot,Other,986.0,180.0,,False,High,Medium,,0.8
307-24-4,Perfluorohexanoic acid,OC(=O)C(F)(F)C(F)(F)C(F)(F)C(F)(F)C(F)(F)F,C6HF11O2,314.054,11,57.89473684210527,6,11,6,314.04999999999995,4.0,1.0,1.0,0.0,0.0,Medium-chain,False,False,False,True,Medium-chain Branched Highly-fluorinated,Incineration,Pilot,Other,986.0,180.0,,False,High,Medium,,0.0
307-24-4,Perfluorohexanoic acid,OC(=O)C(F)(F)C(F)(F)C(F)(F)C(F)(F)C(F)(F)F,C6HF11O2,314.054,11,57.89473684210527,6,11,6,314.04999999999995,4.0,1.0,1.0,0.0,0.0,Medium-chain,False,False,False,True,Medium-chain Branched Highly-fluorinated,Incineration,Pilot,Other,986.0,180.0,,False,High,Medium,,0.8
307-24-4,Perfluorohexanoic acid,OC(=O)C(F)(F)C(F)(F)C(F)(F)C(F)(F)C(F)(F)F,C6HF11O2,314.054,11,57.89473684210527,6,11,6,314.04999999999995,4.0,1.0,1.0,0.0,0.0,Medium-chain,False,False,False,True,Medium-chain Branched Highly-fluorinated,Incineration,Pilot,Other,986.0,180.0,,False,High,Medium,,6.6
307-24-4,Perfluorohexanoic acid,OC(=O)C(F)(F)C(F)(F)C(F)(F)C(F)(F)C(F)(F)F,C6HF11O2,314.054,11,57.89473684210527,6,11,6,314.04999999999995,4.0,1.0,1.0,0.0,0.0,Medium-chain,False,False,False,True,Medium-chain Branched Highly-fluorinated,Incineration,Pilot,Other,986.0,180.0,,False,High,Medium,,47.7
307-24-4,Perfluorohexanoic acid,OC(=O)C(F)(F)C(F)(F)C(F)(F)C(F)(F)C(F)(F)F,C6HF11O2,314.054,11,57.89473684210527,6,11,6,314.04999999999995,4.0,1.0,1.0,0.0,0.0,Medium-chain,False,False,False,True,Medium-chain Branched Highly-fluorinated,Incineration,Pilot,Other,998.0,140.0,,False,High,Medium,,0.5
307-24-4,Perfluorohexanoic acid,OC(=O)C(F)(F)C(F)(F)C(F)(F)C(F)(F)C(F)(F)F,C6HF11O2,314.054,11,57.89473684210527,6,11,6,314.04999999999995,4.0,1.0,1.0,0.0,0.0,Medium-chain,False,False,False,True,Medium-chain Branched Highly-fluorinated,Incineration,Pilot,Other,998.0,140.0,,False,High,Medium,,0.0
307-24-4,Perfluorohexanoic acid,OC(=O)C(F)(F)C(F)(F)C(F)(F)C(F)(F)C(F)(F)F,C6HF11O2,314.054,11,57.89473684210527,6,11,6,314.04999999999995,4.0,1.0,1.0,0.0,0.0,Medium-chain,False,False,False,True,Medium-chain Branched Highly-fluorinated,Incineration,Pilot,Other,998.0,140.0,,False,High,Medium,,0.3
307-24-4,Perfluorohexanoic acid,OC(=O)C(F)(F)C(F)(F)C(F)(F)C(F)(F)C(F)(F)F,C6HF11O2,314.054,11,57.89473684210527,6,11,6,314.04999999999995,4.0,1.0,1.0,0.0,0.0,Medium-chain,False,False,False,True,Medium-chain Branched Highly-fluorinated,Incineration,Pilot,Other,998.0,140.0,,False,High,Medium,,8.0
307-24-4,Perfluorohexanoic acid,OC(=O)C(F)(F)C(F)(F)C(F)(F)C(F)(F)C(F)(F)F,C6HF11O2,314.054,11,57.89473684210527,6,11,6,314.04999999999995,4.0,1.0,1.0,0.0,0.0,Medium-chain,False,False,False,True,Medium-chain Branched Highly-fluorinated,Incineration,Pilot,Other,998.0,140.0,,False,High,Medium,,25.0
307-24-4,Perfluorohexanoic acid,OC(=O)C(F)(F)C(F)(F)C(F)(F)C(F)(F)C(F)(F)F,C6HF11O2,314.054,11,57.89473684210527,6,11,6,314.04999999999995,4.0,1.0,1.0,0.0,0.0,Medium-chain,False,False,False,True,Medium-chain Branched Highly-fluorinated,Incineration,Pilot,Other,976.0,210.0,,False,High,Long,,0.2
307-24-4,Perfluorohexanoic acid,OC(=O)C(F)(F)C(F)(F)C(F)(F)C(F)(F)C(F)(F)F,C6HF11O2,314.054,11,57.89473684210527,6,11,6,314.04999999999995,4.0,1.0,1.0,0.0,0.0,Medium-chain,False,False,False,True,Medium-chain Branched Highly-fluorinated,Incineration,Pilot,Other,976.0,210.0,,False,High,Long,,
307-24-4,Perfluorohexanoic acid,OC(=O)C(F)(F)C(F)(F)C(F)(F)C(F)(F)C(F)(F)F,C6HF11O2,314.054,11,57.89473684210527,6,11,6,314.04999999999995,4.0,1.0,1.0,0.0,0.0,Medium-chain,False,False,False,True,Medium-chain Branched Highly-fluorinated,Incineration,Pilot,Other,976.0,210.0,,False,High,Long,,0.5
307-24-4,Perfluorohexanoic acid,OC(=O)C(F)(F)C(F)(F)C(F)(F)C(F)(F)C(F)(F)F,C6HF11O2,314.054,11,57.89473684210527,6,11,6,314.04999999999995,4.0,1.0,1.0,0.0,0.0,Medium-chain,False,False,False,True,Medium-chain Branched Highly-fluorinated,Infrared Heating,Pilot,Soil,350.0,11520.0,,False,Medium,Extended,11.8,
307-24-4,Perfluorohexanoic acid,OC(=O)C(F)(F)C(F)(F)C(F)(F)C(F)(F)C(F)(F)F,C6HF11O2,314.054,11,57.89473684210527,6,11,6,314.04999999999995,4.0,1.0,1.0,0.0,0.0,Medium-chain,False,False,False,True,Medium-chain Branched Highly-fluorinated,Incineration,Pilot,Other,976.0,210.0,,False,High,Long,,5.0
307-24-4,Perfluorohexanoic acid,OC(=O)C(F)(F)C(F)(F)C(F)(F)C(F)(F)C(F)(F)F,C6HF11O2,314.054,11,57.89473684210527,6,11,6,314.04999999999995,4.0,1.0,1.0,0.0,0.0,Medium-chain,False,False,False,True,Medium-chain Branched Highly-fluorinated,Incineration,Pilot,Other,976.0,210.0,,False,High,Long,,58.7
307-24-4,Perfluorohexanoic acid,OC(=O)C(F)(F)C(F)(F)C(F)(F)C(F)(F)C(F)(F)F,C6HF11O2,314.054,11,57.89473684210527,6,11,6,314.04999999999995,4.0,1.0,1.0,0.0,0.0,Medium-chain,False,False,False,True,Medium-chain Branched Highly-fluorinated,Incineration,Pilot,Other,980.0,180.0,,False,High,Medium,,0.3
307-24-4,Perfluorohexanoic acid,OC(=O)C(F)(F)C(F)(F)C(F)(F)C(F)(F)C(F)(F)F,C6HF11O2,314.054,11,57.89473684210527,6,11,6,314.04999999999995,4.0,1.0,1.0,0.0,0.0,Medium-chain,False,False,False,True,Medium-chain Branched Highly-fluorinated,Incineration,Pilot,Other,980.0,180.0,,False,High,Medium,,0.0
307-24-4,Perfluorohexanoic acid,OC(=O)C(F)(F)C(F)(F)C(F)(F)C(F)(F)C(F)(F)F,C6HF11O2,314.054,11,57.89473684210527,6,11,6,314.04999999999995,4.0,1.0,1.0,0.0,0.0,Medium-chain,False,False,False,True,Medium-chain Branched Highly-fluorinated,Incineration,Pilot,Other,980.0,180.0,,False,High,Medium,,0.0
307-24-4,Perfluorohexanoic acid,OC(=O)C(F)(F)C(F)(F)C(F)(F)C(F)(F)C(F)(F)F,C6HF11O2,314.054,11,57.89473684210527,6,11,6,314.04999999999995,4.0,1.0,1.0,0.0,0.0,Medium-chain,False,False,False,True,Medium-chain Branched Highly-fluorinated,Incineration,Pilot,Other,980.0,180.0,,False,High,Medium,,0.2
307-24-4,Perfluorohexanoic acid,OC(=O)C(F)(F)C(F)(F)C(F)(F)C(F)(F)C(F)(F)F,C6HF11O2,314.054,11,57.89473684210527,6,11,6,314.04999999999995,4.0,1.0,1.0,0.0,0.0,Medium-chain,False,False,False,True,Medium-chain Branched Highly-fluorinated,Incineration,Pilot,Other,980.0,180.0,,False,High,Medium,,5.5
307-24-4,Perfluorohexanoic acid,OC(=O)C(F)(F)C(F)(F)C(F)(F)C(F)(F)C(F)(F)F,C6HF11O2,314.054,11,57.89473684210527,6,11,6,314.04999999999995,4.0,1.0,1.0,0.0,0.0,Medium-chain,False,False,False,True,Medium-chain Branched Highly-fluorinated,Incineration,Pilot,Other,980.0,180.0,,False,High,Medium,,53.8
307-24-4,Perfluorohexanoic acid,OC(=O)C(F)(F)C(F)(F)C(F)(F)C(F)(F)C(F)(F)F,C6HF11O2,314.054,11,57.89473684210527,6,11,6,314.04999999999995,4.0,1.0,1.0,0.0,0.0,Medium-chain,False,False,False,True,Medium-chain Branched Highly-fluorinated,Incineration,Pilot,Other,952.0,145.0,,False,High,Medium,,0.3
307-24-4,Perfluorohexanoic acid,OC(=O)C(F)(F)C(F)(F)C(F)(F)C(F)(F)C(F)(F)F,C6HF11O2,314.054,11,57.89473684210527,6,11,6,314.04999999999995,4.0,1.0,1.0,0.0,0.0,Medium-chain,False,False,False,True,Medium-chain Branched Highly-fluorinated,Incineration,Pilot,Other,952.0,145.0,,False,High,Medium,,0.0
307-24-4,Perfluorohexanoic acid,OC(=O)C(F)(F)C(F)(F)C(F)(F)C(F)(F)C(F)(F)F,C6HF11O2,314.054,11,57.89473684210527,6,11,6,314.04999999999995,4.0,1.0,1.0,0.0,0.0,Medium-chain,False,False,False,True,Medium-chain Branched Highly-fluorinated,Incineration,Pilot,Other,952.0,145.0,,False,High,Medium,,0.2
307-24-4,Perfluorohexanoic acid,OC(=O)C(F)(F)C(F)(F)C(F)(F)C(F)(F)C(F)(F)F,C6HF11O2,314.054,11,57.89473684210527,6,11,6,314.04999999999995,4.0,1.0,1.0,0.0,0.0,Medium-chain,False,False,False,True,Medium-chain Branched Highly-fluorinated,Incineration,Pilot,Other,952.0,145.0,,False,High,Medium,,13.1
307-24-4,Perfluorohexanoic acid,OC(=O)C(F)(F)C(F)(F)C(F)(F)C(F)(F)C(F)(F)F,C6HF11O2,314.054,11,57.89473684210527,6,11,6,314.04999999999995,4.0,1.0,1.0,0.0,0.0,Medium-chain,False,False,False,True,Medium-chain Branched Highly-fluorinated,Incineration,Pilot,Other,952.0,145.0,,False,High,Medium,,50.7
307-24-4,Perfluorohexanoic acid,OC(=O)C(F)(F)C(F)(F)C(F)(F)C(F)(F)C(F)(F)F,C6HF11O2,314.054,11,57.89473684210527,6,11,6,314.04999999999995,4.0,1.0,1.0,0.0,0.0,Medium-chain,False,False,False,True,Medium-chain Branched Highly-fluorinated,Incineration,Pilot,Other,869.0,180.0,,False,High,Medium,,0.2
307-24-4,Perfluorohexanoic acid,OC(=O)C(F)(F)C(F)(F)C(F)(F)C(F)(F)C(F)(F)F,C6HF11O2,314.054,11,57.89473684210527,6,11,6,314.04999999999995,4.0,1.0,1.0,0.0,0.0,Medium-chain,False,False,False,True,Medium-chain Branched Highly-fluorinated,Hydrothermal Treatment,Lab,Other,350.0,180.0,100.0,True,Medium,Medium,12.7,0.0
307-24-4,Perfluorohexanoic acid,OC(=O)C(F)(F)C(F)(F)C(F)(F)C(F)(F)C(F)(F)F,C6HF11O2,314.054,11,57.89473684210527,6,11,6,314.04999999999995,4.0,1.0,1.0,0.0,0.0,Medium-chain,False,False,False,True,Medium-chain Branched Highly-fluorinated,Hydrothermal Treatment,Lab,Other,350.0,180.0,100.0,True,Medium,Medium,178.0,0.0
307-24-4,Perfluorohexanoic acid,OC(=O)C(F)(F)C(F)(F)C(F)(F)C(F)(F)C(F)(F)F,C6HF11O2,314.054,11,57.89473684210527,6,11,6,314.04999999999995,4.0,1.0,1.0,0.0,0.0,Medium-chain,False,False,False,True,Medium-chain Branched Highly-fluorinated,Hydrothermal Treatment,Lab,Other,350.0,180.0,100.0,True,Medium,Medium,178.0,0.0
307-24-4,Perfluorohexanoic acid,OC(=O)C(F)(F)C(F)(F)C(F)(F)C(F)(F)C(F)(F)F,C6HF11O2,314.054,11,57.89473684210527,6,11,6,314.04999999999995,4.0,1.0,1.0,0.0,0.0,Medium-chain,False,False,False,True,Medium-chain Branched Highly-fluorinated,Incineration,Pilot,Other,869.0,180.0,,False,High,Medium,,0.0
307-24-4,Perfluorohexanoic acid,OC(=O)C(F)(F)C(F)(F)C(F)(F)C(F)(F)C(F)(F)F,C6HF11O2,314.054,11,57.89473684210527,6,11,6,314.04999999999995,4.0,1.0,1.0,0.0,0.0,Medium-chain,False,False,False,True,Medium-chain Branched Highly-fluorinated,Incineration,Pilot,Other,869.0,180.0,,False,High,Medium,,0.6
307-24-4,Perfluorohexanoic acid,OC(=O)C(F)(F)C(F)(F)C(F)(F)C(F)(F)C(F)(F)F,C6HF11O2,314.054,11,57.89473684210527,6,11,6,314.04999999999995,4.0,1.0,1.0,0.0,0.0,Medium-chain,False,False,False,True,Medium-chain Branched Highly-fluorinated,Incineration,Pilot,Other,869.0,180.0,,False,High,Medium,,6.2
307-24-4,Perfluorohexanoic acid,OC(=O)C(F)(F)C(F)(F)C(F)(F)C(F)(F)C(F)(F)F,C6HF11O2,314.054,11,57.89473684210527,6,11,6,314.04999999999995,4.0,1.0,1.0,0.0,0.0,Medium-chain,False,False,False,True,Medium-chain Branched Highly-fluorinated,Incineration,Pilot,Other,869.0,180.0,,False,High,Medium,,28.1
307-24-4,Perfluorohexanoic acid,OC(=O)C(F)(F)C(F)(F)C(F)(F)C(F)(F)C(F)(F)F,C6HF11O2,314.054,11,57.89473684210527,6,11,6,314.04999999999995,4.0,1.0,1.0,0.0,0.0,Medium-chain,False,False,False,True,Medium-chain Branched Highly-fluorinated,Unspecified Heat Treatment,Full,Sludge,650.0,45.0,0.0,False,High,Medium,19.4,41.5
307-24-4,Perfluorohexanoic acid,OC(=O)C(F)(F)C(F)(F)C(F)(F)C(F)(F)C(F)(F)F,C6HF11O2,314.054,11,57.89473684210527,6,11,6,314.04999999999995,4.0,1.0,1.0,0.0,0.0,Medium-chain,False,False,False,True,Medium-chain Branched Highly-fluorinated,Hydrothermal Treatment,Lab,Soil,350.0,90.0,99.66956521739132,True,Medium,Medium,115.0,0.38
307-24-4,Perfluorohexanoic acid,OC(=O)C(F)(F)C(F)(F)C(F)(F)C(F)(F)C(F)(F)F,C6HF11O2,314.054,11,57.89473684210527,6,11,6,314.04999999999995,4.0,1.0,1.0,0.0,0.0,Medium-chain,False,False,False,True,Medium-chain Branched Highly-fluorinated,Hydrothermal Treatment,Lab,Soil,350.0,90.0,81.28712871287128,True,Medium,Medium,10.1,1.89
307-24-4,Perfluorohexanoic acid,OC(=O)C(F)(F)C(F)(F)C(F)(F)C(F)(F)C(F)(F)F,C6HF11O2,314.054,11,57.89473684210527,6,11,6,314.04999999999995,4.0,1.0,1.0,0.0,0.0,Medium-chain,False,False,False,True,Medium-chain Branched Highly-fluorinated,Hydrothermal Treatment,Lab,Soil,350.0,90.0,99.9970588235294,True,Medium,Medium,340.0,0.01
307-24-4,Perfluorohexanoic acid,OC(=O)C(F)(F)C(F)(F)C(F)(F)C(F)(F)C(F)(F)F,C6HF11O2,314.054,11,57.89473684210527,6,11,6,314.04999999999995,4.0,1.0,1.0,0.0,0.0,Medium-chain,False,False,False,True,Medium-chain Branched Highly-fluorinated,Hydrothermal Treatment,Lab,Other,350.0,90.0,99.97237569060772,True,Medium,Medium,36.2,0.01
307-24-4,Perfluorohexanoic acid,OC(=O)C(F)(F)C(F)(F)C(F)(F)C(F)(F)C(F)(F)F,C6HF11O2,314.054,11,57.89473684210527,6,11,6,314.04999999999995,4.0,1.0,1.0,0.0,0.0,Medium-chain,False,False,False,True,Medium-chain Branched Highly-fluorinated,Hydrothermal Treatment,Lab,Other,350.0,90.0,99.609375,True,Medium,Medium,2.56,0.01
307-24-4,Perfluorohexanoic acid,OC(=O)C(F)(F)C(F)(F)C(F)(F)C(F)(F)C(F)(F)F,C6HF11O2,314.054,11,57.89473684210527,6,11,6,314.04999999999995,4.0,1.0,1.0,0.0,0.0,Medium-chain,False,False,False,True,Medium-chain Branched Highly-fluorinated,Pyrolysis,Not specified,Sludge,593.33,,,False,High,,33.7,
307-24-4,Perfluorohexanoic acid,OC(=O)C(F)(F)C(F)(F)C(F)(F)C(F)(F)C(F)(F)F,C6HF11O2,314.054,11,57.89473684210527,6,11,6,314.04999999999995,4.0,1.0,1.0,0.0,0.0,Medium-chain,False,False,False,True,Medium-chain Branched Highly-fluorinated,Hydrothermal Treatment,Lab,Other,300.0,120.0,,False,Medium,Medium,1100.0,
307-24-4,Perfluorohexanoic acid,OC(=O)C(F)(F)C(F)(F)C(F)(F)C(F)(F)C(F)(F)F,C6HF11O2,314.054,11,57.89473684210527,6,11,6,314.04999999999995,4.0,1.0,1.0,0.0,0.0,Medium-chain,False,False,False,True,Medium-chain Branched Highly-fluorinated,Hydrothermal Treatment,Lab,Other,300.0,120.0,,False,Medium,Medium,1100.0,
307-24-4,Perfluorohexanoic acid,OC(=O)C(F)(F)C(F)(F)C(F)(F)C(F)(F)C(F)(F)F,C6HF11O2,314.054,11,57.89473684210527,6,11,6,314.04999999999995,4.0,1.0,1.0,0.0,0.0,Medium-chain,False,False,False,True,Medium-chain Branched Highly-fluorinated,Hydrothermal Treatment,Lab,Other,300.0,120.0,,False,Medium,Medium,,
307-24-4,Perfluorohexanoic acid,OC(=O)C(F)(F)C(F)(F)C(F)(F)C(F)(F)C(F)(F)F,C6HF11O2,314.054,11,57.89473684210527,6,11,6,314.04999999999995,4.0,1.0,1.0,0.0,0.0,Medium-chain,False,False,False,True,Medium-chain Branched Highly-fluorinated,GAC Reactivation,Lab,Treatment Media,1000.0,10.0,100.0,True,High,Short,10.0,0.0
307-24-4,Perfluorohexanoic acid,OC(=O)C(F)(F)C(F)(F)C(F)(F)C(F)(F)C(F)(F)F,C6HF11O2,314.054,11,57.89473684210527,6,11,6,314.04999999999995,4.0,1.0,1.0,0.0,0.0,Medium-chain,False,False,False,True,Medium-chain Branched Highly-fluorinated,GAC Reactivation,Lab,Treatment Media,1000.0,10.0,100.0,True,High,Short,10.0,0.0
307-24-4,Perfluorohexanoic acid,OC(=O)C(F)(F)C(F)(F)C(F)(F)C(F)(F)C(F)(F)F,C6HF11O2,314.054,11,57.89473684210527,6,11,6,314.04999999999995,4.0,1.0,1.0,0.0,0.0,Medium-chain,False,False,False,True,Medium-chain Branched Highly-fluorinated,GAC Reactivation,Lab,Treatment Media,1000.0,10.0,100.0,True,High,Short,10.0,0.0
307-24-4,Perfluorohexanoic acid,OC(=O)C(F)(F)C(F)(F)C(F)(F)C(F)(F)C(F)(F)F,C6HF11O2,314.054,11,57.89473684210527,6,11,6,314.04999999999995,4.0,1.0,1.0,0.0,0.0,Medium-chain,False,False,False,True,Medium-chain Branched Highly-fluorinated,GAC Reactivation,Lab,Treatment Media,900.0,10.0,100.0,True,High,Short,10.0,0.0
307-24-4,Perfluorohexanoic acid,OC(=O)C(F)(F)C(F)(F)C(F)(F)C(F)(F)C(F)(F)F,C6HF11O2,314.054,11,57.89473684210527,6,11,6,314.04999999999995,4.0,1.0,1.0,0.0,0.0,Medium-chain,False,False,False,True,Medium-chain Branched Highly-fluorinated,GAC Reactivation,Lab,Treatment Media,900.0,10.0,100.0,True,High,Short,10.0,0.0
307-24-4,Perfluorohexanoic acid,OC(=O)C(F)(F)C(F)(F)C(F)(F)C(F)(F)C(F)(F)F,C6HF11O2,314.054,11,57.89473684210527,6,11,6,314.04999999999995,4.0,1.0,1.0,0.0,0.0,Medium-chain,False,False,False,True,Medium-chain Branched Highly-fluorinated,GAC Reactivation,Lab,Treatment Media,800.0,10.0,100.0,True,High,Short,10.0,0.0
307-24-4,Perfluorohexanoic acid,OC(=O)C(F)(F)C(F)(F)C(F)(F)C(F)(F)C(F)(F)F,C6HF11O2,314.054,11,57.89473684210527,6,11,6,314.04999999999995,4.0,1.0,1.0,0.0,0.0,Medium-chain,False,False,False,True,Medium-chain Branched Highly-fluorinated,GAC Reactivation,Lab,Treatment Media,800.0,10.0,100.0,True,High,Short,10.0,0.0
307-24-4,Perfluorohexanoic acid,OC(=O)C(F)(F)C(F)(F)C(F)(F)C(F)(F)C(F)(F)F,C6HF11O2,314.054,11,57.89473684210527,6,11,6,314.04999999999995,4.0,1.0,1.0,0.0,0.0,Medium-chain,False,False,False,True,Medium-chain Branched Highly-fluorinated,GAC Reactivation,Lab,Treatment Media,700.0,10.0,100.0,True,High,Short,10.0,0.0
307-24-4,Perfluorohexanoic acid,OC(=O)C(F)(F)C(F)(F)C(F)(F)C(F)(F)C(F)(F)F,C6HF11O2,314.054,11,57.89473684210527,6,11,6,314.04999999999995,4.0,1.0,1.0,0.0,0.0,Medium-chain,False,False,False,True,Medium-chain Branched Highly-fluorinated,GAC Reactivation,Lab,Treatment Media,700.0,10.0,100.0,True,High,Short,10.0,0.0
307-24-4,Perfluorohexanoic acid,OC(=O)C(F)(F)C(F)(F)C(F)(F)C(F)(F)C(F)(F)F,C6HF11O2,314.054,11,57.89473684210527,6,11,6,314.04999999999995,4.0,1.0,1.0,0.0,0.0,Medium-chain,False,False,False,True,Medium-chain Branched Highly-fluorinated,GAC Reactivation,Lab,Treatment Media,700.0,10.0,100.0,True,High,Short,10.0,0.0
307-24-4,Perfluorohexanoic acid,OC(=O)C(F)(F)C(F)(F)C(F)(F)C(F)(F)C(F)(F)F,C6HF11O2,314.054,11,57.89473684210527,6,11,6,314.04999999999995,4.0,1.0,1.0,0.0,0.0,Medium-chain,False,False,False,True,Medium-chain Branched Highly-fluorinated,Incineration,Pilot,Other,1020.0,0.045,,False,High,Short,,
307-24-4,Perfluorohexanoic acid,OC(=O)C(F)(F)C(F)(F)C(F)(F)C(F)(F)C(F)(F)F,C6HF11O2,314.054,11,57.89473684210527,6,11,6,314.04999999999995,4.0,1.0,1.0,0.0,0.0,Medium-chain,False,False,False,True,Medium-chain Branched Highly-fluorinated,Incineration,Pilot,Other,870.0,0.0666666666666666,,False,High,Short,,
307-24-4,Perfluorohexanoic acid,OC(=O)C(F)(F)C(F)(F)C(F)(F)C(F)(F)C(F)(F)F,C6HF11O2,314.054,11,57.89473684210527,6,11,6,314.04999999999995,4.0,1.0,1.0,0.0,0.0,Medium-chain,False,False,False,True,Medium-chain Branched Highly-fluorinated,Vapor Energy Generation,Lab,Soil,1750.0,30.0,,False,High,Short,,0.02
307-24-4,Perfluorohexanoic acid,OC(=O)C(F)(F)C(F)(F)C(F)(F)C(F)(F)C(F)(F)F,C6HF11O2,314.054,11,57.89473684210527,6,11,6,314.04999999999995,4.0,1.0,1.0,0.0,0.0,Medium-chain,False,False,False,True,Medium-chain Branched Highly-fluorinated,Vapor Energy Generation,Lab,Soil,1100.0,15.0,27.262703688389887,False,High,Short,943.23,686.08
307-24-4,Perfluorohexanoic acid,OC(=O)C(F)(F)C(F)(F)C(F)(F)C(F)(F)C(F)(F)F,C6HF11O2,314.054,11,57.89473684210527,6,11,6,314.04999999999995,4.0,1.0,1.0,0.0,0.0,Medium-chain,False,False,False,True,Medium-chain Branched Highly-fluorinated,Vapor Energy Generation,Lab,Soil,900.0,15.0,45.58393652561247,False,High,Short,574.72,312.74
307-24-4,Perfluorohexanoic acid,OC(=O)C(F)(F)C(F)(F)C(F)(F)C(F)(F)C(F)(F)F,C6HF11O2,314.054,11,57.89473684210527,6,11,6,314.04999999999995,4.0,1.0,1.0,0.0,0.0,Medium-chain,False,False,False,True,Medium-chain Branched Highly-fluorinated,Indirect Thermal Desorption,Lab,Soil,550.0,75.0,99.97,True,High,Medium,0.6,0.00018
307-24-4,Perfluorohexanoic acid,OC(=O)C(F)(F)C(F)(F)C(F)(F)C(F)(F)C(F)(F)F,C6HF11O2,314.054,11,57.89473684210527,6,11,6,314.04999999999995,4.0,1.0,1.0,0.0,0.0,Medium-chain,False,False,False,True,Medium-chain Branched Highly-fluorinated,Indirect Thermal Desorption,Lab,Soil,550.0,45.0,99.98,True,High,Medium,0.6,0.00012
307-24-4,Perfluorohexanoic acid,OC(=O)C(F)(F)C(F)(F)C(F)(F)C(F)(F)C(F)(F)F,C6HF11O2,314.054,11,57.89473684210527,6,11,6,314.04999999999995,4.0,1.0,1.0,0.0,0.0,Medium-chain,False,False,False,True,Medium-chain Branched Highly-fluorinated,Indirect Thermal Desorption,Lab,Soil,550.0,15.0,99.96833333333332,True,High,Short,0.6,0.00019
307-24-4,Perfluorohexanoic acid,OC(=O)C(F)(F)C(F)(F)C(F)(F)C(F)(F)C(F)(F)F,C6HF11O2,314.054,11,57.89473684210527,6,11,6,314.04999999999995,4.0,1.0,1.0,0.0,0.0,Medium-chain,False,False,False,True,Medium-chain Branched Highly-fluorinated,Indirect Thermal Desorption,Lab,Soil,450.0,75.0,99.97,True,High,Medium,0.6,0.00018
307-24-4,Perfluorohexanoic acid,OC(=O)C(F)(F)C(F)(F)C(F)(F)C(F)(F)C(F)(F)F,C6HF11O2,314.054,11,57.89473684210527,6,11,6,314.04999999999995,4.0,1.0,1.0,0.0,0.0,Medium-chain,False,False,False,True,Medium-chain Branched Highly-fluorinated,Indirect Thermal Desorption,Lab,Soil,450.0,45.0,99.95833333333334,True,High,Medium,0.6,0.00025
307-24-4,Perfluorohexanoic acid,OC(=O)C(F)(F)C(F)(F)C(F)(F)C(F)(F)C(F)(F)F,C6HF11O2,314.054,11,57.89473684210527,6,11,6,314.04999999999995,4.0,1.0,1.0,0.0,0.0,Medium-chain,False,False,False,True,Medium-chain Branched Highly-fluorinated,Indirect Thermal Desorption,Lab,Soil,450.0,15.0,98.53333333333332,True,High,Short,0.6,0.0088
307-24-4,Perfluorohexanoic acid,OC(=O)C(F)(F)C(F)(F)C(F)(F)C(F)(F)C(F)(F)F,C6HF11O2,314.054,11,57.89473684210527,6,11,6,314.04999999999995,4.0,1.0,1.0,0.0,0.0,Medium-chain,False,False,False,True,Medium-chain Branched Highly-fluorinated,Indirect Thermal Desorption,Lab,Soil,350.0,75.0,98.58333333333334,True,Medium,Medium,0.6,0.0085
307-24-4,Perfluorohexanoic acid,OC(=O)C(F)(F)C(F)(F)C(F)(F)C(F)(F)C(F)(F)F,C6HF11O2,314.054,11,57.89473684210527,6,11,6,314.04999999999995,4.0,1.0,1.0,0.0,0.0,Medium-chain,False,False,False,True,Medium-chain Branched Highly-fluorinated,Indirect Thermal Desorption,Lab,Soil,350.0,45.0,96.66666666666669,True,Medium,Medium,0.6,0.02
307-24-4,Perfluorohexanoic acid,OC(=O)C(F)(F)C(F)(F)C(F)(F)C(F)(F)C(F)(F)F,C6HF11O2,314.054,11,57.89473684210527,6,11,6,314.04999999999995,4.0,1.0,1.0,0.0,0.0,Medium-chain,False,False,False,True,Medium-chain Branched Highly-fluorinated,Indirect Thermal Desorption,Lab,Soil,350.0,15.0,80.0,False,Medium,Short,0.6,0.12
307-24-4,Perfluorohexanoic acid,OC(=O)C(F)(F)C(F)(F)C(F)(F)C(F)(F)C(F)(F)F,C6HF11O2,314.054,11,57.89473684210527,6,11,6,314.04999999999995,4.0,1.0,1.0,0.0,0.0,Medium-chain,False,False,False,True,Medium-chain Branched Highly-fluorinated,Indirect Thermal Desorption,Lab,Soil,250.0,75.0,73.33333333333333,False,Medium,Medium,0.6,0.16
307-24-4,Perfluorohexanoic acid,OC(=O)C(F)(F)C(F)(F)C(F)(F)C(F)(F)C(F)(F)F,C6HF11O2,314.054,11,57.89473684210527,6,11,6,314.04999999999995,4.0,1.0,1.0,0.0,0.0,Medium-chain,False,False,False,True,Medium-chain Branched Highly-fluorinated,Indirect Thermal Desorption,Lab,Soil,250.0,45.0,61.66666666666667,False,Medium,Medium,0.6,0.23
307-24-4,Perfluorohexanoic acid,OC(=O)C(F)(F)C(F)(F)C(F)(F)C(F)(F)C(F)(F)F,C6HF11O2,314.054,11,57.89473684210527,6,11,6,314.04999999999995,4.0,1.0,1.0,0.0,0.0,Medium-chain,False,False,False,True,Medium-chain Branched Highly-fluorinated,Indirect Thermal Desorption,Lab,Soil,250.0,15.0,43.33333333333333,False,Medium,Short,0.6,0.34
307-24-4,Perfluorohexanoic acid,OC(=O)C(F)(F)C(F)(F)C(F)(F)C(F)(F)C(F)(F)F,C6HF11O2,314.054,11,57.89473684210527,6,11,6,314.04999999999995,4.0,1.0,1.0,0.0,0.0,Medium-chain,False,False,False,True,Medium-chain Branched Highly-fluorinated,Indirect Thermal Desorption,Lab,Soil,150.0,75.0,50.0,False,Medium,Medium,0.6,0.3
307-24-4,Perfluorohexanoic acid,OC(=O)C(F)(F)C(F)(F)C(F)(F)C(F)(F)C(F)(F)F,C6HF11O2,314.054,11,57.89473684210527,6,11,6,314.04999999999995,4.0,1.0,1.0,0.0,0.0,Medium-chain,False,False,False,True,Medium-chain Branched Highly-fluorinated,Indirect Thermal Desorption,Lab,Soil,150.0,45.0,41.66666666666667,False,Medium,Medium,0.6,0.35
307-24-4,Perfluorohexanoic acid,OC(=O)C(F)(F)C(F)(F)C(F)(F)C(F)(F)C(F)(F)F,C6HF11O2,314.054,11,57.89473684210527,6,11,6,314.04999999999995,4.0,1.0,1.0,0.0,0.0,Medium-chain,False,False,False,True,Medium-chain Branched Highly-fluorinated,Indirect Thermal Desorption,Lab,Soil,150.0,15.0,35.0,False,Medium,Short,0.6,0.39
307-24-4,Perfluorohexanoic acid,OC(=O)C(F)(F)C(F)(F)C(F)(F)C(F)(F)C(F)(F)F,C6HF11O2,314.054,11,57.89473684210527,6,11,6,314.04999999999995,4.0,1.0,1.0,0.0,0.0,Medium-chain,False,False,False,True,Medium-chain Branched Highly-fluorinated,Indirect Thermal Desorption,Lab,Soil,550.0,75.0,99.93333333333334,True,High,Medium,0.6,0.0004
307-24-4,Perfluorohexanoic acid,OC(=O)C(F)(F)C(F)(F)C(F)(F)C(F)(F)C(F)(F)F,C6HF11O2,314.054,11,57.89473684210527,6,11,6,314.04999999999995,4.0,1.0,1.0,0.0,0.0,Medium-chain,False,False,False,True,Medium-chain Branched Highly-fluorinated,Indirect Thermal Desorption,Lab,Soil,550.0,45.0,99.95,True,High,Medium,0.6,0.0003
307-24-4,Perfluorohexanoic acid,OC(=O)C(F)(F)C(F)(F)C(F)(F)C(F)(F)C(F)(F)F,C6HF11O2,314.054,11,57.89473684210527,6,11,6,314.04999999999995,4.0,1.0,1.0,0.0,0.0,Medium-chain,False,False,False,True,Medium-chain Branched Highly-fluorinated,Indirect Thermal Desorption,Lab,Soil,550.0,15.0,99.91666666666669,True,High,Short,0.6,0.0005
307-24-4,Perfluorohexanoic acid,OC(=O)C(F)(F)C(F)(F)C(F)(F)C(F)(F)C(F)(F)F,C6HF11O2,314.054,11,57.89473684210527,6,11,6,314.04999999999995,4.0,1.0,1.0,0.0,0.0,Medium-chain,False,False,False,True,Medium-chain Branched Highly-fluorinated,Indirect Thermal Desorption,Lab,Soil,450.0,75.0,99.81666666666666,True,High,Medium,0.6,0.0011
307-24-4,Perfluorohexanoic acid,OC(=O)C(F)(F)C(F)(F)C(F)(F)C(F)(F)C(F)(F)F,C6HF11O2,314.054,11,57.89473684210527,6,11,6,314.04999999999995,4.0,1.0,1.0,0.0,0.0,Medium-chain,False,False,False,True,Medium-chain Branched Highly-fluorinated,Indirect Thermal Desorption,Lab,Soil,450.0,45.0,99.81666666666666,True,High,Medium,0.6,0.0011
307-24-4,Perfluorohexanoic acid,OC(=O)C(F)(F)C(F)(F)C(F)(F)C(F)(F)C(F)(F)F,C6HF11O2,314.054,11,57.89473684210527,6,11,6,314.04999999999995,4.0,1.0,1.0,0.0,0.0,Medium-chain,False,False,False,True,Medium-chain Branched Highly-fluorinated,Indirect Thermal Desorption,Lab,Soil,450.0,15.0,97.83333333333331,True,High,Short,0.6,0.013
307-24-4,Perfluorohexanoic acid,OC(=O)C(F)(F)C(F)(F)C(F)(F)C(F)(F)C(F)(F)F,C6HF11O2,314.054,11,57.89473684210527,6,11,6,314.04999999999995,4.0,1.0,1.0,0.0,0.0,Medium-chain,False,False,False,True,Medium-chain Branched Highly-fluorinated,Indirect Thermal Desorption,Lab,Soil,350.0,75.0,99.23333333333332,True,Medium,Medium,0.6,0.0046
307-24-4,Perfluorohexanoic acid,OC(=O)C(F)(F)C(F)(F)C(F)(F)C(F)(F)C(F)(F)F,C6HF11O2,314.054,11,57.89473684210527,6,11,6,314.04999999999995,4.0,1.0,1.0,0.0,0.0,Medium-chain,False,False,False,True,Medium-chain Branched Highly-fluorinated,Indirect Thermal Desorption,Lab,Soil,350.0,45.0,96.83333333333331,True,Medium,Medium,0.6,0.019
307-24-4,Perfluorohexanoic acid,OC(=O)C(F)(F)C(F)(F)C(F)(F)C(F)(F)C(F)(F)F,C6HF11O2,314.054,11,57.89473684210527,6,11,6,314.04999999999995,4.0,1.0,1.0,0.0,0.0,Medium-chain,False,False,False,True,Medium-chain Branched Highly-fluorinated,Indirect Thermal Desorption,Lab,Soil,350.0,15.0,92.83333333333331,True,Medium,Short,0.6,0.043
307-24-4,Perfluorohexanoic acid,OC(=O)C(F)(F)C(F)(F)C(F)(F)C(F)(F)C(F)(F)F,C6HF11O2,314.054,11,57.89473684210527,6,11,6,314.04999999999995,4.0,1.0,1.0,0.0,0.0,Medium-chain,False,False,False,True,Medium-chain Branched Highly-fluorinated,Indirect Thermal Desorption,Lab,Soil,250.0,75.0,88.33333333333334,True,Medium,Medium,0.6,0.07
307-24-4,Perfluorohexanoic acid,OC(=O)C(F)(F)C(F)(F)C(F)(F)C(F)(F)C(F)(F)F,C6HF11O2,314.054,11,57.89473684210527,6,11,6,314.04999999999995,4.0,1.0,1.0,0.0,0.0,Medium-chain,False,False,False,True,Medium-chain Branched Highly-fluorinated,Indirect Thermal Desorption,Lab,Soil,250.0,45.0,71.66666666666666,False,Medium,Medium,0.6,0.17
307-24-4,Perfluorohexanoic acid,OC(=O)C(F)(F)C(F)(F)C(F)(F)C(F)(F)C(F)(F)F,C6HF11O2,314.054,11,57.89473684210527,6,11,6,314.04999999999995,4.0,1.0,1.0,0.0,0.0,Medium-chain,False,False,False,True,Medium-chain Branched Highly-fluorinated,Indirect Thermal Desorption,Lab,Soil,250.0,15.0,18.333333333333332,False,Medium,Short,0.6,0.49
307-24-4,Perfluorohexanoic acid,OC(=O)C(F)(F)C(F)(F)C(F)(F)C(F)(F)C(F)(F)F,C6HF11O2,314.054,11,57.89473684210527,6,11,6,314.04999999999995,4.0,1.0,1.0,0.0,0.0,Medium-chain,False,False,False,True,Medium-chain Branched Highly-fluorinated,Indirect Thermal Desorption,Lab,Soil,150.0,75.0,28.333333333333332,False,Medium,Medium,0.6,0.43
307-24-4,Perfluorohexanoic acid,OC(=O)C(F)(F)C(F)(F)C(F)(F)C(F)(F)C(F)(F)F,C6HF11O2,314.054,11,57.89473684210527,6,11,6,314.04999999999995,4.0,1.0,1.0,0.0,0.0,Medium-chain,False,False,False,True,Medium-chain Branched Highly-fluorinated,Indirect Thermal Desorption,Lab,Soil,150.0,45.0,36.666666666666664,False,Medium,Medium,0.6,0.38
307-24-4,Perfluorohexanoic acid,OC(=O)C(F)(F)C(F)(F)C(F)(F)C(F)(F)C(F)(F)F,C6HF11O2,314.054,11,57.89473684210527,6,11,6,314.04999999999995,4.0,1.0,1.0,0.0,0.0,Medium-chain,False,False,False,True,Medium-chain Branched Highly-fluorinated,Indirect Thermal Desorption,Lab,Soil,150.0,15.0,36.666666666666664,False,Medium,Short,0.6,0.38
307-24-4,Perfluorohexanoic acid,OC(=O)C(F)(F)C(F)(F)C(F)(F)C(F)(F)C(F)(F)F,C6HF11O2,314.054,11,57.89473684210527,6,11,6,314.04999999999995,4.0,1.0,1.0,0.0,0.0,Medium-chain,False,False,False,True,Medium-chain Branched Highly-fluorinated,Indirect Thermal Desorption,Lab,Soil,550.0,75.0,90.0,True,High,Medium,0.0013,0.00013
307-24-4,Perfluorohexanoic acid,OC(=O)C(F)(F)C(F)(F)C(F)(F)C(F)(F)C(F)(F)F,C6HF11O2,314.054,11,57.89473684210527,6,11,6,314.04999999999995,4.0,1.0,1.0,0.0,0.0,Medium-chain,False,False,False,True,Medium-chain Branched Highly-fluorinated,Indirect Thermal Desorption,Lab,Soil,550.0,45.0,89.23076923076924,True,High,Medium,0.0013,0.00014
307-24-4,Perfluorohexanoic acid,OC(=O)C(F)(F)C(F)(F)C(F)(F)C(F)(F)C(F)(F)F,C6HF11O2,314.054,11,57.89473684210527,6,11,6,314.04999999999995,4.0,1.0,1.0,0.0,0.0,Medium-chain,False,False,False,True,Medium-chain Branched Highly-fluorinated,Indirect Thermal Desorption,Lab,Soil,550.0,15.0,85.38461538461539,True,High,Short,0.0013,0.00019
307-24-4,Perfluorohexanoic acid,OC(=O)C(F)(F)C(F)(F)C(F)(F)C(F)(F)C(F)(F)F,C6HF11O2,314.054,11,57.89473684210527,6,11,6,314.04999999999995,4.0,1.0,1.0,0.0,0.0,Medium-chain,False,False,False,True,Medium-chain Branched Highly-fluorinated,Indirect Thermal Desorption,Lab,Soil,450.0,75.0,76.92307692307693,False,High,Medium,0.0013,0.0003
307-24-4,Perfluorohexanoic acid,OC(=O)C(F)(F)C(F)(F)C(F)(F)C(F)(F)C(F)(F)F,C6HF11O2,314.054,11,57.89473684210527,6,11,6,314.04999999999995,4.0,1.0,1.0,0.0,0.0,Medium-chain,False,False,False,True,Medium-chain Branched Highly-fluorinated,Indirect Thermal Desorption,Lab,Soil,450.0,45.0,67.69230769230768,False,High,Medium,0.0013,0.00042
307-24-4,Perfluorohexanoic acid,OC(=O)C(F)(F)C(F)(F)C(F)(F)C(F)(F)C(F)(F)F,C6HF11O2,314.054,11,57.89473684210527,6,11,6,314.04999999999995,4.0,1.0,1.0,0.0,0.0,Medium-chain,False,False,False,True,Medium-chain Branched Highly-fluorinated,Indirect Thermal Desorption,Lab,Soil,450.0,15.0,74.61538461538461,False,High,Short,0.0013,0.00033
307-24-4,Perfluorohexanoic acid,OC(=O)C(F)(F)C(F)(F)C(F)(F)C(F)(F)C(F)(F)F,C6HF11O2,314.054,11,57.89473684210527,6,11,6,314.04999999999995,4.0,1.0,1.0,0.0,0.0,Medium-chain,False,False,False,True,Medium-chain Branched Highly-fluorinated,Indirect Thermal Desorption,Lab,Soil,350.0,75.0,43.84615384615385,False,Medium,Medium,0.0013,0.00073
307-24-4,Perfluorohexanoic acid,OC(=O)C(F)(F)C(F)(F)C(F)(F)C(F)(F)C(F)(F)F,C6HF11O2,314.054,11,57.89473684210527,6,11,6,314.04999999999995,4.0,1.0,1.0,0.0,0.0,Medium-chain,False,False,False,True,Medium-chain Branched Highly-fluorinated,Indirect Thermal Desorption,Lab,Soil,350.0,45.0,75.38461538461539,False,Medium,Medium,0.0013,0.00032
307-24-4,Perfluorohexanoic acid,OC(=O)C(F)(F)C(F)(F)C(F)(F)C(F)(F)C(F)(F)F,C6HF11O2,314.054,11,57.89473684210527,6,11,6,314.04999999999995,4.0,1.0,1.0,0.0,0.0,Medium-chain,False,False,False,True,Medium-chain Branched Highly-fluorinated,Indirect Thermal Desorption,Lab,Soil,350.0,15.0,49.230769230769226,False,Medium,Short,0.0013,0.00066
307-24-4,Perfluorohexanoic acid,OC(=O)C(F)(F)C(F)(F)C(F)(F)C(F)(F)C(F)(F)F,C6HF11O2,314.054,11,57.89473684210527,6,11,6,314.04999999999995,4.0,1.0,1.0,0.0,0.0,Medium-chain,False,False,False,True,Medium-chain Branched Highly-fluorinated,Indirect Thermal Desorption,Lab,Soil,250.0,75.0,64.61538461538461,False,Medium,Medium,0.0013,0.00046
307-24-4,Perfluorohexanoic acid,OC(=O)C(F)(F)C(F)(F)C(F)(F)C(F)(F)C(F)(F)F,C6HF11O2,314.054,11,57.89473684210527,6,11,6,314.04999999999995,4.0,1.0,1.0,0.0,0.0,Medium-chain,False,False,False,True,Medium-chain Branched Highly-fluorinated,Indirect Thermal Desorption,Lab,Soil,250.0,45.0,34.61538461538461,False,Medium,Medium,0.0013,0.00085
307-24-4,Perfluorohexanoic acid,OC(=O)C(F)(F)C(F)(F)C(F)(F)C(F)(F)C(F)(F)F,C6HF11O2,314.054,11,57.89473684210527,6,11,6,314.04999999999995,4.0,1.0,1.0,0.0,0.0,Medium-chain,False,False,False,True,Medium-chain Branched Highly-fluorinated,Indirect Thermal Desorption,Lab,Soil,250.0,15.0,0.0,False,Medium,Short,0.0013,0.0016
307-24-4,Perfluorohexanoic acid,OC(=O)C(F)(F)C(F)(F)C(F)(F)C(F)(F)C(F)(F)F,C6HF11O2,314.054,11,57.89473684210527,6,11,6,314.04999999999995,4.0,1.0,1.0,0.0,0.0,Medium-chain,False,False,False,True,Medium-chain Branched Highly-fluorinated,Indirect Thermal Desorption,Lab,Soil,150.0,75.0,42.3076923076923,False,Medium,Medium,0.0013,0.00075
307-24-4,Perfluorohexanoic acid,OC(=O)C(F)(F)C(F)(F)C(F)(F)C(F)(F)C(F)(F)F,C6HF11O2,314.054,11,57.89473684210527,6,11,6,314.04999999999995,4.0,1.0,1.0,0.0,0.0,Medium-chain,False,False,False,True,Medium-chain Branched Highly-fluorinated,Indirect Thermal Desorption,Lab,Soil,150.0,45.0,51.53846153846153,False,Medium,Medium,0.0013,0.00063
307-24-4,Perfluorohexanoic acid,OC(=O)C(F)(F)C(F)(F)C(F)(F)C(F)(F)C(F)(F)F,C6HF11O2,314.054,11,57.89473684210527,6,11,6,314.04999999999995,4.0,1.0,1.0,0.0,0.0,Medium-chain,False,False,False,True,Medium-chain Branched Highly-fluorinated,Indirect Thermal Desorption,Lab,Soil,150.0,15.0,0.0,False,Medium,Short,0.0013,0.0015
307-24-4,Perfluorohexanoic acid,OC(=O)C(F)(F)C(F)(F)C(F)(F)C(F)(F)C(F)(F)F,C6HF11O2,314.054,11,57.89473684210527,6,11,6,314.04999999999995,4.0,1.0,1.0,0.0,0.0,Medium-chain,False,False,False,True,Medium-chain Branched Highly-fluorinated,GAC Reactivation,Lab,Other,700.0,10.0,,False,High,Short,,
307-24-4,Perfluorohexanoic acid,OC(=O)C(F)(F)C(F)(F)C(F)(F)C(F)(F)C(F)(F)F,C6HF11O2,314.054,11,57.89473684210527,6,11,6,314.04999999999995,4.0,1.0,1.0,0.0,0.0,Medium-chain,False,False,False,True,Medium-chain Branched Highly-fluorinated,GAC Reactivation,Lab,Other,700.0,10.0,,False,High,Short,,
307-24-4,Perfluorohexanoic acid,OC(=O)C(F)(F)C(F)(F)C(F)(F)C(F)(F)C(F)(F)F,C6HF11O2,314.054,11,57.89473684210527,6,11,6,314.04999999999995,4.0,1.0,1.0,0.0,0.0,Medium-chain,False,False,False,True,Medium-chain Branched Highly-fluorinated,GAC Reactivation,Lab,Other,700.0,10.0,,False,High,Short,,
307-24-4,Perfluorohexanoic acid,OC(=O)C(F)(F)C(F)(F)C(F)(F)C(F)(F)C(F)(F)F,C6HF11O2,314.054,11,57.89473684210527,6,11,6,314.04999999999995,4.0,1.0,1.0,0.0,0.0,Medium-chain,False,False,False,True,Medium-chain Branched Highly-fluorinated,GAC Reactivation,Lab,Treatment Media,700.0,10.0,,False,High,Short,47.3,
307-24-4,Perfluorohexanoic acid,OC(=O)C(F)(F)C(F)(F)C(F)(F)C(F)(F)C(F)(F)F,C6HF11O2,314.054,11,57.89473684210527,6,11,6,314.04999999999995,4.0,1.0,1.0,0.0,0.0,Medium-chain,False,False,False,True,Medium-chain Branched Highly-fluorinated,GAC Reactivation,Lab,Treatment Media,700.0,10.0,,False,High,Short,47.3,
307-24-4,Perfluorohexanoic acid,OC(=O)C(F)(F)C(F)(F)C(F)(F)C(F)(F)C(F)(F)F,C6HF11O2,314.054,11,57.89473684210527,6,11,6,314.04999999999995,4.0,1.0,1.0,0.0,0.0,Medium-chain,False,False,False,True,Medium-chain Branched Highly-fluorinated,Indirect Thermal Desorption,Lab,Soil,300.0,14400.0,95.3,True,Medium,Extended,200.0,9.4
307-24-4,Perfluorohexanoic acid,OC(=O)C(F)(F)C(F)(F)C(F)(F)C(F)(F)C(F)(F)F,C6HF11O2,314.054,11,57.89473684210527,6,11,6,314.04999999999995,4.0,1.0,1.0,0.0,0.0,Medium-chain,False,False,False,True,Medium-chain Branched Highly-fluorinated,Indirect Thermal Desorption,Lab,Soil,350.0,14400.0,99.9615,True,Medium,Extended,200.0,0.077
307-24-4,Perfluorohexanoic acid,OC(=O)C(F)(F)C(F)(F)C(F)(F)C(F)(F)C(F)(F)F,C6HF11O2,314.054,11,57.89473684210527,6,11,6,314.04999999999995,4.0,1.0,1.0,0.0,0.0,Medium-chain,False,False,False,True,Medium-chain Branched Highly-fluorinated,Indirect Thermal Desorption,Lab,Soil,400.0,20160.0,99.979,True,Medium,Extended,200.0,0.042
1763-23-1,Perfluorooctanesulfonic acid,OS(=O)(=O)C(F)(F)C(F)(F)C(F)(F)C(F)(F)C(F)(F)C(F)(F)C(F)(F)C(F)(F)F,C8HF17O3S,500.13,17,58.620689655172406,8,17,8,500.1259999999999,7.0,2.0,1.0,0.0,0.0,Long-chain,False,False,False,True,Long-chain Branched Highly-fluorinated,Thermolysis,Lab,Various,400.0,30.0,,False,Medium,Short,0.0,41.9
1763-23-1,Perfluorooctanesulfonic acid,OS(=O)(=O)C(F)(F)C(F)(F)C(F)(F)C(F)(F)C(F)(F)C(F)(F)C(F)(F)C(F)(F)F,C8HF17O3S,500.13,17,58.620689655172406,8,17,8,500.1259999999999,7.0,2.0,1.0,0.0,0.0,Long-chain,False,False,False,True,Long-chain Branched Highly-fluorinated,Thermolysis,Lab,Various,400.0,30.0,,False,Medium,Short,0.0,29.0
1763-23-1,Perfluorooctanesulfonic acid,OS(=O)(=O)C(F)(F)C(F)(F)C(F)(F)C(F)(F)C(F)(F)C(F)(F)C(F)(F)C(F)(F)F,C8HF17O3S,500.13,17,58.620689655172406,8,17,8,500.1259999999999,7.0,2.0,1.0,0.0,0.0,Long-chain,False,False,False,True,Long-chain Branched Highly-fluorinated,Thermolysis,Lab,Various,300.0,30.0,54.741379310344826,False,Medium,Short,4640.0,2100.0
1763-23-1,Perfluorooctanesulfonic acid,OS(=O)(=O)C(F)(F)C(F)(F)C(F)(F)C(F)(F)C(F)(F)C(F)(F)C(F)(F)C(F)(F)F,C8HF17O3S,500.13,17,58.620689655172406,8,17,8,500.1259999999999,7.0,2.0,1.0,0.0,0.0,Long-chain,False,False,False,True,Long-chain Branched Highly-fluorinated,Thermolysis,Lab,Various,300.0,20.0,56.896551724137936,False,Medium,Short,4640.0,2000.0
1763-23-1,Perfluorooctanesulfonic acid,OS(=O)(=O)C(F)(F)C(F)(F)C(F)(F)C(F)(F)C(F)(F)C(F)(F)C(F)(F)C(F)(F)F,C8HF17O3S,500.13,17,58.620689655172406,8,17,8,500.1259999999999,7.0,2.0,1.0,0.0,0.0,Long-chain,False,False,False,True,Long-chain Branched Highly-fluorinated,Thermolysis,Lab,Various,300.0,10.0,59.05172413793104,False,Medium,Short,4640.0,1900.0
1763-23-1,Perfluorooctanesulfonic acid,OS(=O)(=O)C(F)(F)C(F)(F)C(F)(F)C(F)(F)C(F)(F)C(F)(F)C(F)(F)C(F)(F)F,C8HF17O3S,500.13,17,58.620689655172406,8,17,8,500.1259999999999,7.0,2.0,1.0,0.0,0.0,Long-chain,False,False,False,True,Long-chain Branched Highly-fluorinated,Electromagnetic Heating,Lab,Soil,845.0,2.0,,False,High,Short,0.02,
1763-23-1,Perfluorooctanesulfonic acid,OS(=O)(=O)C(F)(F)C(F)(F)C(F)(F)C(F)(F)C(F)(F)C(F)(F)C(F)(F)C(F)(F)F,C8HF17O3S,500.13,17,58.620689655172406,8,17,8,500.1259999999999,7.0,2.0,1.0,0.0,0.0,Long-chain,False,False,False,True,Long-chain Branched Highly-fluorinated,Hydrothermal Treatment,Lab,Sludge,300.0,120.0,,False,Medium,Medium,36.87,
1763-23-1,Perfluorooctanesulfonic acid,OS(=O)(=O)C(F)(F)C(F)(F)C(F)(F)C(F)(F)C(F)(F)C(F)(F)C(F)(F)C(F)(F)F,C8HF17O3S,500.13,17,58.620689655172406,8,17,8,500.1259999999999,7.0,2.0,1.0,0.0,0.0,Long-chain,False,False,False,True,Long-chain Branched Highly-fluorinated,Hydrothermal Treatment,Lab,Sludge,300.0,120.0,,False,Medium,Medium,36.87,
1763-23-1,Perfluorooctanesulfonic acid,OS(=O)(=O)C(F)(F)C(F)(F)C(F)(F)C(F)(F)C(F)(F)C(F)(F)C(F)(F)C(F)(F)F,C8HF17O3S,500.13,17,58.620689655172406,8,17,8,500.1259999999999,7.0,2.0,1.0,0.0,0.0,Long-chain,False,False,False,True,Long-chain Branched Highly-fluorinated,Hydrothermal Treatment,Lab,Sludge,300.0,120.0,,False,Medium,Medium,36.87,
1763-23-1,Perfluorooctanesulfonic acid,OS(=O)(=O)C(F)(F)C(F)(F)C(F)(F)C(F)(F)C(F)(F)C(F)(F)C(F)(F)C(F)(F)F,C8HF17O3S,500.13,17,58.620689655172406,8,17,8,500.1259999999999,7.0,2.0,1.0,0.0,0.0,Long-chain,False,False,False,True,Long-chain Branched Highly-fluorinated,Hydrothermal Treatment,Lab,Sludge,300.0,120.0,,False,Medium,Medium,36.87,
1763-23-1,Perfluorooctanesulfonic acid,OS(=O)(=O)C(F)(F)C(F)(F)C(F)(F)C(F)(F)C(F)(F)C(F)(F)C(F)(F)C(F)(F)F,C8HF17O3S,500.13,17,58.620689655172406,8,17,8,500.1259999999999,7.0,2.0,1.0,0.0,0.0,Long-chain,False,False,False,True,Long-chain Branched Highly-fluorinated,Hydrothermal Treatment,Lab,Sludge,300.0,120.0,,False,Medium,Medium,36.87,
1763-23-1,Perfluorooctanesulfonic acid,OS(=O)(=O)C(F)(F)C(F)(F)C(F)(F)C(F)(F)C(F)(F)C(F)(F)C(F)(F)C(F)(F)F,C8HF17O3S,500.13,17,58.620689655172406,8,17,8,500.1259999999999,7.0,2.0,1.0,0.0,0.0,Long-chain,False,False,False,True,Long-chain Branched Highly-fluorinated,Hydrothermal Treatment,Lab,Other,350.0,2.5,99.99107142857144,True,Medium,Short,5600.0,0.5
1763-23-1,Perfluorooctanesulfonic acid,OS(=O)(=O)C(F)(F)C(F)(F)C(F)(F)C(F)(F)C(F)(F)C(F)(F)C(F)(F)C(F)(F)F,C8HF17O3S,500.13,17,58.620689655172406,8,17,8,500.1259999999999,7.0,2.0,1.0,0.0,0.0,Long-chain,False,False,False,True,Long-chain Branched Highly-fluorinated,Hydrothermal Treatment,Lab,Other,350.0,2.5,49.01960784313725,False,Medium,Short,1020.0,520.0
1763-23-1,Perfluorooctanesulfonic acid,OS(=O)(=O)C(F)(F)C(F)(F)C(F)(F)C(F)(F)C(F)(F)C(F)(F)C(F)(F)C(F)(F)F,C8HF17O3S,500.13,17,58.620689655172406,8,17,8,500.1259999999999,7.0,2.0,1.0,0.0,0.0,Long-chain,False,False,False,True,Long-chain Branched Highly-fluorinated,Hydrothermal Treatment,Lab,Other,350.0,2.5,16.666666666666664,False,Medium,Short,1020.0,850.0
1763-23-1,Perfluorooctanesulfonic acid,OS(=O)(=O)C(F)(F)C(F)(F)C(F)(F)C(F)(F)C(F)(F)C(F)(F)C(F)(F)C(F)(F)F,C8HF17O3S,500.13,17,58.620689655172406,8,17,8,500.1259999999999,7.0,2.0,1.0,0.0,0.0,Long-chain,False,False,False,True,Long-chain Branched Highly-fluorinated,Pyrolysis,Lab,Sludge,800.0,20.0,83.1715210355987,True,High,Short,0.309,0.052
1763-23-1,Perfluorooctanesulfonic acid,OS(=O)(=O)C(F)(F)C(F)(F)C(F)(F)C(F)(F)C(F)(F)C(F)(F)C(F)(F)C(F)(F)F,C8HF17O3S,500.13,17,58.620689655172406,8,17,8,500.1259999999999,7.0,2.0,1.0,0.0,0.0,Long-chain,False,False,False,True,Long-chain Branched Highly-fluorinated,Pyrolysis,Lab,Sludge,800.0,20.0,94.16666666666669,True,High,Short,0.84,0.049
1763-23-1,Perfluorooctanesulfonic acid,OS(=O)(=O)C(F)(F)C(F)(F)C(F)(F)C(F)(F)C(F)(F)C(F)(F)C(F)(F)C(F)(F)F,C8HF17O3S,500.13,17,58.620689655172406,8,17,8,500.1259999999999,7.0,2.0,1.0,0.0,0.0,Long-chain,False,False,False,True,Long-chain Branched Highly-fluorinated,Pyrolysis,Lab,Sludge,800.0,20.0,96.3076923076923,True,High,Short,1.3,0.048
1763-23-1,Perfluorooctanesulfonic acid,OS(=O)(=O)C(F)(F)C(F)(F)C(F)(F)C(F)(F)C(F)(F)C(F)(F)C(F)(F)C(F)(F)F,C8HF17O3S,500.13,17,58.620689655172406,8,17,8,500.1259999999999,7.0,2.0,1.0,0.0,0.0,Long-chain,False,False,False,True,Long-chain Branched Highly-fluorinated,Pyrolysis,Lab,Sludge,800.0,20.0,95.84,True,High,Short,1.25,0.052
1763-23-1,Perfluorooctanesulfonic acid,OS(=O)(=O)C(F)(F)C(F)(F)C(F)(F)C(F)(F)C(F)(F)C(F)(F)C(F)(F)C(F)(F)F,C8HF17O3S,500.13,17,58.620689655172406,8,17,8,500.1259999999999,7.0,2.0,1.0,0.0,0.0,Long-chain,False,False,False,True,Long-chain Branched Highly-fluorinated,Pyrolysis,Lab,Sludge,800.0,20.0,84.44444444444444,True,High,Short,0.315,0.049
1763-23-1,Perfluorooctanesulfonic acid,OS(=O)(=O)C(F)(F)C(F)(F)C(F)(F)C(F)(F)C(F)(F)C(F)(F)C(F)(F)C(F)(F)F,C8HF17O3S,500.13,17,58.620689655172406,8,17,8,500.1259999999999,7.0,2.0,1.0,0.0,0.0,Long-chain,False,False,False,True,Long-chain Branched Highly-fluorinated,Pyrolysis,Lab,Sludge,800.0,20.0,95.5045871559633,True,High,Short,1.09,0.049
1763-23-1,Perfluorooctanesulfonic acid,OS(=O)(=O)C(F)(F)C(F)(F)C(F)(F)C(F)(F)C(F)(F)C(F)(F)C(F)(F)C(F)(F)F,C8HF17O3S,500.13,17,58.620689655172406,8,17,8,500.1259999999999,7.0,2.0,1.0,0.0,0.0,Long-chain,False,False,False,True,Long-chain Branched Highly-fluorinated,Pyrolysis,Lab,Sludge,650.0,20.0,84.46601941747574,True,High,Short,0.309,0.048
1763-23-1,Perfluorooctanesulfonic acid,OS(=O)(=O)C(F)(F)C(F)(F)C(F)(F)C(F)(F)C(F)(F)C(F)(F)C(F)(F)C(F)(F)F,C8HF17O3S,500.13,17,58.620689655172406,8,17,8,500.1259999999999,7.0,2.0,1.0,0.0,0.0,Long-chain,False,False,False,True,Long-chain Branched Highly-fluorinated,Pyrolysis,Lab,Sludge,650.0,20.0,94.28571428571428,True,High,Short,0.84,0.048
1763-23-1,Perfluorooctanesulfonic acid,OS(=O)(=O)C(F)(F)C(F)(F)C(F)(F)C(F)(F)C(F)(F)C(F)(F)C(F)(F)C(F)(F)F,C8HF17O3S,500.13,17,58.620689655172406,8,17,8,500.1259999999999,7.0,2.0,1.0,0.0,0.0,Long-chain,False,False,False,True,Long-chain Branched Highly-fluorinated,Pyrolysis,Lab,Sludge,650.0,20.0,95.92307692307692,True,High,Short,1.3,0.053
1763-23-1,Perfluorooctanesulfonic acid,OS(=O)(=O)C(F)(F)C(F)(F)C(F)(F)C(F)(F)C(F)(F)C(F)(F)C(F)(F)C(F)(F)F,C8HF17O3S,500.13,17,58.620689655172406,8,17,8,500.1259999999999,7.0,2.0,1.0,0.0,0.0,Long-chain,False,False,False,True,Long-chain Branched Highly-fluorinated,Pyrolysis,Lab,Sludge,650.0,20.0,84.44444444444444,True,High,Short,0.315,0.049
1763-23-1,Perfluorooctanesulfonic acid,OS(=O)(=O)C(F)(F)C(F)(F)C(F)(F)C(F)(F)C(F)(F)C(F)(F)C(F)(F)C(F)(F)F,C8HF17O3S,500.13,17,58.620689655172406,8,17,8,500.1259999999999,7.0,2.0,1.0,0.0,0.0,Long-chain,False,False,False,True,Long-chain Branched Highly-fluorinated,Pyrolysis,Lab,Sludge,650.0,20.0,96.0,True,High,Short,1.25,0.05
1763-23-1,Perfluorooctanesulfonic acid,OS(=O)(=O)C(F)(F)C(F)(F)C(F)(F)C(F)(F)C(F)(F)C(F)(F)C(F)(F)C(F)(F)F,C8HF17O3S,500.13,17,58.620689655172406,8,17,8,500.1259999999999,7.0,2.0,1.0,0.0,0.0,Long-chain,False,False,False,True,Long-chain Branched Highly-fluorinated,Pyrolysis,Lab,Sludge,650.0,20.0,95.3211009174312,True,High,Short,1.09,0.051
1763-23-1,Perfluorooctanesulfonic acid,OS(=O)(=O)C(F)(F)C(F)(F)C(F)(F)C(F)(F)C(F)(F)C(F)(F)C(F)(F)C(F)(F)F,C8HF17O3S,500.13,17,58.620689655172406,8,17,8,500.1259999999999,7.0,2.0,1.0,0.0,0.0,Long-chain,False,False,False,True,Long-chain Branched Highly-fluorinated,Pyrolysis,Lab,Sludge,500.0,20.0,83.81877022653723,True,High,Short,0.309,0.05
1763-23-1,Perfluorooctanesulfonic acid,OS(=O)(=O)C(F)(F)C(F)(F)C(F)(F)C(F)(F)C(F)(F)C(F)(F)C(F)(F)C(F)(F)F,C8HF17O3S,500.13,17,58.620689655172406,8,17,8,500.1259999999999,7.0,2.0,1.0,0.0,0.0,Long-chain,False,False,False,True,Long-chain Branched Highly-fluorinated,Pyrolysis,Lab,Sludge,500.0,20.0,94.16666666666669,True,High,Short,0.84,0.049
1763-23-1,Perfluorooctanesulfonic acid,OS(=O)(=O)C(F)(F)C(F)(F)C(F)(F)C(F)(F)C(F)(F)C(F)(F)C(F)(F)C(F)(F)F,C8HF17O3S,500.13,17,58.620689655172406,8,17,8,500.1259999999999,7.0,2.0,1.0,0.0,0.0,Long-chain,False,False,False,True,Long-chain Branched Highly-fluorinated,Pyrolysis,Lab,Sludge,500.0,20.0,96.3076923076923,True,High,Short,1.3,0.048
1763-23-1,Perfluorooctanesulfonic acid,OS(=O)(=O)C(F)(F)C(F)(F)C(F)(F)C(F)(F)C(F)(F)C(F)(F)C(F)(F)C(F)(F)F,C8HF17O3S,500.13,17,58.620689655172406,8,17,8,500.1259999999999,7.0,2.0,1.0,0.0,0.0,Long-chain,False,False,False,True,Long-chain Branched Highly-fluorinated,Pyrolysis,Lab,Sludge,500.0,20.0,84.44444444444444,True,High,Short,0.315,0.049
1763-23-1,Perfluorooctanesulfonic acid,OS(=O)(=O)C(F)(F)C(F)(F)C(F)(F)C(F)(F)C(F)(F)C(F)(F)C(F)(F)C(F)(F)F,C8HF17O3S,500.13,17,58.620689655172406,8,17,8,500.1259999999999,7.0,2.0,1.0,0.0,0.0,Long-chain,False,False,False,True,Long-chain Branched Highly-fluorinated,Pyrolysis,Lab,Sludge,500.0,20.0,95.92,True,High,Short,1.25,0.051
1763-23-1,Perfluorooctanesulfonic acid,OS(=O)(=O)C(F)(F)C(F)(F)C(F)(F)C(F)(F)C(F)(F)C(F)(F)C(F)(F)C(F)(F)F,C8HF17O3S,500.13,17,58.620689655172406,8,17,8,500.1259999999999,7.0,2.0,1.0,0.0,0.0,Long-chain,False,False,False,True,Long-chain Branched Highly-fluorinated,Pyrolysis,Lab,Sludge,500.0,20.0,95.59633027522936,True,High,Short,1.09,0.048
1763-23-1,Perfluorooctanesulfonic acid,OS(=O)(=O)C(F)(F)C(F)(F)C(F)(F)C(F)(F)C(F)(F)C(F)(F)C(F)(F)C(F)(F)F,C8HF17O3S,500.13,17,58.620689655172406,8,17,8,500.1259999999999,7.0,2.0,1.0,0.0,0.0,Long-chain,False,False,False,True,Long-chain Branched Highly-fluorinated,Hydrothermal Treatment,Lab,Other,650.0,0.4666666666666667,100.0,True,High,Short,43.32,0.0
1763-23-1,Perfluorooctanesulfonic acid,OS(=O)(=O)C(F)(F)C(F)(F)C(F)(F)C(F)(F)C(F)(F)C(F)(F)C(F)(F)C(F)(F)F,C8HF17O3S,500.13,17,58.620689655172406,8,17,8,500.1259999999999,7.0,2.0,1.0,0.0,0.0,Long-chain,False,False,False,True,Long-chain Branched Highly-fluorinated,Hydrothermal Treatment,Lab,Other,600.0,0.5333333333333333,99.99551468939224,True,High,Short,44.59,0.002
1763-23-1,Perfluorooctanesulfonic acid,OS(=O)(=O)C(F)(F)C(F)(F)C(F)(F)C(F)(F)C(F)(F)C(F)(F)C(F)(F)C(F)(F)F,C8HF17O3S,500.13,17,58.620689655172406,8,17,8,500.1259999999999,7.0,2.0,1.0,0.0,0.0,Long-chain,False,False,False,True,Long-chain Branched Highly-fluorinated,Hydrothermal Treatment,Lab,Other,580.0,0.5666666666666667,99.97889404812156,True,High,Short,47.38,0.01
1763-23-1,Perfluorooctanesulfonic acid,OS(=O)(=O)C(F)(F)C(F)(F)C(F)(F)C(F)(F)C(F)(F)C(F)(F)C(F)(F)C(F)(F)F,C8HF17O3S,500.13,17,58.620689655172406,8,17,8,500.1259999999999,7.0,2.0,1.0,0.0,0.0,Long-chain,False,False,False,True,Long-chain Branched Highly-fluorinated,Hydrothermal Treatment,Lab,Other,530.0,0.65,98.51136592234964,True,High,Short,49.71,0.74
1763-23-1,Perfluorooctanesulfonic acid,OS(=O)(=O)C(F)(F)C(F)(F)C(F)(F)C(F)(F)C(F)(F)C(F)(F)C(F)(F)C(F)(F)F,C8HF17O3S,500.13,17,58.620689655172406,8,17,8,500.1259999999999,7.0,2.0,1.0,0.0,0.0,Long-chain,False,False,False,True,Long-chain Branched Highly-fluorinated,Hydrothermal Treatment,Lab,Other,515.0,0.6666666666666666,98.13943978736457,True,High,Short,48.91,0.91
1763-23-1,Perfluorooctanesulfonic acid,OS(=O)(=O)C(F)(F)C(F)(F)C(F)(F)C(F)(F)C(F)(F)C(F)(F)C(F)(F)C(F)(F)F,C8HF17O3S,500.13,17,58.620689655172406,8,17,8,500.1259999999999,7.0,2.0,1.0,0.0,0.0,Long-chain,False,False,False,True,Long-chain Branched Highly-fluorinated,Hydrothermal Treatment,Lab,Other,500.0,0.8333333333333334,85.3581321725366,True,High,Short,50.54,7.4
1763-23-1,Perfluorooctanesulfonic acid,OS(=O)(=O)C(F)(F)C(F)(F)C(F)(F)C(F)(F)C(F)(F)C(F)(F)C(F)(F)C(F)(F)F,C8HF17O3S,500.13,17,58.620689655172406,8,17,8,500.1259999999999,7.0,2.0,1.0,0.0,0.0,Long-chain,False,False,False,True,Long-chain Branched Highly-fluorinated,Hydrothermal Treatment,Lab,Other,475.0,0.9833333333333332,79.70227318446993,False,High,Short,49.71,10.09
1763-23-1,Perfluorooctanesulfonic acid,OS(=O)(=O)C(F)(F)C(F)(F)C(F)(F)C(F)(F)C(F)(F)C(F)(F)C(F)(F)C(F)(F)F,C8HF17O3S,500.13,17,58.620689655172406,8,17,8,500.1259999999999,7.0,2.0,1.0,0.0,0.0,Long-chain,False,False,False,True,Long-chain Branched Highly-fluorinated,Hydrothermal Treatment,Lab,Other,450.0,1.1833333333333331,35.44747081712062,False,High,Short,51.4,33.18
1763-23-1,Perfluorooctanesulfonic acid,OS(=O)(=O)C(F)(F)C(F)(F)C(F)(F)C(F)(F)C(F)(F)C(F)(F)C(F)(F)C(F)(F)F,C8HF17O3S,500.13,17,58.620689655172406,8,17,8,500.1259999999999,7.0,2.0,1.0,0.0,0.0,Long-chain,False,False,False,True,Long-chain Branched Highly-fluorinated,Hydrothermal Treatment,Lab,Other,420.0,1.8,13.229571984435792,False,High,Short,51.4,44.6
1763-23-1,Perfluorooctanesulfonic acid,OS(=O)(=O)C(F)(F)C(F)(F)C(F)(F)C(F)(F)C(F)(F)C(F)(F)C(F)(F)C(F)(F)F,C8HF17O3S,500.13,17,58.620689655172406,8,17,8,500.1259999999999,7.0,2.0,1.0,0.0,0.0,Long-chain,False,False,False,True,Long-chain Branched Highly-fluorinated,GAC Reactivation,Full,Treatment Media,1093.0,,99.9913432835821,True,High,,6700.0,0.58
1763-23-1,Perfluorooctanesulfonic acid,OS(=O)(=O)C(F)(F)C(F)(F)C(F)(F)C(F)(F)C(F)(F)C(F)(F)C(F)(F)C(F)(F)F,C8HF17O3S,500.13,17,58.620689655172406,8,17,8,500.1259999999999,7.0,2.0,1.0,0.0,0.0,Long-chain,False,False,False,True,Long-chain Branched Highly-fluorinated,GAC Reactivation,Full,Treatment Media,1093.0,,99.99516666666666,True,High,,12000.0,0.58
1763-23-1,Perfluorooctanesulfonic acid,OS(=O)(=O)C(F)(F)C(F)(F)C(F)(F)C(F)(F)C(F)(F)C(F)(F)C(F)(F)C(F)(F)F,C8HF17O3S,500.13,17,58.620689655172406,8,17,8,500.1259999999999,7.0,2.0,1.0,0.0,0.0,Long-chain,False,False,False,True,Long-chain Branched Highly-fluorinated,GAC Reactivation,Full,Treatment Media,1093.0,,99.996375,True,High,,16000.0,0.58
1763-23-1,Perfluorooctanesulfonic acid,OS(=O)(=O)C(F)(F)C(F)(F)C(F)(F)C(F)(F)C(F)(F)C(F)(F)C(F)(F)C(F)(F)F,C8HF17O3S,500.13,17,58.620689655172406,8,17,8,500.1259999999999,7.0,2.0,1.0,0.0,0.0,Long-chain,False,False,False,True,Long-chain Branched Highly-fluorinated,Electric Furnace,Lab,Other,250.0,75.0,80.77812018489983,True,Medium,Medium,25.96,4.99
1763-23-1,Perfluorooctanesulfonic acid,OS(=O)(=O)C(F)(F)C(F)(F)C(F)(F)C(F)(F)C(F)(F)C(F)(F)C(F)(F)C(F)(F)F,C8HF17O3S,500.13,17,58.620689655172406,8,17,8,500.1259999999999,7.0,2.0,1.0,0.0,0.0,Long-chain,False,False,False,True,Long-chain Branched Highly-fluorinated,Electric Furnace,Lab,Other,300.0,75.0,85.36209553158706,True,Medium,Medium,25.96,3.8
1763-23-1,Perfluorooctanesulfonic acid,OS(=O)(=O)C(F)(F)C(F)(F)C(F)(F)C(F)(F)C(F)(F)C(F)(F)C(F)(F)C(F)(F)F,C8HF17O3S,500.13,17,58.620689655172406,8,17,8,500.1259999999999,7.0,2.0,1.0,0.0,0.0,Long-chain,False,False,False,True,Long-chain Branched Highly-fluorinated,Electric Furnace,Lab,Other,400.0,75.0,100.0,True,Medium,Medium,129.01,0.0
1763-23-1,Perfluorooctanesulfonic acid,OS(=O)(=O)C(F)(F)C(F)(F)C(F)(F)C(F)(F)C(F)(F)C(F)(F)C(F)(F)C(F)(F)F,C8HF17O3S,500.13,17,58.620689655172406,8,17,8,500.1259999999999,7.0,2.0,1.0,0.0,0.0,Long-chain,False,False,False,True,Long-chain Branched Highly-fluorinated,Electric Furnace,Lab,Other,500.0,75.0,99.93798930315478,True,High,Medium,129.01,0.08
1763-23-1,Perfluorooctanesulfonic acid,OS(=O)(=O)C(F)(F)C(F)(F)C(F)(F)C(F)(F)C(F)(F)C(F)(F)C(F)(F)C(F)(F)F,C8HF17O3S,500.13,17,58.620689655172406,8,17,8,500.1259999999999,7.0,2.0,1.0,0.0,0.0,Long-chain,False,False,False,True,Long-chain Branched Highly-fluorinated,Electric Furnace,Lab,Other,550.0,75.0,99.9844973257887,True,High,Medium,129.01,0.02
1763-23-1,Perfluorooctanesulfonic acid,OS(=O)(=O)C(F)(F)C(F)(F)C(F)(F)C(F)(F)C(F)(F)C(F)(F)C(F)(F)C(F)(F)F,C8HF17O3S,500.13,17,58.620689655172406,8,17,8,500.1259999999999,7.0,2.0,1.0,0.0,0.0,Long-chain,False,False,False,True,Long-chain Branched Highly-fluorinated,GAC Reactivation,Lab,Treatment Media,500.0,30.0,,False,High,Short,,
1763-23-1,Perfluorooctanesulfonic acid,OS(=O)(=O)C(F)(F)C(F)(F)C(F)(F)C(F)(F)C(F)(F)C(F)(F)C(F)(F)C(F)(F)F,C8HF17O3S,500.13,17,58.620689655172406,8,17,8,500.1259999999999,7.0,2.0,1.0,0.0,0.0,Long-chain,False,False,False,True,Long-chain Branched Highly-fluorinated,GAC Reactivation,Lab,Treatment Media,500.0,30.0,,False,High,Short,,
1763-23-1,Perfluorooctanesulfonic acid,OS(=O)(=O)C(F)(F)C(F)(F)C(F)(F)C(F)(F)C(F)(F)C(F)(F)C(F)(F)C(F)(F)F,C8HF17O3S,500.13,17,58.620689655172406,8,17,8,500.1259999999999,7.0,2.0,1.0,0.0,0.0,Long-chain,False,False,False,True,Long-chain Branched Highly-fluorinated,Pyrolysis,Lab,Sludge,700.0,,100.0,True,High,,26.6,0.0
1763-23-1,Perfluorooctanesulfonic acid,OS(=O)(=O)C(F)(F)C(F)(F)C(F)(F)C(F)(F)C(F)(F)C(F)(F)C(F)(F)C(F)(F)F,C8HF17O3S,500.13,17,58.620689655172406,8,17,8,500.1259999999999,7.0,2.0,1.0,0.0,0.0,Long-chain,False,False,False,True,Long-chain Branched Highly-fluorinated,Pyrolysis,Lab,Sludge,700.0,,100.0,True,High,,16.6,0.0
1763-23-1,Perfluorooctanesulfonic acid,OS(=O)(=O)C(F)(F)C(F)(F)C(F)(F)C(F)(F)C(F)(F)C(F)(F)C(F)(F)C(F)(F)F,C8HF17O3S,500.13,17,58.620689655172406,8,17,8,500.1259999999999,7.0,2.0,1.0,0.0,0.0,Long-chain,False,False,False,True,Long-chain Branched Highly-fluorinated,Pyrolysis,Lab,Sludge,700.0,,100.0,True,High,,13.7,0.0
1763-23-1,Perfluorooctanesulfonic acid,OS(=O)(=O)C(F)(F)C(F)(F)C(F)(F)C(F)(F)C(F)(F)C(F)(F)C(F)(F)C(F)(F)F,C8HF17O3S,500.13,17,58.620689655172406,8,17,8,500.1259999999999,7.0,2.0,1.0,0.0,0.0,Long-chain,False,False,False,True,Long-chain Branched Highly-fluorinated,Pyrolysis,Lab,Sludge,500.0,,100.0,True,High,,26.6,0.0
1763-23-1,Perfluorooctanesulfonic acid,OS(=O)(=O)C(F)(F)C(F)(F)C(F)(F)C(F)(F)C(F)(F)C(F)(F)C(F)(F)C(F)(F)F,C8HF17O3S,500.13,17,58.620689655172406,8,17,8,500.1259999999999,7.0,2.0,1.0,0.0,0.0,Long-chain,False,False,False,True,Long-chain Branched Highly-fluorinated,Pyrolysis,Lab,Sludge,500.0,,100.0,True,High,,16.6,0.0
1763-23-1,Perfluorooctanesulfonic acid,OS(=O)(=O)C(F)(F)C(F)(F)C(F)(F)C(F)(F)C(F)(F)C(F)(F)C(F)(F)C(F)(F)F,C8HF17O3S,500.13,17,58.620689655172406,8,17,8,500.1259999999999,7.0,2.0,1.0,0.0,0.0,Long-chain,False,False,False,True,Long-chain Branched Highly-fluorinated,Pyrolysis,Lab,Sludge,500.0,,100.0,True,High,,13.7,0.0
1763-23-1,Perfluorooctanesulfonic acid,OS(=O)(=O)C(F)(F)C(F)(F)C(F)(F)C(F)(F)C(F)(F)C(F)(F)C(F)(F)C(F)(F)F,C8HF17O3S,500.13,17,58.620689655172406,8,17,8,500.1259999999999,7.0,2.0,1.0,0.0,0.0,Long-chain,False,False,False,True,Long-chain Branched Highly-fluorinated,Thermal Oxidation of Off-gas,Lab,Treatment Media,595.0,0.1333333333333333,,False,High,Short,100000.0,
1763-23-1,Perfluorooctanesulfonic acid,OS(=O)(=O)C(F)(F)C(F)(F)C(F)(F)C(F)(F)C(F)(F)C(F)(F)C(F)(F)C(F)(F)F,C8HF17O3S,500.13,17,58.620689655172406,8,17,8,500.1259999999999,7.0,2.0,1.0,0.0,0.0,Long-chain,False,False,False,True,Long-chain Branched Highly-fluorinated,Thermal Oxidation of Off-gas,Lab,Treatment Media,590.0,0.1666666666666666,,False,High,Short,10000.0,
1763-23-1,Perfluorooctanesulfonic acid,OS(=O)(=O)C(F)(F)C(F)(F)C(F)(F)C(F)(F)C(F)(F)C(F)(F)C(F)(F)C(F)(F)F,C8HF17O3S,500.13,17,58.620689655172406,8,17,8,500.1259999999999,7.0,2.0,1.0,0.0,0.0,Long-chain,False,False,False,True,Long-chain Branched Highly-fluorinated,Thermal Oxidation of Off-gas,Lab,Treatment Media,590.0,1.0,,False,High,Short,100.0,
1763-23-1,Perfluorooctanesulfonic acid,OS(=O)(=O)C(F)(F)C(F)(F)C(F)(F)C(F)(F)C(F)(F)C(F)(F)C(F)(F)C(F)(F)F,C8HF17O3S,500.13,17,58.620689655172406,8,17,8,500.1259999999999,7.0,2.0,1.0,0.0,0.0,Long-chain,False,False,False,True,Long-chain Branched Highly-fluorinated,Pyrolysis,Lab,Soil,450.0,30.0,,False,High,Short,0.021,
1763-23-1,Perfluorooctanesulfonic acid,OS(=O)(=O)C(F)(F)C(F)(F)C(F)(F)C(F)(F)C(F)(F)C(F)(F)C(F)(F)C(F)(F)F,C8HF17O3S,500.13,17,58.620689655172406,8,17,8,500.1259999999999,7.0,2.0,1.0,0.0,0.0,Long-chain,False,False,False,True,Long-chain Branched Highly-fluorinated,Pyrolysis,Lab,Soil,300.0,30.0,,False,Medium,Short,0.021,
1763-23-1,Perfluorooctanesulfonic acid,OS(=O)(=O)C(F)(F)C(F)(F)C(F)(F)C(F)(F)C(F)(F)C(F)(F)C(F)(F)C(F)(F)F,C8HF17O3S,500.13,17,58.620689655172406,8,17,8,500.1259999999999,7.0,2.0,1.0,0.0,0.0,Long-chain,False,False,False,True,Long-chain Branched Highly-fluorinated,Pyrolysis,Lab,Soil,200.0,30.0,,False,Medium,Short,0.021,
1763-23-1,Perfluorooctanesulfonic acid,OS(=O)(=O)C(F)(F)C(F)(F)C(F)(F)C(F)(F)C(F)(F)C(F)(F)C(F)(F)C(F)(F)F,C8HF17O3S,500.13,17,58.620689655172406,8,17,8,500.1259999999999,7.0,2.0,1.0,0.0,0.0,Long-chain,False,False,False,True,Long-chain Branched Highly-fluorinated,Pyrolysis,Pilot,Sludge,649.0,19.1,98.1123595505618,True,High,Short,22.25,0.42
1763-23-1,Perfluorooctanesulfonic acid,OS(=O)(=O)C(F)(F)C(F)(F)C(F)(F)C(F)(F)C(F)(F)C(F)(F)C(F)(F)C(F)(F)F,C8HF17O3S,500.13,17,58.620689655172406,8,17,8,500.1259999999999,7.0,2.0,1.0,0.0,0.0,Long-chain,False,False,False,True,Long-chain Branched Highly-fluorinated,Pyrolysis,Pilot,Sludge,649.0,19.1,99.24242424242424,True,High,Short,25.08,0.19
1763-23-1,Perfluorooctanesulfonic acid,OS(=O)(=O)C(F)(F)C(F)(F)C(F)(F)C(F)(F)C(F)(F)C(F)(F)C(F)(F)C(F)(F)F,C8HF17O3S,500.13,17,58.620689655172406,8,17,8,500.1259999999999,7.0,2.0,1.0,0.0,0.0,Long-chain,False,False,False,True,Long-chain Branched Highly-fluorinated,Pyrolysis,Pilot,Sludge,649.0,19.1,97.8902953586498,True,High,Short,23.7,0.5
1763-23-1,Perfluorooctanesulfonic acid,OS(=O)(=O)C(F)(F)C(F)(F)C(F)(F)C(F)(F)C(F)(F)C(F)(F)C(F)(F)C(F)(F)F,C8HF17O3S,500.13,17,58.620689655172406,8,17,8,500.1259999999999,7.0,2.0,1.0,0.0,0.0,Long-chain,False,False,False,True,Long-chain Branched Highly-fluorinated,Hydrothermal Treatment,Lab,Other,425.0,0.0,,False,High,Short,,
1763-23-1,Perfluorooctanesulfonic acid,OS(=O)(=O)C(F)(F)C(F)(F)C(F)(F)C(F)(F)C(F)(F)C(F)(F)C(F)(F)C(F)(F)F,C8HF17O3S,500.13,17,58.620689655172406,8,17,8,500.1259999999999,7.0,2.0,1.0,0.0,0.0,Long-chain,False,False,False,True,Long-chain Branched Highly-fluorinated,Hydrothermal Treatment,Lab,Other,450.0,0.0,,False,High,Short,,
1763-23-1,Perfluorooctanesulfonic acid,OS(=O)(=O)C(F)(F)C(F)(F)C(F)(F)C(F)(F)C(F)(F)C(F)(F)C(F)(F)C(F)(F)F,C8HF17O3S,500.13,17,58.620689655172406,8,17,8,500.1259999999999,7.0,2.0,1.0,0.0,0.0,Long-chain,False,False,False,True,Long-chain Branched Highly-fluorinated,Hydrothermal Treatment,Lab,Other,475.0,0.0,,False,High,Short,,
1763-23-1,Perfluorooctanesulfonic acid,OS(=O)(=O)C(F)(F)C(F)(F)C(F)(F)C(F)(F)C(F)(F)C(F)(F)C(F)(F)C(F)(F)F,C8HF17O3S,500.13,17,58.620689655172406,8,17,8,500.1259999999999,7.0,2.0,1.0,0.0,0.0,Long-chain,False,False,False,True,Long-chain Branched Highly-fluorinated,Hydrothermal Treatment,Lab,Other,500.0,0.0,,False,High,Short,,
1763-23-1,Perfluorooctanesulfonic acid,OS(=O)(=O)C(F)(F)C(F)(F)C(F)(F)C(F)(F)C(F)(F)C(F)(F)C(F)(F)C(F)(F)F,C8HF17O3S,500.13,17,58.620689655172406,8,17,8,500.1259999999999,7.0,2.0,1.0,0.0,0.0,Long-chain,False,False,False,True,Long-chain Branched Highly-fluorinated,Hydrothermal Treatment,Lab,Other,475.0,60.0,,False,High,Medium,,
1763-23-1,Perfluorooctanesulfonic acid,OS(=O)(=O)C(F)(F)C(F)(F)C(F)(F)C(F)(F)C(F)(F)C(F)(F)C(F)(F)C(F)(F)F,C8HF17O3S,500.13,17,58.620689655172406,8,17,8,500.1259999999999,7.0,2.0,1.0,0.0,0.0,Long-chain,False,False,False,True,Long-chain Branched Highly-fluorinated,Hydrothermal Treatment,Lab,Other,425.0,60.0,,False,High,Medium,,
1763-23-1,Perfluorooctanesulfonic acid,OS(=O)(=O)C(F)(F)C(F)(F)C(F)(F)C(F)(F)C(F)(F)C(F)(F)C(F)(F)C(F)(F)F,C8HF17O3S,500.13,17,58.620689655172406,8,17,8,500.1259999999999,7.0,2.0,1.0,0.0,0.0,Long-chain,False,False,False,True,Long-chain Branched Highly-fluorinated,Hydrothermal Treatment,Lab,Other,450.0,60.0,,False,High,Medium,,
1763-23-1,Perfluorooctanesulfonic acid,OS(=O)(=O)C(F)(F)C(F)(F)C(F)(F)C(F)(F)C(F)(F)C(F)(F)C(F)(F)C(F)(F)F,C8HF17O3S,500.13,17,58.620689655172406,8,17,8,500.1259999999999,7.0,2.0,1.0,0.0,0.0,Long-chain,False,False,False,True,Long-chain Branched Highly-fluorinated,Hydrothermal Treatment,Not specified,Sludge,300.0,120.0,0.0,False,Medium,Medium,8.0,16.0
1763-23-1,Perfluorooctanesulfonic acid,OS(=O)(=O)C(F)(F)C(F)(F)C(F)(F)C(F)(F)C(F)(F)C(F)(F)C(F)(F)C(F)(F)F,C8HF17O3S,500.13,17,58.620689655172406,8,17,8,500.1259999999999,7.0,2.0,1.0,0.0,0.0,Long-chain,False,False,False,True,Long-chain Branched Highly-fluorinated,Hydrothermal Treatment,Not specified,Sludge,165.0,120.0,0.0,False,Medium,Medium,8.0,20.0
1763-23-1,Perfluorooctanesulfonic acid,OS(=O)(=O)C(F)(F)C(F)(F)C(F)(F)C(F)(F)C(F)(F)C(F)(F)C(F)(F)C(F)(F)F,C8HF17O3S,500.13,17,58.620689655172406,8,17,8,500.1259999999999,7.0,2.0,1.0,0.0,0.0,Long-chain,False,False,False,True,Long-chain Branched Highly-fluorinated,Hydrothermal Treatment,Not specified,Sludge,300.0,120.0,0.0,False,Medium,Medium,8.0,14.0
1763-23-1,Perfluorooctanesulfonic acid,OS(=O)(=O)C(F)(F)C(F)(F)C(F)(F)C(F)(F)C(F)(F)C(F)(F)C(F)(F)C(F)(F)F,C8HF17O3S,500.13,17,58.620689655172406,8,17,8,500.1259999999999,7.0,2.0,1.0,0.0,0.0,Long-chain,False,False,False,True,Long-chain Branched Highly-fluorinated,Hydrothermal Treatment,Not specified,Sludge,300.0,300.0,12.5,False,Medium,Long,8.0,7.0
1763-23-1,Perfluorooctanesulfonic acid,OS(=O)(=O)C(F)(F)C(F)(F)C(F)(F)C(F)(F)C(F)(F)C(F)(F)C(F)(F)C(F)(F)F,C8HF17O3S,500.13,17,58.620689655172406,8,17,8,500.1259999999999,7.0,2.0,1.0,0.0,0.0,Long-chain,False,False,False,True,Long-chain Branched Highly-fluorinated,Hydrothermal Treatment,Not specified,Sludge,250.0,120.0,0.0,False,Medium,Medium,8.0,8.0
1763-23-1,Perfluorooctanesulfonic acid,OS(=O)(=O)C(F)(F)C(F)(F)C(F)(F)C(F)(F)C(F)(F)C(F)(F)C(F)(F)C(F)(F)F,C8HF17O3S,500.13,17,58.620689655172406,8,17,8,500.1259999999999,7.0,2.0,1.0,0.0,0.0,Long-chain,False,False,False,True,Long-chain Branched Highly-fluorinated,Hydrothermal Treatment,Not specified,Sludge,250.0,300.0,0.0,False,Medium,Long,8.0,9.0
1763-23-1,Perfluorooctanesulfonic acid,OS(=O)(=O)C(F)(F)C(F)(F)C(F)(F)C(F)(F)C(F)(F)C(F)(F)C(F)(F)C(F)(F)F,C8HF17O3S,500.13,17,58.620689655172406,8,17,8,500.1259999999999,7.0,2.0,1.0,0.0,0.0,Long-chain,False,False,False,True,Long-chain Branched Highly-fluorinated,Hydrothermal Treatment,Not specified,Sludge,165.0,120.0,0.0,False,Medium,Medium,8.0,9.0
1763-23-1,Perfluorooctanesulfonic acid,OS(=O)(=O)C(F)(F)C(F)(F)C(F)(F)C(F)(F)C(F)(F)C(F)(F)C(F)(F)C(F)(F)F,C8HF17O3S,500.13,17,58.620689655172406,8,17,8,500.1259999999999,7.0,2.0,1.0,0.0,0.0,Long-chain,False,False,False,True,Long-chain Branched Highly-fluorinated,Incineration,Full,Other,850.0,,,False,High,,,
1763-23-1,Perfluorooctanesulfonic acid,OS(=O)(=O)C(F)(F)C(F)(F)C(F)(F)C(F)(F)C(F)(F)C(F)(F)C(F)(F)C(F)(F)F,C8HF17O3S,500.13,17,58.620689655172406,8,17,8,500.1259999999999,7.0,2.0,1.0,0.0,0.0,Long-chain,False,False,False,True,Long-chain Branched Highly-fluorinated,Hydrothermal Treatment,Not specified,Sludge,165.0,300.0,0.0,False,Medium,Long,8.0,10.0
1763-23-1,Perfluorooctanesulfonic acid,OS(=O)(=O)C(F)(F)C(F)(F)C(F)(F)C(F)(F)C(F)(F)C(F)(F)C(F)(F)C(F)(F)F,C8HF17O3S,500.13,17,58.620689655172406,8,17,8,500.1259999999999,7.0,2.0,1.0,0.0,0.0,Long-chain,False,False,False,True,Long-chain Branched Highly-fluorinated,Hydrothermal Treatment,Lab,Other,500.0,60.0,,False,High,Medium,,
1763-23-1,Perfluorooctanesulfonic acid,OS(=O)(=O)C(F)(F)C(F)(F)C(F)(F)C(F)(F)C(F)(F)C(F)(F)C(F)(F)C(F)(F)F,C8HF17O3S,500.13,17,58.620689655172406,8,17,8,500.1259999999999,7.0,2.0,1.0,0.0,0.0,Long-chain,False,False,False,True,Long-chain Branched Highly-fluorinated,Pyrolysis,Pilot,Sludge,,300.0,,False,,Long,,
1763-23-1,Perfluorooctanesulfonic acid,OS(=O)(=O)C(F)(F)C(F)(F)C(F)(F)C(F)(F)C(F)(F)C(F)(F)C(F)(F)C(F)(F)F,C8HF17O3S,500.13,17,58.620689655172406,8,17,8,500.1259999999999,7.0,2.0,1.0,0.0,0.0,Long-chain,False,False,False,True,Long-chain Branched Highly-fluorinated,Hydrothermal Treatment,Lab,Treatment Media,260.0,960.0,,False,Medium,Long,,
1763-23-1,Perfluorooctanesulfonic acid,OS(=O)(=O)C(F)(F)C(F)(F)C(F)(F)C(F)(F)C(F)(F)C(F)(F)C(F)(F)C(F)(F)F,C8HF17O3S,500.13,17,58.620689655172406,8,17,8,500.1259999999999,7.0,2.0,1.0,0.0,0.0,Long-chain,False,False,False,True,Long-chain Branched Highly-fluorinated,Hydrothermal Treatment,Lab,Treatment Media,260.0,960.0,,False,Medium,Long,,
1763-23-1,Perfluorooctanesulfonic acid,OS(=O)(=O)C(F)(F)C(F)(F)C(F)(F)C(F)(F)C(F)(F)C(F)(F)C(F)(F)C(F)(F)F,C8HF17O3S,500.13,17,58.620689655172406,8,17,8,500.1259999999999,7.0,2.0,1.0,0.0,0.0,Long-chain,False,False,False,True,Long-chain Branched Highly-fluorinated,GAC Reactivation,Full,Treatment Media,,,,False,,,,0.48
1763-23-1,Perfluorooctanesulfonic acid,OS(=O)(=O)C(F)(F)C(F)(F)C(F)(F)C(F)(F)C(F)(F)C(F)(F)C(F)(F)C(F)(F)F,C8HF17O3S,500.13,17,58.620689655172406,8,17,8,500.1259999999999,7.0,2.0,1.0,0.0,0.0,Long-chain,False,False,False,True,Long-chain Branched Highly-fluorinated,Incineration,Full,Other,1100.0,90.0,,False,High,Medium,,
1763-23-1,Perfluorooctanesulfonic acid,OS(=O)(=O)C(F)(F)C(F)(F)C(F)(F)C(F)(F)C(F)(F)C(F)(F)C(F)(F)C(F)(F)F,C8HF17O3S,500.13,17,58.620689655172406,8,17,8,500.1259999999999,7.0,2.0,1.0,0.0,0.0,Long-chain,False,False,False,True,Long-chain Branched Highly-fluorinated,Rotary Kiln,Full,Soil,,,,False,,,,3.88
1763-23-1,Perfluorooctanesulfonic acid,OS(=O)(=O)C(F)(F)C(F)(F)C(F)(F)C(F)(F)C(F)(F)C(F)(F)C(F)(F)C(F)(F)F,C8HF17O3S,500.13,17,58.620689655172406,8,17,8,500.1259999999999,7.0,2.0,1.0,0.0,0.0,Long-chain,False,False,False,True,Long-chain Branched Highly-fluorinated,Pyrolysis,Not specified,Sludge,700.0,180.0,0.0,False,High,Medium,4.82,6.28
1763-23-1,Perfluorooctanesulfonic acid,OS(=O)(=O)C(F)(F)C(F)(F)C(F)(F)C(F)(F)C(F)(F)C(F)(F)C(F)(F)C(F)(F)F,C8HF17O3S,500.13,17,58.620689655172406,8,17,8,500.1259999999999,7.0,2.0,1.0,0.0,0.0,Long-chain,False,False,False,True,Long-chain Branched Highly-fluorinated,Pyrolysis,Not specified,Sludge,300.0,180.0,0.0,False,Medium,Medium,4.82,4.86
1763-23-1,Perfluorooctanesulfonic acid,OS(=O)(=O)C(F)(F)C(F)(F)C(F)(F)C(F)(F)C(F)(F)C(F)(F)C(F)(F)C(F)(F)F,C8HF17O3S,500.13,17,58.620689655172406,8,17,8,500.1259999999999,7.0,2.0,1.0,0.0,0.0,Long-chain,False,False,False,True,Long-chain Branched Highly-fluorinated,Rotary Kiln,Full,Soil,,,,False,,,,
1763-23-1,Perfluorooctanesulfonic acid,OS(=O)(=O)C(F)(F)C(F)(F)C(F)(F)C(F)(F)C(F)(F)C(F)(F)C(F)(F)C(F)(F)F,C8HF17O3S,500.13,17,58.620689655172406,8,17,8,500.1259999999999,7.0,2.0,1.0,0.0,0.0,Long-chain,False,False,False,True,Long-chain Branched Highly-fluorinated,Rotary Kiln,Full,Soil,,,97.2,True,,,0.01,0.00028
1763-23-1,Perfluorooctanesulfonic acid,OS(=O)(=O)C(F)(F)C(F)(F)C(F)(F)C(F)(F)C(F)(F)C(F)(F)C(F)(F)C(F)(F)F,C8HF17O3S,500.13,17,58.620689655172406,8,17,8,500.1259999999999,7.0,2.0,1.0,0.0,0.0,Long-chain,False,False,False,True,Long-chain Branched Highly-fluorinated,Rotary Kiln,Full,Soil,,,99.9696132596685,True,,,7.24,0.0022
1763-23-1,Perfluorooctanesulfonic acid,OS(=O)(=O)C(F)(F)C(F)(F)C(F)(F)C(F)(F)C(F)(F)C(F)(F)C(F)(F)C(F)(F)F,C8HF17O3S,500.13,17,58.620689655172406,8,17,8,500.1259999999999,7.0,2.0,1.0,0.0,0.0,Long-chain,False,False,False,True,Long-chain Branched Highly-fluorinated,Indirect Thermal Desorption,Pilot,Soil,650.0,,,False,High,,6400.0,
1763-23-1,Perfluorooctanesulfonic acid,OS(=O)(=O)C(F)(F)C(F)(F)C(F)(F)C(F)(F)C(F)(F)C(F)(F)C(F)(F)C(F)(F)F,C8HF17O3S,500.13,17,58.620689655172406,8,17,8,500.1259999999999,7.0,2.0,1.0,0.0,0.0,Long-chain,False,False,False,True,Long-chain Branched Highly-fluorinated,Indirect Thermal Desorption,Pilot,Soil,650.0,,,False,High,,7290.0,
1763-23-1,Perfluorooctanesulfonic acid,OS(=O)(=O)C(F)(F)C(F)(F)C(F)(F)C(F)(F)C(F)(F)C(F)(F)C(F)(F)C(F)(F)F,C8HF17O3S,500.13,17,58.620689655172406,8,17,8,500.1259999999999,7.0,2.0,1.0,0.0,0.0,Long-chain,False,False,False,True,Long-chain Branched Highly-fluorinated,Indirect Thermal Desorption,Pilot,Soil,500.0,,,False,High,,7210.0,
1763-23-1,Perfluorooctanesulfonic acid,OS(=O)(=O)C(F)(F)C(F)(F)C(F)(F)C(F)(F)C(F)(F)C(F)(F)C(F)(F)C(F)(F)F,C8HF17O3S,500.13,17,58.620689655172406,8,17,8,500.1259999999999,7.0,2.0,1.0,0.0,0.0,Long-chain,False,False,False,True,Long-chain Branched Highly-fluorinated,Indirect Thermal Desorption,Pilot,Soil,500.0,,,False,High,,6880.0,
1763-23-1,Perfluorooctanesulfonic acid,OS(=O)(=O)C(F)(F)C(F)(F)C(F)(F)C(F)(F)C(F)(F)C(F)(F)C(F)(F)C(F)(F)F,C8HF17O3S,500.13,17,58.620689655172406,8,17,8,500.1259999999999,7.0,2.0,1.0,0.0,0.0,Long-chain,False,False,False,True,Long-chain Branched Highly-fluorinated,Indirect Thermal Desorption,Pilot,Soil,650.0,,,False,High,,7440.0,
1763-23-1,Perfluorooctanesulfonic acid,OS(=O)(=O)C(F)(F)C(F)(F)C(F)(F)C(F)(F)C(F)(F)C(F)(F)C(F)(F)C(F)(F)F,C8HF17O3S,500.13,17,58.620689655172406,8,17,8,500.1259999999999,7.0,2.0,1.0,0.0,0.0,Long-chain,False,False,False,True,Long-chain Branched Highly-fluorinated,Indirect Thermal Desorption,Pilot,Soil,500.0,,,False,High,,7290.0,
1763-23-1,Perfluorooctanesulfonic acid,OS(=O)(=O)C(F)(F)C(F)(F)C(F)(F)C(F)(F)C(F)(F)C(F)(F)C(F)(F)C(F)(F)F,C8HF17O3S,500.13,17,58.620689655172406,8,17,8,500.1259999999999,7.0,2.0,1.0,0.0,0.0,Long-chain,False,False,False,True,Long-chain Branched Highly-fluorinated,GAC Reactivation,Lab,Treatment Media,500.0,,,False,High,,,
1763-23-1,Perfluorooctanesulfonic acid,OS(=O)(=O)C(F)(F)C(F)(F)C(F)(F)C(F)(F)C(F)(F)C(F)(F)C(F)(F)C(F)(F)F,C8HF17O3S,500.13,17,58.620689655172406,8,17,8,500.1259999999999,7.0,2.0,1.0,0.0,0.0,Long-chain,False,False,False,True,Long-chain Branched Highly-fluorinated,GAC Reactivation,Lab,Treatment Media,500.0,,,False,High,,,
1763-23-1,Perfluorooctanesulfonic acid,OS(=O)(=O)C(F)(F)C(F)(F)C(F)(F)C(F)(F)C(F)(F)C(F)(F)C(F)(F)C(F)(F)F,C8HF17O3S,500.13,17,58.620689655172406,8,17,8,500.1259999999999,7.0,2.0,1.0,0.0,0.0,Long-chain,False,False,False,True,Long-chain Branched Highly-fluorinated,GAC Reactivation,Lab,Treatment Media,500.0,,,False,High,,,
1763-23-1,Perfluorooctanesulfonic acid,OS(=O)(=O)C(F)(F)C(F)(F)C(F)(F)C(F)(F)C(F)(F)C(F)(F)C(F)(F)C(F)(F)F,C8HF17O3S,500.13,17,58.620689655172406,8,17,8,500.1259999999999,7.0,2.0,1.0,0.0,0.0,Long-chain,False,False,False,True,Long-chain Branched Highly-fluorinated,GAC Reactivation,Lab,Treatment Media,450.0,,,False,High,,,
1763-23-1,Perfluorooctanesulfonic acid,OS(=O)(=O)C(F)(F)C(F)(F)C(F)(F)C(F)(F)C(F)(F)C(F)(F)C(F)(F)C(F)(F)F,C8HF17O3S,500.13,17,58.620689655172406,8,17,8,500.1259999999999,7.0,2.0,1.0,0.0,0.0,Long-chain,False,False,False,True,Long-chain Branched Highly-fluorinated,GAC Reactivation,Lab,Treatment Media,450.0,,,False,High,,,
1763-23-1,Perfluorooctanesulfonic acid,OS(=O)(=O)C(F)(F)C(F)(F)C(F)(F)C(F)(F)C(F)(F)C(F)(F)C(F)(F)C(F)(F)F,C8HF17O3S,500.13,17,58.620689655172406,8,17,8,500.1259999999999,7.0,2.0,1.0,0.0,0.0,Long-chain,False,False,False,True,Long-chain Branched Highly-fluorinated,GAC Reactivation,Lab,Treatment Media,450.0,,,False,High,,,
1763-23-1,Perfluorooctanesulfonic acid,OS(=O)(=O)C(F)(F)C(F)(F)C(F)(F)C(F)(F)C(F)(F)C(F)(F)C(F)(F)C(F)(F)F,C8HF17O3S,500.13,17,58.620689655172406,8,17,8,500.1259999999999,7.0,2.0,1.0,0.0,0.0,Long-chain,False,False,False,True,Long-chain Branched Highly-fluorinated,GAC Reactivation,Lab,Treatment Media,400.0,,,False,Medium,,,
1763-23-1,Perfluorooctanesulfonic acid,OS(=O)(=O)C(F)(F)C(F)(F)C(F)(F)C(F)(F)C(F)(F)C(F)(F)C(F)(F)C(F)(F)F,C8HF17O3S,500.13,17,58.620689655172406,8,17,8,500.1259999999999,7.0,2.0,1.0,0.0,0.0,Long-chain,False,False,False,True,Long-chain Branched Highly-fluorinated,GAC Reactivation,Lab,Treatment Media,400.0,,,False,Medium,,,
1763-23-1,Perfluorooctanesulfonic acid,OS(=O)(=O)C(F)(F)C(F)(F)C(F)(F)C(F)(F)C(F)(F)C(F)(F)C(F)(F)C(F)(F)F,C8HF17O3S,500.13,17,58.620689655172406,8,17,8,500.1259999999999,7.0,2.0,1.0,0.0,0.0,Long-chain,False,False,False,True,Long-chain Branched Highly-fluorinated,GAC Reactivation,Lab,Treatment Media,400.0,,,False,Medium,,,
1763-23-1,Perfluorooctanesulfonic acid,OS(=O)(=O)C(F)(F)C(F)(F)C(F)(F)C(F)(F)C(F)(F)C(F)(F)C(F)(F)C(F)(F)F,C8HF17O3S,500.13,17,58.620689655172406,8,17,8,500.1259999999999,7.0,2.0,1.0,0.0,0.0,Long-chain,False,False,False,True,Long-chain Branched Highly-fluorinated,GAC Reactivation,Lab,Treatment Media,800.0,,,False,High,,,
1763-23-1,Perfluorooctanesulfonic acid,OS(=O)(=O)C(F)(F)C(F)(F)C(F)(F)C(F)(F)C(F)(F)C(F)(F)C(F)(F)C(F)(F)F,C8HF17O3S,500.13,17,58.620689655172406,8,17,8,500.1259999999999,7.0,2.0,1.0,0.0,0.0,Long-chain,False,False,False,True,Long-chain Branched Highly-fluorinated,GAC Reactivation,Lab,Treatment Media,800.0,,,False,High,,,
1763-23-1,Perfluorooctanesulfonic acid,OS(=O)(=O)C(F)(F)C(F)(F)C(F)(F)C(F)(F)C(F)(F)C(F)(F)C(F)(F)C(F)(F)F,C8HF17O3S,500.13,17,58.620689655172406,8,17,8,500.1259999999999,7.0,2.0,1.0,0.0,0.0,Long-chain,False,False,False,True,Long-chain Branched Highly-fluorinated,GAC Reactivation,Lab,Treatment Media,800.0,,,False,High,,,
1763-23-1,Perfluorooctanesulfonic acid,OS(=O)(=O)C(F)(F)C(F)(F)C(F)(F)C(F)(F)C(F)(F)C(F)(F)C(F)(F)C(F)(F)F,C8HF17O3S,500.13,17,58.620689655172406,8,17,8,500.1259999999999,7.0,2.0,1.0,0.0,0.0,Long-chain,False,False,False,True,Long-chain Branched Highly-fluorinated,GAC Reactivation,Lab,Treatment Media,700.0,,,False,High,,,
1763-23-1,Perfluorooctanesulfonic acid,OS(=O)(=O)C(F)(F)C(F)(F)C(F)(F)C(F)(F)C(F)(F)C(F)(F)C(F)(F)C(F)(F)F,C8HF17O3S,500.13,17,58.620689655172406,8,17,8,500.1259999999999,7.0,2.0,1.0,0.0,0.0,Long-chain,False,False,False,True,Long-chain Branched Highly-fluorinated,GAC Reactivation,Lab,Treatment Media,700.0,,,False,High,,,
1763-23-1,Perfluorooctanesulfonic acid,OS(=O)(=O)C(F)(F)C(F)(F)C(F)(F)C(F)(F)C(F)(F)C(F)(F)C(F)(F)C(F)(F)F,C8HF17O3S,500.13,17,58.620689655172406,8,17,8,500.1259999999999,7.0,2.0,1.0,0.0,0.0,Long-chain,False,False,False,True,Long-chain Branched Highly-fluorinated,GAC Reactivation,Lab,Treatment Media,700.0,,,False,High,,,
1763-23-1,Perfluorooctanesulfonic acid,OS(=O)(=O)C(F)(F)C(F)(F)C(F)(F)C(F)(F)C(F)(F)C(F)(F)C(F)(F)C(F)(F)F,C8HF17O3S,500.13,17,58.620689655172406,8,17,8,500.1259999999999,7.0,2.0,1.0,0.0,0.0,Long-chain,False,False,False,True,Long-chain Branched Highly-fluorinated,GAC Reactivation,Lab,Treatment Media,600.0,,,False,High,,,
1763-23-1,Perfluorooctanesulfonic acid,OS(=O)(=O)C(F)(F)C(F)(F)C(F)(F)C(F)(F)C(F)(F)C(F)(F)C(F)(F)C(F)(F)F,C8HF17O3S,500.13,17,58.620689655172406,8,17,8,500.1259999999999,7.0,2.0,1.0,0.0,0.0,Long-chain,False,False,False,True,Long-chain Branched Highly-fluorinated,GAC Reactivation,Lab,Treatment Media,600.0,,,False,High,,,
1763-23-1,Perfluorooctanesulfonic acid,OS(=O)(=O)C(F)(F)C(F)(F)C(F)(F)C(F)(F)C(F)(F)C(F)(F)C(F)(F)C(F)(F)F,C8HF17O3S,500.13,17,58.620689655172406,8,17,8,500.1259999999999,7.0,2.0,1.0,0.0,0.0,Long-chain,False,False,False,True,Long-chain Branched Highly-fluorinated,GAC Reactivation,Lab,Treatment Media,600.0,,,False,High,,,
1763-23-1,Perfluorooctanesulfonic acid,OS(=O)(=O)C(F)(F)C(F)(F)C(F)(F)C(F)(F)C(F)(F)C(F)(F)C(F)(F)C(F)(F)F,C8HF17O3S,500.13,17,58.620689655172406,8,17,8,500.1259999999999,7.0,2.0,1.0,0.0,0.0,Long-chain,False,False,False,True,Long-chain Branched Highly-fluorinated,GAC Reactivation,Lab,Treatment Media,500.0,,,False,High,,,
1763-23-1,Perfluorooctanesulfonic acid,OS(=O)(=O)C(F)(F)C(F)(F)C(F)(F)C(F)(F)C(F)(F)C(F)(F)C(F)(F)C(F)(F)F,C8HF17O3S,500.13,17,58.620689655172406,8,17,8,500.1259999999999,7.0,2.0,1.0,0.0,0.0,Long-chain,False,False,False,True,Long-chain Branched Highly-fluorinated,GAC Reactivation,Lab,Treatment Media,500.0,,,False,High,,,
1763-23-1,Perfluorooctanesulfonic acid,OS(=O)(=O)C(F)(F)C(F)(F)C(F)(F)C(F)(F)C(F)(F)C(F)(F)C(F)(F)C(F)(F)F,C8HF17O3S,500.13,17,58.620689655172406,8,17,8,500.1259999999999,7.0,2.0,1.0,0.0,0.0,Long-chain,False,False,False,True,Long-chain Branched Highly-fluorinated,GAC Reactivation,Lab,Treatment Media,500.0,,,False,High,,,
1763-23-1,Perfluorooctanesulfonic acid,OS(=O)(=O)C(F)(F)C(F)(F)C(F)(F)C(F)(F)C(F)(F)C(F)(F)C(F)(F)C(F)(F)F,C8HF17O3S,500.13,17,58.620689655172406,8,17,8,500.1259999999999,7.0,2.0,1.0,0.0,0.0,Long-chain,False,False,False,True,Long-chain Branched Highly-fluorinated,Indirect Thermal Desorption,Pilot,Soil,650.0,,,False,High,,6850.0,
1763-23-1,Perfluorooctanesulfonic acid,OS(=O)(=O)C(F)(F)C(F)(F)C(F)(F)C(F)(F)C(F)(F)C(F)(F)C(F)(F)C(F)(F)F,C8HF17O3S,500.13,17,58.620689655172406,8,17,8,500.1259999999999,7.0,2.0,1.0,0.0,0.0,Long-chain,False,False,False,True,Long-chain Branched Highly-fluorinated,Indirect Thermal Desorption,Pilot,Soil,500.0,,,False,High,,6890.0,
1763-23-1,Perfluorooctanesulfonic acid,OS(=O)(=O)C(F)(F)C(F)(F)C(F)(F)C(F)(F)C(F)(F)C(F)(F)C(F)(F)C(F)(F)F,C8HF17O3S,500.13,17,58.620689655172406,8,17,8,500.1259999999999,7.0,2.0,1.0,0.0,0.0,Long-chain,False,False,False,True,Long-chain Branched Highly-fluorinated,GAC Reactivation,Lab,Treatment Media,450.0,,,False,High,,,
1763-23-1,Perfluorooctanesulfonic acid,OS(=O)(=O)C(F)(F)C(F)(F)C(F)(F)C(F)(F)C(F)(F)C(F)(F)C(F)(F)C(F)(F)F,C8HF17O3S,500.13,17,58.620689655172406,8,17,8,500.1259999999999,7.0,2.0,1.0,0.0,0.0,Long-chain,False,False,False,True,Long-chain Branched Highly-fluorinated,GAC Reactivation,Lab,Treatment Media,450.0,,,False,High,,,
1763-23-1,Perfluorooctanesulfonic acid,OS(=O)(=O)C(F)(F)C(F)(F)C(F)(F)C(F)(F)C(F)(F)C(F)(F)C(F)(F)C(F)(F)F,C8HF17O3S,500.13,17,58.620689655172406,8,17,8,500.1259999999999,7.0,2.0,1.0,0.0,0.0,Long-chain,False,False,False,True,Long-chain Branched Highly-fluorinated,GAC Reactivation,Lab,Treatment Media,450.0,,,False,High,,,
1763-23-1,Perfluorooctanesulfonic acid,OS(=O)(=O)C(F)(F)C(F)(F)C(F)(F)C(F)(F)C(F)(F)C(F)(F)C(F)(F)C(F)(F)F,C8HF17O3S,500.13,17,58.620689655172406,8,17,8,500.1259999999999,7.0,2.0,1.0,0.0,0.0,Long-chain,False,False,False,True,Long-chain Branched Highly-fluorinated,GAC Reactivation,Lab,Treatment Media,350.0,,,False,Medium,,,
1763-23-1,Perfluorooctanesulfonic acid,OS(=O)(=O)C(F)(F)C(F)(F)C(F)(F)C(F)(F)C(F)(F)C(F)(F)C(F)(F)C(F)(F)F,C8HF17O3S,500.13,17,58.620689655172406,8,17,8,500.1259999999999,7.0,2.0,1.0,0.0,0.0,Long-chain,False,False,False,True,Long-chain Branched Highly-fluorinated,GAC Reactivation,Lab,Treatment Media,350.0,,,False,Medium,,,
1763-23-1,Perfluorooctanesulfonic acid,OS(=O)(=O)C(F)(F)C(F)(F)C(F)(F)C(F)(F)C(F)(F)C(F)(F)C(F)(F)C(F)(F)F,C8HF17O3S,500.13,17,58.620689655172406,8,17,8,500.1259999999999,7.0,2.0,1.0,0.0,0.0,Long-chain,False,False,False,True,Long-chain Branched Highly-fluorinated,GAC Reactivation,Lab,Treatment Media,350.0,,,False,Medium,,,
1763-23-1,Perfluorooctanesulfonic acid,OS(=O)(=O)C(F)(F)C(F)(F)C(F)(F)C(F)(F)C(F)(F)C(F)(F)C(F)(F)C(F)(F)F,C8HF17O3S,500.13,17,58.620689655172406,8,17,8,500.1259999999999,7.0,2.0,1.0,0.0,0.0,Long-chain,False,False,False,True,Long-chain Branched Highly-fluorinated,GAC Reactivation,Lab,Treatment Media,200.0,,,False,Medium,,,
1763-23-1,Perfluorooctanesulfonic acid,OS(=O)(=O)C(F)(F)C(F)(F)C(F)(F)C(F)(F)C(F)(F)C(F)(F)C(F)(F)C(F)(F)F,C8HF17O3S,500.13,17,58.620689655172406,8,17,8,500.1259999999999,7.0,2.0,1.0,0.0,0.0,Long-chain,False,False,False,True,Long-chain Branched Highly-fluorinated,GAC Reactivation,Lab,Treatment Media,200.0,,,False,Medium,,,
1763-23-1,Perfluorooctanesulfonic acid,OS(=O)(=O)C(F)(F)C(F)(F)C(F)(F)C(F)(F)C(F)(F)C(F)(F)C(F)(F)C(F)(F)F,C8HF17O3S,500.13,17,58.620689655172406,8,17,8,500.1259999999999,7.0,2.0,1.0,0.0,0.0,Long-chain,False,False,False,True,Long-chain Branched Highly-fluorinated,GAC Reactivation,Lab,Treatment Media,200.0,,,False,Medium,,,
1763-23-1,Perfluorooctanesulfonic acid,OS(=O)(=O)C(F)(F)C(F)(F)C(F)(F)C(F)(F)C(F)(F)C(F)(F)C(F)(F)C(F)(F)F,C8HF17O3S,500.13,17,58.620689655172406,8,17,8,500.1259999999999,7.0,2.0,1.0,0.0,0.0,Long-chain,False,False,False,True,Long-chain Branched Highly-fluorinated,GAC Reactivation,Lab,Treatment Media,500.0,40.0,,False,High,Medium,,
1763-23-1,Perfluorooctanesulfonic acid,OS(=O)(=O)C(F)(F)C(F)(F)C(F)(F)C(F)(F)C(F)(F)C(F)(F)C(F)(F)C(F)(F)F,C8HF17O3S,500.13,17,58.620689655172406,8,17,8,500.1259999999999,7.0,2.0,1.0,0.0,0.0,Long-chain,False,False,False,True,Long-chain Branched Highly-fluorinated,GAC Reactivation,Lab,Treatment Media,500.0,20.0,,False,High,Short,,
1763-23-1,Perfluorooctanesulfonic acid,OS(=O)(=O)C(F)(F)C(F)(F)C(F)(F)C(F)(F)C(F)(F)C(F)(F)C(F)(F)C(F)(F)F,C8HF17O3S,500.13,17,58.620689655172406,8,17,8,500.1259999999999,7.0,2.0,1.0,0.0,0.0,Long-chain,False,False,False,True,Long-chain Branched Highly-fluorinated,GAC Reactivation,Lab,Treatment Media,500.0,10.0,,False,High,Short,,
1763-23-1,Perfluorooctanesulfonic acid,OS(=O)(=O)C(F)(F)C(F)(F)C(F)(F)C(F)(F)C(F)(F)C(F)(F)C(F)(F)C(F)(F)F,C8HF17O3S,500.13,17,58.620689655172406,8,17,8,500.1259999999999,7.0,2.0,1.0,0.0,0.0,Long-chain,False,False,False,True,Long-chain Branched Highly-fluorinated,GAC Reactivation,Lab,Treatment Media,500.0,5.0,,False,High,Short,,
1763-23-1,Perfluorooctanesulfonic acid,OS(=O)(=O)C(F)(F)C(F)(F)C(F)(F)C(F)(F)C(F)(F)C(F)(F)C(F)(F)C(F)(F)F,C8HF17O3S,500.13,17,58.620689655172406,8,17,8,500.1259999999999,7.0,2.0,1.0,0.0,0.0,Long-chain,False,False,False,True,Long-chain Branched Highly-fluorinated,GAC Reactivation,Lab,Treatment Media,500.0,30.0,,False,High,Short,,
1763-23-1,Perfluorooctanesulfonic acid,OS(=O)(=O)C(F)(F)C(F)(F)C(F)(F)C(F)(F)C(F)(F)C(F)(F)C(F)(F)C(F)(F)F,C8HF17O3S,500.13,17,58.620689655172406,8,17,8,500.1259999999999,7.0,2.0,1.0,0.0,0.0,Long-chain,False,False,False,True,Long-chain Branched Highly-fluorinated,GAC Reactivation,Lab,Treatment Media,450.0,30.0,,False,High,Short,,
1763-23-1,Perfluorooctanesulfonic acid,OS(=O)(=O)C(F)(F)C(F)(F)C(F)(F)C(F)(F)C(F)(F)C(F)(F)C(F)(F)C(F)(F)F,C8HF17O3S,500.13,17,58.620689655172406,8,17,8,500.1259999999999,7.0,2.0,1.0,0.0,0.0,Long-chain,False,False,False,True,Long-chain Branched Highly-fluorinated,GAC Reactivation,Lab,Treatment Media,150.0,30.0,,False,Medium,Short,,
1763-23-1,Perfluorooctanesulfonic acid,OS(=O)(=O)C(F)(F)C(F)(F)C(F)(F)C(F)(F)C(F)(F)C(F)(F)C(F)(F)C(F)(F)F,C8HF17O3S,500.13,17,58.620689655172406,8,17,8,500.1259999999999,7.0,2.0,1.0,0.0,0.0,Long-chain,False,False,False,True,Long-chain Branched Highly-fluorinated,GAC Reactivation,Lab,Treatment Media,500.0,30.0,,False,High,Short,,
1763-23-1,Perfluorooctanesulfonic acid,OS(=O)(=O)C(F)(F)C(F)(F)C(F)(F)C(F)(F)C(F)(F)C(F)(F)C(F)(F)C(F)(F)F,C8HF17O3S,500.13,17,58.620689655172406,8,17,8,500.1259999999999,7.0,2.0,1.0,0.0,0.0,Long-chain,False,False,False,True,Long-chain Branched Highly-fluorinated,GAC Reactivation,Lab,Treatment Media,475.0,30.0,,False,High,Short,,
1763-23-1,Perfluorooctanesulfonic acid,OS(=O)(=O)C(F)(F)C(F)(F)C(F)(F)C(F)(F)C(F)(F)C(F)(F)C(F)(F)C(F)(F)F,C8HF17O3S,500.13,17,58.620689655172406,8,17,8,500.1259999999999,7.0,2.0,1.0,0.0,0.0,Long-chain,False,False,False,True,Long-chain Branched Highly-fluorinated,GAC Reactivation,Lab,Treatment Media,300.0,30.0,,False,Medium,Short,,
1763-23-1,Perfluorooctanesulfonic acid,OS(=O)(=O)C(F)(F)C(F)(F)C(F)(F)C(F)(F)C(F)(F)C(F)(F)C(F)(F)C(F)(F)F,C8HF17O3S,500.13,17,58.620689655172406,8,17,8,500.1259999999999,7.0,2.0,1.0,0.0,0.0,Long-chain,False,False,False,True,Long-chain Branched Highly-fluorinated,GAC Reactivation,Lab,Treatment Media,200.0,30.0,,False,Medium,Short,,
1763-23-1,Perfluorooctanesulfonic acid,OS(=O)(=O)C(F)(F)C(F)(F)C(F)(F)C(F)(F)C(F)(F)C(F)(F)C(F)(F)C(F)(F)F,C8HF17O3S,500.13,17,58.620689655172406,8,17,8,500.1259999999999,7.0,2.0,1.0,0.0,0.0,Long-chain,False,False,False,True,Long-chain Branched Highly-fluorinated,GAC Reactivation,Lab,Treatment Media,500.0,30.0,,False,High,Short,,
1763-23-1,Perfluorooctanesulfonic acid,OS(=O)(=O)C(F)(F)C(F)(F)C(F)(F)C(F)(F)C(F)(F)C(F)(F)C(F)(F)C(F)(F)F,C8HF17O3S,500.13,17,58.620689655172406,8,17,8,500.1259999999999,7.0,2.0,1.0,0.0,0.0,Long-chain,False,False,False,True,Long-chain Branched Highly-fluorinated,GAC Reactivation,Lab,Treatment Media,475.0,30.0,,False,High,Short,,
1763-23-1,Perfluorooctanesulfonic acid,OS(=O)(=O)C(F)(F)C(F)(F)C(F)(F)C(F)(F)C(F)(F)C(F)(F)C(F)(F)C(F)(F)F,C8HF17O3S,500.13,17,58.620689655172406,8,17,8,500.1259999999999,7.0,2.0,1.0,0.0,0.0,Long-chain,False,False,False,True,Long-chain Branched Highly-fluorinated,GAC Reactivation,Lab,Treatment Media,250.0,30.0,,False,Medium,Short,,
1763-23-1,Perfluorooctanesulfonic acid,OS(=O)(=O)C(F)(F)C(F)(F)C(F)(F)C(F)(F)C(F)(F)C(F)(F)C(F)(F)C(F)(F)F,C8HF17O3S,500.13,17,58.620689655172406,8,17,8,500.1259999999999,7.0,2.0,1.0,0.0,0.0,Long-chain,False,False,False,True,Long-chain Branched Highly-fluorinated,GAC Reactivation,Lab,Treatment Media,200.0,30.0,,False,Medium,Short,,
1763-23-1,Perfluorooctanesulfonic acid,OS(=O)(=O)C(F)(F)C(F)(F)C(F)(F)C(F)(F)C(F)(F)C(F)(F)C(F)(F)C(F)(F)F,C8HF17O3S,500.13,17,58.620689655172406,8,17,8,500.1259999999999,7.0,2.0,1.0,0.0,0.0,Long-chain,False,False,False,True,Long-chain Branched Highly-fluorinated,Pyrolysis,Lab,Other,500.0,15.0,,False,High,Short,,
1763-23-1,Perfluorooctanesulfonic acid,OS(=O)(=O)C(F)(F)C(F)(F)C(F)(F)C(F)(F)C(F)(F)C(F)(F)C(F)(F)C(F)(F)F,C8HF17O3S,500.13,17,58.620689655172406,8,17,8,500.1259999999999,7.0,2.0,1.0,0.0,0.0,Long-chain,False,False,False,True,Long-chain Branched Highly-fluorinated,Pyrolysis,Lab,Other,400.0,15.0,,False,Medium,Short,,
1763-23-1,Perfluorooctanesulfonic acid,OS(=O)(=O)C(F)(F)C(F)(F)C(F)(F)C(F)(F)C(F)(F)C(F)(F)C(F)(F)C(F)(F)F,C8HF17O3S,500.13,17,58.620689655172406,8,17,8,500.1259999999999,7.0,2.0,1.0,0.0,0.0,Long-chain,False,False,False,True,Long-chain Branched Highly-fluorinated,Pyrolysis,Lab,Other,900.0,15.0,,False,High,Short,,
1763-23-1,Perfluorooctanesulfonic acid,OS(=O)(=O)C(F)(F)C(F)(F)C(F)(F)C(F)(F)C(F)(F)C(F)(F)C(F)(F)C(F)(F)F,C8HF17O3S,500.13,17,58.620689655172406,8,17,8,500.1259999999999,7.0,2.0,1.0,0.0,0.0,Long-chain,False,False,False,True,Long-chain Branched Highly-fluorinated,Pyrolysis,Lab,Other,800.0,15.0,,False,High,Short,,
1763-23-1,Perfluorooctanesulfonic acid,OS(=O)(=O)C(F)(F)C(F)(F)C(F)(F)C(F)(F)C(F)(F)C(F)(F)C(F)(F)C(F)(F)F,C8HF17O3S,500.13,17,58.620689655172406,8,17,8,500.1259999999999,7.0,2.0,1.0,0.0,0.0,Long-chain,False,False,False,True,Long-chain Branched Highly-fluorinated,Pyrolysis,Lab,Other,700.0,15.0,,False,High,Short,,
1763-23-1,Perfluorooctanesulfonic acid,OS(=O)(=O)C(F)(F)C(F)(F)C(F)(F)C(F)(F)C(F)(F)C(F)(F)C(F)(F)C(F)(F)F,C8HF17O3S,500.13,17,58.620689655172406,8,17,8,500.1259999999999,7.0,2.0,1.0,0.0,0.0,Long-chain,False,False,False,True,Long-chain Branched Highly-fluorinated,Pyrolysis,Lab,Other,600.0,15.0,,False,High,Short,,
1763-23-1,Perfluorooctanesulfonic acid,OS(=O)(=O)C(F)(F)C(F)(F)C(F)(F)C(F)(F)C(F)(F)C(F)(F)C(F)(F)C(F)(F)F,C8HF17O3S,500.13,17,58.620689655172406,8,17,8,500.1259999999999,7.0,2.0,1.0,0.0,0.0,Long-chain,False,False,False,True,Long-chain Branched Highly-fluorinated,Pyrolysis,Lab,Other,500.0,15.0,,False,High,Short,,
1763-23-1,Perfluorooctanesulfonic acid,OS(=O)(=O)C(F)(F)C(F)(F)C(F)(F)C(F)(F)C(F)(F)C(F)(F)C(F)(F)C(F)(F)F,C8HF17O3S,500.13,17,58.620689655172406,8,17,8,500.1259999999999,7.0,2.0,1.0,0.0,0.0,Long-chain,False,False,False,True,Long-chain Branched Highly-fluorinated,Pyrolysis,Lab,Other,400.0,15.0,,False,Medium,Short,,
1763-23-1,Perfluorooctanesulfonic acid,OS(=O)(=O)C(F)(F)C(F)(F)C(F)(F)C(F)(F)C(F)(F)C(F)(F)C(F)(F)C(F)(F)F,C8HF17O3S,500.13,17,58.620689655172406,8,17,8,500.1259999999999,7.0,2.0,1.0,0.0,0.0,Long-chain,False,False,False,True,Long-chain Branched Highly-fluorinated,Pyrolysis,Lab,Other,900.0,15.0,,False,High,Short,,
1763-23-1,Perfluorooctanesulfonic acid,OS(=O)(=O)C(F)(F)C(F)(F)C(F)(F)C(F)(F)C(F)(F)C(F)(F)C(F)(F)C(F)(F)F,C8HF17O3S,500.13,17,58.620689655172406,8,17,8,500.1259999999999,7.0,2.0,1.0,0.0,0.0,Long-chain,False,False,False,True,Long-chain Branched Highly-fluorinated,Pyrolysis,Lab,Other,800.0,15.0,,False,High,Short,,
1763-23-1,Perfluorooctanesulfonic acid,OS(=O)(=O)C(F)(F)C(F)(F)C(F)(F)C(F)(F)C(F)(F)C(F)(F)C(F)(F)C(F)(F)F,C8HF17O3S,500.13,17,58.620689655172406,8,17,8,500.1259999999999,7.0,2.0,1.0,0.0,0.0,Long-chain,False,False,False,True,Long-chain Branched Highly-fluorinated,Pyrolysis,Lab,Other,700.0,15.0,,False,High,Short,,
1763-23-1,Perfluorooctanesulfonic acid,OS(=O)(=O)C(F)(F)C(F)(F)C(F)(F)C(F)(F)C(F)(F)C(F)(F)C(F)(F)C(F)(F)F,C8HF17O3S,500.13,17,58.620689655172406,8,17,8,500.1259999999999,7.0,2.0,1.0,0.0,0.0,Long-chain,False,False,False,True,Long-chain Branched Highly-fluorinated,Pyrolysis,Lab,Other,600.0,15.0,,False,High,Short,,
1763-23-1,Perfluorooctanesulfonic acid,OS(=O)(=O)C(F)(F)C(F)(F)C(F)(F)C(F)(F)C(F)(F)C(F)(F)C(F)(F)C(F)(F)F,C8HF17O3S,500.13,17,58.620689655172406,8,17,8,500.1259999999999,7.0,2.0,1.0,0.0,0.0,Long-chain,False,False,False,True,Long-chain Branched Highly-fluorinated,Pyrolysis,Lab,Other,500.0,15.0,,False,High,Short,,
1763-23-1,Perfluorooctanesulfonic acid,OS(=O)(=O)C(F)(F)C(F)(F)C(F)(F)C(F)(F)C(F)(F)C(F)(F)C(F)(F)C(F)(F)F,C8HF17O3S,500.13,17,58.620689655172406,8,17,8,500.1259999999999,7.0,2.0,1.0,0.0,0.0,Long-chain,False,False,False,True,Long-chain Branched Highly-fluorinated,Pyrolysis,Lab,Other,900.0,15.0,,False,High,Short,,
1763-23-1,Perfluorooctanesulfonic acid,OS(=O)(=O)C(F)(F)C(F)(F)C(F)(F)C(F)(F)C(F)(F)C(F)(F)C(F)(F)C(F)(F)F,C8HF17O3S,500.13,17,58.620689655172406,8,17,8,500.1259999999999,7.0,2.0,1.0,0.0,0.0,Long-chain,False,False,False,True,Long-chain Branched Highly-fluorinated,Pyrolysis,Lab,Other,800.0,15.0,,False,High,Short,,
1763-23-1,Perfluorooctanesulfonic acid,OS(=O)(=O)C(F)(F)C(F)(F)C(F)(F)C(F)(F)C(F)(F)C(F)(F)C(F)(F)C(F)(F)F,C8HF17O3S,500.13,17,58.620689655172406,8,17,8,500.1259999999999,7.0,2.0,1.0,0.0,0.0,Long-chain,False,False,False,True,Long-chain Branched Highly-fluorinated,Pyrolysis,Lab,Other,700.0,15.0,,False,High,Short,,
1763-23-1,Perfluorooctanesulfonic acid,OS(=O)(=O)C(F)(F)C(F)(F)C(F)(F)C(F)(F)C(F)(F)C(F)(F)C(F)(F)C(F)(F)F,C8HF17O3S,500.13,17,58.620689655172406,8,17,8,500.1259999999999,7.0,2.0,1.0,0.0,0.0,Long-chain,False,False,False,True,Long-chain Branched Highly-fluorinated,Pyrolysis,Lab,Other,600.0,15.0,,False,High,Short,,
1763-23-1,Perfluorooctanesulfonic acid,OS(=O)(=O)C(F)(F)C(F)(F)C(F)(F)C(F)(F)C(F)(F)C(F)(F)C(F)(F)C(F)(F)F,C8HF17O3S,500.13,17,58.620689655172406,8,17,8,500.1259999999999,7.0,2.0,1.0,0.0,0.0,Long-chain,False,False,False,True,Long-chain Branched Highly-fluorinated,Pyrolysis,Lab,Other,500.0,15.0,,False,High,Short,,
1763-23-1,Perfluorooctanesulfonic acid,OS(=O)(=O)C(F)(F)C(F)(F)C(F)(F)C(F)(F)C(F)(F)C(F)(F)C(F)(F)C(F)(F)F,C8HF17O3S,500.13,17,58.620689655172406,8,17,8,500.1259999999999,7.0,2.0,1.0,0.0,0.0,Long-chain,False,False,False,True,Long-chain Branched Highly-fluorinated,Pyrolysis,Lab,Other,900.0,15.0,,False,High,Short,,
1763-23-1,Perfluorooctanesulfonic acid,OS(=O)(=O)C(F)(F)C(F)(F)C(F)(F)C(F)(F)C(F)(F)C(F)(F)C(F)(F)C(F)(F)F,C8HF17O3S,500.13,17,58.620689655172406,8,17,8,500.1259999999999,7.0,2.0,1.0,0.0,0.0,Long-chain,False,False,False,True,Long-chain Branched Highly-fluorinated,Pyrolysis,Lab,Other,800.0,15.0,,False,High,Short,,
1763-23-1,Perfluorooctanesulfonic acid,OS(=O)(=O)C(F)(F)C(F)(F)C(F)(F)C(F)(F)C(F)(F)C(F)(F)C(F)(F)C(F)(F)F,C8HF17O3S,500.13,17,58.620689655172406,8,17,8,500.1259999999999,7.0,2.0,1.0,0.0,0.0,Long-chain,False,False,False,True,Long-chain Branched Highly-fluorinated,Pyrolysis,Lab,Other,700.0,15.0,,False,High,Short,,
1763-23-1,Perfluorooctanesulfonic acid,OS(=O)(=O)C(F)(F)C(F)(F)C(F)(F)C(F)(F)C(F)(F)C(F)(F)C(F)(F)C(F)(F)F,C8HF17O3S,500.13,17,58.620689655172406,8,17,8,500.1259999999999,7.0,2.0,1.0,0.0,0.0,Long-chain,False,False,False,True,Long-chain Branched Highly-fluorinated,Pyrolysis,Lab,Other,600.0,15.0,,False,High,Short,,
1763-23-1,Perfluorooctanesulfonic acid,OS(=O)(=O)C(F)(F)C(F)(F)C(F)(F)C(F)(F)C(F)(F)C(F)(F)C(F)(F)C(F)(F)F,C8HF17O3S,500.13,17,58.620689655172406,8,17,8,500.1259999999999,7.0,2.0,1.0,0.0,0.0,Long-chain,False,False,False,True,Long-chain Branched Highly-fluorinated,Pyrolysis,Lab,Other,500.0,15.0,,False,High,Short,,
1763-23-1,Perfluorooctanesulfonic acid,OS(=O)(=O)C(F)(F)C(F)(F)C(F)(F)C(F)(F)C(F)(F)C(F)(F)C(F)(F)C(F)(F)F,C8HF17O3S,500.13,17,58.620689655172406,8,17,8,500.1259999999999,7.0,2.0,1.0,0.0,0.0,Long-chain,False,False,False,True,Long-chain Branched Highly-fluorinated,Pyrolysis,Lab,Other,400.0,15.0,,False,Medium,Short,,
1763-23-1,Perfluorooctanesulfonic acid,OS(=O)(=O)C(F)(F)C(F)(F)C(F)(F)C(F)(F)C(F)(F)C(F)(F)C(F)(F)C(F)(F)F,C8HF17O3S,500.13,17,58.620689655172406,8,17,8,500.1259999999999,7.0,2.0,1.0,0.0,0.0,Long-chain,False,False,False,True,Long-chain Branched Highly-fluorinated,Pyrolysis,Lab,Other,300.0,15.0,,False,Medium,Short,,
1763-23-1,Perfluorooctanesulfonic acid,OS(=O)(=O)C(F)(F)C(F)(F)C(F)(F)C(F)(F)C(F)(F)C(F)(F)C(F)(F)C(F)(F)F,C8HF17O3S,500.13,17,58.620689655172406,8,17,8,500.1259999999999,7.0,2.0,1.0,0.0,0.0,Long-chain,False,False,False,True,Long-chain Branched Highly-fluorinated,Pyrolysis,Lab,Other,400.0,15.0,,False,Medium,Short,,
1763-23-1,Perfluorooctanesulfonic acid,OS(=O)(=O)C(F)(F)C(F)(F)C(F)(F)C(F)(F)C(F)(F)C(F)(F)C(F)(F)C(F)(F)F,C8HF17O3S,500.13,17,58.620689655172406,8,17,8,500.1259999999999,7.0,2.0,1.0,0.0,0.0,Long-chain,False,False,False,True,Long-chain Branched Highly-fluorinated,Pyrolysis,Lab,Other,350.0,15.0,,False,Medium,Short,,
1763-23-1,Perfluorooctanesulfonic acid,OS(=O)(=O)C(F)(F)C(F)(F)C(F)(F)C(F)(F)C(F)(F)C(F)(F)C(F)(F)C(F)(F)F,C8HF17O3S,500.13,17,58.620689655172406,8,17,8,500.1259999999999,7.0,2.0,1.0,0.0,0.0,Long-chain,False,False,False,True,Long-chain Branched Highly-fluorinated,Indirect Thermal Desorption,Pilot,Soil,650.0,120.0,,False,High,Medium,17200.0,
1763-23-1,Perfluorooctanesulfonic acid,OS(=O)(=O)C(F)(F)C(F)(F)C(F)(F)C(F)(F)C(F)(F)C(F)(F)C(F)(F)C(F)(F)F,C8HF17O3S,500.13,17,58.620689655172406,8,17,8,500.1259999999999,7.0,2.0,1.0,0.0,0.0,Long-chain,False,False,False,True,Long-chain Branched Highly-fluorinated,Indirect Thermal Desorption,Pilot,Soil,500.0,120.0,,False,High,Medium,7760.0,
1763-23-1,Perfluorooctanesulfonic acid,OS(=O)(=O)C(F)(F)C(F)(F)C(F)(F)C(F)(F)C(F)(F)C(F)(F)C(F)(F)C(F)(F)F,C8HF17O3S,500.13,17,58.620689655172406,8,17,8,500.1259999999999,7.0,2.0,1.0,0.0,0.0,Long-chain,False,False,False,True,Long-chain Branched Highly-fluorinated,Pyrolysis,Lab,Sludge,900.0,15.0,,False,High,Short,,
1763-23-1,Perfluorooctanesulfonic acid,OS(=O)(=O)C(F)(F)C(F)(F)C(F)(F)C(F)(F)C(F)(F)C(F)(F)C(F)(F)C(F)(F)F,C8HF17O3S,500.13,17,58.620689655172406,8,17,8,500.1259999999999,7.0,2.0,1.0,0.0,0.0,Long-chain,False,False,False,True,Long-chain Branched Highly-fluorinated,Pyrolysis,Lab,Sludge,900.0,15.0,,False,High,Short,,
1763-23-1,Perfluorooctanesulfonic acid,OS(=O)(=O)C(F)(F)C(F)(F)C(F)(F)C(F)(F)C(F)(F)C(F)(F)C(F)(F)C(F)(F)F,C8HF17O3S,500.13,17,58.620689655172406,8,17,8,500.1259999999999,7.0,2.0,1.0,0.0,0.0,Long-chain,False,False,False,True,Long-chain Branched Highly-fluorinated,Pyrolysis,Lab,Sludge,900.0,15.0,,False,High,Short,,
1763-23-1,Perfluorooctanesulfonic acid,OS(=O)(=O)C(F)(F)C(F)(F)C(F)(F)C(F)(F)C(F)(F)C(F)(F)C(F)(F)C(F)(F)F,C8HF17O3S,500.13,17,58.620689655172406,8,17,8,500.1259999999999,7.0,2.0,1.0,0.0,0.0,Long-chain,False,False,False,True,Long-chain Branched Highly-fluorinated,Pyrolysis,Lab,Sludge,900.0,15.0,,False,High,Short,,
1763-23-1,Perfluorooctanesulfonic acid,OS(=O)(=O)C(F)(F)C(F)(F)C(F)(F)C(F)(F)C(F)(F)C(F)(F)C(F)(F)C(F)(F)F,C8HF17O3S,500.13,17,58.620689655172406,8,17,8,500.1259999999999,7.0,2.0,1.0,0.0,0.0,Long-chain,False,False,False,True,Long-chain Branched Highly-fluorinated,Pyrolysis,Lab,Sludge,900.0,15.0,,False,High,Short,,
1763-23-1,Perfluorooctanesulfonic acid,OS(=O)(=O)C(F)(F)C(F)(F)C(F)(F)C(F)(F)C(F)(F)C(F)(F)C(F)(F)C(F)(F)F,C8HF17O3S,500.13,17,58.620689655172406,8,17,8,500.1259999999999,7.0,2.0,1.0,0.0,0.0,Long-chain,False,False,False,True,Long-chain Branched Highly-fluorinated,Pyrolysis,Lab,Sludge,900.0,15.0,,False,High,Short,,
1763-23-1,Perfluorooctanesulfonic acid,OS(=O)(=O)C(F)(F)C(F)(F)C(F)(F)C(F)(F)C(F)(F)C(F)(F)C(F)(F)C(F)(F)F,C8HF17O3S,500.13,17,58.620689655172406,8,17,8,500.1259999999999,7.0,2.0,1.0,0.0,0.0,Long-chain,False,False,False,True,Long-chain Branched Highly-fluorinated,Pyrolysis,Lab,Sludge,900.0,15.0,,False,High,Short,,
1763-23-1,Perfluorooctanesulfonic acid,OS(=O)(=O)C(F)(F)C(F)(F)C(F)(F)C(F)(F)C(F)(F)C(F)(F)C(F)(F)C(F)(F)F,C8HF17O3S,500.13,17,58.620689655172406,8,17,8,500.1259999999999,7.0,2.0,1.0,0.0,0.0,Long-chain,False,False,False,True,Long-chain Branched Highly-fluorinated,Pyrolysis,Lab,Sludge,900.0,15.0,,False,High,Short,,
1763-23-1,Perfluorooctanesulfonic acid,OS(=O)(=O)C(F)(F)C(F)(F)C(F)(F)C(F)(F)C(F)(F)C(F)(F)C(F)(F)C(F)(F)F,C8HF17O3S,500.13,17,58.620689655172406,8,17,8,500.1259999999999,7.0,2.0,1.0,0.0,0.0,Long-chain,False,False,False,True,Long-chain Branched Highly-fluorinated,Pyrolysis,Lab,Sludge,900.0,15.0,,False,High,Short,,
1763-23-1,Perfluorooctanesulfonic acid,OS(=O)(=O)C(F)(F)C(F)(F)C(F)(F)C(F)(F)C(F)(F)C(F)(F)C(F)(F)C(F)(F)F,C8HF17O3S,500.13,17,58.620689655172406,8,17,8,500.1259999999999,7.0,2.0,1.0,0.0,0.0,Long-chain,False,False,False,True,Long-chain Branched Highly-fluorinated,Pyrolysis,Lab,Sludge,900.0,15.0,,False,High,Short,,
1763-23-1,Perfluorooctanesulfonic acid,OS(=O)(=O)C(F)(F)C(F)(F)C(F)(F)C(F)(F)C(F)(F)C(F)(F)C(F)(F)C(F)(F)F,C8HF17O3S,500.13,17,58.620689655172406,8,17,8,500.1259999999999,7.0,2.0,1.0,0.0,0.0,Long-chain,False,False,False,True,Long-chain Branched Highly-fluorinated,Pyrolysis,Lab,Sludge,900.0,15.0,,False,High,Short,,
1763-23-1,Perfluorooctanesulfonic acid,OS(=O)(=O)C(F)(F)C(F)(F)C(F)(F)C(F)(F)C(F)(F)C(F)(F)C(F)(F)C(F)(F)F,C8HF17O3S,500.13,17,58.620689655172406,8,17,8,500.1259999999999,7.0,2.0,1.0,0.0,0.0,Long-chain,False,False,False,True,Long-chain Branched Highly-fluorinated,Pyrolysis,Lab,Sludge,900.0,15.0,,False,High,Short,,
1763-23-1,Perfluorooctanesulfonic acid,OS(=O)(=O)C(F)(F)C(F)(F)C(F)(F)C(F)(F)C(F)(F)C(F)(F)C(F)(F)C(F)(F)F,C8HF17O3S,500.13,17,58.620689655172406,8,17,8,500.1259999999999,7.0,2.0,1.0,0.0,0.0,Long-chain,False,False,False,True,Long-chain Branched Highly-fluorinated,Pyrolysis,Lab,Sludge,400.0,15.0,,False,Medium,Short,,
1763-23-1,Perfluorooctanesulfonic acid,OS(=O)(=O)C(F)(F)C(F)(F)C(F)(F)C(F)(F)C(F)(F)C(F)(F)C(F)(F)C(F)(F)F,C8HF17O3S,500.13,17,58.620689655172406,8,17,8,500.1259999999999,7.0,2.0,1.0,0.0,0.0,Long-chain,False,False,False,True,Long-chain Branched Highly-fluorinated,Pyrolysis,Lab,Sludge,400.0,15.0,,False,Medium,Short,,
1763-23-1,Perfluorooctanesulfonic acid,OS(=O)(=O)C(F)(F)C(F)(F)C(F)(F)C(F)(F)C(F)(F)C(F)(F)C(F)(F)C(F)(F)F,C8HF17O3S,500.13,17,58.620689655172406,8,17,8,500.1259999999999,7.0,2.0,1.0,0.0,0.0,Long-chain,False,False,False,True,Long-chain Branched Highly-fluorinated,Pyrolysis,Lab,Sludge,400.0,15.0,,False,Medium,Short,,
1763-23-1,Perfluorooctanesulfonic acid,OS(=O)(=O)C(F)(F)C(F)(F)C(F)(F)C(F)(F)C(F)(F)C(F)(F)C(F)(F)C(F)(F)F,C8HF17O3S,500.13,17,58.620689655172406,8,17,8,500.1259999999999,7.0,2.0,1.0,0.0,0.0,Long-chain,False,False,False,True,Long-chain Branched Highly-fluorinated,Pyrolysis,Lab,Sludge,400.0,15.0,,False,Medium,Short,,
1763-23-1,Perfluorooctanesulfonic acid,OS(=O)(=O)C(F)(F)C(F)(F)C(F)(F)C(F)(F)C(F)(F)C(F)(F)C(F)(F)C(F)(F)F,C8HF17O3S,500.13,17,58.620689655172406,8,17,8,500.1259999999999,7.0,2.0,1.0,0.0,0.0,Long-chain,False,False,False,True,Long-chain Branched Highly-fluorinated,Pyrolysis,Lab,Sludge,400.0,15.0,,False,Medium,Short,,
1763-23-1,Perfluorooctanesulfonic acid,OS(=O)(=O)C(F)(F)C(F)(F)C(F)(F)C(F)(F)C(F)(F)C(F)(F)C(F)(F)C(F)(F)F,C8HF17O3S,500.13,17,58.620689655172406,8,17,8,500.1259999999999,7.0,2.0,1.0,0.0,0.0,Long-chain,False,False,False,True,Long-chain Branched Highly-fluorinated,Pyrolysis,Lab,Sludge,400.0,15.0,,False,Medium,Short,,
1763-23-1,Perfluorooctanesulfonic acid,OS(=O)(=O)C(F)(F)C(F)(F)C(F)(F)C(F)(F)C(F)(F)C(F)(F)C(F)(F)C(F)(F)F,C8HF17O3S,500.13,17,58.620689655172406,8,17,8,500.1259999999999,7.0,2.0,1.0,0.0,0.0,Long-chain,False,False,False,True,Long-chain Branched Highly-fluorinated,Pyrolysis,Lab,Sludge,400.0,15.0,,False,Medium,Short,,
1763-23-1,Perfluorooctanesulfonic acid,OS(=O)(=O)C(F)(F)C(F)(F)C(F)(F)C(F)(F)C(F)(F)C(F)(F)C(F)(F)C(F)(F)F,C8HF17O3S,500.13,17,58.620689655172406,8,17,8,500.1259999999999,7.0,2.0,1.0,0.0,0.0,Long-chain,False,False,False,True,Long-chain Branched Highly-fluorinated,Pyrolysis,Lab,Sludge,400.0,15.0,,False,Medium,Short,,
1763-23-1,Perfluorooctanesulfonic acid,OS(=O)(=O)C(F)(F)C(F)(F)C(F)(F)C(F)(F)C(F)(F)C(F)(F)C(F)(F)C(F)(F)F,C8HF17O3S,500.13,17,58.620689655172406,8,17,8,500.1259999999999,7.0,2.0,1.0,0.0,0.0,Long-chain,False,False,False,True,Long-chain Branched Highly-fluorinated,Pyrolysis,Lab,Sludge,400.0,15.0,,False,Medium,Short,,
1763-23-1,Perfluorooctanesulfonic acid,OS(=O)(=O)C(F)(F)C(F)(F)C(F)(F)C(F)(F)C(F)(F)C(F)(F)C(F)(F)C(F)(F)F,C8HF17O3S,500.13,17,58.620689655172406,8,17,8,500.1259999999999,7.0,2.0,1.0,0.0,0.0,Long-chain,False,False,False,True,Long-chain Branched Highly-fluorinated,Pyrolysis,Lab,Sludge,400.0,15.0,,False,Medium,Short,,
1763-23-1,Perfluorooctanesulfonic acid,OS(=O)(=O)C(F)(F)C(F)(F)C(F)(F)C(F)(F)C(F)(F)C(F)(F)C(F)(F)C(F)(F)F,C8HF17O3S,500.13,17,58.620689655172406,8,17,8,500.1259999999999,7.0,2.0,1.0,0.0,0.0,Long-chain,False,False,False,True,Long-chain Branched Highly-fluorinated,Pyrolysis,Lab,Sludge,400.0,15.0,,False,Medium,Short,,
1763-23-1,Perfluorooctanesulfonic acid,OS(=O)(=O)C(F)(F)C(F)(F)C(F)(F)C(F)(F)C(F)(F)C(F)(F)C(F)(F)C(F)(F)F,C8HF17O3S,500.13,17,58.620689655172406,8,17,8,500.1259999999999,7.0,2.0,1.0,0.0,0.0,Long-chain,False,False,False,True,Long-chain Branched Highly-fluorinated,Pyrolysis,Lab,Sludge,400.0,15.0,,False,Medium,Short,,
1763-23-1,Perfluorooctanesulfonic acid,OS(=O)(=O)C(F)(F)C(F)(F)C(F)(F)C(F)(F)C(F)(F)C(F)(F)C(F)(F)C(F)(F)F,C8HF17O3S,500.13,17,58.620689655172406,8,17,8,500.1259999999999,7.0,2.0,1.0,0.0,0.0,Long-chain,False,False,False,True,Long-chain Branched Highly-fluorinated,Pyrolysis,Lab,Sludge,900.0,10.0,,False,High,Short,,
1763-23-1,Perfluorooctanesulfonic acid,OS(=O)(=O)C(F)(F)C(F)(F)C(F)(F)C(F)(F)C(F)(F)C(F)(F)C(F)(F)C(F)(F)F,C8HF17O3S,500.13,17,58.620689655172406,8,17,8,500.1259999999999,7.0,2.0,1.0,0.0,0.0,Long-chain,False,False,False,True,Long-chain Branched Highly-fluorinated,Pyrolysis,Lab,Sludge,900.0,10.0,,False,High,Short,,
1763-23-1,Perfluorooctanesulfonic acid,OS(=O)(=O)C(F)(F)C(F)(F)C(F)(F)C(F)(F)C(F)(F)C(F)(F)C(F)(F)C(F)(F)F,C8HF17O3S,500.13,17,58.620689655172406,8,17,8,500.1259999999999,7.0,2.0,1.0,0.0,0.0,Long-chain,False,False,False,True,Long-chain Branched Highly-fluorinated,Pyrolysis,Lab,Sludge,900.0,10.0,,False,High,Short,,
1763-23-1,Perfluorooctanesulfonic acid,OS(=O)(=O)C(F)(F)C(F)(F)C(F)(F)C(F)(F)C(F)(F)C(F)(F)C(F)(F)C(F)(F)F,C8HF17O3S,500.13,17,58.620689655172406,8,17,8,500.1259999999999,7.0,2.0,1.0,0.0,0.0,Long-chain,False,False,False,True,Long-chain Branched Highly-fluorinated,Pyrolysis,Lab,Sludge,900.0,5.0,,False,High,Short,,
1763-23-1,Perfluorooctanesulfonic acid,OS(=O)(=O)C(F)(F)C(F)(F)C(F)(F)C(F)(F)C(F)(F)C(F)(F)C(F)(F)C(F)(F)F,C8HF17O3S,500.13,17,58.620689655172406,8,17,8,500.1259999999999,7.0,2.0,1.0,0.0,0.0,Long-chain,False,False,False,True,Long-chain Branched Highly-fluorinated,Pyrolysis,Lab,Sludge,900.0,5.0,,False,High,Short,,
1763-23-1,Perfluorooctanesulfonic acid,OS(=O)(=O)C(F)(F)C(F)(F)C(F)(F)C(F)(F)C(F)(F)C(F)(F)C(F)(F)C(F)(F)F,C8HF17O3S,500.13,17,58.620689655172406,8,17,8,500.1259999999999,7.0,2.0,1.0,0.0,0.0,Long-chain,False,False,False,True,Long-chain Branched Highly-fluorinated,Pyrolysis,Lab,Sludge,900.0,5.0,,False,High,Short,,
1763-23-1,Perfluorooctanesulfonic acid,OS(=O)(=O)C(F)(F)C(F)(F)C(F)(F)C(F)(F)C(F)(F)C(F)(F)C(F)(F)C(F)(F)F,C8HF17O3S,500.13,17,58.620689655172406,8,17,8,500.1259999999999,7.0,2.0,1.0,0.0,0.0,Long-chain,False,False,False,True,Long-chain Branched Highly-fluorinated,Pyrolysis,Lab,Sludge,900.0,3.0,,False,High,Short,,
1763-23-1,Perfluorooctanesulfonic acid,OS(=O)(=O)C(F)(F)C(F)(F)C(F)(F)C(F)(F)C(F)(F)C(F)(F)C(F)(F)C(F)(F)F,C8HF17O3S,500.13,17,58.620689655172406,8,17,8,500.1259999999999,7.0,2.0,1.0,0.0,0.0,Long-chain,False,False,False,True,Long-chain Branched Highly-fluorinated,Pyrolysis,Lab,Sludge,900.0,3.0,,False,High,Short,,
1763-23-1,Perfluorooctanesulfonic acid,OS(=O)(=O)C(F)(F)C(F)(F)C(F)(F)C(F)(F)C(F)(F)C(F)(F)C(F)(F)C(F)(F)F,C8HF17O3S,500.13,17,58.620689655172406,8,17,8,500.1259999999999,7.0,2.0,1.0,0.0,0.0,Long-chain,False,False,False,True,Long-chain Branched Highly-fluorinated,Pyrolysis,Lab,Sludge,900.0,3.0,,False,High,Short,,
1763-23-1,Perfluorooctanesulfonic acid,OS(=O)(=O)C(F)(F)C(F)(F)C(F)(F)C(F)(F)C(F)(F)C(F)(F)C(F)(F)C(F)(F)F,C8HF17O3S,500.13,17,58.620689655172406,8,17,8,500.1259999999999,7.0,2.0,1.0,0.0,0.0,Long-chain,False,False,False,True,Long-chain Branched Highly-fluorinated,Pyrolysis,Lab,Sludge,900.0,1.0,,False,High,Short,,
1763-23-1,Perfluorooctanesulfonic acid,OS(=O)(=O)C(F)(F)C(F)(F)C(F)(F)C(F)(F)C(F)(F)C(F)(F)C(F)(F)C(F)(F)F,C8HF17O3S,500.13,17,58.620689655172406,8,17,8,500.1259999999999,7.0,2.0,1.0,0.0,0.0,Long-chain,False,False,False,True,Long-chain Branched Highly-fluorinated,Pyrolysis,Lab,Sludge,900.0,1.0,,False,High,Short,,
1763-23-1,Perfluorooctanesulfonic acid,OS(=O)(=O)C(F)(F)C(F)(F)C(F)(F)C(F)(F)C(F)(F)C(F)(F)C(F)(F)C(F)(F)F,C8HF17O3S,500.13,17,58.620689655172406,8,17,8,500.1259999999999,7.0,2.0,1.0,0.0,0.0,Long-chain,False,False,False,True,Long-chain Branched Highly-fluorinated,Pyrolysis,Lab,Sludge,900.0,1.0,,False,High,Short,,
1763-23-1,Perfluorooctanesulfonic acid,OS(=O)(=O)C(F)(F)C(F)(F)C(F)(F)C(F)(F)C(F)(F)C(F)(F)C(F)(F)C(F)(F)F,C8HF17O3S,500.13,17,58.620689655172406,8,17,8,500.1259999999999,7.0,2.0,1.0,0.0,0.0,Long-chain,False,False,False,True,Long-chain Branched Highly-fluorinated,Pyrolysis,Lab,Sludge,600.0,10.0,,False,High,Short,,
1763-23-1,Perfluorooctanesulfonic acid,OS(=O)(=O)C(F)(F)C(F)(F)C(F)(F)C(F)(F)C(F)(F)C(F)(F)C(F)(F)C(F)(F)F,C8HF17O3S,500.13,17,58.620689655172406,8,17,8,500.1259999999999,7.0,2.0,1.0,0.0,0.0,Long-chain,False,False,False,True,Long-chain Branched Highly-fluorinated,Pyrolysis,Lab,Sludge,600.0,10.0,,False,High,Short,,
1763-23-1,Perfluorooctanesulfonic acid,OS(=O)(=O)C(F)(F)C(F)(F)C(F)(F)C(F)(F)C(F)(F)C(F)(F)C(F)(F)C(F)(F)F,C8HF17O3S,500.13,17,58.620689655172406,8,17,8,500.1259999999999,7.0,2.0,1.0,0.0,0.0,Long-chain,False,False,False,True,Long-chain Branched Highly-fluorinated,Pyrolysis,Lab,Sludge,600.0,10.0,,False,High,Short,,
1763-23-1,Perfluorooctanesulfonic acid,OS(=O)(=O)C(F)(F)C(F)(F)C(F)(F)C(F)(F)C(F)(F)C(F)(F)C(F)(F)C(F)(F)F,C8HF17O3S,500.13,17,58.620689655172406,8,17,8,500.1259999999999,7.0,2.0,1.0,0.0,0.0,Long-chain,False,False,False,True,Long-chain Branched Highly-fluorinated,Pyrolysis,Lab,Sludge,600.0,5.0,,False,High,Short,,
1763-23-1,Perfluorooctanesulfonic acid,OS(=O)(=O)C(F)(F)C(F)(F)C(F)(F)C(F)(F)C(F)(F)C(F)(F)C(F)(F)C(F)(F)F,C8HF17O3S,500.13,17,58.620689655172406,8,17,8,500.1259999999999,7.0,2.0,1.0,0.0,0.0,Long-chain,False,False,False,True,Long-chain Branched Highly-fluorinated,Pyrolysis,Lab,Sludge,600.0,5.0,,False,High,Short,,
1763-23-1,Perfluorooctanesulfonic acid,OS(=O)(=O)C(F)(F)C(F)(F)C(F)(F)C(F)(F)C(F)(F)C(F)(F)C(F)(F)C(F)(F)F,C8HF17O3S,500.13,17,58.620689655172406,8,17,8,500.1259999999999,7.0,2.0,1.0,0.0,0.0,Long-chain,False,False,False,True,Long-chain Branched Highly-fluorinated,Pyrolysis,Lab,Sludge,600.0,5.0,,False,High,Short,,
1763-23-1,Perfluorooctanesulfonic acid,OS(=O)(=O)C(F)(F)C(F)(F)C(F)(F)C(F)(F)C(F)(F)C(F)(F)C(F)(F)C(F)(F)F,C8HF17O3S,500.13,17,58.620689655172406,8,17,8,500.1259999999999,7.0,2.0,1.0,0.0,0.0,Long-chain,False,False,False,True,Long-chain Branched Highly-fluorinated,Pyrolysis,Lab,Sludge,600.0,3.0,,False,High,Short,,
1763-23-1,Perfluorooctanesulfonic acid,OS(=O)(=O)C(F)(F)C(F)(F)C(F)(F)C(F)(F)C(F)(F)C(F)(F)C(F)(F)C(F)(F)F,C8HF17O3S,500.13,17,58.620689655172406,8,17,8,500.1259999999999,7.0,2.0,1.0,0.0,0.0,Long-chain,False,False,False,True,Long-chain Branched Highly-fluorinated,Pyrolysis,Lab,Sludge,600.0,3.0,,False,High,Short,,
1763-23-1,Perfluorooctanesulfonic acid,OS(=O)(=O)C(F)(F)C(F)(F)C(F)(F)C(F)(F)C(F)(F)C(F)(F)C(F)(F)C(F)(F)F,C8HF17O3S,500.13,17,58.620689655172406,8,17,8,500.1259999999999,7.0,2.0,1.0,0.0,0.0,Long-chain,False,False,False,True,Long-chain Branched Highly-fluorinated,Pyrolysis,Lab,Sludge,600.0,3.0,,False,High,Short,,
1763-23-1,Perfluorooctanesulfonic acid,OS(=O)(=O)C(F)(F)C(F)(F)C(F)(F)C(F)(F)C(F)(F)C(F)(F)C(F)(F)C(F)(F)F,C8HF17O3S,500.13,17,58.620689655172406,8,17,8,500.1259999999999,7.0,2.0,1.0,0.0,0.0,Long-chain,False,False,False,True,Long-chain Branched Highly-fluorinated,Pyrolysis,Lab,Sludge,600.0,1.0,,False,High,Short,,
1763-23-1,Perfluorooctanesulfonic acid,OS(=O)(=O)C(F)(F)C(F)(F)C(F)(F)C(F)(F)C(F)(F)C(F)(F)C(F)(F)C(F)(F)F,C8HF17O3S,500.13,17,58.620689655172406,8,17,8,500.1259999999999,7.0,2.0,1.0,0.0,0.0,Long-chain,False,False,False,True,Long-chain Branched Highly-fluorinated,Pyrolysis,Lab,Sludge,600.0,1.0,,False,High,Short,,
1763-23-1,Perfluorooctanesulfonic acid,OS(=O)(=O)C(F)(F)C(F)(F)C(F)(F)C(F)(F)C(F)(F)C(F)(F)C(F)(F)C(F)(F)F,C8HF17O3S,500.13,17,58.620689655172406,8,17,8,500.1259999999999,7.0,2.0,1.0,0.0,0.0,Long-chain,False,False,False,True,Long-chain Branched Highly-fluorinated,Pyrolysis,Lab,Sludge,600.0,1.0,,False,High,Short,,
1763-23-1,Perfluorooctanesulfonic acid,OS(=O)(=O)C(F)(F)C(F)(F)C(F)(F)C(F)(F)C(F)(F)C(F)(F)C(F)(F)C(F)(F)F,C8HF17O3S,500.13,17,58.620689655172406,8,17,8,500.1259999999999,7.0,2.0,1.0,0.0,0.0,Long-chain,False,False,False,True,Long-chain Branched Highly-fluorinated,Pyrolysis,Lab,Sludge,400.0,10.0,,False,Medium,Short,,
1763-23-1,Perfluorooctanesulfonic acid,OS(=O)(=O)C(F)(F)C(F)(F)C(F)(F)C(F)(F)C(F)(F)C(F)(F)C(F)(F)C(F)(F)F,C8HF17O3S,500.13,17,58.620689655172406,8,17,8,500.1259999999999,7.0,2.0,1.0,0.0,0.0,Long-chain,False,False,False,True,Long-chain Branched Highly-fluorinated,Pyrolysis,Lab,Sludge,400.0,10.0,,False,Medium,Short,,
1763-23-1,Perfluorooctanesulfonic acid,OS(=O)(=O)C(F)(F)C(F)(F)C(F)(F)C(F)(F)C(F)(F)C(F)(F)C(F)(F)C(F)(F)F,C8HF17O3S,500.13,17,58.620689655172406,8,17,8,500.1259999999999,7.0,2.0,1.0,0.0,0.0,Long-chain,False,False,False,True,Long-chain Branched Highly-fluorinated,Pyrolysis,Lab,Sludge,400.0,10.0,,False,Medium,Short,,
1763-23-1,Perfluorooctanesulfonic acid,OS(=O)(=O)C(F)(F)C(F)(F)C(F)(F)C(F)(F)C(F)(F)C(F)(F)C(F)(F)C(F)(F)F,C8HF17O3S,500.13,17,58.620689655172406,8,17,8,500.1259999999999,7.0,2.0,1.0,0.0,0.0,Long-chain,False,False,False,True,Long-chain Branched Highly-fluorinated,Pyrolysis,Lab,Sludge,400.0,5.0,,False,Medium,Short,,
1763-23-1,Perfluorooctanesulfonic acid,OS(=O)(=O)C(F)(F)C(F)(F)C(F)(F)C(F)(F)C(F)(F)C(F)(F)C(F)(F)C(F)(F)F,C8HF17O3S,500.13,17,58.620689655172406,8,17,8,500.1259999999999,7.0,2.0,1.0,0.0,0.0,Long-chain,False,False,False,True,Long-chain Branched Highly-fluorinated,Pyrolysis,Lab,Sludge,400.0,5.0,,False,Medium,Short,,
1763-23-1,Perfluorooctanesulfonic acid,OS(=O)(=O)C(F)(F)C(F)(F)C(F)(F)C(F)(F)C(F)(F)C(F)(F)C(F)(F)C(F)(F)F,C8HF17O3S,500.13,17,58.620689655172406,8,17,8,500.1259999999999,7.0,2.0,1.0,0.0,0.0,Long-chain,False,False,False,True,Long-chain Branched Highly-fluorinated,Pyrolysis,Lab,Sludge,400.0,5.0,,False,Medium,Short,,
1763-23-1,Perfluorooctanesulfonic acid,OS(=O)(=O)C(F)(F)C(F)(F)C(F)(F)C(F)(F)C(F)(F)C(F)(F)C(F)(F)C(F)(F)F,C8HF17O3S,500.13,17,58.620689655172406,8,17,8,500.1259999999999,7.0,2.0,1.0,0.0,0.0,Long-chain,False,False,False,True,Long-chain Branched Highly-fluorinated,Pyrolysis,Lab,Sludge,400.0,3.0,,False,Medium,Short,,
1763-23-1,Perfluorooctanesulfonic acid,OS(=O)(=O)C(F)(F)C(F)(F)C(F)(F)C(F)(F)C(F)(F)C(F)(F)C(F)(F)C(F)(F)F,C8HF17O3S,500.13,17,58.620689655172406,8,17,8,500.1259999999999,7.0,2.0,1.0,0.0,0.0,Long-chain,False,False,False,True,Long-chain Branched Highly-fluorinated,Pyrolysis,Lab,Sludge,400.0,3.0,,False,Medium,Short,,
1763-23-1,Perfluorooctanesulfonic acid,OS(=O)(=O)C(F)(F)C(F)(F)C(F)(F)C(F)(F)C(F)(F)C(F)(F)C(F)(F)C(F)(F)F,C8HF17O3S,500.13,17,58.620689655172406,8,17,8,500.1259999999999,7.0,2.0,1.0,0.0,0.0,Long-chain,False,False,False,True,Long-chain Branched Highly-fluorinated,Pyrolysis,Lab,Sludge,400.0,3.0,,False,Medium,Short,,
1763-23-1,Perfluorooctanesulfonic acid,OS(=O)(=O)C(F)(F)C(F)(F)C(F)(F)C(F)(F)C(F)(F)C(F)(F)C(F)(F)C(F)(F)F,C8HF17O3S,500.13,17,58.620689655172406,8,17,8,500.1259999999999,7.0,2.0,1.0,0.0,0.0,Long-chain,False,False,False,True,Long-chain Branched Highly-fluorinated,Pyrolysis,Lab,Sludge,400.0,1.0,,False,Medium,Short,,
1763-23-1,Perfluorooctanesulfonic acid,OS(=O)(=O)C(F)(F)C(F)(F)C(F)(F)C(F)(F)C(F)(F)C(F)(F)C(F)(F)C(F)(F)F,C8HF17O3S,500.13,17,58.620689655172406,8,17,8,500.1259999999999,7.0,2.0,1.0,0.0,0.0,Long-chain,False,False,False,True,Long-chain Branched Highly-fluorinated,Pyrolysis,Lab,Sludge,400.0,1.0,,False,Medium,Short,,
1763-23-1,Perfluorooctanesulfonic acid,OS(=O)(=O)C(F)(F)C(F)(F)C(F)(F)C(F)(F)C(F)(F)C(F)(F)C(F)(F)C(F)(F)F,C8HF17O3S,500.13,17,58.620689655172406,8,17,8,500.1259999999999,7.0,2.0,1.0,0.0,0.0,Long-chain,False,False,False,True,Long-chain Branched Highly-fluorinated,Pyrolysis,Lab,Sludge,400.0,1.0,,False,Medium,Short,,
1763-23-1,Perfluorooctanesulfonic acid,OS(=O)(=O)C(F)(F)C(F)(F)C(F)(F)C(F)(F)C(F)(F)C(F)(F)C(F)(F)C(F)(F)F,C8HF17O3S,500.13,17,58.620689655172406,8,17,8,500.1259999999999,7.0,2.0,1.0,0.0,0.0,Long-chain,False,False,False,True,Long-chain Branched Highly-fluorinated,Pyrolysis,Lab,Sludge,500.0,15.0,,False,High,Short,,
1763-23-1,Perfluorooctanesulfonic acid,OS(=O)(=O)C(F)(F)C(F)(F)C(F)(F)C(F)(F)C(F)(F)C(F)(F)C(F)(F)C(F)(F)F,C8HF17O3S,500.13,17,58.620689655172406,8,17,8,500.1259999999999,7.0,2.0,1.0,0.0,0.0,Long-chain,False,False,False,True,Long-chain Branched Highly-fluorinated,Pyrolysis,Lab,Sludge,500.0,15.0,,False,High,Short,,
1763-23-1,Perfluorooctanesulfonic acid,OS(=O)(=O)C(F)(F)C(F)(F)C(F)(F)C(F)(F)C(F)(F)C(F)(F)C(F)(F)C(F)(F)F,C8HF17O3S,500.13,17,58.620689655172406,8,17,8,500.1259999999999,7.0,2.0,1.0,0.0,0.0,Long-chain,False,False,False,True,Long-chain Branched Highly-fluorinated,Pyrolysis,Lab,Sludge,400.0,15.0,,False,Medium,Short,,
1763-23-1,Perfluorooctanesulfonic acid,OS(=O)(=O)C(F)(F)C(F)(F)C(F)(F)C(F)(F)C(F)(F)C(F)(F)C(F)(F)C(F)(F)F,C8HF17O3S,500.13,17,58.620689655172406,8,17,8,500.1259999999999,7.0,2.0,1.0,0.0,0.0,Long-chain,False,False,False,True,Long-chain Branched Highly-fluorinated,Pyrolysis,Lab,Sludge,400.0,15.0,,False,Medium,Short,,
1763-23-1,Perfluorooctanesulfonic acid,OS(=O)(=O)C(F)(F)C(F)(F)C(F)(F)C(F)(F)C(F)(F)C(F)(F)C(F)(F)C(F)(F)F,C8HF17O3S,500.13,17,58.620689655172406,8,17,8,500.1259999999999,7.0,2.0,1.0,0.0,0.0,Long-chain,False,False,False,True,Long-chain Branched Highly-fluorinated,Pyrolysis,Lab,Sludge,300.0,15.0,,False,Medium,Short,,
1763-23-1,Perfluorooctanesulfonic acid,OS(=O)(=O)C(F)(F)C(F)(F)C(F)(F)C(F)(F)C(F)(F)C(F)(F)C(F)(F)C(F)(F)F,C8HF17O3S,500.13,17,58.620689655172406,8,17,8,500.1259999999999,7.0,2.0,1.0,0.0,0.0,Long-chain,False,False,False,True,Long-chain Branched Highly-fluorinated,Pyrolysis,Lab,Sludge,300.0,15.0,,False,Medium,Short,,
1763-23-1,Perfluorooctanesulfonic acid,OS(=O)(=O)C(F)(F)C(F)(F)C(F)(F)C(F)(F)C(F)(F)C(F)(F)C(F)(F)C(F)(F)F,C8HF17O3S,500.13,17,58.620689655172406,8,17,8,500.1259999999999,7.0,2.0,1.0,0.0,0.0,Long-chain,False,False,False,True,Long-chain Branched Highly-fluorinated,Pyrolysis,Lab,Sludge,900.0,15.0,,False,High,Short,,
1763-23-1,Perfluorooctanesulfonic acid,OS(=O)(=O)C(F)(F)C(F)(F)C(F)(F)C(F)(F)C(F)(F)C(F)(F)C(F)(F)C(F)(F)F,C8HF17O3S,500.13,17,58.620689655172406,8,17,8,500.1259999999999,7.0,2.0,1.0,0.0,0.0,Long-chain,False,False,False,True,Long-chain Branched Highly-fluorinated,Pyrolysis,Lab,Sludge,900.0,15.0,,False,High,Short,,
1763-23-1,Perfluorooctanesulfonic acid,OS(=O)(=O)C(F)(F)C(F)(F)C(F)(F)C(F)(F)C(F)(F)C(F)(F)C(F)(F)C(F)(F)F,C8HF17O3S,500.13,17,58.620689655172406,8,17,8,500.1259999999999,7.0,2.0,1.0,0.0,0.0,Long-chain,False,False,False,True,Long-chain Branched Highly-fluorinated,Pyrolysis,Lab,Sludge,900.0,15.0,,False,High,Short,,
1763-23-1,Perfluorooctanesulfonic acid,OS(=O)(=O)C(F)(F)C(F)(F)C(F)(F)C(F)(F)C(F)(F)C(F)(F)C(F)(F)C(F)(F)F,C8HF17O3S,500.13,17,58.620689655172406,8,17,8,500.1259999999999,7.0,2.0,1.0,0.0,0.0,Long-chain,False,False,False,True,Long-chain Branched Highly-fluorinated,Pyrolysis,Lab,Sludge,800.0,15.0,,False,High,Short,,
1763-23-1,Perfluorooctanesulfonic acid,OS(=O)(=O)C(F)(F)C(F)(F)C(F)(F)C(F)(F)C(F)(F)C(F)(F)C(F)(F)C(F)(F)F,C8HF17O3S,500.13,17,58.620689655172406,8,17,8,500.1259999999999,7.0,2.0,1.0,0.0,0.0,Long-chain,False,False,False,True,Long-chain Branched Highly-fluorinated,Pyrolysis,Lab,Sludge,800.0,15.0,,False,High,Short,,
1763-23-1,Perfluorooctanesulfonic acid,OS(=O)(=O)C(F)(F)C(F)(F)C(F)(F)C(F)(F)C(F)(F)C(F)(F)C(F)(F)C(F)(F)F,C8HF17O3S,500.13,17,58.620689655172406,8,17,8,500.1259999999999,7.0,2.0,1.0,0.0,0.0,Long-chain,False,False,False,True,Long-chain Branched Highly-fluorinated,Pyrolysis,Lab,Sludge,800.0,15.0,,False,High,Short,,
1763-23-1,Perfluorooctanesulfonic acid,OS(=O)(=O)C(F)(F)C(F)(F)C(F)(F)C(F)(F)C(F)(F)C(F)(F)C(F)(F)C(F)(F)F,C8HF17O3S,500.13,17,58.620689655172406,8,17,8,500.1259999999999,7.0,2.0,1.0,0.0,0.0,Long-chain,False,False,False,True,Long-chain Branched Highly-fluorinated,Pyrolysis,Lab,Sludge,700.0,15.0,,False,High,Short,,
1763-23-1,Perfluorooctanesulfonic acid,OS(=O)(=O)C(F)(F)C(F)(F)C(F)(F)C(F)(F)C(F)(F)C(F)(F)C(F)(F)C(F)(F)F,C8HF17O3S,500.13,17,58.620689655172406,8,17,8,500.1259999999999,7.0,2.0,1.0,0.0,0.0,Long-chain,False,False,False,True,Long-chain Branched Highly-fluorinated,Pyrolysis,Lab,Sludge,700.0,15.0,,False,High,Short,,
1763-23-1,Perfluorooctanesulfonic acid,OS(=O)(=O)C(F)(F)C(F)(F)C(F)(F)C(F)(F)C(F)(F)C(F)(F)C(F)(F)C(F)(F)F,C8HF17O3S,500.13,17,58.620689655172406,8,17,8,500.1259999999999,7.0,2.0,1.0,0.0,0.0,Long-chain,False,False,False,True,Long-chain Branched Highly-fluorinated,Pyrolysis,Lab,Sludge,700.0,15.0,,False,High,Short,,
1763-23-1,Perfluorooctanesulfonic acid,OS(=O)(=O)C(F)(F)C(F)(F)C(F)(F)C(F)(F)C(F)(F)C(F)(F)C(F)(F)C(F)(F)F,C8HF17O3S,500.13,17,58.620689655172406,8,17,8,500.1259999999999,7.0,2.0,1.0,0.0,0.0,Long-chain,False,False,False,True,Long-chain Branched Highly-fluorinated,Pyrolysis,Lab,Sludge,600.0,15.0,,False,High,Short,,
1763-23-1,Perfluorooctanesulfonic acid,OS(=O)(=O)C(F)(F)C(F)(F)C(F)(F)C(F)(F)C(F)(F)C(F)(F)C(F)(F)C(F)(F)F,C8HF17O3S,500.13,17,58.620689655172406,8,17,8,500.1259999999999,7.0,2.0,1.0,0.0,0.0,Long-chain,False,False,False,True,Long-chain Branched Highly-fluorinated,Pyrolysis,Lab,Sludge,600.0,15.0,,False,High,Short,,
1763-23-1,Perfluorooctanesulfonic acid,OS(=O)(=O)C(F)(F)C(F)(F)C(F)(F)C(F)(F)C(F)(F)C(F)(F)C(F)(F)C(F)(F)F,C8HF17O3S,500.13,17,58.620689655172406,8,17,8,500.1259999999999,7.0,2.0,1.0,0.0,0.0,Long-chain,False,False,False,True,Long-chain Branched Highly-fluorinated,Pyrolysis,Lab,Sludge,600.0,15.0,,False,High,Short,,
1763-23-1,Perfluorooctanesulfonic acid,OS(=O)(=O)C(F)(F)C(F)(F)C(F)(F)C(F)(F)C(F)(F)C(F)(F)C(F)(F)C(F)(F)F,C8HF17O3S,500.13,17,58.620689655172406,8,17,8,500.1259999999999,7.0,2.0,1.0,0.0,0.0,Long-chain,False,False,False,True,Long-chain Branched Highly-fluorinated,Pyrolysis,Lab,Sludge,500.0,15.0,,False,High,Short,,
1763-23-1,Perfluorooctanesulfonic acid,OS(=O)(=O)C(F)(F)C(F)(F)C(F)(F)C(F)(F)C(F)(F)C(F)(F)C(F)(F)C(F)(F)F,C8HF17O3S,500.13,17,58.620689655172406,8,17,8,500.1259999999999,7.0,2.0,1.0,0.0,0.0,Long-chain,False,False,False,True,Long-chain Branched Highly-fluorinated,Pyrolysis,Lab,Sludge,400.0,15.0,,False,Medium,Short,,
1763-23-1,Perfluorooctanesulfonic acid,OS(=O)(=O)C(F)(F)C(F)(F)C(F)(F)C(F)(F)C(F)(F)C(F)(F)C(F)(F)C(F)(F)F,C8HF17O3S,500.13,17,58.620689655172406,8,17,8,500.1259999999999,7.0,2.0,1.0,0.0,0.0,Long-chain,False,False,False,True,Long-chain Branched Highly-fluorinated,Pyrolysis,Lab,Sludge,300.0,15.0,,False,Medium,Short,,
1763-23-1,Perfluorooctanesulfonic acid,OS(=O)(=O)C(F)(F)C(F)(F)C(F)(F)C(F)(F)C(F)(F)C(F)(F)C(F)(F)C(F)(F)F,C8HF17O3S,500.13,17,58.620689655172406,8,17,8,500.1259999999999,7.0,2.0,1.0,0.0,0.0,Long-chain,False,False,False,True,Long-chain Branched Highly-fluorinated,Calcining,Lab,Treatment Media,600.0,20.0,,False,High,Short,,
1763-23-1,Perfluorooctanesulfonic acid,OS(=O)(=O)C(F)(F)C(F)(F)C(F)(F)C(F)(F)C(F)(F)C(F)(F)C(F)(F)C(F)(F)F,C8HF17O3S,500.13,17,58.620689655172406,8,17,8,500.1259999999999,7.0,2.0,1.0,0.0,0.0,Long-chain,False,False,False,True,Long-chain Branched Highly-fluorinated,Calcining,Lab,Treatment Media,200.0,20.0,,False,Medium,Short,,
1763-23-1,Perfluorooctanesulfonic acid,OS(=O)(=O)C(F)(F)C(F)(F)C(F)(F)C(F)(F)C(F)(F)C(F)(F)C(F)(F)C(F)(F)F,C8HF17O3S,500.13,17,58.620689655172406,8,17,8,500.1259999999999,7.0,2.0,1.0,0.0,0.0,Long-chain,False,False,False,True,Long-chain Branched Highly-fluorinated,Incineration,Pilot,Other,986.0,180.0,,False,High,Medium,,3.4
1763-23-1,Perfluorooctanesulfonic acid,OS(=O)(=O)C(F)(F)C(F)(F)C(F)(F)C(F)(F)C(F)(F)C(F)(F)C(F)(F)C(F)(F)F,C8HF17O3S,500.13,17,58.620689655172406,8,17,8,500.1259999999999,7.0,2.0,1.0,0.0,0.0,Long-chain,False,False,False,True,Long-chain Branched Highly-fluorinated,Incineration,Pilot,Other,986.0,180.0,,False,High,Medium,,0.0
1763-23-1,Perfluorooctanesulfonic acid,OS(=O)(=O)C(F)(F)C(F)(F)C(F)(F)C(F)(F)C(F)(F)C(F)(F)C(F)(F)C(F)(F)F,C8HF17O3S,500.13,17,58.620689655172406,8,17,8,500.1259999999999,7.0,2.0,1.0,0.0,0.0,Long-chain,False,False,False,True,Long-chain Branched Highly-fluorinated,Incineration,Pilot,Other,986.0,180.0,,False,High,Medium,,
1763-23-1,Perfluorooctanesulfonic acid,OS(=O)(=O)C(F)(F)C(F)(F)C(F)(F)C(F)(F)C(F)(F)C(F)(F)C(F)(F)C(F)(F)F,C8HF17O3S,500.13,17,58.620689655172406,8,17,8,500.1259999999999,7.0,2.0,1.0,0.0,0.0,Long-chain,False,False,False,True,Long-chain Branched Highly-fluorinated,Incineration,Pilot,Other,986.0,180.0,,False,High,Medium,,0.0
1763-23-1,Perfluorooctanesulfonic acid,OS(=O)(=O)C(F)(F)C(F)(F)C(F)(F)C(F)(F)C(F)(F)C(F)(F)C(F)(F)C(F)(F)F,C8HF17O3S,500.13,17,58.620689655172406,8,17,8,500.1259999999999,7.0,2.0,1.0,0.0,0.0,Long-chain,False,False,False,True,Long-chain Branched Highly-fluorinated,Incineration,Pilot,Other,998.0,140.0,,False,High,Medium,,3.3
1763-23-1,Perfluorooctanesulfonic acid,OS(=O)(=O)C(F)(F)C(F)(F)C(F)(F)C(F)(F)C(F)(F)C(F)(F)C(F)(F)C(F)(F)F,C8HF17O3S,500.13,17,58.620689655172406,8,17,8,500.1259999999999,7.0,2.0,1.0,0.0,0.0,Long-chain,False,False,False,True,Long-chain Branched Highly-fluorinated,Incineration,Pilot,Other,998.0,140.0,,False,High,Medium,,0.0
1763-23-1,Perfluorooctanesulfonic acid,OS(=O)(=O)C(F)(F)C(F)(F)C(F)(F)C(F)(F)C(F)(F)C(F)(F)C(F)(F)C(F)(F)F,C8HF17O3S,500.13,17,58.620689655172406,8,17,8,500.1259999999999,7.0,2.0,1.0,0.0,0.0,Long-chain,False,False,False,True,Long-chain Branched Highly-fluorinated,Incineration,Pilot,Other,998.0,140.0,,False,High,Medium,,
1763-23-1,Perfluorooctanesulfonic acid,OS(=O)(=O)C(F)(F)C(F)(F)C(F)(F)C(F)(F)C(F)(F)C(F)(F)C(F)(F)C(F)(F)F,C8HF17O3S,500.13,17,58.620689655172406,8,17,8,500.1259999999999,7.0,2.0,1.0,0.0,0.0,Long-chain,False,False,False,True,Long-chain Branched Highly-fluorinated,Incineration,Pilot,Other,998.0,140.0,,False,High,Medium,,0.0
1763-23-1,Perfluorooctanesulfonic acid,OS(=O)(=O)C(F)(F)C(F)(F)C(F)(F)C(F)(F)C(F)(F)C(F)(F)C(F)(F)C(F)(F)F,C8HF17O3S,500.13,17,58.620689655172406,8,17,8,500.1259999999999,7.0,2.0,1.0,0.0,0.0,Long-chain,False,False,False,True,Long-chain Branched Highly-fluorinated,Incineration,Pilot,Other,976.0,210.0,,False,High,Long,,1.6
1763-23-1,Perfluorooctanesulfonic acid,OS(=O)(=O)C(F)(F)C(F)(F)C(F)(F)C(F)(F)C(F)(F)C(F)(F)C(F)(F)C(F)(F)F,C8HF17O3S,500.13,17,58.620689655172406,8,17,8,500.1259999999999,7.0,2.0,1.0,0.0,0.0,Long-chain,False,False,False,True,Long-chain Branched Highly-fluorinated,Incineration,Pilot,Other,976.0,210.0,,False,High,Long,,0.0
1763-23-1,Perfluorooctanesulfonic acid,OS(=O)(=O)C(F)(F)C(F)(F)C(F)(F)C(F)(F)C(F)(F)C(F)(F)C(F)(F)C(F)(F)F,C8HF17O3S,500.13,17,58.620689655172406,8,17,8,500.1259999999999,7.0,2.0,1.0,0.0,0.0,Long-chain,False,False,False,True,Long-chain Branched Highly-fluorinated,Incineration,Pilot,Other,976.0,210.0,,False,High,Long,,
1763-23-1,Perfluorooctanesulfonic acid,OS(=O)(=O)C(F)(F)C(F)(F)C(F)(F)C(F)(F)C(F)(F)C(F)(F)C(F)(F)C(F)(F)F,C8HF17O3S,500.13,17,58.620689655172406,8,17,8,500.1259999999999,7.0,2.0,1.0,0.0,0.0,Long-chain,False,False,False,True,Long-chain Branched Highly-fluorinated,Incineration,Pilot,Other,976.0,210.0,,False,High,Long,,0.0
1763-23-1,Perfluorooctanesulfonic acid,OS(=O)(=O)C(F)(F)C(F)(F)C(F)(F)C(F)(F)C(F)(F)C(F)(F)C(F)(F)C(F)(F)F,C8HF17O3S,500.13,17,58.620689655172406,8,17,8,500.1259999999999,7.0,2.0,1.0,0.0,0.0,Long-chain,False,False,False,True,Long-chain Branched Highly-fluorinated,Infrared Heating,Pilot,Soil,350.0,11520.0,,False,Medium,Extended,3227.0,
1763-23-1,Perfluorooctanesulfonic acid,OS(=O)(=O)C(F)(F)C(F)(F)C(F)(F)C(F)(F)C(F)(F)C(F)(F)C(F)(F)C(F)(F)F,C8HF17O3S,500.13,17,58.620689655172406,8,17,8,500.1259999999999,7.0,2.0,1.0,0.0,0.0,Long-chain,False,False,False,True,Long-chain Branched Highly-fluorinated,Infrared Heating,Pilot,Soil,350.0,11520.0,,False,Medium,Extended,1410.0,
1763-23-1,Perfluorooctanesulfonic acid,OS(=O)(=O)C(F)(F)C(F)(F)C(F)(F)C(F)(F)C(F)(F)C(F)(F)C(F)(F)C(F)(F)F,C8HF17O3S,500.13,17,58.620689655172406,8,17,8,500.1259999999999,7.0,2.0,1.0,0.0,0.0,Long-chain,False,False,False,True,Long-chain Branched Highly-fluorinated,Infrared Heating,Pilot,Soil,350.0,11520.0,,False,Medium,Extended,1800.0,
1763-23-1,Perfluorooctanesulfonic acid,OS(=O)(=O)C(F)(F)C(F)(F)C(F)(F)C(F)(F)C(F)(F)C(F)(F)C(F)(F)C(F)(F)F,C8HF17O3S,500.13,17,58.620689655172406,8,17,8,500.1259999999999,7.0,2.0,1.0,0.0,0.0,Long-chain,False,False,False,True,Long-chain Branched Highly-fluorinated,Infrared Heating,Pilot,Soil,350.0,11520.0,,False,Medium,Extended,612.0,
1763-23-1,Perfluorooctanesulfonic acid,OS(=O)(=O)C(F)(F)C(F)(F)C(F)(F)C(F)(F)C(F)(F)C(F)(F)C(F)(F)C(F)(F)F,C8HF17O3S,500.13,17,58.620689655172406,8,17,8,500.1259999999999,7.0,2.0,1.0,0.0,0.0,Long-chain,False,False,False,True,Long-chain Branched Highly-fluorinated,Infrared Heating,Pilot,Soil,350.0,11520.0,,False,Medium,Extended,490.0,
1763-23-1,Perfluorooctanesulfonic acid,OS(=O)(=O)C(F)(F)C(F)(F)C(F)(F)C(F)(F)C(F)(F)C(F)(F)C(F)(F)C(F)(F)F,C8HF17O3S,500.13,17,58.620689655172406,8,17,8,500.1259999999999,7.0,2.0,1.0,0.0,0.0,Long-chain,False,False,False,True,Long-chain Branched Highly-fluorinated,Infrared Heating,Pilot,Soil,350.0,11520.0,,False,Medium,Extended,429.0,
1763-23-1,Perfluorooctanesulfonic acid,OS(=O)(=O)C(F)(F)C(F)(F)C(F)(F)C(F)(F)C(F)(F)C(F)(F)C(F)(F)C(F)(F)F,C8HF17O3S,500.13,17,58.620689655172406,8,17,8,500.1259999999999,7.0,2.0,1.0,0.0,0.0,Long-chain,False,False,False,True,Long-chain Branched Highly-fluorinated,Incineration,Pilot,Other,980.0,180.0,,False,High,Medium,,1.5
1763-23-1,Perfluorooctanesulfonic acid,OS(=O)(=O)C(F)(F)C(F)(F)C(F)(F)C(F)(F)C(F)(F)C(F)(F)C(F)(F)C(F)(F)F,C8HF17O3S,500.13,17,58.620689655172406,8,17,8,500.1259999999999,7.0,2.0,1.0,0.0,0.0,Long-chain,False,False,False,True,Long-chain Branched Highly-fluorinated,Incineration,Pilot,Other,980.0,180.0,,False,High,Medium,,
1763-23-1,Perfluorooctanesulfonic acid,OS(=O)(=O)C(F)(F)C(F)(F)C(F)(F)C(F)(F)C(F)(F)C(F)(F)C(F)(F)C(F)(F)F,C8HF17O3S,500.13,17,58.620689655172406,8,17,8,500.1259999999999,7.0,2.0,1.0,0.0,0.0,Long-chain,False,False,False,True,Long-chain Branched Highly-fluorinated,Incineration,Pilot,Other,980.0,180.0,,False,High,Medium,,
1763-23-1,Perfluorooctanesulfonic acid,OS(=O)(=O)C(F)(F)C(F)(F)C(F)(F)C(F)(F)C(F)(F)C(F)(F)C(F)(F)C(F)(F)F,C8HF17O3S,500.13,17,58.620689655172406,8,17,8,500.1259999999999,7.0,2.0,1.0,0.0,0.0,Long-chain,False,False,False,True,Long-chain Branched Highly-fluorinated,Incineration,Pilot,Other,980.0,180.0,,False,High,Medium,,0.0
1763-23-1,Perfluorooctanesulfonic acid,OS(=O)(=O)C(F)(F)C(F)(F)C(F)(F)C(F)(F)C(F)(F)C(F)(F)C(F)(F)C(F)(F)F,C8HF17O3S,500.13,17,58.620689655172406,8,17,8,500.1259999999999,7.0,2.0,1.0,0.0,0.0,Long-chain,False,False,False,True,Long-chain Branched Highly-fluorinated,Incineration,Pilot,Other,952.0,145.0,,False,High,Medium,,1.6
1763-23-1,Perfluorooctanesulfonic acid,OS(=O)(=O)C(F)(F)C(F)(F)C(F)(F)C(F)(F)C(F)(F)C(F)(F)C(F)(F)C(F)(F)F,C8HF17O3S,500.13,17,58.620689655172406,8,17,8,500.1259999999999,7.0,2.0,1.0,0.0,0.0,Long-chain,False,False,False,True,Long-chain Branched Highly-fluorinated,Incineration,Pilot,Other,952.0,145.0,,False,High,Medium,,
1763-23-1,Perfluorooctanesulfonic acid,OS(=O)(=O)C(F)(F)C(F)(F)C(F)(F)C(F)(F)C(F)(F)C(F)(F)C(F)(F)C(F)(F)F,C8HF17O3S,500.13,17,58.620689655172406,8,17,8,500.1259999999999,7.0,2.0,1.0,0.0,0.0,Long-chain,False,False,False,True,Long-chain Branched Highly-fluorinated,Incineration,Pilot,Other,952.0,145.0,,False,High,Medium,,
1763-23-1,Perfluorooctanesulfonic acid,OS(=O)(=O)C(F)(F)C(F)(F)C(F)(F)C(F)(F)C(F)(F)C(F)(F)C(F)(F)C(F)(F)F,C8HF17O3S,500.13,17,58.620689655172406,8,17,8,500.1259999999999,7.0,2.0,1.0,0.0,0.0,Long-chain,False,False,False,True,Long-chain Branched Highly-fluorinated,Incineration,Pilot,Other,952.0,145.0,,False,High,Medium,,
1763-23-1,Perfluorooctanesulfonic acid,OS(=O)(=O)C(F)(F)C(F)(F)C(F)(F)C(F)(F)C(F)(F)C(F)(F)C(F)(F)C(F)(F)F,C8HF17O3S,500.13,17,58.620689655172406,8,17,8,500.1259999999999,7.0,2.0,1.0,0.0,0.0,Long-chain,False,False,False,True,Long-chain Branched Highly-fluorinated,Incineration,Pilot,Other,869.0,180.0,,False,High,Medium,,0.6
1763-23-1,Perfluorooctanesulfonic acid,OS(=O)(=O)C(F)(F)C(F)(F)C(F)(F)C(F)(F)C(F)(F)C(F)(F)C(F)(F)C(F)(F)F,C8HF17O3S,500.13,17,58.620689655172406,8,17,8,500.1259999999999,7.0,2.0,1.0,0.0,0.0,Long-chain,False,False,False,True,Long-chain Branched Highly-fluorinated,Pyrolysis,Lab,Other,900.0,15.0,,False,High,Short,,
1763-23-1,Perfluorooctanesulfonic acid,OS(=O)(=O)C(F)(F)C(F)(F)C(F)(F)C(F)(F)C(F)(F)C(F)(F)C(F)(F)C(F)(F)F,C8HF17O3S,500.13,17,58.620689655172406,8,17,8,500.1259999999999,7.0,2.0,1.0,0.0,0.0,Long-chain,False,False,False,True,Long-chain Branched Highly-fluorinated,Pyrolysis,Lab,Other,900.0,5.0,,False,High,Short,,
1763-23-1,Perfluorooctanesulfonic acid,OS(=O)(=O)C(F)(F)C(F)(F)C(F)(F)C(F)(F)C(F)(F)C(F)(F)C(F)(F)C(F)(F)F,C8HF17O3S,500.13,17,58.620689655172406,8,17,8,500.1259999999999,7.0,2.0,1.0,0.0,0.0,Long-chain,False,False,False,True,Long-chain Branched Highly-fluorinated,Pyrolysis,Lab,Other,900.0,3.0,,False,High,Short,,
1763-23-1,Perfluorooctanesulfonic acid,OS(=O)(=O)C(F)(F)C(F)(F)C(F)(F)C(F)(F)C(F)(F)C(F)(F)C(F)(F)C(F)(F)F,C8HF17O3S,500.13,17,58.620689655172406,8,17,8,500.1259999999999,7.0,2.0,1.0,0.0,0.0,Long-chain,False,False,False,True,Long-chain Branched Highly-fluorinated,Pyrolysis,Lab,Other,900.0,2.0,,False,High,Short,,
1763-23-1,Perfluorooctanesulfonic acid,OS(=O)(=O)C(F)(F)C(F)(F)C(F)(F)C(F)(F)C(F)(F)C(F)(F)C(F)(F)C(F)(F)F,C8HF17O3S,500.13,17,58.620689655172406,8,17,8,500.1259999999999,7.0,2.0,1.0,0.0,0.0,Long-chain,False,False,False,True,Long-chain Branched Highly-fluorinated,Pyrolysis,Lab,Other,900.0,1.0,,False,High,Short,,
1763-23-1,Perfluorooctanesulfonic acid,OS(=O)(=O)C(F)(F)C(F)(F)C(F)(F)C(F)(F)C(F)(F)C(F)(F)C(F)(F)C(F)(F)F,C8HF17O3S,500.13,17,58.620689655172406,8,17,8,500.1259999999999,7.0,2.0,1.0,0.0,0.0,Long-chain,False,False,False,True,Long-chain Branched Highly-fluorinated,Pyrolysis,Lab,Other,600.0,15.0,,False,High,Short,,
1763-23-1,Perfluorooctanesulfonic acid,OS(=O)(=O)C(F)(F)C(F)(F)C(F)(F)C(F)(F)C(F)(F)C(F)(F)C(F)(F)C(F)(F)F,C8HF17O3S,500.13,17,58.620689655172406,8,17,8,500.1259999999999,7.0,2.0,1.0,0.0,0.0,Long-chain,False,False,False,True,Long-chain Branched Highly-fluorinated,Pyrolysis,Lab,Other,600.0,5.0,,False,High,Short,,
1763-23-1,Perfluorooctanesulfonic acid,OS(=O)(=O)C(F)(F)C(F)(F)C(F)(F)C(F)(F)C(F)(F)C(F)(F)C(F)(F)C(F)(F)F,C8HF17O3S,500.13,17,58.620689655172406,8,17,8,500.1259999999999,7.0,2.0,1.0,0.0,0.0,Long-chain,False,False,False,True,Long-chain Branched Highly-fluorinated,Pyrolysis,Lab,Other,600.0,3.0,,False,High,Short,,
1763-23-1,Perfluorooctanesulfonic acid,OS(=O)(=O)C(F)(F)C(F)(F)C(F)(F)C(F)(F)C(F)(F)C(F)(F)C(F)(F)C(F)(F)F,C8HF17O3S,500.13,17,58.620689655172406,8,17,8,500.1259999999999,7.0,2.0,1.0,0.0,0.0,Long-chain,False,False,False,True,Long-chain Branched Highly-fluorinated,Pyrolysis,Lab,Other,600.0,2.0,,False,High,Short,,
1763-23-1,Perfluorooctanesulfonic acid,OS(=O)(=O)C(F)(F)C(F)(F)C(F)(F)C(F)(F)C(F)(F)C(F)(F)C(F)(F)C(F)(F)F,C8HF17O3S,500.13,17,58.620689655172406,8,17,8,500.1259999999999,7.0,2.0,1.0,0.0,0.0,Long-chain,False,False,False,True,Long-chain Branched Highly-fluorinated,Pyrolysis,Lab,Other,600.0,1.0,,False,High,Short,,
1763-23-1,Perfluorooctanesulfonic acid,OS(=O)(=O)C(F)(F)C(F)(F)C(F)(F)C(F)(F)C(F)(F)C(F)(F)C(F)(F)C(F)(F)F,C8HF17O3S,500.13,17,58.620689655172406,8,17,8,500.1259999999999,7.0,2.0,1.0,0.0,0.0,Long-chain,False,False,False,True,Long-chain Branched Highly-fluorinated,Pyrolysis,Lab,Other,400.0,15.0,,False,Medium,Short,,
1763-23-1,Perfluorooctanesulfonic acid,OS(=O)(=O)C(F)(F)C(F)(F)C(F)(F)C(F)(F)C(F)(F)C(F)(F)C(F)(F)C(F)(F)F,C8HF17O3S,500.13,17,58.620689655172406,8,17,8,500.1259999999999,7.0,2.0,1.0,0.0,0.0,Long-chain,False,False,False,True,Long-chain Branched Highly-fluorinated,Pyrolysis,Lab,Other,400.0,5.0,,False,Medium,Short,,
1763-23-1,Perfluorooctanesulfonic acid,OS(=O)(=O)C(F)(F)C(F)(F)C(F)(F)C(F)(F)C(F)(F)C(F)(F)C(F)(F)C(F)(F)F,C8HF17O3S,500.13,17,58.620689655172406,8,17,8,500.1259999999999,7.0,2.0,1.0,0.0,0.0,Long-chain,False,False,False,True,Long-chain Branched Highly-fluorinated,Pyrolysis,Lab,Other,400.0,3.0,,False,Medium,Short,,
1763-23-1,Perfluorooctanesulfonic acid,OS(=O)(=O)C(F)(F)C(F)(F)C(F)(F)C(F)(F)C(F)(F)C(F)(F)C(F)(F)C(F)(F)F,C8HF17O3S,500.13,17,58.620689655172406,8,17,8,500.1259999999999,7.0,2.0,1.0,0.0,0.0,Long-chain,False,False,False,True,Long-chain Branched Highly-fluorinated,Pyrolysis,Lab,Other,400.0,2.0,,False,Medium,Short,,
1763-23-1,Perfluorooctanesulfonic acid,OS(=O)(=O)C(F)(F)C(F)(F)C(F)(F)C(F)(F)C(F)(F)C(F)(F)C(F)(F)C(F)(F)F,C8HF17O3S,500.13,17,58.620689655172406,8,17,8,500.1259999999999,7.0,2.0,1.0,0.0,0.0,Long-chain,False,False,False,True,Long-chain Branched Highly-fluorinated,Pyrolysis,Lab,Other,400.0,1.0,,False,Medium,Short,,
1763-23-1,Perfluorooctanesulfonic acid,OS(=O)(=O)C(F)(F)C(F)(F)C(F)(F)C(F)(F)C(F)(F)C(F)(F)C(F)(F)C(F)(F)F,C8HF17O3S,500.13,17,58.620689655172406,8,17,8,500.1259999999999,7.0,2.0,1.0,0.0,0.0,Long-chain,False,False,False,True,Long-chain Branched Highly-fluorinated,Pyrolysis,Lab,Other,600.0,30.0,,False,High,Short,,
1763-23-1,Perfluorooctanesulfonic acid,OS(=O)(=O)C(F)(F)C(F)(F)C(F)(F)C(F)(F)C(F)(F)C(F)(F)C(F)(F)C(F)(F)F,C8HF17O3S,500.13,17,58.620689655172406,8,17,8,500.1259999999999,7.0,2.0,1.0,0.0,0.0,Long-chain,False,False,False,True,Long-chain Branched Highly-fluorinated,Pyrolysis,Lab,Other,600.0,30.0,,False,High,Short,,
1763-23-1,Perfluorooctanesulfonic acid,OS(=O)(=O)C(F)(F)C(F)(F)C(F)(F)C(F)(F)C(F)(F)C(F)(F)C(F)(F)C(F)(F)F,C8HF17O3S,500.13,17,58.620689655172406,8,17,8,500.1259999999999,7.0,2.0,1.0,0.0,0.0,Long-chain,False,False,False,True,Long-chain Branched Highly-fluorinated,Pyrolysis,Lab,Other,600.0,30.0,,False,High,Short,,
1763-23-1,Perfluorooctanesulfonic acid,OS(=O)(=O)C(F)(F)C(F)(F)C(F)(F)C(F)(F)C(F)(F)C(F)(F)C(F)(F)C(F)(F)F,C8HF17O3S,500.13,17,58.620689655172406,8,17,8,500.1259999999999,7.0,2.0,1.0,0.0,0.0,Long-chain,False,False,False,True,Long-chain Branched Highly-fluorinated,Pyrolysis,Lab,Other,400.0,30.0,,False,Medium,Short,,
1763-23-1,Perfluorooctanesulfonic acid,OS(=O)(=O)C(F)(F)C(F)(F)C(F)(F)C(F)(F)C(F)(F)C(F)(F)C(F)(F)C(F)(F)F,C8HF17O3S,500.13,17,58.620689655172406,8,17,8,500.1259999999999,7.0,2.0,1.0,0.0,0.0,Long-chain,False,False,False,True,Long-chain Branched Highly-fluorinated,Pyrolysis,Lab,Other,600.0,30.0,,False,High,Short,,
1763-23-1,Perfluorooctanesulfonic acid,OS(=O)(=O)C(F)(F)C(F)(F)C(F)(F)C(F)(F)C(F)(F)C(F)(F)C(F)(F)C(F)(F)F,C8HF17O3S,500.13,17,58.620689655172406,8,17,8,500.1259999999999,7.0,2.0,1.0,0.0,0.0,Long-chain,False,False,False,True,Long-chain Branched Highly-fluorinated,Pyrolysis,Lab,Other,600.0,30.0,,False,High,Short,,
1763-23-1,Perfluorooctanesulfonic acid,OS(=O)(=O)C(F)(F)C(F)(F)C(F)(F)C(F)(F)C(F)(F)C(F)(F)C(F)(F)C(F)(F)F,C8HF17O3S,500.13,17,58.620689655172406,8,17,8,500.1259999999999,7.0,2.0,1.0,0.0,0.0,Long-chain,False,False,False,True,Long-chain Branched Highly-fluorinated,Pyrolysis,Lab,Other,600.0,30.0,,False,High,Short,,
1763-23-1,Perfluorooctanesulfonic acid,OS(=O)(=O)C(F)(F)C(F)(F)C(F)(F)C(F)(F)C(F)(F)C(F)(F)C(F)(F)C(F)(F)F,C8HF17O3S,500.13,17,58.620689655172406,8,17,8,500.1259999999999,7.0,2.0,1.0,0.0,0.0,Long-chain,False,False,False,True,Long-chain Branched Highly-fluorinated,Pyrolysis,Lab,Other,400.0,30.0,,False,Medium,Short,,
1763-23-1,Perfluorooctanesulfonic acid,OS(=O)(=O)C(F)(F)C(F)(F)C(F)(F)C(F)(F)C(F)(F)C(F)(F)C(F)(F)C(F)(F)F,C8HF17O3S,500.13,17,58.620689655172406,8,17,8,500.1259999999999,7.0,2.0,1.0,0.0,0.0,Long-chain,False,False,False,True,Long-chain Branched Highly-fluorinated,Pyrolysis,Lab,Other,400.0,30.0,,False,Medium,Short,,
1763-23-1,Perfluorooctanesulfonic acid,OS(=O)(=O)C(F)(F)C(F)(F)C(F)(F)C(F)(F)C(F)(F)C(F)(F)C(F)(F)C(F)(F)F,C8HF17O3S,500.13,17,58.620689655172406,8,17,8,500.1259999999999,7.0,2.0,1.0,0.0,0.0,Long-chain,False,False,False,True,Long-chain Branched Highly-fluorinated,Pyrolysis,Lab,Other,400.0,30.0,,False,Medium,Short,,
1763-23-1,Perfluorooctanesulfonic acid,OS(=O)(=O)C(F)(F)C(F)(F)C(F)(F)C(F)(F)C(F)(F)C(F)(F)C(F)(F)C(F)(F)F,C8HF17O3S,500.13,17,58.620689655172406,8,17,8,500.1259999999999,7.0,2.0,1.0,0.0,0.0,Long-chain,False,False,False,True,Long-chain Branched Highly-fluorinated,Pyrolysis,Lab,Other,400.0,30.0,,False,Medium,Short,,
1763-23-1,Perfluorooctanesulfonic acid,OS(=O)(=O)C(F)(F)C(F)(F)C(F)(F)C(F)(F)C(F)(F)C(F)(F)C(F)(F)C(F)(F)F,C8HF17O3S,500.13,17,58.620689655172406,8,17,8,500.1259999999999,7.0,2.0,1.0,0.0,0.0,Long-chain,False,False,False,True,Long-chain Branched Highly-fluorinated,Pyrolysis,Lab,Other,400.0,30.0,,False,Medium,Short,,
1763-23-1,Perfluorooctanesulfonic acid,OS(=O)(=O)C(F)(F)C(F)(F)C(F)(F)C(F)(F)C(F)(F)C(F)(F)C(F)(F)C(F)(F)F,C8HF17O3S,500.13,17,58.620689655172406,8,17,8,500.1259999999999,7.0,2.0,1.0,0.0,0.0,Long-chain,False,False,False,True,Long-chain Branched Highly-fluorinated,Pyrolysis,Lab,Other,900.0,30.0,,False,High,Short,,
1763-23-1,Perfluorooctanesulfonic acid,OS(=O)(=O)C(F)(F)C(F)(F)C(F)(F)C(F)(F)C(F)(F)C(F)(F)C(F)(F)C(F)(F)F,C8HF17O3S,500.13,17,58.620689655172406,8,17,8,500.1259999999999,7.0,2.0,1.0,0.0,0.0,Long-chain,False,False,False,True,Long-chain Branched Highly-fluorinated,Pyrolysis,Lab,Other,800.0,30.0,,False,High,Short,,
1763-23-1,Perfluorooctanesulfonic acid,OS(=O)(=O)C(F)(F)C(F)(F)C(F)(F)C(F)(F)C(F)(F)C(F)(F)C(F)(F)C(F)(F)F,C8HF17O3S,500.13,17,58.620689655172406,8,17,8,500.1259999999999,7.0,2.0,1.0,0.0,0.0,Long-chain,False,False,False,True,Long-chain Branched Highly-fluorinated,Pyrolysis,Lab,Other,700.0,30.0,,False,High,Short,,
1763-23-1,Perfluorooctanesulfonic acid,OS(=O)(=O)C(F)(F)C(F)(F)C(F)(F)C(F)(F)C(F)(F)C(F)(F)C(F)(F)C(F)(F)F,C8HF17O3S,500.13,17,58.620689655172406,8,17,8,500.1259999999999,7.0,2.0,1.0,0.0,0.0,Long-chain,False,False,False,True,Long-chain Branched Highly-fluorinated,Pyrolysis,Lab,Other,600.0,30.0,,False,High,Short,,
1763-23-1,Perfluorooctanesulfonic acid,OS(=O)(=O)C(F)(F)C(F)(F)C(F)(F)C(F)(F)C(F)(F)C(F)(F)C(F)(F)C(F)(F)F,C8HF17O3S,500.13,17,58.620689655172406,8,17,8,500.1259999999999,7.0,2.0,1.0,0.0,0.0,Long-chain,False,False,False,True,Long-chain Branched Highly-fluorinated,Pyrolysis,Lab,Other,500.0,30.0,,False,High,Short,,
1763-23-1,Perfluorooctanesulfonic acid,OS(=O)(=O)C(F)(F)C(F)(F)C(F)(F)C(F)(F)C(F)(F)C(F)(F)C(F)(F)C(F)(F)F,C8HF17O3S,500.13,17,58.620689655172406,8,17,8,500.1259999999999,7.0,2.0,1.0,0.0,0.0,Long-chain,False,False,False,True,Long-chain Branched Highly-fluorinated,Pyrolysis,Lab,Other,400.0,30.0,,False,Medium,Short,,
1763-23-1,Perfluorooctanesulfonic acid,OS(=O)(=O)C(F)(F)C(F)(F)C(F)(F)C(F)(F)C(F)(F)C(F)(F)C(F)(F)C(F)(F)F,C8HF17O3S,500.13,17,58.620689655172406,8,17,8,500.1259999999999,7.0,2.0,1.0,0.0,0.0,Long-chain,False,False,False,True,Long-chain Branched Highly-fluorinated,Pyrolysis,Lab,Other,350.0,30.0,,False,Medium,Short,,
1763-23-1,Perfluorooctanesulfonic acid,OS(=O)(=O)C(F)(F)C(F)(F)C(F)(F)C(F)(F)C(F)(F)C(F)(F)C(F)(F)C(F)(F)F,C8HF17O3S,500.13,17,58.620689655172406,8,17,8,500.1259999999999,7.0,2.0,1.0,0.0,0.0,Long-chain,False,False,False,True,Long-chain Branched Highly-fluorinated,Pyrolysis,Lab,Other,300.0,30.0,,False,Medium,Short,,
1763-23-1,Perfluorooctanesulfonic acid,OS(=O)(=O)C(F)(F)C(F)(F)C(F)(F)C(F)(F)C(F)(F)C(F)(F)C(F)(F)C(F)(F)F,C8HF17O3S,500.13,17,58.620689655172406,8,17,8,500.1259999999999,7.0,2.0,1.0,0.0,0.0,Long-chain,False,False,False,True,Long-chain Branched Highly-fluorinated,Incineration,Pilot,Other,869.0,180.0,,False,High,Medium,,0.0
1763-23-1,Perfluorooctanesulfonic acid,OS(=O)(=O)C(F)(F)C(F)(F)C(F)(F)C(F)(F)C(F)(F)C(F)(F)C(F)(F)C(F)(F)F,C8HF17O3S,500.13,17,58.620689655172406,8,17,8,500.1259999999999,7.0,2.0,1.0,0.0,0.0,Long-chain,False,False,False,True,Long-chain Branched Highly-fluorinated,Incineration,Pilot,Other,869.0,180.0,,False,High,Medium,,0.0
1763-23-1,Perfluorooctanesulfonic acid,OS(=O)(=O)C(F)(F)C(F)(F)C(F)(F)C(F)(F)C(F)(F)C(F)(F)C(F)(F)C(F)(F)F,C8HF17O3S,500.13,17,58.620689655172406,8,17,8,500.1259999999999,7.0,2.0,1.0,0.0,0.0,Long-chain,False,False,False,True,Long-chain Branched Highly-fluorinated,Hydrothermal Treatment,Lab,Other,350.0,180.0,100.0,True,Medium,Medium,6580.0,0.0
1763-23-1,Perfluorooctanesulfonic acid,OS(=O)(=O)C(F)(F)C(F)(F)C(F)(F)C(F)(F)C(F)(F)C(F)(F)C(F)(F)C(F)(F)F,C8HF17O3S,500.13,17,58.620689655172406,8,17,8,500.1259999999999,7.0,2.0,1.0,0.0,0.0,Long-chain,False,False,False,True,Long-chain Branched Highly-fluorinated,Hydrothermal Treatment,Lab,Other,350.0,180.0,100.0,True,Medium,Medium,6580.0,0.0
1763-23-1,Perfluorooctanesulfonic acid,OS(=O)(=O)C(F)(F)C(F)(F)C(F)(F)C(F)(F)C(F)(F)C(F)(F)C(F)(F)C(F)(F)F,C8HF17O3S,500.13,17,58.620689655172406,8,17,8,500.1259999999999,7.0,2.0,1.0,0.0,0.0,Long-chain,False,False,False,True,Long-chain Branched Highly-fluorinated,Incineration,Pilot,Other,869.0,180.0,,False,High,Medium,,0.0
1763-23-1,Perfluorooctanesulfonic acid,OS(=O)(=O)C(F)(F)C(F)(F)C(F)(F)C(F)(F)C(F)(F)C(F)(F)C(F)(F)C(F)(F)F,C8HF17O3S,500.13,17,58.620689655172406,8,17,8,500.1259999999999,7.0,2.0,1.0,0.0,0.0,Long-chain,False,False,False,True,Long-chain Branched Highly-fluorinated,Hydrothermal Treatment,Lab,Soil,350.0,90.0,99.71819425444596,True,Medium,Medium,7310.0,20.6
1763-23-1,Perfluorooctanesulfonic acid,OS(=O)(=O)C(F)(F)C(F)(F)C(F)(F)C(F)(F)C(F)(F)C(F)(F)C(F)(F)C(F)(F)F,C8HF17O3S,500.13,17,58.620689655172406,8,17,8,500.1259999999999,7.0,2.0,1.0,0.0,0.0,Long-chain,False,False,False,True,Long-chain Branched Highly-fluorinated,Unspecified Heat Treatment,Full,Sludge,650.0,45.0,0.0,False,High,Medium,14.3,19.1
1763-23-1,Perfluorooctanesulfonic acid,OS(=O)(=O)C(F)(F)C(F)(F)C(F)(F)C(F)(F)C(F)(F)C(F)(F)C(F)(F)C(F)(F)F,C8HF17O3S,500.13,17,58.620689655172406,8,17,8,500.1259999999999,7.0,2.0,1.0,0.0,0.0,Long-chain,False,False,False,True,Long-chain Branched Highly-fluorinated,Hydrothermal Treatment,Lab,Soil,350.0,90.0,95.28571428571428,True,Medium,Medium,490.0,23.1
1763-23-1,Perfluorooctanesulfonic acid,OS(=O)(=O)C(F)(F)C(F)(F)C(F)(F)C(F)(F)C(F)(F)C(F)(F)C(F)(F)C(F)(F)F,C8HF17O3S,500.13,17,58.620689655172406,8,17,8,500.1259999999999,7.0,2.0,1.0,0.0,0.0,Long-chain,False,False,False,True,Long-chain Branched Highly-fluorinated,Hydrothermal Treatment,Lab,Soil,350.0,90.0,93.66812227074236,True,Medium,Medium,22900.0,1450.0
1763-23-1,Perfluorooctanesulfonic acid,OS(=O)(=O)C(F)(F)C(F)(F)C(F)(F)C(F)(F)C(F)(F)C(F)(F)C(F)(F)C(F)(F)F,C8HF17O3S,500.13,17,58.620689655172406,8,17,8,500.1259999999999,7.0,2.0,1.0,0.0,0.0,Long-chain,False,False,False,True,Long-chain Branched Highly-fluorinated,Hydrothermal Treatment,Lab,Other,350.0,90.0,99.95238095238096,True,Medium,Medium,21.0,0.01
1763-23-1,Perfluorooctanesulfonic acid,OS(=O)(=O)C(F)(F)C(F)(F)C(F)(F)C(F)(F)C(F)(F)C(F)(F)C(F)(F)C(F)(F)F,C8HF17O3S,500.13,17,58.620689655172406,8,17,8,500.1259999999999,7.0,2.0,1.0,0.0,0.0,Long-chain,False,False,False,True,Long-chain Branched Highly-fluorinated,Hydrothermal Treatment,Lab,Other,350.0,90.0,99.9087591240876,True,Medium,Medium,10.96,0.01
1763-23-1,Perfluorooctanesulfonic acid,OS(=O)(=O)C(F)(F)C(F)(F)C(F)(F)C(F)(F)C(F)(F)C(F)(F)C(F)(F)C(F)(F)F,C8HF17O3S,500.13,17,58.620689655172406,8,17,8,500.1259999999999,7.0,2.0,1.0,0.0,0.0,Long-chain,False,False,False,True,Long-chain Branched Highly-fluorinated,Pyrolysis,Not specified,Sludge,593.33,,,False,High,,26.3,
1763-23-1,Perfluorooctanesulfonic acid,OS(=O)(=O)C(F)(F)C(F)(F)C(F)(F)C(F)(F)C(F)(F)C(F)(F)C(F)(F)C(F)(F)F,C8HF17O3S,500.13,17,58.620689655172406,8,17,8,500.1259999999999,7.0,2.0,1.0,0.0,0.0,Long-chain,False,False,False,True,Long-chain Branched Highly-fluorinated,Hydrothermal Treatment,Lab,Other,300.0,120.0,,False,Medium,Medium,2352.9,
1763-23-1,Perfluorooctanesulfonic acid,OS(=O)(=O)C(F)(F)C(F)(F)C(F)(F)C(F)(F)C(F)(F)C(F)(F)C(F)(F)C(F)(F)F,C8HF17O3S,500.13,17,58.620689655172406,8,17,8,500.1259999999999,7.0,2.0,1.0,0.0,0.0,Long-chain,False,False,False,True,Long-chain Branched Highly-fluorinated,Hydrothermal Treatment,Lab,Other,300.0,120.0,,False,Medium,Medium,800.0,
1763-23-1,Perfluorooctanesulfonic acid,OS(=O)(=O)C(F)(F)C(F)(F)C(F)(F)C(F)(F)C(F)(F)C(F)(F)C(F)(F)C(F)(F)F,C8HF17O3S,500.13,17,58.620689655172406,8,17,8,500.1259999999999,7.0,2.0,1.0,0.0,0.0,Long-chain,False,False,False,True,Long-chain Branched Highly-fluorinated,Hydrothermal Treatment,Lab,Other,300.0,120.0,,False,Medium,Medium,,
1763-23-1,Perfluorooctanesulfonic acid,OS(=O)(=O)C(F)(F)C(F)(F)C(F)(F)C(F)(F)C(F)(F)C(F)(F)C(F)(F)C(F)(F)F,C8HF17O3S,500.13,17,58.620689655172406,8,17,8,500.1259999999999,7.0,2.0,1.0,0.0,0.0,Long-chain,False,False,False,True,Long-chain Branched Highly-fluorinated,GAC Reactivation,Lab,Treatment Media,1000.0,10.0,100.0,True,High,Short,10.0,0.0
1763-23-1,Perfluorooctanesulfonic acid,OS(=O)(=O)C(F)(F)C(F)(F)C(F)(F)C(F)(F)C(F)(F)C(F)(F)C(F)(F)C(F)(F)F,C8HF17O3S,500.13,17,58.620689655172406,8,17,8,500.1259999999999,7.0,2.0,1.0,0.0,0.0,Long-chain,False,False,False,True,Long-chain Branched Highly-fluorinated,Hydrothermal Treatment,Lab,Other,350.0,360.0,,False,Medium,Long,186.0,
1763-23-1,Perfluorooctanesulfonic acid,OS(=O)(=O)C(F)(F)C(F)(F)C(F)(F)C(F)(F)C(F)(F)C(F)(F)C(F)(F)C(F)(F)F,C8HF17O3S,500.13,17,58.620689655172406,8,17,8,500.1259999999999,7.0,2.0,1.0,0.0,0.0,Long-chain,False,False,False,True,Long-chain Branched Highly-fluorinated,GAC Reactivation,Lab,Treatment Media,1000.0,10.0,100.0,True,High,Short,10.0,0.0
1763-23-1,Perfluorooctanesulfonic acid,OS(=O)(=O)C(F)(F)C(F)(F)C(F)(F)C(F)(F)C(F)(F)C(F)(F)C(F)(F)C(F)(F)F,C8HF17O3S,500.13,17,58.620689655172406,8,17,8,500.1259999999999,7.0,2.0,1.0,0.0,0.0,Long-chain,False,False,False,True,Long-chain Branched Highly-fluorinated,Hydrothermal Treatment,Lab,Other,350.0,90.0,,False,Medium,Medium,50.0,
1763-23-1,Perfluorooctanesulfonic acid,OS(=O)(=O)C(F)(F)C(F)(F)C(F)(F)C(F)(F)C(F)(F)C(F)(F)C(F)(F)C(F)(F)F,C8HF17O3S,500.13,17,58.620689655172406,8,17,8,500.1259999999999,7.0,2.0,1.0,0.0,0.0,Long-chain,False,False,False,True,Long-chain Branched Highly-fluorinated,GAC Reactivation,Lab,Treatment Media,900.0,10.0,100.0,True,High,Short,10.0,0.0
1763-23-1,Perfluorooctanesulfonic acid,OS(=O)(=O)C(F)(F)C(F)(F)C(F)(F)C(F)(F)C(F)(F)C(F)(F)C(F)(F)C(F)(F)F,C8HF17O3S,500.13,17,58.620689655172406,8,17,8,500.1259999999999,7.0,2.0,1.0,0.0,0.0,Long-chain,False,False,False,True,Long-chain Branched Highly-fluorinated,GAC Reactivation,Lab,Treatment Media,900.0,10.0,100.0,True,High,Short,10.0,0.0
1763-23-1,Perfluorooctanesulfonic acid,OS(=O)(=O)C(F)(F)C(F)(F)C(F)(F)C(F)(F)C(F)(F)C(F)(F)C(F)(F)C(F)(F)F,C8HF17O3S,500.13,17,58.620689655172406,8,17,8,500.1259999999999,7.0,2.0,1.0,0.0,0.0,Long-chain,False,False,False,True,Long-chain Branched Highly-fluorinated,GAC Reactivation,Lab,Treatment Media,900.0,10.0,100.0,True,High,Short,10.0,0.0
1763-23-1,Perfluorooctanesulfonic acid,OS(=O)(=O)C(F)(F)C(F)(F)C(F)(F)C(F)(F)C(F)(F)C(F)(F)C(F)(F)C(F)(F)F,C8HF17O3S,500.13,17,58.620689655172406,8,17,8,500.1259999999999,7.0,2.0,1.0,0.0,0.0,Long-chain,False,False,False,True,Long-chain Branched Highly-fluorinated,Incineration,Full,Other,850.0,0.0333333333333333,,False,High,Short,,
1763-23-1,Perfluorooctanesulfonic acid,OS(=O)(=O)C(F)(F)C(F)(F)C(F)(F)C(F)(F)C(F)(F)C(F)(F)C(F)(F)C(F)(F)F,C8HF17O3S,500.13,17,58.620689655172406,8,17,8,500.1259999999999,7.0,2.0,1.0,0.0,0.0,Long-chain,False,False,False,True,Long-chain Branched Highly-fluorinated,Incineration,Full,Other,850.0,0.0333333333333333,,False,High,Short,,
1763-23-1,Perfluorooctanesulfonic acid,OS(=O)(=O)C(F)(F)C(F)(F)C(F)(F)C(F)(F)C(F)(F)C(F)(F)C(F)(F)C(F)(F)F,C8HF17O3S,500.13,17,58.620689655172406,8,17,8,500.1259999999999,7.0,2.0,1.0,0.0,0.0,Long-chain,False,False,False,True,Long-chain Branched Highly-fluorinated,GAC Reactivation,Lab,Treatment Media,800.0,10.0,100.0,True,High,Short,10.0,0.0
1763-23-1,Perfluorooctanesulfonic acid,OS(=O)(=O)C(F)(F)C(F)(F)C(F)(F)C(F)(F)C(F)(F)C(F)(F)C(F)(F)C(F)(F)F,C8HF17O3S,500.13,17,58.620689655172406,8,17,8,500.1259999999999,7.0,2.0,1.0,0.0,0.0,Long-chain,False,False,False,True,Long-chain Branched Highly-fluorinated,GAC Reactivation,Lab,Treatment Media,800.0,10.0,100.0,True,High,Short,10.0,0.0
1763-23-1,Perfluorooctanesulfonic acid,OS(=O)(=O)C(F)(F)C(F)(F)C(F)(F)C(F)(F)C(F)(F)C(F)(F)C(F)(F)C(F)(F)F,C8HF17O3S,500.13,17,58.620689655172406,8,17,8,500.1259999999999,7.0,2.0,1.0,0.0,0.0,Long-chain,False,False,False,True,Long-chain Branched Highly-fluorinated,GAC Reactivation,Lab,Treatment Media,800.0,10.0,100.0,True,High,Short,10.0,0.0
1763-23-1,Perfluorooctanesulfonic acid,OS(=O)(=O)C(F)(F)C(F)(F)C(F)(F)C(F)(F)C(F)(F)C(F)(F)C(F)(F)C(F)(F)F,C8HF17O3S,500.13,17,58.620689655172406,8,17,8,500.1259999999999,7.0,2.0,1.0,0.0,0.0,Long-chain,False,False,False,True,Long-chain Branched Highly-fluorinated,Incineration,Full,Other,850.0,0.0333333333333333,,False,High,Short,,
1763-23-1,Perfluorooctanesulfonic acid,OS(=O)(=O)C(F)(F)C(F)(F)C(F)(F)C(F)(F)C(F)(F)C(F)(F)C(F)(F)C(F)(F)F,C8HF17O3S,500.13,17,58.620689655172406,8,17,8,500.1259999999999,7.0,2.0,1.0,0.0,0.0,Long-chain,False,False,False,True,Long-chain Branched Highly-fluorinated,Incineration,Full,Other,850.0,0.0333333333333333,,False,High,Short,,
1763-23-1,Perfluorooctanesulfonic acid,OS(=O)(=O)C(F)(F)C(F)(F)C(F)(F)C(F)(F)C(F)(F)C(F)(F)C(F)(F)C(F)(F)F,C8HF17O3S,500.13,17,58.620689655172406,8,17,8,500.1259999999999,7.0,2.0,1.0,0.0,0.0,Long-chain,False,False,False,True,Long-chain Branched Highly-fluorinated,GAC Reactivation,Lab,Treatment Media,700.0,10.0,100.0,True,High,Short,10.0,0.0
1763-23-1,Perfluorooctanesulfonic acid,OS(=O)(=O)C(F)(F)C(F)(F)C(F)(F)C(F)(F)C(F)(F)C(F)(F)C(F)(F)C(F)(F)F,C8HF17O3S,500.13,17,58.620689655172406,8,17,8,500.1259999999999,7.0,2.0,1.0,0.0,0.0,Long-chain,False,False,False,True,Long-chain Branched Highly-fluorinated,GAC Reactivation,Lab,Treatment Media,700.0,10.0,100.0,True,High,Short,10.0,0.0
1763-23-1,Perfluorooctanesulfonic acid,OS(=O)(=O)C(F)(F)C(F)(F)C(F)(F)C(F)(F)C(F)(F)C(F)(F)C(F)(F)C(F)(F)F,C8HF17O3S,500.13,17,58.620689655172406,8,17,8,500.1259999999999,7.0,2.0,1.0,0.0,0.0,Long-chain,False,False,False,True,Long-chain Branched Highly-fluorinated,GAC Reactivation,Lab,Treatment Media,700.0,10.0,100.0,True,High,Short,10.0,0.0
1763-23-1,Perfluorooctanesulfonic acid,OS(=O)(=O)C(F)(F)C(F)(F)C(F)(F)C(F)(F)C(F)(F)C(F)(F)C(F)(F)C(F)(F)F,C8HF17O3S,500.13,17,58.620689655172406,8,17,8,500.1259999999999,7.0,2.0,1.0,0.0,0.0,Long-chain,False,False,False,True,Long-chain Branched Highly-fluorinated,Incineration,Full,Other,850.0,0.0333333333333333,,False,High,Short,,
1763-23-1,Perfluorooctanesulfonic acid,OS(=O)(=O)C(F)(F)C(F)(F)C(F)(F)C(F)(F)C(F)(F)C(F)(F)C(F)(F)C(F)(F)F,C8HF17O3S,500.13,17,58.620689655172406,8,17,8,500.1259999999999,7.0,2.0,1.0,0.0,0.0,Long-chain,False,False,False,True,Long-chain Branched Highly-fluorinated,Incineration,Full,Other,850.0,0.0333333333333333,,False,High,Short,,
1763-23-1,Perfluorooctanesulfonic acid,OS(=O)(=O)C(F)(F)C(F)(F)C(F)(F)C(F)(F)C(F)(F)C(F)(F)C(F)(F)C(F)(F)F,C8HF17O3S,500.13,17,58.620689655172406,8,17,8,500.1259999999999,7.0,2.0,1.0,0.0,0.0,Long-chain,False,False,False,True,Long-chain Branched Highly-fluorinated,Hydrothermal Treatment,Lab,Other,350.0,480.0,,False,Medium,Long,50.0,
1763-23-1,Perfluorooctanesulfonic acid,OS(=O)(=O)C(F)(F)C(F)(F)C(F)(F)C(F)(F)C(F)(F)C(F)(F)C(F)(F)C(F)(F)F,C8HF17O3S,500.13,17,58.620689655172406,8,17,8,500.1259999999999,7.0,2.0,1.0,0.0,0.0,Long-chain,False,False,False,True,Long-chain Branched Highly-fluorinated,Hydrothermal Treatment,Lab,Other,350.0,480.0,,False,Medium,Long,50.0,
1763-23-1,Perfluorooctanesulfonic acid,OS(=O)(=O)C(F)(F)C(F)(F)C(F)(F)C(F)(F)C(F)(F)C(F)(F)C(F)(F)C(F)(F)F,C8HF17O3S,500.13,17,58.620689655172406,8,17,8,500.1259999999999,7.0,2.0,1.0,0.0,0.0,Long-chain,False,False,False,True,Long-chain Branched Highly-fluorinated,Hydrothermal Treatment,Lab,Other,350.0,480.0,,False,Medium,Long,50.0,
1763-23-1,Perfluorooctanesulfonic acid,OS(=O)(=O)C(F)(F)C(F)(F)C(F)(F)C(F)(F)C(F)(F)C(F)(F)C(F)(F)C(F)(F)F,C8HF17O3S,500.13,17,58.620689655172406,8,17,8,500.1259999999999,7.0,2.0,1.0,0.0,0.0,Long-chain,False,False,False,True,Long-chain Branched Highly-fluorinated,Hydrothermal Treatment,Lab,Other,350.0,480.0,,False,Medium,Long,50.0,
1763-23-1,Perfluorooctanesulfonic acid,OS(=O)(=O)C(F)(F)C(F)(F)C(F)(F)C(F)(F)C(F)(F)C(F)(F)C(F)(F)C(F)(F)F,C8HF17O3S,500.13,17,58.620689655172406,8,17,8,500.1259999999999,7.0,2.0,1.0,0.0,0.0,Long-chain,False,False,False,True,Long-chain Branched Highly-fluorinated,Hydrothermal Treatment,Lab,Other,350.0,480.0,,False,Medium,Long,50.0,
1763-23-1,Perfluorooctanesulfonic acid,OS(=O)(=O)C(F)(F)C(F)(F)C(F)(F)C(F)(F)C(F)(F)C(F)(F)C(F)(F)C(F)(F)F,C8HF17O3S,500.13,17,58.620689655172406,8,17,8,500.1259999999999,7.0,2.0,1.0,0.0,0.0,Long-chain,False,False,False,True,Long-chain Branched Highly-fluorinated,Hydrothermal Treatment,Lab,Other,350.0,480.0,,False,Medium,Long,50.0,
1763-23-1,Perfluorooctanesulfonic acid,OS(=O)(=O)C(F)(F)C(F)(F)C(F)(F)C(F)(F)C(F)(F)C(F)(F)C(F)(F)C(F)(F)F,C8HF17O3S,500.13,17,58.620689655172406,8,17,8,500.1259999999999,7.0,2.0,1.0,0.0,0.0,Long-chain,False,False,False,True,Long-chain Branched Highly-fluorinated,Hydrothermal Treatment,Lab,Other,350.0,480.0,,False,Medium,Long,50.0,
1763-23-1,Perfluorooctanesulfonic acid,OS(=O)(=O)C(F)(F)C(F)(F)C(F)(F)C(F)(F)C(F)(F)C(F)(F)C(F)(F)C(F)(F)F,C8HF17O3S,500.13,17,58.620689655172406,8,17,8,500.1259999999999,7.0,2.0,1.0,0.0,0.0,Long-chain,False,False,False,True,Long-chain Branched Highly-fluorinated,Hydrothermal Treatment,Lab,Other,350.0,480.0,,False,Medium,Long,50.0,
1763-23-1,Perfluorooctanesulfonic acid,OS(=O)(=O)C(F)(F)C(F)(F)C(F)(F)C(F)(F)C(F)(F)C(F)(F)C(F)(F)C(F)(F)F,C8HF17O3S,500.13,17,58.620689655172406,8,17,8,500.1259999999999,7.0,2.0,1.0,0.0,0.0,Long-chain,False,False,False,True,Long-chain Branched Highly-fluorinated,Hydrothermal Treatment,Lab,Other,350.0,480.0,,False,Medium,Long,50.0,
1763-23-1,Perfluorooctanesulfonic acid,OS(=O)(=O)C(F)(F)C(F)(F)C(F)(F)C(F)(F)C(F)(F)C(F)(F)C(F)(F)C(F)(F)F,C8HF17O3S,500.13,17,58.620689655172406,8,17,8,500.1259999999999,7.0,2.0,1.0,0.0,0.0,Long-chain,False,False,False,True,Long-chain Branched Highly-fluorinated,Smoldering,Lab,Soil,1012.0,250.0,100.0,True,High,Long,0.092,0.0
1763-23-1,Perfluorooctanesulfonic acid,OS(=O)(=O)C(F)(F)C(F)(F)C(F)(F)C(F)(F)C(F)(F)C(F)(F)C(F)(F)C(F)(F)F,C8HF17O3S,500.13,17,58.620689655172406,8,17,8,500.1259999999999,7.0,2.0,1.0,0.0,0.0,Long-chain,False,False,False,True,Long-chain Branched Highly-fluorinated,Smoldering,Lab,Soil,1040.0,250.0,100.0,True,High,Long,0.353,0.0
1763-23-1,Perfluorooctanesulfonic acid,OS(=O)(=O)C(F)(F)C(F)(F)C(F)(F)C(F)(F)C(F)(F)C(F)(F)C(F)(F)C(F)(F)F,C8HF17O3S,500.13,17,58.620689655172406,8,17,8,500.1259999999999,7.0,2.0,1.0,0.0,0.0,Long-chain,False,False,False,True,Long-chain Branched Highly-fluorinated,Smoldering,Lab,Soil,642.0,250.0,100.0,True,High,Long,0.162,0.0
1763-23-1,Perfluorooctanesulfonic acid,OS(=O)(=O)C(F)(F)C(F)(F)C(F)(F)C(F)(F)C(F)(F)C(F)(F)C(F)(F)C(F)(F)F,C8HF17O3S,500.13,17,58.620689655172406,8,17,8,500.1259999999999,7.0,2.0,1.0,0.0,0.0,Long-chain,False,False,False,True,Long-chain Branched Highly-fluorinated,Smoldering,Lab,Soil,1143.0,250.0,100.0,True,High,Long,0.322,0.0
1763-23-1,Perfluorooctanesulfonic acid,OS(=O)(=O)C(F)(F)C(F)(F)C(F)(F)C(F)(F)C(F)(F)C(F)(F)C(F)(F)C(F)(F)F,C8HF17O3S,500.13,17,58.620689655172406,8,17,8,500.1259999999999,7.0,2.0,1.0,0.0,0.0,Long-chain,False,False,False,True,Long-chain Branched Highly-fluorinated,Smoldering,Lab,Soil,1145.0,250.0,100.0,True,High,Long,0.216,0.0
1763-23-1,Perfluorooctanesulfonic acid,OS(=O)(=O)C(F)(F)C(F)(F)C(F)(F)C(F)(F)C(F)(F)C(F)(F)C(F)(F)C(F)(F)F,C8HF17O3S,500.13,17,58.620689655172406,8,17,8,500.1259999999999,7.0,2.0,1.0,0.0,0.0,Long-chain,False,False,False,True,Long-chain Branched Highly-fluorinated,Smoldering,Lab,Soil,1093.0,250.0,100.0,True,High,Long,0.405,0.0
1763-23-1,Perfluorooctanesulfonic acid,OS(=O)(=O)C(F)(F)C(F)(F)C(F)(F)C(F)(F)C(F)(F)C(F)(F)C(F)(F)C(F)(F)F,C8HF17O3S,500.13,17,58.620689655172406,8,17,8,500.1259999999999,7.0,2.0,1.0,0.0,0.0,Long-chain,False,False,False,True,Long-chain Branched Highly-fluorinated,Smoldering,Lab,Treatment Media,1011.0,250.0,99.78199291856347,True,High,Long,197.7,0.431
1763-23-1,Perfluorooctanesulfonic acid,OS(=O)(=O)C(F)(F)C(F)(F)C(F)(F)C(F)(F)C(F)(F)C(F)(F)C(F)(F)C(F)(F)F,C8HF17O3S,500.13,17,58.620689655172406,8,17,8,500.1259999999999,7.0,2.0,1.0,0.0,0.0,Long-chain,False,False,False,True,Long-chain Branched Highly-fluorinated,Smoldering,Lab,Treatment Media,1048.0,250.0,100.0,True,High,Long,182.1,0.0
1763-23-1,Perfluorooctanesulfonic acid,OS(=O)(=O)C(F)(F)C(F)(F)C(F)(F)C(F)(F)C(F)(F)C(F)(F)C(F)(F)C(F)(F)F,C8HF17O3S,500.13,17,58.620689655172406,8,17,8,500.1259999999999,7.0,2.0,1.0,0.0,0.0,Long-chain,False,False,False,True,Long-chain Branched Highly-fluorinated,Hydrothermal Treatment,Lab,Other,350.0,90.0,,False,Medium,Medium,50.0,
1763-23-1,Perfluorooctanesulfonic acid,OS(=O)(=O)C(F)(F)C(F)(F)C(F)(F)C(F)(F)C(F)(F)C(F)(F)C(F)(F)C(F)(F)F,C8HF17O3S,500.13,17,58.620689655172406,8,17,8,500.1259999999999,7.0,2.0,1.0,0.0,0.0,Long-chain,False,False,False,True,Long-chain Branched Highly-fluorinated,Hydrothermal Treatment,Lab,Other,350.0,90.0,,False,Medium,Medium,50.0,
1763-23-1,Perfluorooctanesulfonic acid,OS(=O)(=O)C(F)(F)C(F)(F)C(F)(F)C(F)(F)C(F)(F)C(F)(F)C(F)(F)C(F)(F)F,C8HF17O3S,500.13,17,58.620689655172406,8,17,8,500.1259999999999,7.0,2.0,1.0,0.0,0.0,Long-chain,False,False,False,True,Long-chain Branched Highly-fluorinated,Hydrothermal Treatment,Lab,Other,350.0,90.0,,False,Medium,Medium,50.0,
1763-23-1,Perfluorooctanesulfonic acid,OS(=O)(=O)C(F)(F)C(F)(F)C(F)(F)C(F)(F)C(F)(F)C(F)(F)C(F)(F)C(F)(F)F,C8HF17O3S,500.13,17,58.620689655172406,8,17,8,500.1259999999999,7.0,2.0,1.0,0.0,0.0,Long-chain,False,False,False,True,Long-chain Branched Highly-fluorinated,Hydrothermal Treatment,Lab,Other,350.0,90.0,,False,Medium,Medium,50.0,
1763-23-1,Perfluorooctanesulfonic acid,OS(=O)(=O)C(F)(F)C(F)(F)C(F)(F)C(F)(F)C(F)(F)C(F)(F)C(F)(F)C(F)(F)F,C8HF17O3S,500.13,17,58.620689655172406,8,17,8,500.1259999999999,7.0,2.0,1.0,0.0,0.0,Long-chain,False,False,False,True,Long-chain Branched Highly-fluorinated,Hydrothermal Treatment,Lab,Other,350.0,90.0,,False,Medium,Medium,50.0,
1763-23-1,Perfluorooctanesulfonic acid,OS(=O)(=O)C(F)(F)C(F)(F)C(F)(F)C(F)(F)C(F)(F)C(F)(F)C(F)(F)C(F)(F)F,C8HF17O3S,500.13,17,58.620689655172406,8,17,8,500.1259999999999,7.0,2.0,1.0,0.0,0.0,Long-chain,False,False,False,True,Long-chain Branched Highly-fluorinated,Hydrothermal Treatment,Lab,Other,350.0,90.0,,False,Medium,Medium,50.0,
1763-23-1,Perfluorooctanesulfonic acid,OS(=O)(=O)C(F)(F)C(F)(F)C(F)(F)C(F)(F)C(F)(F)C(F)(F)C(F)(F)C(F)(F)F,C8HF17O3S,500.13,17,58.620689655172406,8,17,8,500.1259999999999,7.0,2.0,1.0,0.0,0.0,Long-chain,False,False,False,True,Long-chain Branched Highly-fluorinated,Hydrothermal Treatment,Lab,Other,350.0,90.0,,False,Medium,Medium,50.0,
1763-23-1,Perfluorooctanesulfonic acid,OS(=O)(=O)C(F)(F)C(F)(F)C(F)(F)C(F)(F)C(F)(F)C(F)(F)C(F)(F)C(F)(F)F,C8HF17O3S,500.13,17,58.620689655172406,8,17,8,500.1259999999999,7.0,2.0,1.0,0.0,0.0,Long-chain,False,False,False,True,Long-chain Branched Highly-fluorinated,Hydrothermal Treatment,Lab,Other,350.0,90.0,,False,Medium,Medium,50.0,
1763-23-1,Perfluorooctanesulfonic acid,OS(=O)(=O)C(F)(F)C(F)(F)C(F)(F)C(F)(F)C(F)(F)C(F)(F)C(F)(F)C(F)(F)F,C8HF17O3S,500.13,17,58.620689655172406,8,17,8,500.1259999999999,7.0,2.0,1.0,0.0,0.0,Long-chain,False,False,False,True,Long-chain Branched Highly-fluorinated,Hydrothermal Treatment,Lab,Other,350.0,90.0,,False,Medium,Medium,50.0,
1763-23-1,Perfluorooctanesulfonic acid,OS(=O)(=O)C(F)(F)C(F)(F)C(F)(F)C(F)(F)C(F)(F)C(F)(F)C(F)(F)C(F)(F)F,C8HF17O3S,500.13,17,58.620689655172406,8,17,8,500.1259999999999,7.0,2.0,1.0,0.0,0.0,Long-chain,False,False,False,True,Long-chain Branched Highly-fluorinated,Hydrothermal Treatment,Lab,Other,350.0,90.0,,False,Medium,Medium,50.0,
1763-23-1,Perfluorooctanesulfonic acid,OS(=O)(=O)C(F)(F)C(F)(F)C(F)(F)C(F)(F)C(F)(F)C(F)(F)C(F)(F)C(F)(F)F,C8HF17O3S,500.13,17,58.620689655172406,8,17,8,500.1259999999999,7.0,2.0,1.0,0.0,0.0,Long-chain,False,False,False,True,Long-chain Branched Highly-fluorinated,Hydrothermal Treatment,Lab,Other,350.0,90.0,,False,Medium,Medium,50.0,
1763-23-1,Perfluorooctanesulfonic acid,OS(=O)(=O)C(F)(F)C(F)(F)C(F)(F)C(F)(F)C(F)(F)C(F)(F)C(F)(F)C(F)(F)F,C8HF17O3S,500.13,17,58.620689655172406,8,17,8,500.1259999999999,7.0,2.0,1.0,0.0,0.0,Long-chain,False,False,False,True,Long-chain Branched Highly-fluorinated,Hydrothermal Treatment,Lab,Other,350.0,90.0,,False,Medium,Medium,50.0,
1763-23-1,Perfluorooctanesulfonic acid,OS(=O)(=O)C(F)(F)C(F)(F)C(F)(F)C(F)(F)C(F)(F)C(F)(F)C(F)(F)C(F)(F)F,C8HF17O3S,500.13,17,58.620689655172406,8,17,8,500.1259999999999,7.0,2.0,1.0,0.0,0.0,Long-chain,False,False,False,True,Long-chain Branched Highly-fluorinated,Hydrothermal Treatment,Lab,Other,350.0,90.0,,False,Medium,Medium,50.0,
1763-23-1,Perfluorooctanesulfonic acid,OS(=O)(=O)C(F)(F)C(F)(F)C(F)(F)C(F)(F)C(F)(F)C(F)(F)C(F)(F)C(F)(F)F,C8HF17O3S,500.13,17,58.620689655172406,8,17,8,500.1259999999999,7.0,2.0,1.0,0.0,0.0,Long-chain,False,False,False,True,Long-chain Branched Highly-fluorinated,Hydrothermal Treatment,Lab,Other,350.0,90.0,,False,Medium,Medium,50.0,
1763-23-1,Perfluorooctanesulfonic acid,OS(=O)(=O)C(F)(F)C(F)(F)C(F)(F)C(F)(F)C(F)(F)C(F)(F)C(F)(F)C(F)(F)F,C8HF17O3S,500.13,17,58.620689655172406,8,17,8,500.1259999999999,7.0,2.0,1.0,0.0,0.0,Long-chain,False,False,False,True,Long-chain Branched Highly-fluorinated,Hydrothermal Treatment,Lab,Other,350.0,90.0,,False,Medium,Medium,50.0,
1763-23-1,Perfluorooctanesulfonic acid,OS(=O)(=O)C(F)(F)C(F)(F)C(F)(F)C(F)(F)C(F)(F)C(F)(F)C(F)(F)C(F)(F)F,C8HF17O3S,500.13,17,58.620689655172406,8,17,8,500.1259999999999,7.0,2.0,1.0,0.0,0.0,Long-chain,False,False,False,True,Long-chain Branched Highly-fluorinated,Hydrothermal Treatment,Lab,Other,350.0,90.0,,False,Medium,Medium,50.0,
1763-23-1,Perfluorooctanesulfonic acid,OS(=O)(=O)C(F)(F)C(F)(F)C(F)(F)C(F)(F)C(F)(F)C(F)(F)C(F)(F)C(F)(F)F,C8HF17O3S,500.13,17,58.620689655172406,8,17,8,500.1259999999999,7.0,2.0,1.0,0.0,0.0,Long-chain,False,False,False,True,Long-chain Branched Highly-fluorinated,Hydrothermal Treatment,Lab,Other,350.0,90.0,,False,Medium,Medium,50.0,
1763-23-1,Perfluorooctanesulfonic acid,OS(=O)(=O)C(F)(F)C(F)(F)C(F)(F)C(F)(F)C(F)(F)C(F)(F)C(F)(F)C(F)(F)F,C8HF17O3S,500.13,17,58.620689655172406,8,17,8,500.1259999999999,7.0,2.0,1.0,0.0,0.0,Long-chain,False,False,False,True,Long-chain Branched Highly-fluorinated,Hydrothermal Treatment,Lab,Other,350.0,90.0,,False,Medium,Medium,50.0,
1763-23-1,Perfluorooctanesulfonic acid,OS(=O)(=O)C(F)(F)C(F)(F)C(F)(F)C(F)(F)C(F)(F)C(F)(F)C(F)(F)C(F)(F)F,C8HF17O3S,500.13,17,58.620689655172406,8,17,8,500.1259999999999,7.0,2.0,1.0,0.0,0.0,Long-chain,False,False,False,True,Long-chain Branched Highly-fluorinated,Hydrothermal Treatment,Lab,Other,350.0,90.0,,False,Medium,Medium,50.0,
1763-23-1,Perfluorooctanesulfonic acid,OS(=O)(=O)C(F)(F)C(F)(F)C(F)(F)C(F)(F)C(F)(F)C(F)(F)C(F)(F)C(F)(F)F,C8HF17O3S,500.13,17,58.620689655172406,8,17,8,500.1259999999999,7.0,2.0,1.0,0.0,0.0,Long-chain,False,False,False,True,Long-chain Branched Highly-fluorinated,Hydrothermal Treatment,Lab,Other,350.0,90.0,,False,Medium,Medium,50.0,
1763-23-1,Perfluorooctanesulfonic acid,OS(=O)(=O)C(F)(F)C(F)(F)C(F)(F)C(F)(F)C(F)(F)C(F)(F)C(F)(F)C(F)(F)F,C8HF17O3S,500.13,17,58.620689655172406,8,17,8,500.1259999999999,7.0,2.0,1.0,0.0,0.0,Long-chain,False,False,False,True,Long-chain Branched Highly-fluorinated,Hydrothermal Treatment,Lab,Other,350.0,90.0,,False,Medium,Medium,50.0,
1763-23-1,Perfluorooctanesulfonic acid,OS(=O)(=O)C(F)(F)C(F)(F)C(F)(F)C(F)(F)C(F)(F)C(F)(F)C(F)(F)C(F)(F)F,C8HF17O3S,500.13,17,58.620689655172406,8,17,8,500.1259999999999,7.0,2.0,1.0,0.0,0.0,Long-chain,False,False,False,True,Long-chain Branched Highly-fluorinated,Hydrothermal Treatment,Lab,Other,350.0,90.0,,False,Medium,Medium,50.0,
1763-23-1,Perfluorooctanesulfonic acid,OS(=O)(=O)C(F)(F)C(F)(F)C(F)(F)C(F)(F)C(F)(F)C(F)(F)C(F)(F)C(F)(F)F,C8HF17O3S,500.13,17,58.620689655172406,8,17,8,500.1259999999999,7.0,2.0,1.0,0.0,0.0,Long-chain,False,False,False,True,Long-chain Branched Highly-fluorinated,Hydrothermal Treatment,Lab,Other,350.0,90.0,,False,Medium,Medium,50.0,
1763-23-1,Perfluorooctanesulfonic acid,OS(=O)(=O)C(F)(F)C(F)(F)C(F)(F)C(F)(F)C(F)(F)C(F)(F)C(F)(F)C(F)(F)F,C8HF17O3S,500.13,17,58.620689655172406,8,17,8,500.1259999999999,7.0,2.0,1.0,0.0,0.0,Long-chain,False,False,False,True,Long-chain Branched Highly-fluorinated,Hydrothermal Treatment,Lab,Other,350.0,90.0,,False,Medium,Medium,50.0,
1763-23-1,Perfluorooctanesulfonic acid,OS(=O)(=O)C(F)(F)C(F)(F)C(F)(F)C(F)(F)C(F)(F)C(F)(F)C(F)(F)C(F)(F)F,C8HF17O3S,500.13,17,58.620689655172406,8,17,8,500.1259999999999,7.0,2.0,1.0,0.0,0.0,Long-chain,False,False,False,True,Long-chain Branched Highly-fluorinated,Hydrothermal Treatment,Lab,Other,350.0,90.0,,False,Medium,Medium,50.0,
1763-23-1,Perfluorooctanesulfonic acid,OS(=O)(=O)C(F)(F)C(F)(F)C(F)(F)C(F)(F)C(F)(F)C(F)(F)C(F)(F)C(F)(F)F,C8HF17O3S,500.13,17,58.620689655172406,8,17,8,500.1259999999999,7.0,2.0,1.0,0.0,0.0,Long-chain,False,False,False,True,Long-chain Branched Highly-fluorinated,Hydrothermal Treatment,Lab,Other,350.0,90.0,,False,Medium,Medium,50.0,
1763-23-1,Perfluorooctanesulfonic acid,OS(=O)(=O)C(F)(F)C(F)(F)C(F)(F)C(F)(F)C(F)(F)C(F)(F)C(F)(F)C(F)(F)F,C8HF17O3S,500.13,17,58.620689655172406,8,17,8,500.1259999999999,7.0,2.0,1.0,0.0,0.0,Long-chain,False,False,False,True,Long-chain Branched Highly-fluorinated,Hydrothermal Treatment,Lab,Other,350.0,90.0,,False,Medium,Medium,50.0,
1763-23-1,Perfluorooctanesulfonic acid,OS(=O)(=O)C(F)(F)C(F)(F)C(F)(F)C(F)(F)C(F)(F)C(F)(F)C(F)(F)C(F)(F)F,C8HF17O3S,500.13,17,58.620689655172406,8,17,8,500.1259999999999,7.0,2.0,1.0,0.0,0.0,Long-chain,False,False,False,True,Long-chain Branched Highly-fluorinated,Hydrothermal Treatment,Lab,Other,350.0,90.0,,False,Medium,Medium,50.0,
1763-23-1,Perfluorooctanesulfonic acid,OS(=O)(=O)C(F)(F)C(F)(F)C(F)(F)C(F)(F)C(F)(F)C(F)(F)C(F)(F)C(F)(F)F,C8HF17O3S,500.13,17,58.620689655172406,8,17,8,500.1259999999999,7.0,2.0,1.0,0.0,0.0,Long-chain,False,False,False,True,Long-chain Branched Highly-fluorinated,Hydrothermal Treatment,Lab,Other,350.0,90.0,,False,Medium,Medium,50.0,
1763-23-1,Perfluorooctanesulfonic acid,OS(=O)(=O)C(F)(F)C(F)(F)C(F)(F)C(F)(F)C(F)(F)C(F)(F)C(F)(F)C(F)(F)F,C8HF17O3S,500.13,17,58.620689655172406,8,17,8,500.1259999999999,7.0,2.0,1.0,0.0,0.0,Long-chain,False,False,False,True,Long-chain Branched Highly-fluorinated,Hydrothermal Treatment,Lab,Other,350.0,90.0,,False,Medium,Medium,50.0,
1763-23-1,Perfluorooctanesulfonic acid,OS(=O)(=O)C(F)(F)C(F)(F)C(F)(F)C(F)(F)C(F)(F)C(F)(F)C(F)(F)C(F)(F)F,C8HF17O3S,500.13,17,58.620689655172406,8,17,8,500.1259999999999,7.0,2.0,1.0,0.0,0.0,Long-chain,False,False,False,True,Long-chain Branched Highly-fluorinated,Hydrothermal Treatment,Lab,Other,350.0,90.0,,False,Medium,Medium,50.0,
1763-23-1,Perfluorooctanesulfonic acid,OS(=O)(=O)C(F)(F)C(F)(F)C(F)(F)C(F)(F)C(F)(F)C(F)(F)C(F)(F)C(F)(F)F,C8HF17O3S,500.13,17,58.620689655172406,8,17,8,500.1259999999999,7.0,2.0,1.0,0.0,0.0,Long-chain,False,False,False,True,Long-chain Branched Highly-fluorinated,Hydrothermal Treatment,Lab,Other,350.0,90.0,,False,Medium,Medium,50.0,
1763-23-1,Perfluorooctanesulfonic acid,OS(=O)(=O)C(F)(F)C(F)(F)C(F)(F)C(F)(F)C(F)(F)C(F)(F)C(F)(F)C(F)(F)F,C8HF17O3S,500.13,17,58.620689655172406,8,17,8,500.1259999999999,7.0,2.0,1.0,0.0,0.0,Long-chain,False,False,False,True,Long-chain Branched Highly-fluorinated,Hydrothermal Treatment,Lab,Other,350.0,90.0,,False,Medium,Medium,50.0,
1763-23-1,Perfluorooctanesulfonic acid,OS(=O)(=O)C(F)(F)C(F)(F)C(F)(F)C(F)(F)C(F)(F)C(F)(F)C(F)(F)C(F)(F)F,C8HF17O3S,500.13,17,58.620689655172406,8,17,8,500.1259999999999,7.0,2.0,1.0,0.0,0.0,Long-chain,False,False,False,True,Long-chain Branched Highly-fluorinated,Hydrothermal Treatment,Lab,Other,350.0,90.0,,False,Medium,Medium,50.0,
1763-23-1,Perfluorooctanesulfonic acid,OS(=O)(=O)C(F)(F)C(F)(F)C(F)(F)C(F)(F)C(F)(F)C(F)(F)C(F)(F)C(F)(F)F,C8HF17O3S,500.13,17,58.620689655172406,8,17,8,500.1259999999999,7.0,2.0,1.0,0.0,0.0,Long-chain,False,False,False,True,Long-chain Branched Highly-fluorinated,Hydrothermal Treatment,Lab,Other,350.0,90.0,,False,Medium,Medium,50.0,
1763-23-1,Perfluorooctanesulfonic acid,OS(=O)(=O)C(F)(F)C(F)(F)C(F)(F)C(F)(F)C(F)(F)C(F)(F)C(F)(F)C(F)(F)F,C8HF17O3S,500.13,17,58.620689655172406,8,17,8,500.1259999999999,7.0,2.0,1.0,0.0,0.0,Long-chain,False,False,False,True,Long-chain Branched Highly-fluorinated,Hydrothermal Treatment,Lab,Other,350.0,90.0,,False,Medium,Medium,50.0,
1763-23-1,Perfluorooctanesulfonic acid,OS(=O)(=O)C(F)(F)C(F)(F)C(F)(F)C(F)(F)C(F)(F)C(F)(F)C(F)(F)C(F)(F)F,C8HF17O3S,500.13,17,58.620689655172406,8,17,8,500.1259999999999,7.0,2.0,1.0,0.0,0.0,Long-chain,False,False,False,True,Long-chain Branched Highly-fluorinated,Hydrothermal Treatment,Lab,Other,350.0,90.0,,False,Medium,Medium,50.0,
1763-23-1,Perfluorooctanesulfonic acid,OS(=O)(=O)C(F)(F)C(F)(F)C(F)(F)C(F)(F)C(F)(F)C(F)(F)C(F)(F)C(F)(F)F,C8HF17O3S,500.13,17,58.620689655172406,8,17,8,500.1259999999999,7.0,2.0,1.0,0.0,0.0,Long-chain,False,False,False,True,Long-chain Branched Highly-fluorinated,Hydrothermal Treatment,Lab,Other,350.0,90.0,,False,Medium,Medium,50.0,
1763-23-1,Perfluorooctanesulfonic acid,OS(=O)(=O)C(F)(F)C(F)(F)C(F)(F)C(F)(F)C(F)(F)C(F)(F)C(F)(F)C(F)(F)F,C8HF17O3S,500.13,17,58.620689655172406,8,17,8,500.1259999999999,7.0,2.0,1.0,0.0,0.0,Long-chain,False,False,False,True,Long-chain Branched Highly-fluorinated,Hydrothermal Treatment,Lab,Other,350.0,90.0,,False,Medium,Medium,50.0,
1763-23-1,Perfluorooctanesulfonic acid,OS(=O)(=O)C(F)(F)C(F)(F)C(F)(F)C(F)(F)C(F)(F)C(F)(F)C(F)(F)C(F)(F)F,C8HF17O3S,500.13,17,58.620689655172406,8,17,8,500.1259999999999,7.0,2.0,1.0,0.0,0.0,Long-chain,False,False,False,True,Long-chain Branched Highly-fluorinated,Hydrothermal Treatment,Lab,Other,350.0,90.0,,False,Medium,Medium,50.0,
1763-23-1,Perfluorooctanesulfonic acid,OS(=O)(=O)C(F)(F)C(F)(F)C(F)(F)C(F)(F)C(F)(F)C(F)(F)C(F)(F)C(F)(F)F,C8HF17O3S,500.13,17,58.620689655172406,8,17,8,500.1259999999999,7.0,2.0,1.0,0.0,0.0,Long-chain,False,False,False,True,Long-chain Branched Highly-fluorinated,Smoldering,Lab,Soil,1064.0,250.0,100.0,True,High,Long,6.67,0.0
1763-23-1,Perfluorooctanesulfonic acid,OS(=O)(=O)C(F)(F)C(F)(F)C(F)(F)C(F)(F)C(F)(F)C(F)(F)C(F)(F)C(F)(F)F,C8HF17O3S,500.13,17,58.620689655172406,8,17,8,500.1259999999999,7.0,2.0,1.0,0.0,0.0,Long-chain,False,False,False,True,Long-chain Branched Highly-fluorinated,Smoldering,Lab,Soil,1016.0,250.0,100.0,True,High,Long,9.54,0.0
1763-23-1,Perfluorooctanesulfonic acid,OS(=O)(=O)C(F)(F)C(F)(F)C(F)(F)C(F)(F)C(F)(F)C(F)(F)C(F)(F)C(F)(F)F,C8HF17O3S,500.13,17,58.620689655172406,8,17,8,500.1259999999999,7.0,2.0,1.0,0.0,0.0,Long-chain,False,False,False,True,Long-chain Branched Highly-fluorinated,Hydrothermal Treatment,Lab,Other,350.0,90.0,,False,Medium,Medium,50.0,
1763-23-1,Perfluorooctanesulfonic acid,OS(=O)(=O)C(F)(F)C(F)(F)C(F)(F)C(F)(F)C(F)(F)C(F)(F)C(F)(F)C(F)(F)F,C8HF17O3S,500.13,17,58.620689655172406,8,17,8,500.1259999999999,7.0,2.0,1.0,0.0,0.0,Long-chain,False,False,False,True,Long-chain Branched Highly-fluorinated,Hydrothermal Treatment,Lab,Other,350.0,90.0,,False,Medium,Medium,50.0,
1763-23-1,Perfluorooctanesulfonic acid,OS(=O)(=O)C(F)(F)C(F)(F)C(F)(F)C(F)(F)C(F)(F)C(F)(F)C(F)(F)C(F)(F)F,C8HF17O3S,500.13,17,58.620689655172406,8,17,8,500.1259999999999,7.0,2.0,1.0,0.0,0.0,Long-chain,False,False,False,True,Long-chain Branched Highly-fluorinated,Hydrothermal Treatment,Lab,Other,350.0,90.0,,False,Medium,Medium,50.0,
1763-23-1,Perfluorooctanesulfonic acid,OS(=O)(=O)C(F)(F)C(F)(F)C(F)(F)C(F)(F)C(F)(F)C(F)(F)C(F)(F)C(F)(F)F,C8HF17O3S,500.13,17,58.620689655172406,8,17,8,500.1259999999999,7.0,2.0,1.0,0.0,0.0,Long-chain,False,False,False,True,Long-chain Branched Highly-fluorinated,Hydrothermal Treatment,Lab,Other,350.0,90.0,,False,Medium,Medium,50.0,
1763-23-1,Perfluorooctanesulfonic acid,OS(=O)(=O)C(F)(F)C(F)(F)C(F)(F)C(F)(F)C(F)(F)C(F)(F)C(F)(F)C(F)(F)F,C8HF17O3S,500.13,17,58.620689655172406,8,17,8,500.1259999999999,7.0,2.0,1.0,0.0,0.0,Long-chain,False,False,False,True,Long-chain Branched Highly-fluorinated,Smoldering,Lab,Treatment Media,950.0,250.0,100.0,True,High,Long,120.0,0.0
1763-23-1,Perfluorooctanesulfonic acid,OS(=O)(=O)C(F)(F)C(F)(F)C(F)(F)C(F)(F)C(F)(F)C(F)(F)C(F)(F)C(F)(F)F,C8HF17O3S,500.13,17,58.620689655172406,8,17,8,500.1259999999999,7.0,2.0,1.0,0.0,0.0,Long-chain,False,False,False,True,Long-chain Branched Highly-fluorinated,Smoldering,Lab,Treatment Media,908.0,250.0,100.0,True,High,Long,140.0,0.0
1763-23-1,Perfluorooctanesulfonic acid,OS(=O)(=O)C(F)(F)C(F)(F)C(F)(F)C(F)(F)C(F)(F)C(F)(F)C(F)(F)C(F)(F)F,C8HF17O3S,500.13,17,58.620689655172406,8,17,8,500.1259999999999,7.0,2.0,1.0,0.0,0.0,Long-chain,False,False,False,True,Long-chain Branched Highly-fluorinated,Indirect Thermal Desorption,Lab,Soil,550.0,75.0,100.0,True,High,Medium,0.6,0.0
1763-23-1,Perfluorooctanesulfonic acid,OS(=O)(=O)C(F)(F)C(F)(F)C(F)(F)C(F)(F)C(F)(F)C(F)(F)C(F)(F)C(F)(F)F,C8HF17O3S,500.13,17,58.620689655172406,8,17,8,500.1259999999999,7.0,2.0,1.0,0.0,0.0,Long-chain,False,False,False,True,Long-chain Branched Highly-fluorinated,Indirect Thermal Desorption,Lab,Soil,550.0,45.0,100.0,True,High,Medium,0.6,0.0
1763-23-1,Perfluorooctanesulfonic acid,OS(=O)(=O)C(F)(F)C(F)(F)C(F)(F)C(F)(F)C(F)(F)C(F)(F)C(F)(F)C(F)(F)F,C8HF17O3S,500.13,17,58.620689655172406,8,17,8,500.1259999999999,7.0,2.0,1.0,0.0,0.0,Long-chain,False,False,False,True,Long-chain Branched Highly-fluorinated,Indirect Thermal Desorption,Lab,Soil,550.0,15.0,100.0,True,High,Short,0.6,0.0
1763-23-1,Perfluorooctanesulfonic acid,OS(=O)(=O)C(F)(F)C(F)(F)C(F)(F)C(F)(F)C(F)(F)C(F)(F)C(F)(F)C(F)(F)F,C8HF17O3S,500.13,17,58.620689655172406,8,17,8,500.1259999999999,7.0,2.0,1.0,0.0,0.0,Long-chain,False,False,False,True,Long-chain Branched Highly-fluorinated,Indirect Thermal Desorption,Lab,Soil,550.0,75.0,100.0,True,High,Medium,0.0135,0.0
1763-23-1,Perfluorooctanesulfonic acid,OS(=O)(=O)C(F)(F)C(F)(F)C(F)(F)C(F)(F)C(F)(F)C(F)(F)C(F)(F)C(F)(F)F,C8HF17O3S,500.13,17,58.620689655172406,8,17,8,500.1259999999999,7.0,2.0,1.0,0.0,0.0,Long-chain,False,False,False,True,Long-chain Branched Highly-fluorinated,Indirect Thermal Desorption,Lab,Soil,550.0,45.0,100.0,True,High,Medium,0.0135,0.0
1763-23-1,Perfluorooctanesulfonic acid,OS(=O)(=O)C(F)(F)C(F)(F)C(F)(F)C(F)(F)C(F)(F)C(F)(F)C(F)(F)C(F)(F)F,C8HF17O3S,500.13,17,58.620689655172406,8,17,8,500.1259999999999,7.0,2.0,1.0,0.0,0.0,Long-chain,False,False,False,True,Long-chain Branched Highly-fluorinated,Indirect Thermal Desorption,Lab,Soil,550.0,15.0,100.0,True,High,Short,0.0135,0.0
1763-23-1,Perfluorooctanesulfonic acid,OS(=O)(=O)C(F)(F)C(F)(F)C(F)(F)C(F)(F)C(F)(F)C(F)(F)C(F)(F)C(F)(F)F,C8HF17O3S,500.13,17,58.620689655172406,8,17,8,500.1259999999999,7.0,2.0,1.0,0.0,0.0,Long-chain,False,False,False,True,Long-chain Branched Highly-fluorinated,Indirect Thermal Desorption,Lab,Soil,450.0,75.0,100.0,True,High,Medium,0.0135,0.0
1763-23-1,Perfluorooctanesulfonic acid,OS(=O)(=O)C(F)(F)C(F)(F)C(F)(F)C(F)(F)C(F)(F)C(F)(F)C(F)(F)C(F)(F)F,C8HF17O3S,500.13,17,58.620689655172406,8,17,8,500.1259999999999,7.0,2.0,1.0,0.0,0.0,Long-chain,False,False,False,True,Long-chain Branched Highly-fluorinated,Indirect Thermal Desorption,Lab,Soil,550.0,75.0,100.0,True,High,Medium,0.6,0.0
1763-23-1,Perfluorooctanesulfonic acid,OS(=O)(=O)C(F)(F)C(F)(F)C(F)(F)C(F)(F)C(F)(F)C(F)(F)C(F)(F)C(F)(F)F,C8HF17O3S,500.13,17,58.620689655172406,8,17,8,500.1259999999999,7.0,2.0,1.0,0.0,0.0,Long-chain,False,False,False,True,Long-chain Branched Highly-fluorinated,Hydrothermal Treatment,Lab,Other,350.0,360.0,,False,Medium,Long,118.8,
1763-23-1,Perfluorooctanesulfonic acid,OS(=O)(=O)C(F)(F)C(F)(F)C(F)(F)C(F)(F)C(F)(F)C(F)(F)C(F)(F)C(F)(F)F,C8HF17O3S,500.13,17,58.620689655172406,8,17,8,500.1259999999999,7.0,2.0,1.0,0.0,0.0,Long-chain,False,False,False,True,Long-chain Branched Highly-fluorinated,Hydrothermal Treatment,Lab,Other,350.0,360.0,,False,Medium,Long,55.9,
1763-23-1,Perfluorooctanesulfonic acid,OS(=O)(=O)C(F)(F)C(F)(F)C(F)(F)C(F)(F)C(F)(F)C(F)(F)C(F)(F)C(F)(F)F,C8HF17O3S,500.13,17,58.620689655172406,8,17,8,500.1259999999999,7.0,2.0,1.0,0.0,0.0,Long-chain,False,False,False,True,Long-chain Branched Highly-fluorinated,Hydrothermal Treatment,Lab,Other,350.0,360.0,98.9247311827957,True,Medium,Long,1.86,0.02
1763-23-1,Perfluorooctanesulfonic acid,OS(=O)(=O)C(F)(F)C(F)(F)C(F)(F)C(F)(F)C(F)(F)C(F)(F)C(F)(F)C(F)(F)F,C8HF17O3S,500.13,17,58.620689655172406,8,17,8,500.1259999999999,7.0,2.0,1.0,0.0,0.0,Long-chain,False,False,False,True,Long-chain Branched Highly-fluorinated,Hydrothermal Treatment,Lab,Other,350.0,360.0,97.8494623655914,True,Medium,Long,0.93,0.02
1763-23-1,Perfluorooctanesulfonic acid,OS(=O)(=O)C(F)(F)C(F)(F)C(F)(F)C(F)(F)C(F)(F)C(F)(F)C(F)(F)C(F)(F)F,C8HF17O3S,500.13,17,58.620689655172406,8,17,8,500.1259999999999,7.0,2.0,1.0,0.0,0.0,Long-chain,False,False,False,True,Long-chain Branched Highly-fluorinated,Hydrothermal Treatment,Lab,Other,350.0,360.0,99.46236559139786,True,Medium,Long,3.72,0.02
1763-23-1,Perfluorooctanesulfonic acid,OS(=O)(=O)C(F)(F)C(F)(F)C(F)(F)C(F)(F)C(F)(F)C(F)(F)C(F)(F)C(F)(F)F,C8HF17O3S,500.13,17,58.620689655172406,8,17,8,500.1259999999999,7.0,2.0,1.0,0.0,0.0,Long-chain,False,False,False,True,Long-chain Branched Highly-fluorinated,Hydrothermal Treatment,Lab,Other,350.0,360.0,15.322580645161295,False,Medium,Long,3.72,3.15
1763-23-1,Perfluorooctanesulfonic acid,OS(=O)(=O)C(F)(F)C(F)(F)C(F)(F)C(F)(F)C(F)(F)C(F)(F)C(F)(F)C(F)(F)F,C8HF17O3S,500.13,17,58.620689655172406,8,17,8,500.1259999999999,7.0,2.0,1.0,0.0,0.0,Long-chain,False,False,False,True,Long-chain Branched Highly-fluorinated,Hydrothermal Treatment,Lab,Other,350.0,360.0,6.451612903225811,False,Medium,Long,3.72,3.48
1763-23-1,Perfluorooctanesulfonic acid,OS(=O)(=O)C(F)(F)C(F)(F)C(F)(F)C(F)(F)C(F)(F)C(F)(F)C(F)(F)C(F)(F)F,C8HF17O3S,500.13,17,58.620689655172406,8,17,8,500.1259999999999,7.0,2.0,1.0,0.0,0.0,Long-chain,False,False,False,True,Long-chain Branched Highly-fluorinated,Hydrothermal Treatment,Lab,Other,350.0,360.0,9.677419354838715,False,Medium,Long,3.72,3.36
1763-23-1,Perfluorooctanesulfonic acid,OS(=O)(=O)C(F)(F)C(F)(F)C(F)(F)C(F)(F)C(F)(F)C(F)(F)C(F)(F)C(F)(F)F,C8HF17O3S,500.13,17,58.620689655172406,8,17,8,500.1259999999999,7.0,2.0,1.0,0.0,0.0,Long-chain,False,False,False,True,Long-chain Branched Highly-fluorinated,Vapor Energy Generation,Lab,Soil,1750.0,30.0,,False,High,Short,,0.02
1763-23-1,Perfluorooctanesulfonic acid,OS(=O)(=O)C(F)(F)C(F)(F)C(F)(F)C(F)(F)C(F)(F)C(F)(F)C(F)(F)C(F)(F)F,C8HF17O3S,500.13,17,58.620689655172406,8,17,8,500.1259999999999,7.0,2.0,1.0,0.0,0.0,Long-chain,False,False,False,True,Long-chain Branched Highly-fluorinated,Vapor Energy Generation,Lab,Soil,1100.0,15.0,59.73386455602587,False,High,Short,58386.06,23509.81
1763-23-1,Perfluorooctanesulfonic acid,OS(=O)(=O)C(F)(F)C(F)(F)C(F)(F)C(F)(F)C(F)(F)C(F)(F)C(F)(F)C(F)(F)F,C8HF17O3S,500.13,17,58.620689655172406,8,17,8,500.1259999999999,7.0,2.0,1.0,0.0,0.0,Long-chain,False,False,False,True,Long-chain Branched Highly-fluorinated,Vapor Energy Generation,Lab,Soil,900.0,15.0,18.760216141503584,False,High,Short,39936.8,32444.57
1763-23-1,Perfluorooctanesulfonic acid,OS(=O)(=O)C(F)(F)C(F)(F)C(F)(F)C(F)(F)C(F)(F)C(F)(F)C(F)(F)C(F)(F)F,C8HF17O3S,500.13,17,58.620689655172406,8,17,8,500.1259999999999,7.0,2.0,1.0,0.0,0.0,Long-chain,False,False,False,True,Long-chain Branched Highly-fluorinated,Hydrothermal Treatment,Lab,Other,350.0,60.0,,False,Medium,Medium,,
1763-23-1,Perfluorooctanesulfonic acid,OS(=O)(=O)C(F)(F)C(F)(F)C(F)(F)C(F)(F)C(F)(F)C(F)(F)C(F)(F)C(F)(F)F,C8HF17O3S,500.13,17,58.620689655172406,8,17,8,500.1259999999999,7.0,2.0,1.0,0.0,0.0,Long-chain,False,False,False,True,Long-chain Branched Highly-fluorinated,Hydrothermal Treatment,Lab,Other,350.0,60.0,,False,Medium,Medium,,
1763-23-1,Perfluorooctanesulfonic acid,OS(=O)(=O)C(F)(F)C(F)(F)C(F)(F)C(F)(F)C(F)(F)C(F)(F)C(F)(F)C(F)(F)F,C8HF17O3S,500.13,17,58.620689655172406,8,17,8,500.1259999999999,7.0,2.0,1.0,0.0,0.0,Long-chain,False,False,False,True,Long-chain Branched Highly-fluorinated,Hydrothermal Treatment,Lab,Other,300.0,60.0,,False,Medium,Medium,,
1763-23-1,Perfluorooctanesulfonic acid,OS(=O)(=O)C(F)(F)C(F)(F)C(F)(F)C(F)(F)C(F)(F)C(F)(F)C(F)(F)C(F)(F)F,C8HF17O3S,500.13,17,58.620689655172406,8,17,8,500.1259999999999,7.0,2.0,1.0,0.0,0.0,Long-chain,False,False,False,True,Long-chain Branched Highly-fluorinated,Hydrothermal Treatment,Lab,Other,300.0,60.0,,False,Medium,Medium,,
1763-23-1,Perfluorooctanesulfonic acid,OS(=O)(=O)C(F)(F)C(F)(F)C(F)(F)C(F)(F)C(F)(F)C(F)(F)C(F)(F)C(F)(F)F,C8HF17O3S,500.13,17,58.620689655172406,8,17,8,500.1259999999999,7.0,2.0,1.0,0.0,0.0,Long-chain,False,False,False,True,Long-chain Branched Highly-fluorinated,Hydrothermal Treatment,Lab,Other,260.0,60.0,,False,Medium,Medium,,
1763-23-1,Perfluorooctanesulfonic acid,OS(=O)(=O)C(F)(F)C(F)(F)C(F)(F)C(F)(F)C(F)(F)C(F)(F)C(F)(F)C(F)(F)F,C8HF17O3S,500.13,17,58.620689655172406,8,17,8,500.1259999999999,7.0,2.0,1.0,0.0,0.0,Long-chain,False,False,False,True,Long-chain Branched Highly-fluorinated,Hydrothermal Treatment,Lab,Other,260.0,60.0,,False,Medium,Medium,,
1763-23-1,Perfluorooctanesulfonic acid,OS(=O)(=O)C(F)(F)C(F)(F)C(F)(F)C(F)(F)C(F)(F)C(F)(F)C(F)(F)C(F)(F)F,C8HF17O3S,500.13,17,58.620689655172406,8,17,8,500.1259999999999,7.0,2.0,1.0,0.0,0.0,Long-chain,False,False,False,True,Long-chain Branched Highly-fluorinated,Hydrothermal Treatment,Lab,Sludge,300.0,60.0,,False,Medium,Medium,1000.0,
1763-23-1,Perfluorooctanesulfonic acid,OS(=O)(=O)C(F)(F)C(F)(F)C(F)(F)C(F)(F)C(F)(F)C(F)(F)C(F)(F)C(F)(F)F,C8HF17O3S,500.13,17,58.620689655172406,8,17,8,500.1259999999999,7.0,2.0,1.0,0.0,0.0,Long-chain,False,False,False,True,Long-chain Branched Highly-fluorinated,Hydrothermal Treatment,Lab,Sludge,260.0,60.0,,False,Medium,Medium,1000.0,
1763-23-1,Perfluorooctanesulfonic acid,OS(=O)(=O)C(F)(F)C(F)(F)C(F)(F)C(F)(F)C(F)(F)C(F)(F)C(F)(F)C(F)(F)F,C8HF17O3S,500.13,17,58.620689655172406,8,17,8,500.1259999999999,7.0,2.0,1.0,0.0,0.0,Long-chain,False,False,False,True,Long-chain Branched Highly-fluorinated,Hydrothermal Treatment,Lab,Sludge,350.0,90.0,,False,Medium,Medium,1000.0,
1763-23-1,Perfluorooctanesulfonic acid,OS(=O)(=O)C(F)(F)C(F)(F)C(F)(F)C(F)(F)C(F)(F)C(F)(F)C(F)(F)C(F)(F)F,C8HF17O3S,500.13,17,58.620689655172406,8,17,8,500.1259999999999,7.0,2.0,1.0,0.0,0.0,Long-chain,False,False,False,True,Long-chain Branched Highly-fluorinated,Hydrothermal Treatment,Lab,Sludge,350.0,60.0,,False,Medium,Medium,1000.0,
1763-23-1,Perfluorooctanesulfonic acid,OS(=O)(=O)C(F)(F)C(F)(F)C(F)(F)C(F)(F)C(F)(F)C(F)(F)C(F)(F)C(F)(F)F,C8HF17O3S,500.13,17,58.620689655172406,8,17,8,500.1259999999999,7.0,2.0,1.0,0.0,0.0,Long-chain,False,False,False,True,Long-chain Branched Highly-fluorinated,Hydrothermal Treatment,Lab,Sludge,350.0,30.0,,False,Medium,Short,1000.0,
1763-23-1,Perfluorooctanesulfonic acid,OS(=O)(=O)C(F)(F)C(F)(F)C(F)(F)C(F)(F)C(F)(F)C(F)(F)C(F)(F)C(F)(F)F,C8HF17O3S,500.13,17,58.620689655172406,8,17,8,500.1259999999999,7.0,2.0,1.0,0.0,0.0,Long-chain,False,False,False,True,Long-chain Branched Highly-fluorinated,Indirect Thermal Desorption,Lab,Soil,450.0,75.0,100.0,True,High,Medium,0.6,0.0
1763-23-1,Perfluorooctanesulfonic acid,OS(=O)(=O)C(F)(F)C(F)(F)C(F)(F)C(F)(F)C(F)(F)C(F)(F)C(F)(F)C(F)(F)F,C8HF17O3S,500.13,17,58.620689655172406,8,17,8,500.1259999999999,7.0,2.0,1.0,0.0,0.0,Long-chain,False,False,False,True,Long-chain Branched Highly-fluorinated,Indirect Thermal Desorption,Lab,Soil,450.0,45.0,99.96166666666667,True,High,Medium,0.6,0.00023
1763-23-1,Perfluorooctanesulfonic acid,OS(=O)(=O)C(F)(F)C(F)(F)C(F)(F)C(F)(F)C(F)(F)C(F)(F)C(F)(F)C(F)(F)F,C8HF17O3S,500.13,17,58.620689655172406,8,17,8,500.1259999999999,7.0,2.0,1.0,0.0,0.0,Long-chain,False,False,False,True,Long-chain Branched Highly-fluorinated,Indirect Thermal Desorption,Lab,Soil,450.0,15.0,61.66666666666667,False,High,Short,0.6,0.23
1763-23-1,Perfluorooctanesulfonic acid,OS(=O)(=O)C(F)(F)C(F)(F)C(F)(F)C(F)(F)C(F)(F)C(F)(F)C(F)(F)C(F)(F)F,C8HF17O3S,500.13,17,58.620689655172406,8,17,8,500.1259999999999,7.0,2.0,1.0,0.0,0.0,Long-chain,False,False,False,True,Long-chain Branched Highly-fluorinated,Indirect Thermal Desorption,Lab,Soil,350.0,75.0,63.33333333333334,False,Medium,Medium,0.6,0.22
1763-23-1,Perfluorooctanesulfonic acid,OS(=O)(=O)C(F)(F)C(F)(F)C(F)(F)C(F)(F)C(F)(F)C(F)(F)C(F)(F)C(F)(F)F,C8HF17O3S,500.13,17,58.620689655172406,8,17,8,500.1259999999999,7.0,2.0,1.0,0.0,0.0,Long-chain,False,False,False,True,Long-chain Branched Highly-fluorinated,Indirect Thermal Desorption,Lab,Soil,350.0,45.0,40.0,False,Medium,Medium,0.6,0.36
1763-23-1,Perfluorooctanesulfonic acid,OS(=O)(=O)C(F)(F)C(F)(F)C(F)(F)C(F)(F)C(F)(F)C(F)(F)C(F)(F)C(F)(F)F,C8HF17O3S,500.13,17,58.620689655172406,8,17,8,500.1259999999999,7.0,2.0,1.0,0.0,0.0,Long-chain,False,False,False,True,Long-chain Branched Highly-fluorinated,Indirect Thermal Desorption,Lab,Soil,350.0,15.0,0.0,False,Medium,Short,0.6,0.63
1763-23-1,Perfluorooctanesulfonic acid,OS(=O)(=O)C(F)(F)C(F)(F)C(F)(F)C(F)(F)C(F)(F)C(F)(F)C(F)(F)C(F)(F)F,C8HF17O3S,500.13,17,58.620689655172406,8,17,8,500.1259999999999,7.0,2.0,1.0,0.0,0.0,Long-chain,False,False,False,True,Long-chain Branched Highly-fluorinated,Indirect Thermal Desorption,Lab,Soil,250.0,75.0,0.0,False,Medium,Medium,0.6,0.7
1763-23-1,Perfluorooctanesulfonic acid,OS(=O)(=O)C(F)(F)C(F)(F)C(F)(F)C(F)(F)C(F)(F)C(F)(F)C(F)(F)C(F)(F)F,C8HF17O3S,500.13,17,58.620689655172406,8,17,8,500.1259999999999,7.0,2.0,1.0,0.0,0.0,Long-chain,False,False,False,True,Long-chain Branched Highly-fluorinated,Indirect Thermal Desorption,Lab,Soil,250.0,45.0,0.0,False,Medium,Medium,0.6,0.71
1763-23-1,Perfluorooctanesulfonic acid,OS(=O)(=O)C(F)(F)C(F)(F)C(F)(F)C(F)(F)C(F)(F)C(F)(F)C(F)(F)C(F)(F)F,C8HF17O3S,500.13,17,58.620689655172406,8,17,8,500.1259999999999,7.0,2.0,1.0,0.0,0.0,Long-chain,False,False,False,True,Long-chain Branched Highly-fluorinated,Indirect Thermal Desorption,Lab,Soil,250.0,15.0,0.0,False,Medium,Short,0.6,0.88
1763-23-1,Perfluorooctanesulfonic acid,OS(=O)(=O)C(F)(F)C(F)(F)C(F)(F)C(F)(F)C(F)(F)C(F)(F)C(F)(F)C(F)(F)F,C8HF17O3S,500.13,17,58.620689655172406,8,17,8,500.1259999999999,7.0,2.0,1.0,0.0,0.0,Long-chain,False,False,False,True,Long-chain Branched Highly-fluorinated,Indirect Thermal Desorption,Lab,Soil,150.0,75.0,1.6666666666666683,False,Medium,Medium,0.6,0.59
1763-23-1,Perfluorooctanesulfonic acid,OS(=O)(=O)C(F)(F)C(F)(F)C(F)(F)C(F)(F)C(F)(F)C(F)(F)C(F)(F)C(F)(F)F,C8HF17O3S,500.13,17,58.620689655172406,8,17,8,500.1259999999999,7.0,2.0,1.0,0.0,0.0,Long-chain,False,False,False,True,Long-chain Branched Highly-fluorinated,Indirect Thermal Desorption,Lab,Soil,150.0,45.0,0.0,False,Medium,Medium,0.6,0.69
1763-23-1,Perfluorooctanesulfonic acid,OS(=O)(=O)C(F)(F)C(F)(F)C(F)(F)C(F)(F)C(F)(F)C(F)(F)C(F)(F)C(F)(F)F,C8HF17O3S,500.13,17,58.620689655172406,8,17,8,500.1259999999999,7.0,2.0,1.0,0.0,0.0,Long-chain,False,False,False,True,Long-chain Branched Highly-fluorinated,Indirect Thermal Desorption,Lab,Soil,150.0,15.0,0.0,False,Medium,Short,0.6,0.73
1763-23-1,Perfluorooctanesulfonic acid,OS(=O)(=O)C(F)(F)C(F)(F)C(F)(F)C(F)(F)C(F)(F)C(F)(F)C(F)(F)C(F)(F)F,C8HF17O3S,500.13,17,58.620689655172406,8,17,8,500.1259999999999,7.0,2.0,1.0,0.0,0.0,Long-chain,False,False,False,True,Long-chain Branched Highly-fluorinated,Indirect Thermal Desorption,Lab,Soil,550.0,45.0,100.0,True,High,Medium,0.6,0.0
1763-23-1,Perfluorooctanesulfonic acid,OS(=O)(=O)C(F)(F)C(F)(F)C(F)(F)C(F)(F)C(F)(F)C(F)(F)C(F)(F)C(F)(F)F,C8HF17O3S,500.13,17,58.620689655172406,8,17,8,500.1259999999999,7.0,2.0,1.0,0.0,0.0,Long-chain,False,False,False,True,Long-chain Branched Highly-fluorinated,Indirect Thermal Desorption,Lab,Soil,550.0,15.0,99.96666666666668,True,High,Short,0.6,0.0002
1763-23-1,Perfluorooctanesulfonic acid,OS(=O)(=O)C(F)(F)C(F)(F)C(F)(F)C(F)(F)C(F)(F)C(F)(F)C(F)(F)C(F)(F)F,C8HF17O3S,500.13,17,58.620689655172406,8,17,8,500.1259999999999,7.0,2.0,1.0,0.0,0.0,Long-chain,False,False,False,True,Long-chain Branched Highly-fluorinated,Indirect Thermal Desorption,Lab,Soil,450.0,75.0,100.0,True,High,Medium,0.6,0.0
1763-23-1,Perfluorooctanesulfonic acid,OS(=O)(=O)C(F)(F)C(F)(F)C(F)(F)C(F)(F)C(F)(F)C(F)(F)C(F)(F)C(F)(F)F,C8HF17O3S,500.13,17,58.620689655172406,8,17,8,500.1259999999999,7.0,2.0,1.0,0.0,0.0,Long-chain,False,False,False,True,Long-chain Branched Highly-fluorinated,Indirect Thermal Desorption,Lab,Soil,450.0,45.0,99.65,True,High,Medium,0.6,0.0021
1763-23-1,Perfluorooctanesulfonic acid,OS(=O)(=O)C(F)(F)C(F)(F)C(F)(F)C(F)(F)C(F)(F)C(F)(F)C(F)(F)C(F)(F)F,C8HF17O3S,500.13,17,58.620689655172406,8,17,8,500.1259999999999,7.0,2.0,1.0,0.0,0.0,Long-chain,False,False,False,True,Long-chain Branched Highly-fluorinated,Indirect Thermal Desorption,Lab,Soil,450.0,15.0,0.0,False,High,Short,0.6,0.73
1763-23-1,Perfluorooctanesulfonic acid,OS(=O)(=O)C(F)(F)C(F)(F)C(F)(F)C(F)(F)C(F)(F)C(F)(F)C(F)(F)C(F)(F)F,C8HF17O3S,500.13,17,58.620689655172406,8,17,8,500.1259999999999,7.0,2.0,1.0,0.0,0.0,Long-chain,False,False,False,True,Long-chain Branched Highly-fluorinated,Indirect Thermal Desorption,Lab,Soil,350.0,75.0,0.0,False,Medium,Medium,0.6,0.86
1763-23-1,Perfluorooctanesulfonic acid,OS(=O)(=O)C(F)(F)C(F)(F)C(F)(F)C(F)(F)C(F)(F)C(F)(F)C(F)(F)C(F)(F)F,C8HF17O3S,500.13,17,58.620689655172406,8,17,8,500.1259999999999,7.0,2.0,1.0,0.0,0.0,Long-chain,False,False,False,True,Long-chain Branched Highly-fluorinated,Indirect Thermal Desorption,Lab,Soil,350.0,45.0,0.0,False,Medium,Medium,0.6,0.78
1763-23-1,Perfluorooctanesulfonic acid,OS(=O)(=O)C(F)(F)C(F)(F)C(F)(F)C(F)(F)C(F)(F)C(F)(F)C(F)(F)C(F)(F)F,C8HF17O3S,500.13,17,58.620689655172406,8,17,8,500.1259999999999,7.0,2.0,1.0,0.0,0.0,Long-chain,False,False,False,True,Long-chain Branched Highly-fluorinated,Indirect Thermal Desorption,Lab,Soil,350.0,15.0,0.0,False,Medium,Short,0.6,1.1
1763-23-1,Perfluorooctanesulfonic acid,OS(=O)(=O)C(F)(F)C(F)(F)C(F)(F)C(F)(F)C(F)(F)C(F)(F)C(F)(F)C(F)(F)F,C8HF17O3S,500.13,17,58.620689655172406,8,17,8,500.1259999999999,7.0,2.0,1.0,0.0,0.0,Long-chain,False,False,False,True,Long-chain Branched Highly-fluorinated,Indirect Thermal Desorption,Lab,Soil,250.0,75.0,0.0,False,Medium,Medium,0.6,1.0
1763-23-1,Perfluorooctanesulfonic acid,OS(=O)(=O)C(F)(F)C(F)(F)C(F)(F)C(F)(F)C(F)(F)C(F)(F)C(F)(F)C(F)(F)F,C8HF17O3S,500.13,17,58.620689655172406,8,17,8,500.1259999999999,7.0,2.0,1.0,0.0,0.0,Long-chain,False,False,False,True,Long-chain Branched Highly-fluorinated,Indirect Thermal Desorption,Lab,Soil,250.0,45.0,0.0,False,Medium,Medium,0.6,0.86
1763-23-1,Perfluorooctanesulfonic acid,OS(=O)(=O)C(F)(F)C(F)(F)C(F)(F)C(F)(F)C(F)(F)C(F)(F)C(F)(F)C(F)(F)F,C8HF17O3S,500.13,17,58.620689655172406,8,17,8,500.1259999999999,7.0,2.0,1.0,0.0,0.0,Long-chain,False,False,False,True,Long-chain Branched Highly-fluorinated,Indirect Thermal Desorption,Lab,Soil,250.0,15.0,0.0,False,Medium,Short,0.6,0.99
1763-23-1,Perfluorooctanesulfonic acid,OS(=O)(=O)C(F)(F)C(F)(F)C(F)(F)C(F)(F)C(F)(F)C(F)(F)C(F)(F)C(F)(F)F,C8HF17O3S,500.13,17,58.620689655172406,8,17,8,500.1259999999999,7.0,2.0,1.0,0.0,0.0,Long-chain,False,False,False,True,Long-chain Branched Highly-fluorinated,Indirect Thermal Desorption,Lab,Soil,150.0,75.0,0.0,False,Medium,Medium,0.6,1.1
1763-23-1,Perfluorooctanesulfonic acid,OS(=O)(=O)C(F)(F)C(F)(F)C(F)(F)C(F)(F)C(F)(F)C(F)(F)C(F)(F)C(F)(F)F,C8HF17O3S,500.13,17,58.620689655172406,8,17,8,500.1259999999999,7.0,2.0,1.0,0.0,0.0,Long-chain,False,False,False,True,Long-chain Branched Highly-fluorinated,Indirect Thermal Desorption,Lab,Soil,150.0,45.0,0.0,False,Medium,Medium,0.6,0.88
1763-23-1,Perfluorooctanesulfonic acid,OS(=O)(=O)C(F)(F)C(F)(F)C(F)(F)C(F)(F)C(F)(F)C(F)(F)C(F)(F)C(F)(F)F,C8HF17O3S,500.13,17,58.620689655172406,8,17,8,500.1259999999999,7.0,2.0,1.0,0.0,0.0,Long-chain,False,False,False,True,Long-chain Branched Highly-fluorinated,Indirect Thermal Desorption,Lab,Soil,150.0,15.0,0.0,False,Medium,Short,0.6,1.0
1763-23-1,Perfluorooctanesulfonic acid,OS(=O)(=O)C(F)(F)C(F)(F)C(F)(F)C(F)(F)C(F)(F)C(F)(F)C(F)(F)C(F)(F)F,C8HF17O3S,500.13,17,58.620689655172406,8,17,8,500.1259999999999,7.0,2.0,1.0,0.0,0.0,Long-chain,False,False,False,True,Long-chain Branched Highly-fluorinated,Indirect Thermal Desorption,Lab,Soil,450.0,45.0,100.0,True,High,Medium,0.0135,0.0
1763-23-1,Perfluorooctanesulfonic acid,OS(=O)(=O)C(F)(F)C(F)(F)C(F)(F)C(F)(F)C(F)(F)C(F)(F)C(F)(F)C(F)(F)F,C8HF17O3S,500.13,17,58.620689655172406,8,17,8,500.1259999999999,7.0,2.0,1.0,0.0,0.0,Long-chain,False,False,False,True,Long-chain Branched Highly-fluorinated,Indirect Thermal Desorption,Lab,Soil,450.0,15.0,67.40740740740742,False,High,Short,0.0135,0.0044
1763-23-1,Perfluorooctanesulfonic acid,OS(=O)(=O)C(F)(F)C(F)(F)C(F)(F)C(F)(F)C(F)(F)C(F)(F)C(F)(F)C(F)(F)F,C8HF17O3S,500.13,17,58.620689655172406,8,17,8,500.1259999999999,7.0,2.0,1.0,0.0,0.0,Long-chain,False,False,False,True,Long-chain Branched Highly-fluorinated,Indirect Thermal Desorption,Lab,Soil,350.0,75.0,46.666666666666664,False,Medium,Medium,0.0135,0.0072
1763-23-1,Perfluorooctanesulfonic acid,OS(=O)(=O)C(F)(F)C(F)(F)C(F)(F)C(F)(F)C(F)(F)C(F)(F)C(F)(F)C(F)(F)F,C8HF17O3S,500.13,17,58.620689655172406,8,17,8,500.1259999999999,7.0,2.0,1.0,0.0,0.0,Long-chain,False,False,False,True,Long-chain Branched Highly-fluorinated,Indirect Thermal Desorption,Lab,Soil,350.0,45.0,18.518518518518523,False,Medium,Medium,0.0135,0.011
1763-23-1,Perfluorooctanesulfonic acid,OS(=O)(=O)C(F)(F)C(F)(F)C(F)(F)C(F)(F)C(F)(F)C(F)(F)C(F)(F)C(F)(F)F,C8HF17O3S,500.13,17,58.620689655172406,8,17,8,500.1259999999999,7.0,2.0,1.0,0.0,0.0,Long-chain,False,False,False,True,Long-chain Branched Highly-fluorinated,Indirect Thermal Desorption,Lab,Soil,350.0,15.0,25.925925925925924,False,Medium,Short,0.0135,0.01
1763-23-1,Perfluorooctanesulfonic acid,OS(=O)(=O)C(F)(F)C(F)(F)C(F)(F)C(F)(F)C(F)(F)C(F)(F)C(F)(F)C(F)(F)F,C8HF17O3S,500.13,17,58.620689655172406,8,17,8,500.1259999999999,7.0,2.0,1.0,0.0,0.0,Long-chain,False,False,False,True,Long-chain Branched Highly-fluorinated,Indirect Thermal Desorption,Lab,Soil,250.0,75.0,30.370370370370363,False,Medium,Medium,0.0135,0.0094
1763-23-1,Perfluorooctanesulfonic acid,OS(=O)(=O)C(F)(F)C(F)(F)C(F)(F)C(F)(F)C(F)(F)C(F)(F)C(F)(F)C(F)(F)F,C8HF17O3S,500.13,17,58.620689655172406,8,17,8,500.1259999999999,7.0,2.0,1.0,0.0,0.0,Long-chain,False,False,False,True,Long-chain Branched Highly-fluorinated,Indirect Thermal Desorption,Lab,Soil,250.0,45.0,0.0,False,Medium,Medium,0.0135,0.014
1763-23-1,Perfluorooctanesulfonic acid,OS(=O)(=O)C(F)(F)C(F)(F)C(F)(F)C(F)(F)C(F)(F)C(F)(F)C(F)(F)C(F)(F)F,C8HF17O3S,500.13,17,58.620689655172406,8,17,8,500.1259999999999,7.0,2.0,1.0,0.0,0.0,Long-chain,False,False,False,True,Long-chain Branched Highly-fluorinated,Indirect Thermal Desorption,Lab,Soil,250.0,15.0,18.518518518518523,False,Medium,Short,0.0135,0.011
1763-23-1,Perfluorooctanesulfonic acid,OS(=O)(=O)C(F)(F)C(F)(F)C(F)(F)C(F)(F)C(F)(F)C(F)(F)C(F)(F)C(F)(F)F,C8HF17O3S,500.13,17,58.620689655172406,8,17,8,500.1259999999999,7.0,2.0,1.0,0.0,0.0,Long-chain,False,False,False,True,Long-chain Branched Highly-fluorinated,Indirect Thermal Desorption,Lab,Soil,150.0,75.0,25.925925925925924,False,Medium,Medium,0.0135,0.01
1763-23-1,Perfluorooctanesulfonic acid,OS(=O)(=O)C(F)(F)C(F)(F)C(F)(F)C(F)(F)C(F)(F)C(F)(F)C(F)(F)C(F)(F)F,C8HF17O3S,500.13,17,58.620689655172406,8,17,8,500.1259999999999,7.0,2.0,1.0,0.0,0.0,Long-chain,False,False,False,True,Long-chain Branched Highly-fluorinated,Indirect Thermal Desorption,Lab,Soil,150.0,45.0,41.481481481481474,False,Medium,Medium,0.0135,0.0079
1763-23-1,Perfluorooctanesulfonic acid,OS(=O)(=O)C(F)(F)C(F)(F)C(F)(F)C(F)(F)C(F)(F)C(F)(F)C(F)(F)C(F)(F)F,C8HF17O3S,500.13,17,58.620689655172406,8,17,8,500.1259999999999,7.0,2.0,1.0,0.0,0.0,Long-chain,False,False,False,True,Long-chain Branched Highly-fluorinated,Indirect Thermal Desorption,Lab,Soil,150.0,15.0,11.111111111111107,False,Medium,Short,0.0135,0.012
1763-23-1,Perfluorooctanesulfonic acid,OS(=O)(=O)C(F)(F)C(F)(F)C(F)(F)C(F)(F)C(F)(F)C(F)(F)C(F)(F)C(F)(F)F,C8HF17O3S,500.13,17,58.620689655172406,8,17,8,500.1259999999999,7.0,2.0,1.0,0.0,0.0,Long-chain,False,False,False,True,Long-chain Branched Highly-fluorinated,Incineration,Full,Sludge,,,96.75324675324676,True,,,77.0,2.5
1763-23-1,Perfluorooctanesulfonic acid,OS(=O)(=O)C(F)(F)C(F)(F)C(F)(F)C(F)(F)C(F)(F)C(F)(F)C(F)(F)C(F)(F)F,C8HF17O3S,500.13,17,58.620689655172406,8,17,8,500.1259999999999,7.0,2.0,1.0,0.0,0.0,Long-chain,False,False,False,True,Long-chain Branched Highly-fluorinated,Incineration,Full,Sludge,,,42.62295081967213,False,,,61.0,35.0
1763-23-1,Perfluorooctanesulfonic acid,OS(=O)(=O)C(F)(F)C(F)(F)C(F)(F)C(F)(F)C(F)(F)C(F)(F)C(F)(F)C(F)(F)F,C8HF17O3S,500.13,17,58.620689655172406,8,17,8,500.1259999999999,7.0,2.0,1.0,0.0,0.0,Long-chain,False,False,False,True,Long-chain Branched Highly-fluorinated,Incineration,Full,Sludge,,,0.0,False,,,38.0,50.0
1763-23-1,Perfluorooctanesulfonic acid,OS(=O)(=O)C(F)(F)C(F)(F)C(F)(F)C(F)(F)C(F)(F)C(F)(F)C(F)(F)C(F)(F)F,C8HF17O3S,500.13,17,58.620689655172406,8,17,8,500.1259999999999,7.0,2.0,1.0,0.0,0.0,Long-chain,False,False,False,True,Long-chain Branched Highly-fluorinated,Hydrothermal Treatment,Lab,Other,350.0,360.0,,False,Medium,Long,118.8,
1763-23-1,Perfluorooctanesulfonic acid,OS(=O)(=O)C(F)(F)C(F)(F)C(F)(F)C(F)(F)C(F)(F)C(F)(F)C(F)(F)C(F)(F)F,C8HF17O3S,500.13,17,58.620689655172406,8,17,8,500.1259999999999,7.0,2.0,1.0,0.0,0.0,Long-chain,False,False,False,True,Long-chain Branched Highly-fluorinated,Hydrothermal Treatment,Lab,Other,350.0,360.0,,False,Medium,Long,55.9,
1763-23-1,Perfluorooctanesulfonic acid,OS(=O)(=O)C(F)(F)C(F)(F)C(F)(F)C(F)(F)C(F)(F)C(F)(F)C(F)(F)C(F)(F)F,C8HF17O3S,500.13,17,58.620689655172406,8,17,8,500.1259999999999,7.0,2.0,1.0,0.0,0.0,Long-chain,False,False,False,True,Long-chain Branched Highly-fluorinated,Hydrothermal Treatment,Lab,Other,350.0,360.0,97.8494623655914,True,Medium,Long,0.93,0.02
1763-23-1,Perfluorooctanesulfonic acid,OS(=O)(=O)C(F)(F)C(F)(F)C(F)(F)C(F)(F)C(F)(F)C(F)(F)C(F)(F)C(F)(F)F,C8HF17O3S,500.13,17,58.620689655172406,8,17,8,500.1259999999999,7.0,2.0,1.0,0.0,0.0,Long-chain,False,False,False,True,Long-chain Branched Highly-fluorinated,Hydrothermal Treatment,Lab,Other,350.0,360.0,98.9247311827957,True,Medium,Long,1.86,0.02
1763-23-1,Perfluorooctanesulfonic acid,OS(=O)(=O)C(F)(F)C(F)(F)C(F)(F)C(F)(F)C(F)(F)C(F)(F)C(F)(F)C(F)(F)F,C8HF17O3S,500.13,17,58.620689655172406,8,17,8,500.1259999999999,7.0,2.0,1.0,0.0,0.0,Long-chain,False,False,False,True,Long-chain Branched Highly-fluorinated,Hydrothermal Treatment,Lab,Other,350.0,360.0,99.46236559139786,True,Medium,Long,3.72,0.02
1763-23-1,Perfluorooctanesulfonic acid,OS(=O)(=O)C(F)(F)C(F)(F)C(F)(F)C(F)(F)C(F)(F)C(F)(F)C(F)(F)C(F)(F)F,C8HF17O3S,500.13,17,58.620689655172406,8,17,8,500.1259999999999,7.0,2.0,1.0,0.0,0.0,Long-chain,False,False,False,True,Long-chain Branched Highly-fluorinated,Hydrothermal Treatment,Lab,Other,350.0,360.0,76.88172043010753,False,Medium,Long,3.72,0.86
1763-23-1,Perfluorooctanesulfonic acid,OS(=O)(=O)C(F)(F)C(F)(F)C(F)(F)C(F)(F)C(F)(F)C(F)(F)C(F)(F)C(F)(F)F,C8HF17O3S,500.13,17,58.620689655172406,8,17,8,500.1259999999999,7.0,2.0,1.0,0.0,0.0,Long-chain,False,False,False,True,Long-chain Branched Highly-fluorinated,Hydrothermal Treatment,Lab,Other,350.0,360.0,15.322580645161295,False,Medium,Long,3.72,3.15
1763-23-1,Perfluorooctanesulfonic acid,OS(=O)(=O)C(F)(F)C(F)(F)C(F)(F)C(F)(F)C(F)(F)C(F)(F)C(F)(F)C(F)(F)F,C8HF17O3S,500.13,17,58.620689655172406,8,17,8,500.1259999999999,7.0,2.0,1.0,0.0,0.0,Long-chain,False,False,False,True,Long-chain Branched Highly-fluorinated,Hydrothermal Treatment,Lab,Other,350.0,360.0,6.451612903225811,False,Medium,Long,3.72,3.48
1763-23-1,Perfluorooctanesulfonic acid,OS(=O)(=O)C(F)(F)C(F)(F)C(F)(F)C(F)(F)C(F)(F)C(F)(F)C(F)(F)C(F)(F)F,C8HF17O3S,500.13,17,58.620689655172406,8,17,8,500.1259999999999,7.0,2.0,1.0,0.0,0.0,Long-chain,False,False,False,True,Long-chain Branched Highly-fluorinated,Hydrothermal Treatment,Lab,Other,350.0,360.0,9.677419354838715,False,Medium,Long,3.72,3.36
1763-23-1,Perfluorooctanesulfonic acid,OS(=O)(=O)C(F)(F)C(F)(F)C(F)(F)C(F)(F)C(F)(F)C(F)(F)C(F)(F)C(F)(F)F,C8HF17O3S,500.13,17,58.620689655172406,8,17,8,500.1259999999999,7.0,2.0,1.0,0.0,0.0,Long-chain,False,False,False,True,Long-chain Branched Highly-fluorinated,GAC Reactivation,Lab,Other,700.0,10.0,,False,High,Short,,
1763-23-1,Perfluorooctanesulfonic acid,OS(=O)(=O)C(F)(F)C(F)(F)C(F)(F)C(F)(F)C(F)(F)C(F)(F)C(F)(F)C(F)(F)F,C8HF17O3S,500.13,17,58.620689655172406,8,17,8,500.1259999999999,7.0,2.0,1.0,0.0,0.0,Long-chain,False,False,False,True,Long-chain Branched Highly-fluorinated,GAC Reactivation,Lab,Other,700.0,10.0,,False,High,Short,,
1763-23-1,Perfluorooctanesulfonic acid,OS(=O)(=O)C(F)(F)C(F)(F)C(F)(F)C(F)(F)C(F)(F)C(F)(F)C(F)(F)C(F)(F)F,C8HF17O3S,500.13,17,58.620689655172406,8,17,8,500.1259999999999,7.0,2.0,1.0,0.0,0.0,Long-chain,False,False,False,True,Long-chain Branched Highly-fluorinated,GAC Reactivation,Lab,Other,700.0,10.0,,False,High,Short,,
1763-23-1,Perfluorooctanesulfonic acid,OS(=O)(=O)C(F)(F)C(F)(F)C(F)(F)C(F)(F)C(F)(F)C(F)(F)C(F)(F)C(F)(F)F,C8HF17O3S,500.13,17,58.620689655172406,8,17,8,500.1259999999999,7.0,2.0,1.0,0.0,0.0,Long-chain,False,False,False,True,Long-chain Branched Highly-fluorinated,GAC Reactivation,Lab,Treatment Media,700.0,10.0,,False,High,Short,10.0,
1763-23-1,Perfluorooctanesulfonic acid,OS(=O)(=O)C(F)(F)C(F)(F)C(F)(F)C(F)(F)C(F)(F)C(F)(F)C(F)(F)C(F)(F)F,C8HF17O3S,500.13,17,58.620689655172406,8,17,8,500.1259999999999,7.0,2.0,1.0,0.0,0.0,Long-chain,False,False,False,True,Long-chain Branched Highly-fluorinated,GAC Reactivation,Lab,Treatment Media,700.0,10.0,,False,High,Short,10.0,
1763-23-1,Perfluorooctanesulfonic acid,OS(=O)(=O)C(F)(F)C(F)(F)C(F)(F)C(F)(F)C(F)(F)C(F)(F)C(F)(F)C(F)(F)F,C8HF17O3S,500.13,17,58.620689655172406,8,17,8,500.1259999999999,7.0,2.0,1.0,0.0,0.0,Long-chain,False,False,False,True,Long-chain Branched Highly-fluorinated,Indirect Thermal Desorption,Lab,Soil,300.0,14400.0,61.904761904761905,False,Medium,Extended,21000.0,8000.0
1763-23-1,Perfluorooctanesulfonic acid,OS(=O)(=O)C(F)(F)C(F)(F)C(F)(F)C(F)(F)C(F)(F)C(F)(F)C(F)(F)C(F)(F)F,C8HF17O3S,500.13,17,58.620689655172406,8,17,8,500.1259999999999,7.0,2.0,1.0,0.0,0.0,Long-chain,False,False,False,True,Long-chain Branched Highly-fluorinated,Indirect Thermal Desorption,Lab,Soil,350.0,14400.0,99.91904761904762,True,Medium,Extended,21000.0,17.0
1763-23-1,Perfluorooctanesulfonic acid,OS(=O)(=O)C(F)(F)C(F)(F)C(F)(F)C(F)(F)C(F)(F)C(F)(F)C(F)(F)C(F)(F)F,C8HF17O3S,500.13,17,58.620689655172406,8,17,8,500.1259999999999,7.0,2.0,1.0,0.0,0.0,Long-chain,False,False,False,True,Long-chain Branched Highly-fluorinated,Indirect Thermal Desorption,Lab,Soil,400.0,20160.0,99.99904761904762,True,Medium,Extended,21000.0,0.2
754-91-6,Perfluorooctanesulfonamide,NS(=O)(=O)C(F)(F)C(F)(F)C(F)(F)C(F)(F)C(F)(F)C(F)(F)C(F)(F)C(F)(F)F,C8H2F17NO2S,499.14,17,58.620689655172406,8,17,8,499.14199999999994,7.0,2.0,1.0,0.0,0.0,Long-chain,False,False,False,True,Long-chain Branched Highly-fluorinated,Pyrolysis,Lab,Sludge,800.0,20.0,24.000000000000007,False,High,Short,0.025,0.019
754-91-6,Perfluorooctanesulfonamide,NS(=O)(=O)C(F)(F)C(F)(F)C(F)(F)C(F)(F)C(F)(F)C(F)(F)C(F)(F)C(F)(F)F,C8H2F17NO2S,499.14,17,58.620689655172406,8,17,8,499.14199999999994,7.0,2.0,1.0,0.0,0.0,Long-chain,False,False,False,True,Long-chain Branched Highly-fluorinated,Pyrolysis,Lab,Sludge,800.0,20.0,57.99999999999999,False,High,Short,0.05,0.021
754-91-6,Perfluorooctanesulfonamide,NS(=O)(=O)C(F)(F)C(F)(F)C(F)(F)C(F)(F)C(F)(F)C(F)(F)C(F)(F)C(F)(F)F,C8H2F17NO2S,499.14,17,58.620689655172406,8,17,8,499.14199999999994,7.0,2.0,1.0,0.0,0.0,Long-chain,False,False,False,True,Long-chain Branched Highly-fluorinated,Pyrolysis,Lab,Sludge,800.0,20.0,42.85714285714286,False,High,Short,0.035,0.02
754-91-6,Perfluorooctanesulfonamide,NS(=O)(=O)C(F)(F)C(F)(F)C(F)(F)C(F)(F)C(F)(F)C(F)(F)C(F)(F)C(F)(F)F,C8H2F17NO2S,499.14,17,58.620689655172406,8,17,8,499.14199999999994,7.0,2.0,1.0,0.0,0.0,Long-chain,False,False,False,True,Long-chain Branched Highly-fluorinated,Pyrolysis,Lab,Sludge,800.0,20.0,67.79661016949152,False,High,Short,0.059,0.019
754-91-6,Perfluorooctanesulfonamide,NS(=O)(=O)C(F)(F)C(F)(F)C(F)(F)C(F)(F)C(F)(F)C(F)(F)C(F)(F)C(F)(F)F,C8H2F17NO2S,499.14,17,58.620689655172406,8,17,8,499.14199999999994,7.0,2.0,1.0,0.0,0.0,Long-chain,False,False,False,True,Long-chain Branched Highly-fluorinated,Pyrolysis,Lab,Sludge,650.0,20.0,16.0,False,High,Short,0.025,0.021
754-91-6,Perfluorooctanesulfonamide,NS(=O)(=O)C(F)(F)C(F)(F)C(F)(F)C(F)(F)C(F)(F)C(F)(F)C(F)(F)C(F)(F)F,C8H2F17NO2S,499.14,17,58.620689655172406,8,17,8,499.14199999999994,7.0,2.0,1.0,0.0,0.0,Long-chain,False,False,False,True,Long-chain Branched Highly-fluorinated,Pyrolysis,Lab,Sludge,650.0,20.0,60.0,False,High,Short,0.05,0.02
754-91-6,Perfluorooctanesulfonamide,NS(=O)(=O)C(F)(F)C(F)(F)C(F)(F)C(F)(F)C(F)(F)C(F)(F)C(F)(F)C(F)(F)F,C8H2F17NO2S,499.14,17,58.620689655172406,8,17,8,499.14199999999994,7.0,2.0,1.0,0.0,0.0,Long-chain,False,False,False,True,Long-chain Branched Highly-fluorinated,Pyrolysis,Lab,Sludge,650.0,20.0,45.714285714285715,False,High,Short,0.035,0.019
754-91-6,Perfluorooctanesulfonamide,NS(=O)(=O)C(F)(F)C(F)(F)C(F)(F)C(F)(F)C(F)(F)C(F)(F)C(F)(F)C(F)(F)F,C8H2F17NO2S,499.14,17,58.620689655172406,8,17,8,499.14199999999994,7.0,2.0,1.0,0.0,0.0,Long-chain,False,False,False,True,Long-chain Branched Highly-fluorinated,Pyrolysis,Lab,Sludge,650.0,20.0,66.10169491525423,False,High,Short,0.059,0.02
754-91-6,Perfluorooctanesulfonamide,NS(=O)(=O)C(F)(F)C(F)(F)C(F)(F)C(F)(F)C(F)(F)C(F)(F)C(F)(F)C(F)(F)F,C8H2F17NO2S,499.14,17,58.620689655172406,8,17,8,499.14199999999994,7.0,2.0,1.0,0.0,0.0,Long-chain,False,False,False,True,Long-chain Branched Highly-fluorinated,Pyrolysis,Lab,Sludge,500.0,20.0,24.000000000000007,False,High,Short,0.025,0.019
754-91-6,Perfluorooctanesulfonamide,NS(=O)(=O)C(F)(F)C(F)(F)C(F)(F)C(F)(F)C(F)(F)C(F)(F)C(F)(F)C(F)(F)F,C8H2F17NO2S,499.14,17,58.620689655172406,8,17,8,499.14199999999994,7.0,2.0,1.0,0.0,0.0,Long-chain,False,False,False,True,Long-chain Branched Highly-fluorinated,Pyrolysis,Lab,Sludge,500.0,20.0,60.0,False,High,Short,0.05,0.02
754-91-6,Perfluorooctanesulfonamide,NS(=O)(=O)C(F)(F)C(F)(F)C(F)(F)C(F)(F)C(F)(F)C(F)(F)C(F)(F)C(F)(F)F,C8H2F17NO2S,499.14,17,58.620689655172406,8,17,8,499.14199999999994,7.0,2.0,1.0,0.0,0.0,Long-chain,False,False,False,True,Long-chain Branched Highly-fluorinated,Pyrolysis,Lab,Sludge,500.0,20.0,42.85714285714286,False,High,Short,0.035,0.02
754-91-6,Perfluorooctanesulfonamide,NS(=O)(=O)C(F)(F)C(F)(F)C(F)(F)C(F)(F)C(F)(F)C(F)(F)C(F)(F)C(F)(F)F,C8H2F17NO2S,499.14,17,58.620689655172406,8,17,8,499.14199999999994,7.0,2.0,1.0,0.0,0.0,Long-chain,False,False,False,True,Long-chain Branched Highly-fluorinated,Pyrolysis,Lab,Sludge,500.0,20.0,67.79661016949152,False,High,Short,0.059,0.019
754-91-6,Perfluorooctanesulfonamide,NS(=O)(=O)C(F)(F)C(F)(F)C(F)(F)C(F)(F)C(F)(F)C(F)(F)C(F)(F)C(F)(F)F,C8H2F17NO2S,499.14,17,58.620689655172406,8,17,8,499.14199999999994,7.0,2.0,1.0,0.0,0.0,Long-chain,False,False,False,True,Long-chain Branched Highly-fluorinated,GAC Reactivation,Full,Treatment Media,1093.0,,99.84736842105264,True,High,,380.0,0.58
754-91-6,Perfluorooctanesulfonamide,NS(=O)(=O)C(F)(F)C(F)(F)C(F)(F)C(F)(F)C(F)(F)C(F)(F)C(F)(F)C(F)(F)F,C8H2F17NO2S,499.14,17,58.620689655172406,8,17,8,499.14199999999994,7.0,2.0,1.0,0.0,0.0,Long-chain,False,False,False,True,Long-chain Branched Highly-fluorinated,GAC Reactivation,Full,Treatment Media,1093.0,,99.8294117647059,True,High,,340.0,0.58
754-91-6,Perfluorooctanesulfonamide,NS(=O)(=O)C(F)(F)C(F)(F)C(F)(F)C(F)(F)C(F)(F)C(F)(F)C(F)(F)C(F)(F)F,C8H2F17NO2S,499.14,17,58.620689655172406,8,17,8,499.14199999999994,7.0,2.0,1.0,0.0,0.0,Long-chain,False,False,False,True,Long-chain Branched Highly-fluorinated,GAC Reactivation,Full,Treatment Media,1093.0,,99.8294117647059,True,High,,340.0,0.58
754-91-6,Perfluorooctanesulfonamide,NS(=O)(=O)C(F)(F)C(F)(F)C(F)(F)C(F)(F)C(F)(F)C(F)(F)C(F)(F)C(F)(F)F,C8H2F17NO2S,499.14,17,58.620689655172406,8,17,8,499.14199999999994,7.0,2.0,1.0,0.0,0.0,Long-chain,False,False,False,True,Long-chain Branched Highly-fluorinated,Thermal Oxidation of Off-gas,Lab,Treatment Media,590.0,0.1666666666666666,,False,High,Short,1.0,
754-91-6,Perfluorooctanesulfonamide,NS(=O)(=O)C(F)(F)C(F)(F)C(F)(F)C(F)(F)C(F)(F)C(F)(F)C(F)(F)C(F)(F)F,C8H2F17NO2S,499.14,17,58.620689655172406,8,17,8,499.14199999999994,7.0,2.0,1.0,0.0,0.0,Long-chain,False,False,False,True,Long-chain Branched Highly-fluorinated,Thermal Oxidation of Off-gas,Lab,Treatment Media,590.0,1.0,,False,High,Short,1.0,
754-91-6,Perfluorooctanesulfonamide,NS(=O)(=O)C(F)(F)C(F)(F)C(F)(F)C(F)(F)C(F)(F)C(F)(F)C(F)(F)C(F)(F)F,C8H2F17NO2S,499.14,17,58.620689655172406,8,17,8,499.14199999999994,7.0,2.0,1.0,0.0,0.0,Long-chain,False,False,False,True,Long-chain Branched Highly-fluorinated,Pyrolysis,Pilot,Sludge,649.0,19.1,,False,High,Short,,27.9
754-91-6,Perfluorooctanesulfonamide,NS(=O)(=O)C(F)(F)C(F)(F)C(F)(F)C(F)(F)C(F)(F)C(F)(F)C(F)(F)C(F)(F)F,C8H2F17NO2S,499.14,17,58.620689655172406,8,17,8,499.14199999999994,7.0,2.0,1.0,0.0,0.0,Long-chain,False,False,False,True,Long-chain Branched Highly-fluorinated,Rotary Kiln,Full,Soil,,,,False,,,,
754-91-6,Perfluorooctanesulfonamide,NS(=O)(=O)C(F)(F)C(F)(F)C(F)(F)C(F)(F)C(F)(F)C(F)(F)C(F)(F)C(F)(F)F,C8H2F17NO2S,499.14,17,58.620689655172406,8,17,8,499.14199999999994,7.0,2.0,1.0,0.0,0.0,Long-chain,False,False,False,True,Long-chain Branched Highly-fluorinated,Indirect Thermal Desorption,Pilot,Soil,650.0,,,False,High,,1.55,
754-91-6,Perfluorooctanesulfonamide,NS(=O)(=O)C(F)(F)C(F)(F)C(F)(F)C(F)(F)C(F)(F)C(F)(F)C(F)(F)C(F)(F)F,C8H2F17NO2S,499.14,17,58.620689655172406,8,17,8,499.14199999999994,7.0,2.0,1.0,0.0,0.0,Long-chain,False,False,False,True,Long-chain Branched Highly-fluorinated,Indirect Thermal Desorption,Pilot,Soil,650.0,,,False,High,,3.58,
754-91-6,Perfluorooctanesulfonamide,NS(=O)(=O)C(F)(F)C(F)(F)C(F)(F)C(F)(F)C(F)(F)C(F)(F)C(F)(F)C(F)(F)F,C8H2F17NO2S,499.14,17,58.620689655172406,8,17,8,499.14199999999994,7.0,2.0,1.0,0.0,0.0,Long-chain,False,False,False,True,Long-chain Branched Highly-fluorinated,Indirect Thermal Desorption,Pilot,Soil,500.0,,,False,High,,3.25,
754-91-6,Perfluorooctanesulfonamide,NS(=O)(=O)C(F)(F)C(F)(F)C(F)(F)C(F)(F)C(F)(F)C(F)(F)C(F)(F)C(F)(F)F,C8H2F17NO2S,499.14,17,58.620689655172406,8,17,8,499.14199999999994,7.0,2.0,1.0,0.0,0.0,Long-chain,False,False,False,True,Long-chain Branched Highly-fluorinated,Indirect Thermal Desorption,Pilot,Soil,500.0,,,False,High,,3.32,
754-91-6,Perfluorooctanesulfonamide,NS(=O)(=O)C(F)(F)C(F)(F)C(F)(F)C(F)(F)C(F)(F)C(F)(F)C(F)(F)C(F)(F)F,C8H2F17NO2S,499.14,17,58.620689655172406,8,17,8,499.14199999999994,7.0,2.0,1.0,0.0,0.0,Long-chain,False,False,False,True,Long-chain Branched Highly-fluorinated,Indirect Thermal Desorption,Pilot,Soil,650.0,,,False,High,,3.48,
754-91-6,Perfluorooctanesulfonamide,NS(=O)(=O)C(F)(F)C(F)(F)C(F)(F)C(F)(F)C(F)(F)C(F)(F)C(F)(F)C(F)(F)F,C8H2F17NO2S,499.14,17,58.620689655172406,8,17,8,499.14199999999994,7.0,2.0,1.0,0.0,0.0,Long-chain,False,False,False,True,Long-chain Branched Highly-fluorinated,Indirect Thermal Desorption,Pilot,Soil,500.0,,,False,High,,19.2,
754-91-6,Perfluorooctanesulfonamide,NS(=O)(=O)C(F)(F)C(F)(F)C(F)(F)C(F)(F)C(F)(F)C(F)(F)C(F)(F)C(F)(F)F,C8H2F17NO2S,499.14,17,58.620689655172406,8,17,8,499.14199999999994,7.0,2.0,1.0,0.0,0.0,Long-chain,False,False,False,True,Long-chain Branched Highly-fluorinated,Indirect Thermal Desorption,Pilot,Soil,650.0,,,False,High,,3.63,
754-91-6,Perfluorooctanesulfonamide,NS(=O)(=O)C(F)(F)C(F)(F)C(F)(F)C(F)(F)C(F)(F)C(F)(F)C(F)(F)C(F)(F)F,C8H2F17NO2S,499.14,17,58.620689655172406,8,17,8,499.14199999999994,7.0,2.0,1.0,0.0,0.0,Long-chain,False,False,False,True,Long-chain Branched Highly-fluorinated,Indirect Thermal Desorption,Pilot,Soil,500.0,,,False,High,,19.5,
754-91-6,Perfluorooctanesulfonamide,NS(=O)(=O)C(F)(F)C(F)(F)C(F)(F)C(F)(F)C(F)(F)C(F)(F)C(F)(F)C(F)(F)F,C8H2F17NO2S,499.14,17,58.620689655172406,8,17,8,499.14199999999994,7.0,2.0,1.0,0.0,0.0,Long-chain,False,False,False,True,Long-chain Branched Highly-fluorinated,Pyrolysis,Lab,Other,500.0,15.0,,False,High,Short,,
754-91-6,Perfluorooctanesulfonamide,NS(=O)(=O)C(F)(F)C(F)(F)C(F)(F)C(F)(F)C(F)(F)C(F)(F)C(F)(F)C(F)(F)F,C8H2F17NO2S,499.14,17,58.620689655172406,8,17,8,499.14199999999994,7.0,2.0,1.0,0.0,0.0,Long-chain,False,False,False,True,Long-chain Branched Highly-fluorinated,Pyrolysis,Lab,Other,400.0,15.0,,False,Medium,Short,,
754-91-6,Perfluorooctanesulfonamide,NS(=O)(=O)C(F)(F)C(F)(F)C(F)(F)C(F)(F)C(F)(F)C(F)(F)C(F)(F)C(F)(F)F,C8H2F17NO2S,499.14,17,58.620689655172406,8,17,8,499.14199999999994,7.0,2.0,1.0,0.0,0.0,Long-chain,False,False,False,True,Long-chain Branched Highly-fluorinated,Infrared Heating,Pilot,Soil,350.0,11520.0,,False,Medium,Extended,2400.0,
754-91-6,Perfluorooctanesulfonamide,NS(=O)(=O)C(F)(F)C(F)(F)C(F)(F)C(F)(F)C(F)(F)C(F)(F)C(F)(F)C(F)(F)F,C8H2F17NO2S,499.14,17,58.620689655172406,8,17,8,499.14199999999994,7.0,2.0,1.0,0.0,0.0,Long-chain,False,False,False,True,Long-chain Branched Highly-fluorinated,Infrared Heating,Pilot,Soil,350.0,11520.0,,False,Medium,Extended,0.145,
754-91-6,Perfluorooctanesulfonamide,NS(=O)(=O)C(F)(F)C(F)(F)C(F)(F)C(F)(F)C(F)(F)C(F)(F)C(F)(F)C(F)(F)F,C8H2F17NO2S,499.14,17,58.620689655172406,8,17,8,499.14199999999994,7.0,2.0,1.0,0.0,0.0,Long-chain,False,False,False,True,Long-chain Branched Highly-fluorinated,Infrared Heating,Pilot,Soil,350.0,11520.0,,False,Medium,Extended,1.27,
754-91-6,Perfluorooctanesulfonamide,NS(=O)(=O)C(F)(F)C(F)(F)C(F)(F)C(F)(F)C(F)(F)C(F)(F)C(F)(F)C(F)(F)F,C8H2F17NO2S,499.14,17,58.620689655172406,8,17,8,499.14199999999994,7.0,2.0,1.0,0.0,0.0,Long-chain,False,False,False,True,Long-chain Branched Highly-fluorinated,Incineration,Pilot,Other,986.0,180.0,,False,High,Medium,,0.4
754-91-6,Perfluorooctanesulfonamide,NS(=O)(=O)C(F)(F)C(F)(F)C(F)(F)C(F)(F)C(F)(F)C(F)(F)C(F)(F)C(F)(F)F,C8H2F17NO2S,499.14,17,58.620689655172406,8,17,8,499.14199999999994,7.0,2.0,1.0,0.0,0.0,Long-chain,False,False,False,True,Long-chain Branched Highly-fluorinated,Incineration,Pilot,Other,998.0,140.0,,False,High,Medium,,0.9
754-91-6,Perfluorooctanesulfonamide,NS(=O)(=O)C(F)(F)C(F)(F)C(F)(F)C(F)(F)C(F)(F)C(F)(F)C(F)(F)C(F)(F)F,C8H2F17NO2S,499.14,17,58.620689655172406,8,17,8,499.14199999999994,7.0,2.0,1.0,0.0,0.0,Long-chain,False,False,False,True,Long-chain Branched Highly-fluorinated,Incineration,Pilot,Other,976.0,210.0,,False,High,Long,,0.4
754-91-6,Perfluorooctanesulfonamide,NS(=O)(=O)C(F)(F)C(F)(F)C(F)(F)C(F)(F)C(F)(F)C(F)(F)C(F)(F)C(F)(F)F,C8H2F17NO2S,499.14,17,58.620689655172406,8,17,8,499.14199999999994,7.0,2.0,1.0,0.0,0.0,Long-chain,False,False,False,True,Long-chain Branched Highly-fluorinated,Infrared Heating,Pilot,Soil,350.0,11520.0,,False,Medium,Extended,0.901,
754-91-6,Perfluorooctanesulfonamide,NS(=O)(=O)C(F)(F)C(F)(F)C(F)(F)C(F)(F)C(F)(F)C(F)(F)C(F)(F)C(F)(F)F,C8H2F17NO2S,499.14,17,58.620689655172406,8,17,8,499.14199999999994,7.0,2.0,1.0,0.0,0.0,Long-chain,False,False,False,True,Long-chain Branched Highly-fluorinated,Incineration,Pilot,Other,980.0,180.0,,False,High,Medium,,0.6
754-91-6,Perfluorooctanesulfonamide,NS(=O)(=O)C(F)(F)C(F)(F)C(F)(F)C(F)(F)C(F)(F)C(F)(F)C(F)(F)C(F)(F)F,C8H2F17NO2S,499.14,17,58.620689655172406,8,17,8,499.14199999999994,7.0,2.0,1.0,0.0,0.0,Long-chain,False,False,False,True,Long-chain Branched Highly-fluorinated,Incineration,Pilot,Other,952.0,145.0,,False,High,Medium,,0.3
754-91-6,Perfluorooctanesulfonamide,NS(=O)(=O)C(F)(F)C(F)(F)C(F)(F)C(F)(F)C(F)(F)C(F)(F)C(F)(F)C(F)(F)F,C8H2F17NO2S,499.14,17,58.620689655172406,8,17,8,499.14199999999994,7.0,2.0,1.0,0.0,0.0,Long-chain,False,False,False,True,Long-chain Branched Highly-fluorinated,Incineration,Pilot,Other,869.0,180.0,,False,High,Medium,,0.3
754-91-6,Perfluorooctanesulfonamide,NS(=O)(=O)C(F)(F)C(F)(F)C(F)(F)C(F)(F)C(F)(F)C(F)(F)C(F)(F)C(F)(F)F,C8H2F17NO2S,499.14,17,58.620689655172406,8,17,8,499.14199999999994,7.0,2.0,1.0,0.0,0.0,Long-chain,False,False,False,True,Long-chain Branched Highly-fluorinated,Hydrothermal Treatment,Lab,Soil,350.0,90.0,99.93333333333332,True,Medium,Medium,30.0,0.02
754-91-6,Perfluorooctanesulfonamide,NS(=O)(=O)C(F)(F)C(F)(F)C(F)(F)C(F)(F)C(F)(F)C(F)(F)C(F)(F)C(F)(F)F,C8H2F17NO2S,499.14,17,58.620689655172406,8,17,8,499.14199999999994,7.0,2.0,1.0,0.0,0.0,Long-chain,False,False,False,True,Long-chain Branched Highly-fluorinated,Hydrothermal Treatment,Lab,Soil,350.0,90.0,99.93127147766324,True,Medium,Medium,29.1,0.02
754-91-6,Perfluorooctanesulfonamide,NS(=O)(=O)C(F)(F)C(F)(F)C(F)(F)C(F)(F)C(F)(F)C(F)(F)C(F)(F)C(F)(F)F,C8H2F17NO2S,499.14,17,58.620689655172406,8,17,8,499.14199999999994,7.0,2.0,1.0,0.0,0.0,Long-chain,False,False,False,True,Long-chain Branched Highly-fluorinated,Hydrothermal Treatment,Lab,Soil,350.0,90.0,99.99103139013452,True,Medium,Medium,223.0,0.02
754-91-6,Perfluorooctanesulfonamide,NS(=O)(=O)C(F)(F)C(F)(F)C(F)(F)C(F)(F)C(F)(F)C(F)(F)C(F)(F)C(F)(F)F,C8H2F17NO2S,499.14,17,58.620689655172406,8,17,8,499.14199999999994,7.0,2.0,1.0,0.0,0.0,Long-chain,False,False,False,True,Long-chain Branched Highly-fluorinated,Hydrothermal Treatment,Lab,Other,350.0,90.0,0.0,False,Medium,Medium,0.01,0.01
754-91-6,Perfluorooctanesulfonamide,NS(=O)(=O)C(F)(F)C(F)(F)C(F)(F)C(F)(F)C(F)(F)C(F)(F)C(F)(F)C(F)(F)F,C8H2F17NO2S,499.14,17,58.620689655172406,8,17,8,499.14199999999994,7.0,2.0,1.0,0.0,0.0,Long-chain,False,False,False,True,Long-chain Branched Highly-fluorinated,Hydrothermal Treatment,Lab,Other,350.0,90.0,99.61089494163426,True,Medium,Medium,2.57,0.01
754-91-6,Perfluorooctanesulfonamide,NS(=O)(=O)C(F)(F)C(F)(F)C(F)(F)C(F)(F)C(F)(F)C(F)(F)C(F)(F)C(F)(F)F,C8H2F17NO2S,499.14,17,58.620689655172406,8,17,8,499.14199999999994,7.0,2.0,1.0,0.0,0.0,Long-chain,False,False,False,True,Long-chain Branched Highly-fluorinated,Pyrolysis,Not specified,Sludge,593.33,,,False,High,,0.0,
754-91-6,Perfluorooctanesulfonamide,NS(=O)(=O)C(F)(F)C(F)(F)C(F)(F)C(F)(F)C(F)(F)C(F)(F)C(F)(F)C(F)(F)F,C8H2F17NO2S,499.14,17,58.620689655172406,8,17,8,499.14199999999994,7.0,2.0,1.0,0.0,0.0,Long-chain,False,False,False,True,Long-chain Branched Highly-fluorinated,Indirect Thermal Desorption,Lab,Soil,550.0,75.0,100.0,True,High,Medium,0.6,0.0
754-91-6,Perfluorooctanesulfonamide,NS(=O)(=O)C(F)(F)C(F)(F)C(F)(F)C(F)(F)C(F)(F)C(F)(F)C(F)(F)C(F)(F)F,C8H2F17NO2S,499.14,17,58.620689655172406,8,17,8,499.14199999999994,7.0,2.0,1.0,0.0,0.0,Long-chain,False,False,False,True,Long-chain Branched Highly-fluorinated,Indirect Thermal Desorption,Lab,Soil,550.0,45.0,100.0,True,High,Medium,0.6,0.0
754-91-6,Perfluorooctanesulfonamide,NS(=O)(=O)C(F)(F)C(F)(F)C(F)(F)C(F)(F)C(F)(F)C(F)(F)C(F)(F)C(F)(F)F,C8H2F17NO2S,499.14,17,58.620689655172406,8,17,8,499.14199999999994,7.0,2.0,1.0,0.0,0.0,Long-chain,False,False,False,True,Long-chain Branched Highly-fluorinated,Indirect Thermal Desorption,Lab,Soil,550.0,15.0,100.0,True,High,Short,0.6,0.0
754-91-6,Perfluorooctanesulfonamide,NS(=O)(=O)C(F)(F)C(F)(F)C(F)(F)C(F)(F)C(F)(F)C(F)(F)C(F)(F)C(F)(F)F,C8H2F17NO2S,499.14,17,58.620689655172406,8,17,8,499.14199999999994,7.0,2.0,1.0,0.0,0.0,Long-chain,False,False,False,True,Long-chain Branched Highly-fluorinated,Indirect Thermal Desorption,Lab,Soil,450.0,75.0,100.0,True,High,Medium,0.6,0.0
754-91-6,Perfluorooctanesulfonamide,NS(=O)(=O)C(F)(F)C(F)(F)C(F)(F)C(F)(F)C(F)(F)C(F)(F)C(F)(F)C(F)(F)F,C8H2F17NO2S,499.14,17,58.620689655172406,8,17,8,499.14199999999994,7.0,2.0,1.0,0.0,0.0,Long-chain,False,False,False,True,Long-chain Branched Highly-fluorinated,Indirect Thermal Desorption,Lab,Soil,550.0,75.0,100.0,True,High,Medium,0.6,0.0
754-91-6,Perfluorooctanesulfonamide,NS(=O)(=O)C(F)(F)C(F)(F)C(F)(F)C(F)(F)C(F)(F)C(F)(F)C(F)(F)C(F)(F)F,C8H2F17NO2S,499.14,17,58.620689655172406,8,17,8,499.14199999999994,7.0,2.0,1.0,0.0,0.0,Long-chain,False,False,False,True,Long-chain Branched Highly-fluorinated,Indirect Thermal Desorption,Lab,Soil,550.0,45.0,100.0,True,High,Medium,0.6,0.0
754-91-6,Perfluorooctanesulfonamide,NS(=O)(=O)C(F)(F)C(F)(F)C(F)(F)C(F)(F)C(F)(F)C(F)(F)C(F)(F)C(F)(F)F,C8H2F17NO2S,499.14,17,58.620689655172406,8,17,8,499.14199999999994,7.0,2.0,1.0,0.0,0.0,Long-chain,False,False,False,True,Long-chain Branched Highly-fluorinated,Indirect Thermal Desorption,Lab,Soil,550.0,15.0,100.0,True,High,Short,0.6,0.0
754-91-6,Perfluorooctanesulfonamide,NS(=O)(=O)C(F)(F)C(F)(F)C(F)(F)C(F)(F)C(F)(F)C(F)(F)C(F)(F)C(F)(F)F,C8H2F17NO2S,499.14,17,58.620689655172406,8,17,8,499.14199999999994,7.0,2.0,1.0,0.0,0.0,Long-chain,False,False,False,True,Long-chain Branched Highly-fluorinated,Indirect Thermal Desorption,Lab,Soil,450.0,75.0,100.0,True,High,Medium,0.6,0.0
754-91-6,Perfluorooctanesulfonamide,NS(=O)(=O)C(F)(F)C(F)(F)C(F)(F)C(F)(F)C(F)(F)C(F)(F)C(F)(F)C(F)(F)F,C8H2F17NO2S,499.14,17,58.620689655172406,8,17,8,499.14199999999994,7.0,2.0,1.0,0.0,0.0,Long-chain,False,False,False,True,Long-chain Branched Highly-fluorinated,Indirect Thermal Desorption,Lab,Soil,450.0,45.0,100.0,True,High,Medium,0.6,0.0
754-91-6,Perfluorooctanesulfonamide,NS(=O)(=O)C(F)(F)C(F)(F)C(F)(F)C(F)(F)C(F)(F)C(F)(F)C(F)(F)C(F)(F)F,C8H2F17NO2S,499.14,17,58.620689655172406,8,17,8,499.14199999999994,7.0,2.0,1.0,0.0,0.0,Long-chain,False,False,False,True,Long-chain Branched Highly-fluorinated,Indirect Thermal Desorption,Lab,Soil,450.0,15.0,99.93166666666666,True,High,Short,0.6,0.00041
754-91-6,Perfluorooctanesulfonamide,NS(=O)(=O)C(F)(F)C(F)(F)C(F)(F)C(F)(F)C(F)(F)C(F)(F)C(F)(F)C(F)(F)F,C8H2F17NO2S,499.14,17,58.620689655172406,8,17,8,499.14199999999994,7.0,2.0,1.0,0.0,0.0,Long-chain,False,False,False,True,Long-chain Branched Highly-fluorinated,Indirect Thermal Desorption,Lab,Soil,350.0,75.0,100.0,True,Medium,Medium,0.6,0.0
754-91-6,Perfluorooctanesulfonamide,NS(=O)(=O)C(F)(F)C(F)(F)C(F)(F)C(F)(F)C(F)(F)C(F)(F)C(F)(F)C(F)(F)F,C8H2F17NO2S,499.14,17,58.620689655172406,8,17,8,499.14199999999994,7.0,2.0,1.0,0.0,0.0,Long-chain,False,False,False,True,Long-chain Branched Highly-fluorinated,Indirect Thermal Desorption,Lab,Soil,350.0,45.0,99.83333333333331,True,Medium,Medium,0.6,0.001
754-91-6,Perfluorooctanesulfonamide,NS(=O)(=O)C(F)(F)C(F)(F)C(F)(F)C(F)(F)C(F)(F)C(F)(F)C(F)(F)C(F)(F)F,C8H2F17NO2S,499.14,17,58.620689655172406,8,17,8,499.14199999999994,7.0,2.0,1.0,0.0,0.0,Long-chain,False,False,False,True,Long-chain Branched Highly-fluorinated,Indirect Thermal Desorption,Lab,Soil,350.0,15.0,95.66666666666669,True,Medium,Short,0.6,0.026
754-91-6,Perfluorooctanesulfonamide,NS(=O)(=O)C(F)(F)C(F)(F)C(F)(F)C(F)(F)C(F)(F)C(F)(F)C(F)(F)C(F)(F)F,C8H2F17NO2S,499.14,17,58.620689655172406,8,17,8,499.14199999999994,7.0,2.0,1.0,0.0,0.0,Long-chain,False,False,False,True,Long-chain Branched Highly-fluorinated,Indirect Thermal Desorption,Lab,Soil,250.0,75.0,94.33333333333331,True,Medium,Medium,0.6,0.034
754-91-6,Perfluorooctanesulfonamide,NS(=O)(=O)C(F)(F)C(F)(F)C(F)(F)C(F)(F)C(F)(F)C(F)(F)C(F)(F)C(F)(F)F,C8H2F17NO2S,499.14,17,58.620689655172406,8,17,8,499.14199999999994,7.0,2.0,1.0,0.0,0.0,Long-chain,False,False,False,True,Long-chain Branched Highly-fluorinated,Indirect Thermal Desorption,Lab,Soil,250.0,45.0,87.66666666666667,True,Medium,Medium,0.6,0.074
754-91-6,Perfluorooctanesulfonamide,NS(=O)(=O)C(F)(F)C(F)(F)C(F)(F)C(F)(F)C(F)(F)C(F)(F)C(F)(F)C(F)(F)F,C8H2F17NO2S,499.14,17,58.620689655172406,8,17,8,499.14199999999994,7.0,2.0,1.0,0.0,0.0,Long-chain,False,False,False,True,Long-chain Branched Highly-fluorinated,Indirect Thermal Desorption,Lab,Soil,250.0,15.0,18.333333333333332,False,Medium,Short,0.6,0.49
754-91-6,Perfluorooctanesulfonamide,NS(=O)(=O)C(F)(F)C(F)(F)C(F)(F)C(F)(F)C(F)(F)C(F)(F)C(F)(F)C(F)(F)F,C8H2F17NO2S,499.14,17,58.620689655172406,8,17,8,499.14199999999994,7.0,2.0,1.0,0.0,0.0,Long-chain,False,False,False,True,Long-chain Branched Highly-fluorinated,Indirect Thermal Desorption,Lab,Soil,150.0,75.0,43.33333333333333,False,Medium,Medium,0.6,0.34
754-91-6,Perfluorooctanesulfonamide,NS(=O)(=O)C(F)(F)C(F)(F)C(F)(F)C(F)(F)C(F)(F)C(F)(F)C(F)(F)C(F)(F)F,C8H2F17NO2S,499.14,17,58.620689655172406,8,17,8,499.14199999999994,7.0,2.0,1.0,0.0,0.0,Long-chain,False,False,False,True,Long-chain Branched Highly-fluorinated,Indirect Thermal Desorption,Lab,Soil,150.0,45.0,33.33333333333333,False,Medium,Medium,0.6,0.4
754-91-6,Perfluorooctanesulfonamide,NS(=O)(=O)C(F)(F)C(F)(F)C(F)(F)C(F)(F)C(F)(F)C(F)(F)C(F)(F)C(F)(F)F,C8H2F17NO2S,499.14,17,58.620689655172406,8,17,8,499.14199999999994,7.0,2.0,1.0,0.0,0.0,Long-chain,False,False,False,True,Long-chain Branched Highly-fluorinated,Indirect Thermal Desorption,Lab,Soil,150.0,15.0,0.0,False,Medium,Short,0.6,0.61
754-91-6,Perfluorooctanesulfonamide,NS(=O)(=O)C(F)(F)C(F)(F)C(F)(F)C(F)(F)C(F)(F)C(F)(F)C(F)(F)C(F)(F)F,C8H2F17NO2S,499.14,17,58.620689655172406,8,17,8,499.14199999999994,7.0,2.0,1.0,0.0,0.0,Long-chain,False,False,False,True,Long-chain Branched Highly-fluorinated,Indirect Thermal Desorption,Lab,Soil,450.0,45.0,100.0,True,High,Medium,0.6,0.0
754-91-6,Perfluorooctanesulfonamide,NS(=O)(=O)C(F)(F)C(F)(F)C(F)(F)C(F)(F)C(F)(F)C(F)(F)C(F)(F)C(F)(F)F,C8H2F17NO2S,499.14,17,58.620689655172406,8,17,8,499.14199999999994,7.0,2.0,1.0,0.0,0.0,Long-chain,False,False,False,True,Long-chain Branched Highly-fluorinated,Indirect Thermal Desorption,Lab,Soil,450.0,15.0,91.33333333333331,True,High,Short,0.6,0.052
754-91-6,Perfluorooctanesulfonamide,NS(=O)(=O)C(F)(F)C(F)(F)C(F)(F)C(F)(F)C(F)(F)C(F)(F)C(F)(F)C(F)(F)F,C8H2F17NO2S,499.14,17,58.620689655172406,8,17,8,499.14199999999994,7.0,2.0,1.0,0.0,0.0,Long-chain,False,False,False,True,Long-chain Branched Highly-fluorinated,Indirect Thermal Desorption,Lab,Soil,350.0,75.0,99.33333333333331,True,Medium,Medium,0.6,0.004
754-91-6,Perfluorooctanesulfonamide,NS(=O)(=O)C(F)(F)C(F)(F)C(F)(F)C(F)(F)C(F)(F)C(F)(F)C(F)(F)C(F)(F)F,C8H2F17NO2S,499.14,17,58.620689655172406,8,17,8,499.14199999999994,7.0,2.0,1.0,0.0,0.0,Long-chain,False,False,False,True,Long-chain Branched Highly-fluorinated,Indirect Thermal Desorption,Lab,Soil,350.0,45.0,97.0,True,Medium,Medium,0.6,0.018
754-91-6,Perfluorooctanesulfonamide,NS(=O)(=O)C(F)(F)C(F)(F)C(F)(F)C(F)(F)C(F)(F)C(F)(F)C(F)(F)C(F)(F)F,C8H2F17NO2S,499.14,17,58.620689655172406,8,17,8,499.14199999999994,7.0,2.0,1.0,0.0,0.0,Long-chain,False,False,False,True,Long-chain Branched Highly-fluorinated,Indirect Thermal Desorption,Lab,Soil,350.0,15.0,43.33333333333333,False,Medium,Short,0.6,0.34
754-91-6,Perfluorooctanesulfonamide,NS(=O)(=O)C(F)(F)C(F)(F)C(F)(F)C(F)(F)C(F)(F)C(F)(F)C(F)(F)C(F)(F)F,C8H2F17NO2S,499.14,17,58.620689655172406,8,17,8,499.14199999999994,7.0,2.0,1.0,0.0,0.0,Long-chain,False,False,False,True,Long-chain Branched Highly-fluorinated,Indirect Thermal Desorption,Lab,Soil,250.0,75.0,51.66666666666667,False,Medium,Medium,0.6,0.29
754-91-6,Perfluorooctanesulfonamide,NS(=O)(=O)C(F)(F)C(F)(F)C(F)(F)C(F)(F)C(F)(F)C(F)(F)C(F)(F)C(F)(F)F,C8H2F17NO2S,499.14,17,58.620689655172406,8,17,8,499.14199999999994,7.0,2.0,1.0,0.0,0.0,Long-chain,False,False,False,True,Long-chain Branched Highly-fluorinated,Indirect Thermal Desorption,Lab,Soil,250.0,45.0,20.0,False,Medium,Medium,0.6,0.48
754-91-6,Perfluorooctanesulfonamide,NS(=O)(=O)C(F)(F)C(F)(F)C(F)(F)C(F)(F)C(F)(F)C(F)(F)C(F)(F)C(F)(F)F,C8H2F17NO2S,499.14,17,58.620689655172406,8,17,8,499.14199999999994,7.0,2.0,1.0,0.0,0.0,Long-chain,False,False,False,True,Long-chain Branched Highly-fluorinated,Indirect Thermal Desorption,Lab,Soil,250.0,15.0,0.0,False,Medium,Short,0.6,1.3
754-91-6,Perfluorooctanesulfonamide,NS(=O)(=O)C(F)(F)C(F)(F)C(F)(F)C(F)(F)C(F)(F)C(F)(F)C(F)(F)C(F)(F)F,C8H2F17NO2S,499.14,17,58.620689655172406,8,17,8,499.14199999999994,7.0,2.0,1.0,0.0,0.0,Long-chain,False,False,False,True,Long-chain Branched Highly-fluorinated,Indirect Thermal Desorption,Lab,Soil,150.0,75.0,0.0,False,Medium,Medium,0.6,0.78
754-91-6,Perfluorooctanesulfonamide,NS(=O)(=O)C(F)(F)C(F)(F)C(F)(F)C(F)(F)C(F)(F)C(F)(F)C(F)(F)C(F)(F)F,C8H2F17NO2S,499.14,17,58.620689655172406,8,17,8,499.14199999999994,7.0,2.0,1.0,0.0,0.0,Long-chain,False,False,False,True,Long-chain Branched Highly-fluorinated,Indirect Thermal Desorption,Lab,Soil,150.0,45.0,0.0,False,Medium,Medium,0.6,0.85
754-91-6,Perfluorooctanesulfonamide,NS(=O)(=O)C(F)(F)C(F)(F)C(F)(F)C(F)(F)C(F)(F)C(F)(F)C(F)(F)C(F)(F)F,C8H2F17NO2S,499.14,17,58.620689655172406,8,17,8,499.14199999999994,7.0,2.0,1.0,0.0,0.0,Long-chain,False,False,False,True,Long-chain Branched Highly-fluorinated,Indirect Thermal Desorption,Lab,Soil,150.0,15.0,0.0,False,Medium,Short,0.6,1.4
754-91-6,Perfluorooctanesulfonamide,NS(=O)(=O)C(F)(F)C(F)(F)C(F)(F)C(F)(F)C(F)(F)C(F)(F)C(F)(F)C(F)(F)F,C8H2F17NO2S,499.14,17,58.620689655172406,8,17,8,499.14199999999994,7.0,2.0,1.0,0.0,0.0,Long-chain,False,False,False,True,Long-chain Branched Highly-fluorinated,Incineration,Full,Sludge,,,0.0,False,,,2.5,7.0
335-77-3,Perfluorodecanesulfonic acid,OS(=O)(=O)C(F)(F)C(F)(F)C(F)(F)C(F)(F)C(F)(F)C(F)(F)C(F)(F)C(F)(F)C(F)(F)C(F)(F)F,C10HF21O3S,600.14,21,60.0,10,21,10,600.1400000000001,9.0,2.0,1.0,0.0,0.0,Long-chain,False,False,False,True,Long-chain Branched Highly-fluorinated,Pyrolysis,Lab,Sludge,800.0,20.0,68.47826086956522,False,High,Short,0.092,0.029
335-77-3,Perfluorodecanesulfonic acid,OS(=O)(=O)C(F)(F)C(F)(F)C(F)(F)C(F)(F)C(F)(F)C(F)(F)C(F)(F)C(F)(F)C(F)(F)C(F)(F)F,C10HF21O3S,600.14,21,60.0,10,21,10,600.1400000000001,9.0,2.0,1.0,0.0,0.0,Long-chain,False,False,False,True,Long-chain Branched Highly-fluorinated,Pyrolysis,Lab,Sludge,800.0,20.0,36.95652173913043,False,High,Short,0.046,0.029
335-77-3,Perfluorodecanesulfonic acid,OS(=O)(=O)C(F)(F)C(F)(F)C(F)(F)C(F)(F)C(F)(F)C(F)(F)C(F)(F)C(F)(F)C(F)(F)C(F)(F)F,C10HF21O3S,600.14,21,60.0,10,21,10,600.1400000000001,9.0,2.0,1.0,0.0,0.0,Long-chain,False,False,False,True,Long-chain Branched Highly-fluorinated,Pyrolysis,Lab,Sludge,800.0,20.0,60.810810810810814,False,High,Short,0.074,0.029
335-77-3,Perfluorodecanesulfonic acid,OS(=O)(=O)C(F)(F)C(F)(F)C(F)(F)C(F)(F)C(F)(F)C(F)(F)C(F)(F)C(F)(F)C(F)(F)C(F)(F)F,C10HF21O3S,600.14,21,60.0,10,21,10,600.1400000000001,9.0,2.0,1.0,0.0,0.0,Long-chain,False,False,False,True,Long-chain Branched Highly-fluorinated,Pyrolysis,Lab,Sludge,650.0,20.0,36.95652173913043,False,High,Short,0.046,0.029
335-77-3,Perfluorodecanesulfonic acid,OS(=O)(=O)C(F)(F)C(F)(F)C(F)(F)C(F)(F)C(F)(F)C(F)(F)C(F)(F)C(F)(F)C(F)(F)C(F)(F)F,C10HF21O3S,600.14,21,60.0,10,21,10,600.1400000000001,9.0,2.0,1.0,0.0,0.0,Long-chain,False,False,False,True,Long-chain Branched Highly-fluorinated,Pyrolysis,Lab,Sludge,650.0,20.0,56.75675675675676,False,High,Short,0.074,0.032
335-77-3,Perfluorodecanesulfonic acid,OS(=O)(=O)C(F)(F)C(F)(F)C(F)(F)C(F)(F)C(F)(F)C(F)(F)C(F)(F)C(F)(F)C(F)(F)C(F)(F)F,C10HF21O3S,600.14,21,60.0,10,21,10,600.1400000000001,9.0,2.0,1.0,0.0,0.0,Long-chain,False,False,False,True,Long-chain Branched Highly-fluorinated,Pyrolysis,Lab,Sludge,650.0,20.0,67.3913043478261,False,High,Short,0.092,0.03
335-77-3,Perfluorodecanesulfonic acid,OS(=O)(=O)C(F)(F)C(F)(F)C(F)(F)C(F)(F)C(F)(F)C(F)(F)C(F)(F)C(F)(F)C(F)(F)C(F)(F)F,C10HF21O3S,600.14,21,60.0,10,21,10,600.1400000000001,9.0,2.0,1.0,0.0,0.0,Long-chain,False,False,False,True,Long-chain Branched Highly-fluorinated,Pyrolysis,Lab,Sludge,500.0,20.0,0.0,False,High,Short,0.03,0.03
335-77-3,Perfluorodecanesulfonic acid,OS(=O)(=O)C(F)(F)C(F)(F)C(F)(F)C(F)(F)C(F)(F)C(F)(F)C(F)(F)C(F)(F)C(F)(F)C(F)(F)F,C10HF21O3S,600.14,21,60.0,10,21,10,600.1400000000001,9.0,2.0,1.0,0.0,0.0,Long-chain,False,False,False,True,Long-chain Branched Highly-fluorinated,Pyrolysis,Lab,Sludge,500.0,20.0,34.78260869565217,False,High,Short,0.046,0.03
335-77-3,Perfluorodecanesulfonic acid,OS(=O)(=O)C(F)(F)C(F)(F)C(F)(F)C(F)(F)C(F)(F)C(F)(F)C(F)(F)C(F)(F)C(F)(F)C(F)(F)F,C10HF21O3S,600.14,21,60.0,10,21,10,600.1400000000001,9.0,2.0,1.0,0.0,0.0,Long-chain,False,False,False,True,Long-chain Branched Highly-fluorinated,Pyrolysis,Lab,Sludge,500.0,20.0,60.810810810810814,False,High,Short,0.074,0.029
335-77-3,Perfluorodecanesulfonic acid,OS(=O)(=O)C(F)(F)C(F)(F)C(F)(F)C(F)(F)C(F)(F)C(F)(F)C(F)(F)C(F)(F)C(F)(F)C(F)(F)F,C10HF21O3S,600.14,21,60.0,10,21,10,600.1400000000001,9.0,2.0,1.0,0.0,0.0,Long-chain,False,False,False,True,Long-chain Branched Highly-fluorinated,Pyrolysis,Lab,Sludge,500.0,20.0,68.47826086956522,False,High,Short,0.092,0.029
335-77-3,Perfluorodecanesulfonic acid,OS(=O)(=O)C(F)(F)C(F)(F)C(F)(F)C(F)(F)C(F)(F)C(F)(F)C(F)(F)C(F)(F)C(F)(F)C(F)(F)F,C10HF21O3S,600.14,21,60.0,10,21,10,600.1400000000001,9.0,2.0,1.0,0.0,0.0,Long-chain,False,False,False,True,Long-chain Branched Highly-fluorinated,GAC Reactivation,Full,Treatment Media,1093.0,,98.43243243243244,True,High,,37.0,0.58
335-77-3,Perfluorodecanesulfonic acid,OS(=O)(=O)C(F)(F)C(F)(F)C(F)(F)C(F)(F)C(F)(F)C(F)(F)C(F)(F)C(F)(F)C(F)(F)C(F)(F)F,C10HF21O3S,600.14,21,60.0,10,21,10,600.1400000000001,9.0,2.0,1.0,0.0,0.0,Long-chain,False,False,False,True,Long-chain Branched Highly-fluorinated,GAC Reactivation,Full,Treatment Media,1093.0,,99.47272727272728,True,High,,110.0,0.58
335-77-3,Perfluorodecanesulfonic acid,OS(=O)(=O)C(F)(F)C(F)(F)C(F)(F)C(F)(F)C(F)(F)C(F)(F)C(F)(F)C(F)(F)C(F)(F)C(F)(F)F,C10HF21O3S,600.14,21,60.0,10,21,10,600.1400000000001,9.0,2.0,1.0,0.0,0.0,Long-chain,False,False,False,True,Long-chain Branched Highly-fluorinated,GAC Reactivation,Full,Treatment Media,1093.0,,99.67777777777778,True,High,,180.0,0.58
335-77-3,Perfluorodecanesulfonic acid,OS(=O)(=O)C(F)(F)C(F)(F)C(F)(F)C(F)(F)C(F)(F)C(F)(F)C(F)(F)C(F)(F)C(F)(F)C(F)(F)F,C10HF21O3S,600.14,21,60.0,10,21,10,600.1400000000001,9.0,2.0,1.0,0.0,0.0,Long-chain,False,False,False,True,Long-chain Branched Highly-fluorinated,Thermal Oxidation of Off-gas,Lab,Treatment Media,590.0,0.1666666666666666,,False,High,Short,1000.0,
335-77-3,Perfluorodecanesulfonic acid,OS(=O)(=O)C(F)(F)C(F)(F)C(F)(F)C(F)(F)C(F)(F)C(F)(F)C(F)(F)C(F)(F)C(F)(F)C(F)(F)F,C10HF21O3S,600.14,21,60.0,10,21,10,600.1400000000001,9.0,2.0,1.0,0.0,0.0,Long-chain,False,False,False,True,Long-chain Branched Highly-fluorinated,GAC Reactivation,Full,Treatment Media,,,,False,,,,0.28
335-77-3,Perfluorodecanesulfonic acid,OS(=O)(=O)C(F)(F)C(F)(F)C(F)(F)C(F)(F)C(F)(F)C(F)(F)C(F)(F)C(F)(F)C(F)(F)C(F)(F)F,C10HF21O3S,600.14,21,60.0,10,21,10,600.1400000000001,9.0,2.0,1.0,0.0,0.0,Long-chain,False,False,False,True,Long-chain Branched Highly-fluorinated,Indirect Thermal Desorption,Pilot,Soil,650.0,,,False,High,,20.6,
335-77-3,Perfluorodecanesulfonic acid,OS(=O)(=O)C(F)(F)C(F)(F)C(F)(F)C(F)(F)C(F)(F)C(F)(F)C(F)(F)C(F)(F)C(F)(F)C(F)(F)F,C10HF21O3S,600.14,21,60.0,10,21,10,600.1400000000001,9.0,2.0,1.0,0.0,0.0,Long-chain,False,False,False,True,Long-chain Branched Highly-fluorinated,Indirect Thermal Desorption,Pilot,Soil,650.0,,,False,High,,18.2,
335-77-3,Perfluorodecanesulfonic acid,OS(=O)(=O)C(F)(F)C(F)(F)C(F)(F)C(F)(F)C(F)(F)C(F)(F)C(F)(F)C(F)(F)C(F)(F)C(F)(F)F,C10HF21O3S,600.14,21,60.0,10,21,10,600.1400000000001,9.0,2.0,1.0,0.0,0.0,Long-chain,False,False,False,True,Long-chain Branched Highly-fluorinated,Indirect Thermal Desorption,Pilot,Soil,500.0,,,False,High,,15.4,
335-77-3,Perfluorodecanesulfonic acid,OS(=O)(=O)C(F)(F)C(F)(F)C(F)(F)C(F)(F)C(F)(F)C(F)(F)C(F)(F)C(F)(F)C(F)(F)C(F)(F)F,C10HF21O3S,600.14,21,60.0,10,21,10,600.1400000000001,9.0,2.0,1.0,0.0,0.0,Long-chain,False,False,False,True,Long-chain Branched Highly-fluorinated,Indirect Thermal Desorption,Pilot,Soil,500.0,,,False,High,,18.6,
335-77-3,Perfluorodecanesulfonic acid,OS(=O)(=O)C(F)(F)C(F)(F)C(F)(F)C(F)(F)C(F)(F)C(F)(F)C(F)(F)C(F)(F)C(F)(F)C(F)(F)F,C10HF21O3S,600.14,21,60.0,10,21,10,600.1400000000001,9.0,2.0,1.0,0.0,0.0,Long-chain,False,False,False,True,Long-chain Branched Highly-fluorinated,Indirect Thermal Desorption,Pilot,Soil,650.0,,,False,High,,19.0,
335-77-3,Perfluorodecanesulfonic acid,OS(=O)(=O)C(F)(F)C(F)(F)C(F)(F)C(F)(F)C(F)(F)C(F)(F)C(F)(F)C(F)(F)C(F)(F)C(F)(F)F,C10HF21O3S,600.14,21,60.0,10,21,10,600.1400000000001,9.0,2.0,1.0,0.0,0.0,Long-chain,False,False,False,True,Long-chain Branched Highly-fluorinated,Indirect Thermal Desorption,Pilot,Soil,500.0,,,False,High,,19.9,
335-77-3,Perfluorodecanesulfonic acid,OS(=O)(=O)C(F)(F)C(F)(F)C(F)(F)C(F)(F)C(F)(F)C(F)(F)C(F)(F)C(F)(F)C(F)(F)C(F)(F)F,C10HF21O3S,600.14,21,60.0,10,21,10,600.1400000000001,9.0,2.0,1.0,0.0,0.0,Long-chain,False,False,False,True,Long-chain Branched Highly-fluorinated,Indirect Thermal Desorption,Pilot,Soil,650.0,,,False,High,,16.6,
335-77-3,Perfluorodecanesulfonic acid,OS(=O)(=O)C(F)(F)C(F)(F)C(F)(F)C(F)(F)C(F)(F)C(F)(F)C(F)(F)C(F)(F)C(F)(F)C(F)(F)F,C10HF21O3S,600.14,21,60.0,10,21,10,600.1400000000001,9.0,2.0,1.0,0.0,0.0,Long-chain,False,False,False,True,Long-chain Branched Highly-fluorinated,Indirect Thermal Desorption,Pilot,Soil,500.0,,,False,High,,16.5,
335-77-3,Perfluorodecanesulfonic acid,OS(=O)(=O)C(F)(F)C(F)(F)C(F)(F)C(F)(F)C(F)(F)C(F)(F)C(F)(F)C(F)(F)C(F)(F)C(F)(F)F,C10HF21O3S,600.14,21,60.0,10,21,10,600.1400000000001,9.0,2.0,1.0,0.0,0.0,Long-chain,False,False,False,True,Long-chain Branched Highly-fluorinated,Infrared Heating,Pilot,Soil,350.0,11520.0,,False,Medium,Extended,0.557,
335-77-3,Perfluorodecanesulfonic acid,OS(=O)(=O)C(F)(F)C(F)(F)C(F)(F)C(F)(F)C(F)(F)C(F)(F)C(F)(F)C(F)(F)C(F)(F)C(F)(F)F,C10HF21O3S,600.14,21,60.0,10,21,10,600.1400000000001,9.0,2.0,1.0,0.0,0.0,Long-chain,False,False,False,True,Long-chain Branched Highly-fluorinated,Infrared Heating,Pilot,Soil,350.0,11520.0,,False,Medium,Extended,0.204,
335-77-3,Perfluorodecanesulfonic acid,OS(=O)(=O)C(F)(F)C(F)(F)C(F)(F)C(F)(F)C(F)(F)C(F)(F)C(F)(F)C(F)(F)C(F)(F)C(F)(F)F,C10HF21O3S,600.14,21,60.0,10,21,10,600.1400000000001,9.0,2.0,1.0,0.0,0.0,Long-chain,False,False,False,True,Long-chain Branched Highly-fluorinated,Infrared Heating,Pilot,Soil,350.0,11520.0,,False,Medium,Extended,0.17,
335-77-3,Perfluorodecanesulfonic acid,OS(=O)(=O)C(F)(F)C(F)(F)C(F)(F)C(F)(F)C(F)(F)C(F)(F)C(F)(F)C(F)(F)C(F)(F)C(F)(F)F,C10HF21O3S,600.14,21,60.0,10,21,10,600.1400000000001,9.0,2.0,1.0,0.0,0.0,Long-chain,False,False,False,True,Long-chain Branched Highly-fluorinated,Incineration,Pilot,Other,986.0,180.0,,False,High,Medium,,3.8
335-77-3,Perfluorodecanesulfonic acid,OS(=O)(=O)C(F)(F)C(F)(F)C(F)(F)C(F)(F)C(F)(F)C(F)(F)C(F)(F)C(F)(F)C(F)(F)C(F)(F)F,C10HF21O3S,600.14,21,60.0,10,21,10,600.1400000000001,9.0,2.0,1.0,0.0,0.0,Long-chain,False,False,False,True,Long-chain Branched Highly-fluorinated,Incineration,Pilot,Other,998.0,140.0,,False,High,Medium,,3.0
335-77-3,Perfluorodecanesulfonic acid,OS(=O)(=O)C(F)(F)C(F)(F)C(F)(F)C(F)(F)C(F)(F)C(F)(F)C(F)(F)C(F)(F)C(F)(F)C(F)(F)F,C10HF21O3S,600.14,21,60.0,10,21,10,600.1400000000001,9.0,2.0,1.0,0.0,0.0,Long-chain,False,False,False,True,Long-chain Branched Highly-fluorinated,Incineration,Pilot,Other,976.0,210.0,,False,High,Long,,3.5
335-77-3,Perfluorodecanesulfonic acid,OS(=O)(=O)C(F)(F)C(F)(F)C(F)(F)C(F)(F)C(F)(F)C(F)(F)C(F)(F)C(F)(F)C(F)(F)C(F)(F)F,C10HF21O3S,600.14,21,60.0,10,21,10,600.1400000000001,9.0,2.0,1.0,0.0,0.0,Long-chain,False,False,False,True,Long-chain Branched Highly-fluorinated,Infrared Heating,Pilot,Soil,350.0,11520.0,,False,Medium,Extended,0.254,
335-77-3,Perfluorodecanesulfonic acid,OS(=O)(=O)C(F)(F)C(F)(F)C(F)(F)C(F)(F)C(F)(F)C(F)(F)C(F)(F)C(F)(F)C(F)(F)C(F)(F)F,C10HF21O3S,600.14,21,60.0,10,21,10,600.1400000000001,9.0,2.0,1.0,0.0,0.0,Long-chain,False,False,False,True,Long-chain Branched Highly-fluorinated,Incineration,Pilot,Other,980.0,180.0,,False,High,Medium,,0.0
335-77-3,Perfluorodecanesulfonic acid,OS(=O)(=O)C(F)(F)C(F)(F)C(F)(F)C(F)(F)C(F)(F)C(F)(F)C(F)(F)C(F)(F)C(F)(F)C(F)(F)F,C10HF21O3S,600.14,21,60.0,10,21,10,600.1400000000001,9.0,2.0,1.0,0.0,0.0,Long-chain,False,False,False,True,Long-chain Branched Highly-fluorinated,Incineration,Pilot,Other,952.0,145.0,,False,High,Medium,,0.0
335-77-3,Perfluorodecanesulfonic acid,OS(=O)(=O)C(F)(F)C(F)(F)C(F)(F)C(F)(F)C(F)(F)C(F)(F)C(F)(F)C(F)(F)C(F)(F)C(F)(F)F,C10HF21O3S,600.14,21,60.0,10,21,10,600.1400000000001,9.0,2.0,1.0,0.0,0.0,Long-chain,False,False,False,True,Long-chain Branched Highly-fluorinated,Incineration,Pilot,Other,869.0,180.0,,False,High,Medium,,0.0
335-77-3,Perfluorodecanesulfonic acid,OS(=O)(=O)C(F)(F)C(F)(F)C(F)(F)C(F)(F)C(F)(F)C(F)(F)C(F)(F)C(F)(F)C(F)(F)C(F)(F)F,C10HF21O3S,600.14,21,60.0,10,21,10,600.1400000000001,9.0,2.0,1.0,0.0,0.0,Long-chain,False,False,False,True,Long-chain Branched Highly-fluorinated,Hydrothermal Treatment,Lab,Other,350.0,180.0,100.0,True,Medium,Medium,5.05,0.0
335-77-3,Perfluorodecanesulfonic acid,OS(=O)(=O)C(F)(F)C(F)(F)C(F)(F)C(F)(F)C(F)(F)C(F)(F)C(F)(F)C(F)(F)C(F)(F)C(F)(F)F,C10HF21O3S,600.14,21,60.0,10,21,10,600.1400000000001,9.0,2.0,1.0,0.0,0.0,Long-chain,False,False,False,True,Long-chain Branched Highly-fluorinated,Hydrothermal Treatment,Lab,Other,350.0,180.0,100.0,True,Medium,Medium,5.05,0.0
335-77-3,Perfluorodecanesulfonic acid,OS(=O)(=O)C(F)(F)C(F)(F)C(F)(F)C(F)(F)C(F)(F)C(F)(F)C(F)(F)C(F)(F)C(F)(F)C(F)(F)F,C10HF21O3S,600.14,21,60.0,10,21,10,600.1400000000001,9.0,2.0,1.0,0.0,0.0,Long-chain,False,False,False,True,Long-chain Branched Highly-fluorinated,Hydrothermal Treatment,Lab,Soil,350.0,90.0,98.4251968503937,True,Medium,Medium,1.27,0.02
335-77-3,Perfluorodecanesulfonic acid,OS(=O)(=O)C(F)(F)C(F)(F)C(F)(F)C(F)(F)C(F)(F)C(F)(F)C(F)(F)C(F)(F)C(F)(F)C(F)(F)F,C10HF21O3S,600.14,21,60.0,10,21,10,600.1400000000001,9.0,2.0,1.0,0.0,0.0,Long-chain,False,False,False,True,Long-chain Branched Highly-fluorinated,Unspecified Heat Treatment,Full,Sludge,650.0,45.0,21.428571428571416,False,High,Medium,1.4,1.1
335-77-3,Perfluorodecanesulfonic acid,OS(=O)(=O)C(F)(F)C(F)(F)C(F)(F)C(F)(F)C(F)(F)C(F)(F)C(F)(F)C(F)(F)C(F)(F)C(F)(F)F,C10HF21O3S,600.14,21,60.0,10,21,10,600.1400000000001,9.0,2.0,1.0,0.0,0.0,Long-chain,False,False,False,True,Long-chain Branched Highly-fluorinated,Hydrothermal Treatment,Lab,Soil,350.0,90.0,99.5453237410072,True,Medium,Medium,1390.0,6.32
335-77-3,Perfluorodecanesulfonic acid,OS(=O)(=O)C(F)(F)C(F)(F)C(F)(F)C(F)(F)C(F)(F)C(F)(F)C(F)(F)C(F)(F)C(F)(F)C(F)(F)F,C10HF21O3S,600.14,21,60.0,10,21,10,600.1400000000001,9.0,2.0,1.0,0.0,0.0,Long-chain,False,False,False,True,Long-chain Branched Highly-fluorinated,Pyrolysis,Not specified,Sludge,593.33,,,False,High,,0.0,
335-77-3,Perfluorodecanesulfonic acid,OS(=O)(=O)C(F)(F)C(F)(F)C(F)(F)C(F)(F)C(F)(F)C(F)(F)C(F)(F)C(F)(F)C(F)(F)C(F)(F)F,C10HF21O3S,600.14,21,60.0,10,21,10,600.1400000000001,9.0,2.0,1.0,0.0,0.0,Long-chain,False,False,False,True,Long-chain Branched Highly-fluorinated,Vapor Energy Generation,Lab,Soil,1750.0,30.0,,False,High,Short,,0.005
335-77-3,Perfluorodecanesulfonic acid,OS(=O)(=O)C(F)(F)C(F)(F)C(F)(F)C(F)(F)C(F)(F)C(F)(F)C(F)(F)C(F)(F)C(F)(F)C(F)(F)F,C10HF21O3S,600.14,21,60.0,10,21,10,600.1400000000001,9.0,2.0,1.0,0.0,0.0,Long-chain,False,False,False,True,Long-chain Branched Highly-fluorinated,Vapor Energy Generation,Lab,Soil,1100.0,15.0,71.63756488909864,False,High,Short,275.47,78.13
335-77-3,Perfluorodecanesulfonic acid,OS(=O)(=O)C(F)(F)C(F)(F)C(F)(F)C(F)(F)C(F)(F)C(F)(F)C(F)(F)C(F)(F)C(F)(F)C(F)(F)F,C10HF21O3S,600.14,21,60.0,10,21,10,600.1400000000001,9.0,2.0,1.0,0.0,0.0,Long-chain,False,False,False,True,Long-chain Branched Highly-fluorinated,Vapor Energy Generation,Lab,Soil,900.0,15.0,23.620689655172413,False,High,Short,156.6,119.61
335-77-3,Perfluorodecanesulfonic acid,OS(=O)(=O)C(F)(F)C(F)(F)C(F)(F)C(F)(F)C(F)(F)C(F)(F)C(F)(F)C(F)(F)C(F)(F)C(F)(F)F,C10HF21O3S,600.14,21,60.0,10,21,10,600.1400000000001,9.0,2.0,1.0,0.0,0.0,Long-chain,False,False,False,True,Long-chain Branched Highly-fluorinated,Indirect Thermal Desorption,Lab,Soil,300.0,14400.0,75.0,False,Medium,Extended,48.0,12.0
335-77-3,Perfluorodecanesulfonic acid,OS(=O)(=O)C(F)(F)C(F)(F)C(F)(F)C(F)(F)C(F)(F)C(F)(F)C(F)(F)C(F)(F)C(F)(F)C(F)(F)F,C10HF21O3S,600.14,21,60.0,10,21,10,600.1400000000001,9.0,2.0,1.0,0.0,0.0,Long-chain,False,False,False,True,Long-chain Branched Highly-fluorinated,Indirect Thermal Desorption,Lab,Soil,350.0,14400.0,99.58333333333331,True,Medium,Extended,48.0,0.2
335-77-3,Perfluorodecanesulfonic acid,OS(=O)(=O)C(F)(F)C(F)(F)C(F)(F)C(F)(F)C(F)(F)C(F)(F)C(F)(F)C(F)(F)C(F)(F)C(F)(F)F,C10HF21O3S,600.14,21,60.0,10,21,10,600.1400000000001,9.0,2.0,1.0,0.0,0.0,Long-chain,False,False,False,True,Long-chain Branched Highly-fluorinated,Indirect Thermal Desorption,Lab,Soil,400.0,20160.0,99.91875,True,Medium,Extended,48.0,0.039
39108-34-4,8:2 Fluorotelomer sulfonic acid,OS(=O)(=O)CCC(F)(F)C(F)(F)C(F)(F)C(F)(F)C(F)(F)C(F)(F)C(F)(F)C(F)(F)F,C10H5F17O3S,528.18,17,54.83870967741935,10,17,10,528.18,9.0,2.0,1.0,0.0,0.0,Long-chain,False,False,False,True,Long-chain Branched Highly-fluorinated,Thermolysis,Lab,Various,400.0,30.0,,False,Medium,Short,0.0,32.0
39108-34-4,8:2 Fluorotelomer sulfonic acid,OS(=O)(=O)CCC(F)(F)C(F)(F)C(F)(F)C(F)(F)C(F)(F)C(F)(F)C(F)(F)C(F)(F)F,C10H5F17O3S,528.18,17,54.83870967741935,10,17,10,528.18,9.0,2.0,1.0,0.0,0.0,Long-chain,False,False,False,True,Long-chain Branched Highly-fluorinated,Thermolysis,Lab,Various,400.0,30.0,100.0,True,Medium,Short,100.0,0.0
39108-34-4,8:2 Fluorotelomer sulfonic acid,OS(=O)(=O)CCC(F)(F)C(F)(F)C(F)(F)C(F)(F)C(F)(F)C(F)(F)C(F)(F)C(F)(F)F,C10H5F17O3S,528.18,17,54.83870967741935,10,17,10,528.18,9.0,2.0,1.0,0.0,0.0,Long-chain,False,False,False,True,Long-chain Branched Highly-fluorinated,Hydrothermal Treatment,Lab,Other,350.0,2.5,100.0,True,Medium,Short,200.0,0.0
39108-34-4,8:2 Fluorotelomer sulfonic acid,OS(=O)(=O)CCC(F)(F)C(F)(F)C(F)(F)C(F)(F)C(F)(F)C(F)(F)C(F)(F)C(F)(F)F,C10H5F17O3S,528.18,17,54.83870967741935,10,17,10,528.18,9.0,2.0,1.0,0.0,0.0,Long-chain,False,False,False,True,Long-chain Branched Highly-fluorinated,Hydrothermal Treatment,Lab,Other,350.0,2.5,100.0,True,Medium,Short,19.0,0.0
39108-34-4,8:2 Fluorotelomer sulfonic acid,OS(=O)(=O)CCC(F)(F)C(F)(F)C(F)(F)C(F)(F)C(F)(F)C(F)(F)C(F)(F)C(F)(F)F,C10H5F17O3S,528.18,17,54.83870967741935,10,17,10,528.18,9.0,2.0,1.0,0.0,0.0,Long-chain,False,False,False,True,Long-chain Branched Highly-fluorinated,Hydrothermal Treatment,Lab,Other,350.0,2.5,100.0,True,Medium,Short,19.0,0.0
39108-34-4,8:2 Fluorotelomer sulfonic acid,OS(=O)(=O)CCC(F)(F)C(F)(F)C(F)(F)C(F)(F)C(F)(F)C(F)(F)C(F)(F)C(F)(F)F,C10H5F17O3S,528.18,17,54.83870967741935,10,17,10,528.18,9.0,2.0,1.0,0.0,0.0,Long-chain,False,False,False,True,Long-chain Branched Highly-fluorinated,Pyrolysis,Lab,Sludge,800.0,20.0,36.95652173913043,False,High,Short,0.046,0.029
39108-34-4,8:2 Fluorotelomer sulfonic acid,OS(=O)(=O)CCC(F)(F)C(F)(F)C(F)(F)C(F)(F)C(F)(F)C(F)(F)C(F)(F)C(F)(F)F,C10H5F17O3S,528.18,17,54.83870967741935,10,17,10,528.18,9.0,2.0,1.0,0.0,0.0,Long-chain,False,False,False,True,Long-chain Branched Highly-fluorinated,Pyrolysis,Lab,Sludge,800.0,20.0,54.41176470588236,False,High,Short,0.068,0.031
39108-34-4,8:2 Fluorotelomer sulfonic acid,OS(=O)(=O)CCC(F)(F)C(F)(F)C(F)(F)C(F)(F)C(F)(F)C(F)(F)C(F)(F)C(F)(F)F,C10H5F17O3S,528.18,17,54.83870967741935,10,17,10,528.18,9.0,2.0,1.0,0.0,0.0,Long-chain,False,False,False,True,Long-chain Branched Highly-fluorinated,Pyrolysis,Lab,Sludge,800.0,20.0,56.71641791044777,False,High,Short,0.067,0.029
39108-34-4,8:2 Fluorotelomer sulfonic acid,OS(=O)(=O)CCC(F)(F)C(F)(F)C(F)(F)C(F)(F)C(F)(F)C(F)(F)C(F)(F)C(F)(F)F,C10H5F17O3S,528.18,17,54.83870967741935,10,17,10,528.18,9.0,2.0,1.0,0.0,0.0,Long-chain,False,False,False,True,Long-chain Branched Highly-fluorinated,Pyrolysis,Lab,Sludge,650.0,20.0,55.88235294117647,False,High,Short,0.068,0.03
39108-34-4,8:2 Fluorotelomer sulfonic acid,OS(=O)(=O)CCC(F)(F)C(F)(F)C(F)(F)C(F)(F)C(F)(F)C(F)(F)C(F)(F)C(F)(F)F,C10H5F17O3S,528.18,17,54.83870967741935,10,17,10,528.18,9.0,2.0,1.0,0.0,0.0,Long-chain,False,False,False,True,Long-chain Branched Highly-fluorinated,Pyrolysis,Lab,Sludge,650.0,20.0,36.95652173913043,False,High,Short,0.046,0.029
39108-34-4,8:2 Fluorotelomer sulfonic acid,OS(=O)(=O)CCC(F)(F)C(F)(F)C(F)(F)C(F)(F)C(F)(F)C(F)(F)C(F)(F)C(F)(F)F,C10H5F17O3S,528.18,17,54.83870967741935,10,17,10,528.18,9.0,2.0,1.0,0.0,0.0,Long-chain,False,False,False,True,Long-chain Branched Highly-fluorinated,Pyrolysis,Lab,Sludge,650.0,20.0,55.223880597014926,False,High,Short,0.067,0.03
39108-34-4,8:2 Fluorotelomer sulfonic acid,OS(=O)(=O)CCC(F)(F)C(F)(F)C(F)(F)C(F)(F)C(F)(F)C(F)(F)C(F)(F)C(F)(F)F,C10H5F17O3S,528.18,17,54.83870967741935,10,17,10,528.18,9.0,2.0,1.0,0.0,0.0,Long-chain,False,False,False,True,Long-chain Branched Highly-fluorinated,Pyrolysis,Lab,Sludge,500.0,20.0,54.41176470588236,False,High,Short,0.068,0.031
39108-34-4,8:2 Fluorotelomer sulfonic acid,OS(=O)(=O)CCC(F)(F)C(F)(F)C(F)(F)C(F)(F)C(F)(F)C(F)(F)C(F)(F)C(F)(F)F,C10H5F17O3S,528.18,17,54.83870967741935,10,17,10,528.18,9.0,2.0,1.0,0.0,0.0,Long-chain,False,False,False,True,Long-chain Branched Highly-fluorinated,Pyrolysis,Lab,Sludge,500.0,20.0,34.78260869565217,False,High,Short,0.046,0.03
39108-34-4,8:2 Fluorotelomer sulfonic acid,OS(=O)(=O)CCC(F)(F)C(F)(F)C(F)(F)C(F)(F)C(F)(F)C(F)(F)C(F)(F)C(F)(F)F,C10H5F17O3S,528.18,17,54.83870967741935,10,17,10,528.18,9.0,2.0,1.0,0.0,0.0,Long-chain,False,False,False,True,Long-chain Branched Highly-fluorinated,Pyrolysis,Lab,Sludge,500.0,20.0,56.71641791044777,False,High,Short,0.067,0.029
39108-34-4,8:2 Fluorotelomer sulfonic acid,OS(=O)(=O)CCC(F)(F)C(F)(F)C(F)(F)C(F)(F)C(F)(F)C(F)(F)C(F)(F)C(F)(F)F,C10H5F17O3S,528.18,17,54.83870967741935,10,17,10,528.18,9.0,2.0,1.0,0.0,0.0,Long-chain,False,False,False,True,Long-chain Branched Highly-fluorinated,GAC Reactivation,Full,Treatment Media,1093.0,,93.95833333333331,True,High,,48.0,2.9
39108-34-4,8:2 Fluorotelomer sulfonic acid,OS(=O)(=O)CCC(F)(F)C(F)(F)C(F)(F)C(F)(F)C(F)(F)C(F)(F)C(F)(F)C(F)(F)F,C10H5F17O3S,528.18,17,54.83870967741935,10,17,10,528.18,9.0,2.0,1.0,0.0,0.0,Long-chain,False,False,False,True,Long-chain Branched Highly-fluorinated,GAC Reactivation,Full,Treatment Media,1093.0,,93.95833333333331,True,High,,48.0,2.9
39108-34-4,8:2 Fluorotelomer sulfonic acid,OS(=O)(=O)CCC(F)(F)C(F)(F)C(F)(F)C(F)(F)C(F)(F)C(F)(F)C(F)(F)C(F)(F)F,C10H5F17O3S,528.18,17,54.83870967741935,10,17,10,528.18,9.0,2.0,1.0,0.0,0.0,Long-chain,False,False,False,True,Long-chain Branched Highly-fluorinated,GAC Reactivation,Full,Treatment Media,1093.0,,93.69565217391305,True,High,,46.0,2.9
39108-34-4,8:2 Fluorotelomer sulfonic acid,OS(=O)(=O)CCC(F)(F)C(F)(F)C(F)(F)C(F)(F)C(F)(F)C(F)(F)C(F)(F)C(F)(F)F,C10H5F17O3S,528.18,17,54.83870967741935,10,17,10,528.18,9.0,2.0,1.0,0.0,0.0,Long-chain,False,False,False,True,Long-chain Branched Highly-fluorinated,Pyrolysis,Lab,Soil,200.0,30.0,,False,Medium,Short,0.026,
39108-34-4,8:2 Fluorotelomer sulfonic acid,OS(=O)(=O)CCC(F)(F)C(F)(F)C(F)(F)C(F)(F)C(F)(F)C(F)(F)C(F)(F)C(F)(F)F,C10H5F17O3S,528.18,17,54.83870967741935,10,17,10,528.18,9.0,2.0,1.0,0.0,0.0,Long-chain,False,False,False,True,Long-chain Branched Highly-fluorinated,Pyrolysis,Lab,Soil,300.0,30.0,,False,Medium,Short,0.026,
39108-34-4,8:2 Fluorotelomer sulfonic acid,OS(=O)(=O)CCC(F)(F)C(F)(F)C(F)(F)C(F)(F)C(F)(F)C(F)(F)C(F)(F)C(F)(F)F,C10H5F17O3S,528.18,17,54.83870967741935,10,17,10,528.18,9.0,2.0,1.0,0.0,0.0,Long-chain,False,False,False,True,Long-chain Branched Highly-fluorinated,Pyrolysis,Lab,Soil,450.0,30.0,,False,High,Short,0.026,
39108-34-4,8:2 Fluorotelomer sulfonic acid,OS(=O)(=O)CCC(F)(F)C(F)(F)C(F)(F)C(F)(F)C(F)(F)C(F)(F)C(F)(F)C(F)(F)F,C10H5F17O3S,528.18,17,54.83870967741935,10,17,10,528.18,9.0,2.0,1.0,0.0,0.0,Long-chain,False,False,False,True,Long-chain Branched Highly-fluorinated,Pyrolysis,Pilot,Sludge,649.0,19.1,81.3157894736842,True,High,Short,3.8,0.71
39108-34-4,8:2 Fluorotelomer sulfonic acid,OS(=O)(=O)CCC(F)(F)C(F)(F)C(F)(F)C(F)(F)C(F)(F)C(F)(F)C(F)(F)C(F)(F)F,C10H5F17O3S,528.18,17,54.83870967741935,10,17,10,528.18,9.0,2.0,1.0,0.0,0.0,Long-chain,False,False,False,True,Long-chain Branched Highly-fluorinated,Pyrolysis,Pilot,Sludge,649.0,19.1,100.0,True,High,Short,4.9,0.0
39108-34-4,8:2 Fluorotelomer sulfonic acid,OS(=O)(=O)CCC(F)(F)C(F)(F)C(F)(F)C(F)(F)C(F)(F)C(F)(F)C(F)(F)C(F)(F)F,C10H5F17O3S,528.18,17,54.83870967741935,10,17,10,528.18,9.0,2.0,1.0,0.0,0.0,Long-chain,False,False,False,True,Long-chain Branched Highly-fluorinated,Incineration,Full,Other,850.0,,,False,High,,,0.21
39108-34-4,8:2 Fluorotelomer sulfonic acid,OS(=O)(=O)CCC(F)(F)C(F)(F)C(F)(F)C(F)(F)C(F)(F)C(F)(F)C(F)(F)C(F)(F)F,C10H5F17O3S,528.18,17,54.83870967741935,10,17,10,528.18,9.0,2.0,1.0,0.0,0.0,Long-chain,False,False,False,True,Long-chain Branched Highly-fluorinated,Pyrolysis,Pilot,Sludge,,300.0,,False,,Long,,
39108-34-4,8:2 Fluorotelomer sulfonic acid,OS(=O)(=O)CCC(F)(F)C(F)(F)C(F)(F)C(F)(F)C(F)(F)C(F)(F)C(F)(F)C(F)(F)F,C10H5F17O3S,528.18,17,54.83870967741935,10,17,10,528.18,9.0,2.0,1.0,0.0,0.0,Long-chain,False,False,False,True,Long-chain Branched Highly-fluorinated,Indirect Thermal Desorption,Pilot,Soil,650.0,,,False,High,,130.0,
39108-34-4,8:2 Fluorotelomer sulfonic acid,OS(=O)(=O)CCC(F)(F)C(F)(F)C(F)(F)C(F)(F)C(F)(F)C(F)(F)C(F)(F)C(F)(F)F,C10H5F17O3S,528.18,17,54.83870967741935,10,17,10,528.18,9.0,2.0,1.0,0.0,0.0,Long-chain,False,False,False,True,Long-chain Branched Highly-fluorinated,Indirect Thermal Desorption,Pilot,Soil,650.0,,,False,High,,179.0,
39108-34-4,8:2 Fluorotelomer sulfonic acid,OS(=O)(=O)CCC(F)(F)C(F)(F)C(F)(F)C(F)(F)C(F)(F)C(F)(F)C(F)(F)C(F)(F)F,C10H5F17O3S,528.18,17,54.83870967741935,10,17,10,528.18,9.0,2.0,1.0,0.0,0.0,Long-chain,False,False,False,True,Long-chain Branched Highly-fluorinated,Indirect Thermal Desorption,Pilot,Soil,500.0,,,False,High,,217.0,
39108-34-4,8:2 Fluorotelomer sulfonic acid,OS(=O)(=O)CCC(F)(F)C(F)(F)C(F)(F)C(F)(F)C(F)(F)C(F)(F)C(F)(F)C(F)(F)F,C10H5F17O3S,528.18,17,54.83870967741935,10,17,10,528.18,9.0,2.0,1.0,0.0,0.0,Long-chain,False,False,False,True,Long-chain Branched Highly-fluorinated,Indirect Thermal Desorption,Pilot,Soil,500.0,,,False,High,,169.0,
39108-34-4,8:2 Fluorotelomer sulfonic acid,OS(=O)(=O)CCC(F)(F)C(F)(F)C(F)(F)C(F)(F)C(F)(F)C(F)(F)C(F)(F)C(F)(F)F,C10H5F17O3S,528.18,17,54.83870967741935,10,17,10,528.18,9.0,2.0,1.0,0.0,0.0,Long-chain,False,False,False,True,Long-chain Branched Highly-fluorinated,Indirect Thermal Desorption,Pilot,Soil,650.0,,,False,High,,198.0,
39108-34-4,8:2 Fluorotelomer sulfonic acid,OS(=O)(=O)CCC(F)(F)C(F)(F)C(F)(F)C(F)(F)C(F)(F)C(F)(F)C(F)(F)C(F)(F)F,C10H5F17O3S,528.18,17,54.83870967741935,10,17,10,528.18,9.0,2.0,1.0,0.0,0.0,Long-chain,False,False,False,True,Long-chain Branched Highly-fluorinated,Indirect Thermal Desorption,Pilot,Soil,500.0,,,False,High,,175.0,
39108-34-4,8:2 Fluorotelomer sulfonic acid,OS(=O)(=O)CCC(F)(F)C(F)(F)C(F)(F)C(F)(F)C(F)(F)C(F)(F)C(F)(F)C(F)(F)F,C10H5F17O3S,528.18,17,54.83870967741935,10,17,10,528.18,9.0,2.0,1.0,0.0,0.0,Long-chain,False,False,False,True,Long-chain Branched Highly-fluorinated,Indirect Thermal Desorption,Pilot,Soil,650.0,,,False,High,,218.0,
39108-34-4,8:2 Fluorotelomer sulfonic acid,OS(=O)(=O)CCC(F)(F)C(F)(F)C(F)(F)C(F)(F)C(F)(F)C(F)(F)C(F)(F)C(F)(F)F,C10H5F17O3S,528.18,17,54.83870967741935,10,17,10,528.18,9.0,2.0,1.0,0.0,0.0,Long-chain,False,False,False,True,Long-chain Branched Highly-fluorinated,Indirect Thermal Desorption,Pilot,Soil,500.0,,,False,High,,148.0,
39108-34-4,8:2 Fluorotelomer sulfonic acid,OS(=O)(=O)CCC(F)(F)C(F)(F)C(F)(F)C(F)(F)C(F)(F)C(F)(F)C(F)(F)C(F)(F)F,C10H5F17O3S,528.18,17,54.83870967741935,10,17,10,528.18,9.0,2.0,1.0,0.0,0.0,Long-chain,False,False,False,True,Long-chain Branched Highly-fluorinated,Infrared Heating,Pilot,Soil,350.0,11520.0,,False,Medium,Extended,240.0,
39108-34-4,8:2 Fluorotelomer sulfonic acid,OS(=O)(=O)CCC(F)(F)C(F)(F)C(F)(F)C(F)(F)C(F)(F)C(F)(F)C(F)(F)C(F)(F)F,C10H5F17O3S,528.18,17,54.83870967741935,10,17,10,528.18,9.0,2.0,1.0,0.0,0.0,Long-chain,False,False,False,True,Long-chain Branched Highly-fluorinated,Infrared Heating,Pilot,Soil,350.0,11520.0,,False,Medium,Extended,2.07,
39108-34-4,8:2 Fluorotelomer sulfonic acid,OS(=O)(=O)CCC(F)(F)C(F)(F)C(F)(F)C(F)(F)C(F)(F)C(F)(F)C(F)(F)C(F)(F)F,C10H5F17O3S,528.18,17,54.83870967741935,10,17,10,528.18,9.0,2.0,1.0,0.0,0.0,Long-chain,False,False,False,True,Long-chain Branched Highly-fluorinated,Infrared Heating,Pilot,Soil,350.0,11520.0,,False,Medium,Extended,1.2,
39108-34-4,8:2 Fluorotelomer sulfonic acid,OS(=O)(=O)CCC(F)(F)C(F)(F)C(F)(F)C(F)(F)C(F)(F)C(F)(F)C(F)(F)C(F)(F)F,C10H5F17O3S,528.18,17,54.83870967741935,10,17,10,528.18,9.0,2.0,1.0,0.0,0.0,Long-chain,False,False,False,True,Long-chain Branched Highly-fluorinated,Infrared Heating,Pilot,Soil,350.0,11520.0,,False,Medium,Extended,1.76,
39108-34-4,8:2 Fluorotelomer sulfonic acid,OS(=O)(=O)CCC(F)(F)C(F)(F)C(F)(F)C(F)(F)C(F)(F)C(F)(F)C(F)(F)C(F)(F)F,C10H5F17O3S,528.18,17,54.83870967741935,10,17,10,528.18,9.0,2.0,1.0,0.0,0.0,Long-chain,False,False,False,True,Long-chain Branched Highly-fluorinated,Hydrothermal Treatment,Lab,Other,350.0,180.0,100.0,True,Medium,Medium,18.5,0.0
39108-34-4,8:2 Fluorotelomer sulfonic acid,OS(=O)(=O)CCC(F)(F)C(F)(F)C(F)(F)C(F)(F)C(F)(F)C(F)(F)C(F)(F)C(F)(F)F,C10H5F17O3S,528.18,17,54.83870967741935,10,17,10,528.18,9.0,2.0,1.0,0.0,0.0,Long-chain,False,False,False,True,Long-chain Branched Highly-fluorinated,Hydrothermal Treatment,Lab,Other,350.0,180.0,,False,Medium,Medium,0.0,0.0
39108-34-4,8:2 Fluorotelomer sulfonic acid,OS(=O)(=O)CCC(F)(F)C(F)(F)C(F)(F)C(F)(F)C(F)(F)C(F)(F)C(F)(F)C(F)(F)F,C10H5F17O3S,528.18,17,54.83870967741935,10,17,10,528.18,9.0,2.0,1.0,0.0,0.0,Long-chain,False,False,False,True,Long-chain Branched Highly-fluorinated,Hydrothermal Treatment,Lab,Other,350.0,180.0,,False,Medium,Medium,0.0,0.0
39108-34-4,8:2 Fluorotelomer sulfonic acid,OS(=O)(=O)CCC(F)(F)C(F)(F)C(F)(F)C(F)(F)C(F)(F)C(F)(F)C(F)(F)C(F)(F)F,C10H5F17O3S,528.18,17,54.83870967741935,10,17,10,528.18,9.0,2.0,1.0,0.0,0.0,Long-chain,False,False,False,True,Long-chain Branched Highly-fluorinated,Hydrothermal Treatment,Lab,Soil,350.0,90.0,99.97067448680352,True,Medium,Medium,34.1,0.01
39108-34-4,8:2 Fluorotelomer sulfonic acid,OS(=O)(=O)CCC(F)(F)C(F)(F)C(F)(F)C(F)(F)C(F)(F)C(F)(F)C(F)(F)C(F)(F)F,C10H5F17O3S,528.18,17,54.83870967741935,10,17,10,528.18,9.0,2.0,1.0,0.0,0.0,Long-chain,False,False,False,True,Long-chain Branched Highly-fluorinated,Hydrothermal Treatment,Lab,Soil,350.0,90.0,99.95762711864408,True,Medium,Medium,23.6,0.01
39108-34-4,8:2 Fluorotelomer sulfonic acid,OS(=O)(=O)CCC(F)(F)C(F)(F)C(F)(F)C(F)(F)C(F)(F)C(F)(F)C(F)(F)C(F)(F)F,C10H5F17O3S,528.18,17,54.83870967741935,10,17,10,528.18,9.0,2.0,1.0,0.0,0.0,Long-chain,False,False,False,True,Long-chain Branched Highly-fluorinated,Hydrothermal Treatment,Lab,Soil,350.0,90.0,99.98977505112474,True,Medium,Medium,97.8,0.01
39108-34-4,8:2 Fluorotelomer sulfonic acid,OS(=O)(=O)CCC(F)(F)C(F)(F)C(F)(F)C(F)(F)C(F)(F)C(F)(F)C(F)(F)C(F)(F)F,C10H5F17O3S,528.18,17,54.83870967741935,10,17,10,528.18,9.0,2.0,1.0,0.0,0.0,Long-chain,False,False,False,True,Long-chain Branched Highly-fluorinated,Hydrothermal Treatment,Lab,Other,350.0,90.0,0.0,False,Medium,Medium,0.01,0.01
39108-34-4,8:2 Fluorotelomer sulfonic acid,OS(=O)(=O)CCC(F)(F)C(F)(F)C(F)(F)C(F)(F)C(F)(F)C(F)(F)C(F)(F)C(F)(F)F,C10H5F17O3S,528.18,17,54.83870967741935,10,17,10,528.18,9.0,2.0,1.0,0.0,0.0,Long-chain,False,False,False,True,Long-chain Branched Highly-fluorinated,Hydrothermal Treatment,Lab,Other,350.0,90.0,99.15254237288136,True,Medium,Medium,1.18,0.01
39108-34-4,8:2 Fluorotelomer sulfonic acid,OS(=O)(=O)CCC(F)(F)C(F)(F)C(F)(F)C(F)(F)C(F)(F)C(F)(F)C(F)(F)C(F)(F)F,C10H5F17O3S,528.18,17,54.83870967741935,10,17,10,528.18,9.0,2.0,1.0,0.0,0.0,Long-chain,False,False,False,True,Long-chain Branched Highly-fluorinated,Pyrolysis,Not specified,Sludge,593.33,,,False,High,,5.68,
39108-34-4,8:2 Fluorotelomer sulfonic acid,OS(=O)(=O)CCC(F)(F)C(F)(F)C(F)(F)C(F)(F)C(F)(F)C(F)(F)C(F)(F)C(F)(F)F,C10H5F17O3S,528.18,17,54.83870967741935,10,17,10,528.18,9.0,2.0,1.0,0.0,0.0,Long-chain,False,False,False,True,Long-chain Branched Highly-fluorinated,Hydrothermal Treatment,Lab,Other,350.0,60.0,,False,Medium,Medium,,
39108-34-4,8:2 Fluorotelomer sulfonic acid,OS(=O)(=O)CCC(F)(F)C(F)(F)C(F)(F)C(F)(F)C(F)(F)C(F)(F)C(F)(F)C(F)(F)F,C10H5F17O3S,528.18,17,54.83870967741935,10,17,10,528.18,9.0,2.0,1.0,0.0,0.0,Long-chain,False,False,False,True,Long-chain Branched Highly-fluorinated,Hydrothermal Treatment,Lab,Other,350.0,60.0,,False,Medium,Medium,,
39108-34-4,8:2 Fluorotelomer sulfonic acid,OS(=O)(=O)CCC(F)(F)C(F)(F)C(F)(F)C(F)(F)C(F)(F)C(F)(F)C(F)(F)C(F)(F)F,C10H5F17O3S,528.18,17,54.83870967741935,10,17,10,528.18,9.0,2.0,1.0,0.0,0.0,Long-chain,False,False,False,True,Long-chain Branched Highly-fluorinated,Hydrothermal Treatment,Lab,Other,300.0,60.0,,False,Medium,Medium,,
39108-34-4,8:2 Fluorotelomer sulfonic acid,OS(=O)(=O)CCC(F)(F)C(F)(F)C(F)(F)C(F)(F)C(F)(F)C(F)(F)C(F)(F)C(F)(F)F,C10H5F17O3S,528.18,17,54.83870967741935,10,17,10,528.18,9.0,2.0,1.0,0.0,0.0,Long-chain,False,False,False,True,Long-chain Branched Highly-fluorinated,Hydrothermal Treatment,Lab,Other,300.0,60.0,,False,Medium,Medium,,
39108-34-4,8:2 Fluorotelomer sulfonic acid,OS(=O)(=O)CCC(F)(F)C(F)(F)C(F)(F)C(F)(F)C(F)(F)C(F)(F)C(F)(F)C(F)(F)F,C10H5F17O3S,528.18,17,54.83870967741935,10,17,10,528.18,9.0,2.0,1.0,0.0,0.0,Long-chain,False,False,False,True,Long-chain Branched Highly-fluorinated,Hydrothermal Treatment,Lab,Other,260.0,60.0,,False,Medium,Medium,,
39108-34-4,8:2 Fluorotelomer sulfonic acid,OS(=O)(=O)CCC(F)(F)C(F)(F)C(F)(F)C(F)(F)C(F)(F)C(F)(F)C(F)(F)C(F)(F)F,C10H5F17O3S,528.18,17,54.83870967741935,10,17,10,528.18,9.0,2.0,1.0,0.0,0.0,Long-chain,False,False,False,True,Long-chain Branched Highly-fluorinated,Hydrothermal Treatment,Lab,Other,260.0,60.0,,False,Medium,Medium,,
39108-34-4,8:2 Fluorotelomer sulfonic acid,OS(=O)(=O)CCC(F)(F)C(F)(F)C(F)(F)C(F)(F)C(F)(F)C(F)(F)C(F)(F)C(F)(F)F,C10H5F17O3S,528.18,17,54.83870967741935,10,17,10,528.18,9.0,2.0,1.0,0.0,0.0,Long-chain,False,False,False,True,Long-chain Branched Highly-fluorinated,Hydrothermal Treatment,Lab,Sludge,300.0,60.0,,False,Medium,Medium,1000.0,
39108-34-4,8:2 Fluorotelomer sulfonic acid,OS(=O)(=O)CCC(F)(F)C(F)(F)C(F)(F)C(F)(F)C(F)(F)C(F)(F)C(F)(F)C(F)(F)F,C10H5F17O3S,528.18,17,54.83870967741935,10,17,10,528.18,9.0,2.0,1.0,0.0,0.0,Long-chain,False,False,False,True,Long-chain Branched Highly-fluorinated,Hydrothermal Treatment,Lab,Sludge,260.0,60.0,,False,Medium,Medium,1000.0,
39108-34-4,8:2 Fluorotelomer sulfonic acid,OS(=O)(=O)CCC(F)(F)C(F)(F)C(F)(F)C(F)(F)C(F)(F)C(F)(F)C(F)(F)C(F)(F)F,C10H5F17O3S,528.18,17,54.83870967741935,10,17,10,528.18,9.0,2.0,1.0,0.0,0.0,Long-chain,False,False,False,True,Long-chain Branched Highly-fluorinated,Hydrothermal Treatment,Lab,Sludge,350.0,90.0,,False,Medium,Medium,1000.0,
39108-34-4,8:2 Fluorotelomer sulfonic acid,OS(=O)(=O)CCC(F)(F)C(F)(F)C(F)(F)C(F)(F)C(F)(F)C(F)(F)C(F)(F)C(F)(F)F,C10H5F17O3S,528.18,17,54.83870967741935,10,17,10,528.18,9.0,2.0,1.0,0.0,0.0,Long-chain,False,False,False,True,Long-chain Branched Highly-fluorinated,Hydrothermal Treatment,Lab,Sludge,350.0,60.0,,False,Medium,Medium,1000.0,
39108-34-4,8:2 Fluorotelomer sulfonic acid,OS(=O)(=O)CCC(F)(F)C(F)(F)C(F)(F)C(F)(F)C(F)(F)C(F)(F)C(F)(F)C(F)(F)F,C10H5F17O3S,528.18,17,54.83870967741935,10,17,10,528.18,9.0,2.0,1.0,0.0,0.0,Long-chain,False,False,False,True,Long-chain Branched Highly-fluorinated,Hydrothermal Treatment,Lab,Sludge,350.0,30.0,,False,Medium,Short,1000.0,
75-46-7,Trifluoromethane,FC(F)F,CHF3,70.014,3,75.0,1,3,1,70.013,0.0,0.0,0.0,0.0,0.0,Short-chain,False,False,False,True,Short-chain Branched Highly-fluorinated,Hydrothermal Treatment,Lab,Other,350.0,360.0,,False,Medium,Long,,
75-46-7,Trifluoromethane,FC(F)F,CHF3,70.014,3,75.0,1,3,1,70.013,0.0,0.0,0.0,0.0,0.0,Short-chain,False,False,False,True,Short-chain Branched Highly-fluorinated,Hydrothermal Treatment,Lab,Other,350.0,360.0,,False,Medium,Long,,
75-46-7,Trifluoromethane,FC(F)F,CHF3,70.014,3,75.0,1,3,1,70.013,0.0,0.0,0.0,0.0,0.0,Short-chain,False,False,False,True,Short-chain Branched Highly-fluorinated,Hydrothermal Treatment,Lab,Other,350.0,360.0,,False,Medium,Long,,
75-46-7,Trifluoromethane,FC(F)F,CHF3,70.014,3,75.0,1,3,1,70.013,0.0,0.0,0.0,0.0,0.0,Short-chain,False,False,False,True,Short-chain Branched Highly-fluorinated,Hydrothermal Treatment,Lab,Other,380.0,360.0,,False,Medium,Long,,
75-46-7,Trifluoromethane,FC(F)F,CHF3,70.014,3,75.0,1,3,1,70.013,0.0,0.0,0.0,0.0,0.0,Short-chain,False,False,False,True,Short-chain Branched Highly-fluorinated,Hydrothermal Treatment,Lab,Other,380.0,360.0,,False,Medium,Long,,
75-46-7,Trifluoromethane,FC(F)F,CHF3,70.014,3,75.0,1,3,1,70.013,0.0,0.0,0.0,0.0,0.0,Short-chain,False,False,False,True,Short-chain Branched Highly-fluorinated,Hydrothermal Treatment,Lab,Other,350.0,360.0,,False,Medium,Long,,
75-46-7,Trifluoromethane,FC(F)F,CHF3,70.014,3,75.0,1,3,1,70.013,0.0,0.0,0.0,0.0,0.0,Short-chain,False,False,False,True,Short-chain Branched Highly-fluorinated,Hydrothermal Treatment,Lab,Other,350.0,360.0,,False,Medium,Long,,
75-46-7,Trifluoromethane,FC(F)F,CHF3,70.014,3,75.0,1,3,1,70.013,0.0,0.0,0.0,0.0,0.0,Short-chain,False,False,False,True,Short-chain Branched Highly-fluorinated,Hydrothermal Treatment,Lab,Other,350.0,360.0,,False,Medium,Long,,
75-46-7,Trifluoromethane,FC(F)F,CHF3,70.014,3,75.0,1,3,1,70.013,0.0,0.0,0.0,0.0,0.0,Short-chain,False,False,False,True,Short-chain Branched Highly-fluorinated,Hydrothermal Treatment,Lab,Other,350.0,360.0,,False,Medium,Long,,
75-46-7,Trifluoromethane,FC(F)F,CHF3,70.014,3,75.0,1,3,1,70.013,0.0,0.0,0.0,0.0,0.0,Short-chain,False,False,False,True,Short-chain Branched Highly-fluorinated,Hydrothermal Treatment,Lab,Other,350.0,360.0,,False,Medium,Long,,
75-46-7,Trifluoromethane,FC(F)F,CHF3,70.014,3,75.0,1,3,1,70.013,0.0,0.0,0.0,0.0,0.0,Short-chain,False,False,False,True,Short-chain Branched Highly-fluorinated,Incineration,Pilot,Other,850.0,0.05,,False,High,Short,,
75-46-7,Trifluoromethane,FC(F)F,CHF3,70.014,3,75.0,1,3,1,70.013,0.0,0.0,0.0,0.0,0.0,Short-chain,False,False,False,True,Short-chain Branched Highly-fluorinated,Incineration,Pilot,Other,825.0,0.05,,False,High,Short,,
75-46-7,Trifluoromethane,FC(F)F,CHF3,70.014,3,75.0,1,3,1,70.013,0.0,0.0,0.0,0.0,0.0,Short-chain,False,False,False,True,Short-chain Branched Highly-fluorinated,Incineration,Pilot,Other,930.0,0.06,,False,High,Short,,
75-46-7,Trifluoromethane,FC(F)F,CHF3,70.014,3,75.0,1,3,1,70.013,0.0,0.0,0.0,0.0,0.0,Short-chain,False,False,False,True,Short-chain Branched Highly-fluorinated,Incineration,Pilot,Other,900.0,0.06,,False,High,Short,,
75-46-7,Trifluoromethane,FC(F)F,CHF3,70.014,3,75.0,1,3,1,70.013,0.0,0.0,0.0,0.0,0.0,Short-chain,False,False,False,True,Short-chain Branched Highly-fluorinated,Incineration,Pilot,Other,1050.0,0.07,,False,High,Short,,
75-46-7,Trifluoromethane,FC(F)F,CHF3,70.014,3,75.0,1,3,1,70.013,0.0,0.0,0.0,0.0,0.0,Short-chain,False,False,False,True,Short-chain Branched Highly-fluorinated,Incineration,Pilot,Other,1080.0,0.0833333333333333,,False,High,Short,,
75-46-7,Trifluoromethane,FC(F)F,CHF3,70.014,3,75.0,1,3,1,70.013,0.0,0.0,0.0,0.0,0.0,Short-chain,False,False,False,True,Short-chain Branched Highly-fluorinated,Incineration,Pilot,Other,1300.0,0.0833333333333333,,False,High,Short,,
75-46-7,Trifluoromethane,FC(F)F,CHF3,70.014,3,75.0,1,3,1,70.013,0.0,0.0,0.0,0.0,0.0,Short-chain,False,False,False,True,Short-chain Branched Highly-fluorinated,Incineration,Pilot,Other,1100.0,0.0833333333333333,,False,High,Short,,
75-46-7,Trifluoromethane,FC(F)F,CHF3,70.014,3,75.0,1,3,1,70.013,0.0,0.0,0.0,0.0,0.0,Short-chain,False,False,False,True,Short-chain Branched Highly-fluorinated,Incineration,Pilot,Other,2071.0,0.1233333333333333,,False,High,Short,,
75-46-7,Trifluoromethane,FC(F)F,CHF3,70.014,3,75.0,1,3,1,70.013,0.0,0.0,0.0,0.0,0.0,Short-chain,False,False,False,True,Short-chain Branched Highly-fluorinated,Incineration,Pilot,Other,2071.0,0.1233333333333333,,False,High,Short,,
75-46-7,Trifluoromethane,FC(F)F,CHF3,70.014,3,75.0,1,3,1,70.013,0.0,0.0,0.0,0.0,0.0,Short-chain,False,False,False,True,Short-chain Branched Highly-fluorinated,Incineration,Pilot,Other,2071.0,0.1233333333333333,,False,High,Short,,
75-46-7,Trifluoromethane,FC(F)F,CHF3,70.014,3,75.0,1,3,1,70.013,0.0,0.0,0.0,0.0,0.0,Short-chain,False,False,False,True,Short-chain Branched Highly-fluorinated,Incineration,Pilot,Other,831.0,0.05,,False,High,Short,,
75-46-7,Trifluoromethane,FC(F)F,CHF3,70.014,3,75.0,1,3,1,70.013,0.0,0.0,0.0,0.0,0.0,Short-chain,False,False,False,True,Short-chain Branched Highly-fluorinated,Incineration,Pilot,Other,925.0,0.06,,False,High,Short,,
75-46-7,Trifluoromethane,FC(F)F,CHF3,70.014,3,75.0,1,3,1,70.013,0.0,0.0,0.0,0.0,0.0,Short-chain,False,False,False,True,Short-chain Branched Highly-fluorinated,Incineration,Pilot,Other,1090.0,0.0833333333333333,,False,High,Short,,
356-02-5,3:3 Fluorotelomer carboxylic acid,OC(=O)CCC(F)(F)C(F)(F)C(F)(F)F,C6H5F7O2,242.093,7,46.666666666666664,6,7,6,242.08999999999995,4.0,1.0,1.0,0.0,0.0,Medium-chain,False,False,False,True,Medium-chain Branched Moderately-fluorinated,Pyrolysis,Not specified,Sludge,593.33,,,False,High,,0.0,
79780-39-5,Perfluorododecanesulfonic acid,OS(=O)(=O)C(F)(F)C(F)(F)C(F)(F)C(F)(F)C(F)(F)C(F)(F)C(F)(F)C(F)(F)C(F)(F)C(F)(F)C(F)(F)C(F)(F)F,C12HF25O3S,700.16,25,60.97560975609756,12,25,12,700.1540000000002,11.0,2.0,1.0,0.0,0.0,Long-chain,False,False,False,True,Long-chain Branched Highly-fluorinated,GAC Reactivation,Full,Treatment Media,1093.0,,94.0625,True,High,,32.0,1.9
79780-39-5,Perfluorododecanesulfonic acid,OS(=O)(=O)C(F)(F)C(F)(F)C(F)(F)C(F)(F)C(F)(F)C(F)(F)C(F)(F)C(F)(F)C(F)(F)C(F)(F)C(F)(F)C(F)(F)F,C12HF25O3S,700.16,25,60.97560975609756,12,25,12,700.1540000000002,11.0,2.0,1.0,0.0,0.0,Long-chain,False,False,False,True,Long-chain Branched Highly-fluorinated,GAC Reactivation,Full,Treatment Media,1093.0,,94.0625,True,High,,32.0,1.9
79780-39-5,Perfluorododecanesulfonic acid,OS(=O)(=O)C(F)(F)C(F)(F)C(F)(F)C(F)(F)C(F)(F)C(F)(F)C(F)(F)C(F)(F)C(F)(F)C(F)(F)C(F)(F)C(F)(F)F,C12HF25O3S,700.16,25,60.97560975609756,12,25,12,700.1540000000002,11.0,2.0,1.0,0.0,0.0,Long-chain,False,False,False,True,Long-chain Branched Highly-fluorinated,GAC Reactivation,Full,Treatment Media,1093.0,,93.66666666666669,True,High,,30.0,1.9
79780-39-5,Perfluorododecanesulfonic acid,OS(=O)(=O)C(F)(F)C(F)(F)C(F)(F)C(F)(F)C(F)(F)C(F)(F)C(F)(F)C(F)(F)C(F)(F)C(F)(F)C(F)(F)C(F)(F)F,C12HF25O3S,700.16,25,60.97560975609756,12,25,12,700.1540000000002,11.0,2.0,1.0,0.0,0.0,Long-chain,False,False,False,True,Long-chain Branched Highly-fluorinated,Infrared Heating,Pilot,Soil,350.0,11520.0,,False,Medium,Extended,0.209,
79780-39-5,Perfluorododecanesulfonic acid,OS(=O)(=O)C(F)(F)C(F)(F)C(F)(F)C(F)(F)C(F)(F)C(F)(F)C(F)(F)C(F)(F)C(F)(F)C(F)(F)C(F)(F)C(F)(F)F,C12HF25O3S,700.16,25,60.97560975609756,12,25,12,700.1540000000002,11.0,2.0,1.0,0.0,0.0,Long-chain,False,False,False,True,Long-chain Branched Highly-fluorinated,Infrared Heating,Pilot,Soil,350.0,11520.0,,False,Medium,Extended,0.136,
79780-39-5,Perfluorododecanesulfonic acid,OS(=O)(=O)C(F)(F)C(F)(F)C(F)(F)C(F)(F)C(F)(F)C(F)(F)C(F)(F)C(F)(F)C(F)(F)C(F)(F)C(F)(F)C(F)(F)F,C12HF25O3S,700.16,25,60.97560975609756,12,25,12,700.1540000000002,11.0,2.0,1.0,0.0,0.0,Long-chain,False,False,False,True,Long-chain Branched Highly-fluorinated,Infrared Heating,Pilot,Soil,350.0,11520.0,,False,Medium,Extended,0.17,
79780-39-5,Perfluorododecanesulfonic acid,OS(=O)(=O)C(F)(F)C(F)(F)C(F)(F)C(F)(F)C(F)(F)C(F)(F)C(F)(F)C(F)(F)C(F)(F)C(F)(F)C(F)(F)C(F)(F)F,C12HF25O3S,700.16,25,60.97560975609756,12,25,12,700.1540000000002,11.0,2.0,1.0,0.0,0.0,Long-chain,False,False,False,True,Long-chain Branched Highly-fluorinated,Infrared Heating,Pilot,Soil,350.0,11520.0,,False,Medium,Extended,0.145,
79780-39-5,Perfluorododecanesulfonic acid,OS(=O)(=O)C(F)(F)C(F)(F)C(F)(F)C(F)(F)C(F)(F)C(F)(F)C(F)(F)C(F)(F)C(F)(F)C(F)(F)C(F)(F)C(F)(F)F,C12HF25O3S,700.16,25,60.97560975609756,12,25,12,700.1540000000002,11.0,2.0,1.0,0.0,0.0,Long-chain,False,False,False,True,Long-chain Branched Highly-fluorinated,Hydrothermal Treatment,Lab,Soil,350.0,90.0,99.82576866764276,True,Medium,Medium,683.0,1.19
914637-49-3,"2H,2H,3H,3H-Perfluorooctanoic acid",OC(=O)CCC(F)(F)C(F)(F)C(F)(F)C(F)(F)C(F)(F)F,C8H5F11O2,342.108,11,52.38095238095239,8,11,8,342.104,6.0,1.0,1.0,0.0,0.0,Long-chain,False,False,False,True,Long-chain Branched Highly-fluorinated,Pyrolysis,Pilot,Sludge,649.0,19.1,96.81341719077568,True,High,Short,47.7,1.52
914637-49-3,"2H,2H,3H,3H-Perfluorooctanoic acid",OC(=O)CCC(F)(F)C(F)(F)C(F)(F)C(F)(F)C(F)(F)F,C8H5F11O2,342.108,11,52.38095238095239,8,11,8,342.104,6.0,1.0,1.0,0.0,0.0,Long-chain,False,False,False,True,Long-chain Branched Highly-fluorinated,Pyrolysis,Pilot,Sludge,649.0,19.1,100.0,True,High,Short,47.7,0.0
914637-49-3,"2H,2H,3H,3H-Perfluorooctanoic acid",OC(=O)CCC(F)(F)C(F)(F)C(F)(F)C(F)(F)C(F)(F)F,C8H5F11O2,342.108,11,52.38095238095239,8,11,8,342.104,6.0,1.0,1.0,0.0,0.0,Long-chain,False,False,False,True,Long-chain Branched Highly-fluorinated,Pyrolysis,Not specified,Sludge,593.33,,,False,High,,64.5,
