step,task_type,total_loss,node_loss,graph_loss,energy_loss,physics_loss,lr,phase
8250,node,0.3163141906261444,0.00045425310963764787,0.0,0.31585994362831116,0.0,9.72665076813052e-06,3
8251,graph,0.1409614235162735,0.0,0.1403493881225586,0.0,0.0006120408652350307,9.726650680661446e-06,3
8252,graph,0.18911457061767578,0.0,0.1888478398323059,0.0,0.0002667325607035309,9.726650534879657e-06,3
8253,graph,0.15011835098266602,0.0,0.1495017260313034,0.0,0.0006166183156892657,9.72665033078516e-06,3
8254,node,4.537787437438965,0.00035833180299960077,0.0,4.537429332733154,0.0,9.726650068377956e-06,3
8255,graph,0.15347103774547577,0.0,0.15317872166633606,0.0,0.0002923125575762242,9.726649747658053e-06,3
8256,graph,0.1323033571243286,0.0,0.1318379044532776,0.0,0.0004654597432818264,9.726649368625459e-06,3
8257,graph,0.12016555666923523,0.0,0.119667649269104,0.0,0.000497903791256249,9.726648931280183e-06,3
8258,node,0.11044546216726303,0.0004165492719039321,0.0,0.11002891510725021,0.0,9.726648435622237e-06,3
8259,graph,0.16156403720378876,0.0,0.16090303659439087,0.0,0.000660995370708406,9.726647881651632e-06,3
8260,graph,0.14572304487228394,0.0,0.1449856460094452,0.0,0.0007373972912319005,9.726647269368384e-06,3
8261,graph,0.1954932063817978,0.0,0.1948748081922531,0.0,0.0006183969671837986,9.726646598772505e-06,3
8262,node,0.18461529910564423,0.0005451571196317673,0.0,0.1840701401233673,0.0,9.726645869864013e-06,3
8263,graph,0.1763022541999817,0.0,0.17573510110378265,0.0,0.0005671592080034316,9.726645082642925e-06,3
8264,graph,0.13888518512248993,0.0,0.13828004896640778,0.0,0.0006051298696547747,9.726644237109262e-06,3
8265,graph,0.16161468625068665,0.0,0.16091811656951904,0.0,0.0006965724169276655,9.726643333263043e-06,3
8266,node,0.3700227439403534,0.000594161101616919,0.0,0.3694285750389099,0.0,9.726642371104293e-06,3
8267,graph,0.16557814180850983,0.0,0.16520708799362183,0.0,0.0003710606542881578,9.726641350633034e-06,3
8268,graph,0.13530240952968597,0.0,0.1346762776374817,0.0,0.0006261246744543314,9.72664027184929e-06,3
8269,graph,0.1227085292339325,0.0,0.1222207099199295,0.0,0.00048781654913909733,9.726639134753092e-06,3
8270,node,1.6473547220230103,0.0004099905490875244,0.0,1.6469447612762451,0.0,9.726637939344462e-06,3
8271,graph,0.2545922100543976,0.0,0.2542145252227783,0.0,0.000377698743250221,9.726636685623434e-06,3
8272,graph,0.14409638941287994,0.0,0.14355194568634033,0.0,0.0005444437265396118,9.726635373590036e-06,3
8273,graph,0.1473960280418396,0.0,0.14686106145381927,0.0,0.0005349701386876404,9.726634003244303e-06,3
8274,node,100.00050354003906,0.0005040977266617119,0.0,100.0,0.0,9.726632574586267e-06,3
8275,graph,0.1724502146244049,0.0,0.1720922738313675,0.0,0.0003579474869184196,9.726631087615964e-06,3
8276,graph,0.1553095430135727,0.0,0.15477341413497925,0.0,0.0005361289950087667,9.726629542333431e-06,3
8277,graph,0.15745994448661804,0.0,0.15721744298934937,0.0,0.00024250708520412445,9.726627938738706e-06,3
8278,node,4.718954563140869,0.00039936951361596584,0.0,4.718554973602295,0.0,9.726626276831828e-06,3
8279,graph,0.1514885127544403,0.0,0.15082913637161255,0.0,0.0006593703874386847,9.72662455661284e-06,3
8280,graph,0.15490837395191193,0.0,0.15445640683174133,0.0,0.00045196915743872523,9.726622778081778e-06,3
8281,graph,0.14127303659915924,0.0,0.14088761806488037,0.0,0.00038542490801773965,9.726620941238692e-06,3
8282,node,10.444381713867188,0.0005317392060533166,0.0,10.443849563598633,0.0,9.726619046083627e-06,3
8283,graph,0.1336452066898346,0.0,0.13318215310573578,0.0,0.0004630565526895225,9.726617092616628e-06,3
8284,graph,0.15405914187431335,0.0,0.15375813841819763,0.0,0.0003010047657880932,9.726615080837745e-06,3
8285,graph,0.16351599991321564,0.0,0.1628638356924057,0.0,0.0006521602044813335,9.726613010747027e-06,3
8286,node,0.15425892174243927,0.00033668536343611777,0.0,0.15392223000526428,0.0,9.726610882344524e-06,3
8287,graph,0.1478756070137024,0.0,0.1470152884721756,0.0,0.0008603240130469203,9.726608695630288e-06,3
8288,graph,0.1441337764263153,0.0,0.14310753345489502,0.0,0.0010262387804687023,9.726606450604376e-06,3
8289,graph,0.16068114340305328,0.0,0.16027812659740448,0.0,0.0004030137788504362,9.72660414726684e-06,3
8290,node,0.3963000476360321,0.000555163249373436,0.0,0.3957448899745941,0.0,9.726601785617738e-06,3
8291,graph,0.1717614084482193,0.0,0.17125141620635986,0.0,0.0005099927657283843,9.72659936565713e-06,3
8292,graph,0.21674947440624237,0.0,0.21619589626789093,0.0,0.0005535729578696191,9.726596887385073e-06,3
8293,graph,0.15625233948230743,0.0,0.1558714061975479,0.0,0.0003809336631093174,9.72659435080163e-06,3
8294,node,1.0588278770446777,0.0004376033612061292,0.0,1.0583902597427368,0.0,9.726591755906864e-06,3
8295,graph,0.15211959183216095,0.0,0.15176346898078918,0.0,0.0003561218618415296,9.726589102700837e-06,3
8296,graph,0.14256452023983002,0.0,0.142009899020195,0.0,0.0005546258180402219,9.726586391183614e-06,3
8297,graph,0.2749192714691162,0.0,0.2744690179824829,0.0,0.0004502464726101607,9.726583621355265e-06,3
8298,node,2.077270030975342,0.00047065457329154015,0.0,2.0767993927001953,0.0,9.726580793215856e-06,3
8299,graph,0.14168959856033325,0.0,0.141006201505661,0.0,0.0006834013038314879,9.726577906765458e-06,3
8300,graph,0.11386919766664505,0.0,0.11230390518903732,0.0,0.0015652927104383707,9.726574962004141e-06,3
8301,graph,0.1281031370162964,0.0,0.12754452228546143,0.0,0.0005586161278188229,9.72657195893198e-06,3
8302,node,3.164600372314453,0.00040253117913380265,0.0,3.1641979217529297,0.0,9.726568897549045e-06,3
8303,graph,0.14353470504283905,0.0,0.1431005746126175,0.0,0.00043413712410256267,9.726565777855416e-06,3
8304,graph,0.15900233387947083,0.0,0.1583479791879654,0.0,0.0006543478230014443,9.726562599851168e-06,3
8305,graph,0.1309213936328888,0.0,0.1303928941488266,0.0,0.0005284998915158212,9.726559363536379e-06,3
8306,node,5.294399261474609,0.00039424121496267617,0.0,5.294004917144775,0.0,9.726556068911128e-06,3
8307,graph,0.1392880231142044,0.0,0.13888821005821228,0.0,0.00039981643203645945,9.726552715975498e-06,3
8308,graph,0.14301249384880066,0.0,0.1427382230758667,0.0,0.0002742718788795173,9.726549304729572e-06,3
8309,graph,0.35110992193222046,0.0,0.3506822884082794,0.0,0.00042764260433614254,9.726545835173435e-06,3
8310,node,0.3141288757324219,0.0005141196888871491,0.0,0.31361475586891174,0.0,9.726542307307169e-06,3
8311,graph,0.1710270494222641,0.0,0.17042872309684753,0.0,0.0005983282462693751,9.726538721130864e-06,3
8312,graph,0.13122594356536865,0.0,0.1308443695306778,0.0,0.00038157854578457773,9.726535076644606e-06,3
8313,graph,0.15290287137031555,0.0,0.15239518880844116,0.0,0.0005076852394267917,9.726531373848488e-06,3
8314,node,2.6220710277557373,0.0004152042674832046,0.0,2.6216559410095215,0.0,9.7265276127426e-06,3
8315,graph,0.14754176139831543,0.0,0.14703471958637238,0.0,0.0005070482147857547,9.726523793327035e-06,3
8316,graph,0.12798245251178741,0.0,0.12756994366645813,0.0,0.00041250884532928467,9.726519915601887e-06,3
8317,graph,0.1331527978181839,0.0,0.13235947489738464,0.0,0.0007933243759907782,9.72651597956725e-06,3
8318,node,2.670516014099121,0.0005560896825045347,0.0,2.6699600219726562,0.0,9.726511985223224e-06,3
8319,graph,0.15889820456504822,0.0,0.15846885740756989,0.0,0.00042934948578476906,9.726507932569907e-06,3
8320,graph,0.141206294298172,0.0,0.14051231741905212,0.0,0.0006939798477105796,9.726503821607397e-06,3
8321,graph,0.19064225256443024,0.0,0.19033849239349365,0.0,0.0003037575224880129,9.726499652335797e-06,3
8322,node,1.4428366422653198,0.0004290914221201092,0.0,1.4424076080322266,0.0,9.726495424755209e-06,3
8323,graph,0.1351899951696396,0.0,0.1348215937614441,0.0,0.0003684034163597971,9.726491138865737e-06,3
8324,graph,0.17292790114879608,0.0,0.17231924831867218,0.0,0.0006086561479605734,9.726486794667488e-06,3
8325,graph,0.10835482180118561,0.0,0.10779242217540741,0.0,0.000562397064641118,9.72648239216057e-06,3
8326,node,2.1476519107818604,0.0004804643103852868,0.0,2.1471714973449707,0.0,9.726477931345092e-06,3
8327,graph,0.1600865125656128,0.0,0.15972158312797546,0.0,0.00036492838989943266,9.72647341222116e-06,3
8328,graph,0.15757498145103455,0.0,0.15716008841991425,0.0,0.00041489009163342416,9.72646883478889e-06,3
8329,graph,0.11669126898050308,0.0,0.11611758172512054,0.0,0.0005736901657655835,9.726464199048391e-06,3
8330,node,51.135093688964844,0.0003550508408807218,0.0,51.13473892211914,0.0,9.72645950499978e-06,3
8331,graph,0.1572803556919098,0.0,0.15663544833660126,0.0,0.0006449135835282505,9.726454752643172e-06,3
8332,graph,0.23763345181941986,0.0,0.237308531999588,0.0,0.0003249269211664796,9.726449941978684e-06,3
8333,graph,0.17383736371994019,0.0,0.17343690991401672,0.0,0.0004004485090263188,9.726445073006436e-06,3
8334,node,0.9833366870880127,0.0004213443608023226,0.0,0.9829153418540955,0.0,9.726440145726548e-06,3
8335,graph,0.16251346468925476,0.0,0.16166971623897552,0.0,0.0008437486831098795,9.72643516013914e-06,3
8336,graph,0.17604941129684448,0.0,0.17567497491836548,0.0,0.00037443326436914504,9.726430116244336e-06,3
8337,graph,0.11232799291610718,0.0,0.11121020466089249,0.0,0.0011177852284163237,9.72642501404226e-06,3
8338,node,3.9106974601745605,0.0004723029851447791,0.0,3.9102251529693604,0.0,9.726419853533038e-06,3
8339,graph,0.14141619205474854,0.0,0.14094586670398712,0.0,0.0004703192971646786,9.726414634716797e-06,3
8340,graph,0.16558940708637238,0.0,0.16491080820560455,0.0,0.0006785989971831441,9.726409357593668e-06,3
8341,graph,0.15480409562587738,0.0,0.15313641726970673,0.0,0.0016676848754286766,9.726404022163779e-06,3
8342,node,0.8476201891899109,0.0005574194947257638,0.0,0.8470627665519714,0.0,9.726398628427262e-06,3
8343,graph,0.13500560820102692,0.0,0.1346750259399414,0.0,0.00033058374538086355,9.72639317638425e-06,3
8344,graph,0.14587639272212982,0.0,0.14533731341362,0.0,0.0005390724400058389,9.726387666034878e-06,3
8345,graph,0.166265070438385,0.0,0.16577595472335815,0.0,0.0004891100688837469,9.726382097379281e-06,3
8346,node,0.2509180009365082,0.00042547352495603263,0.0,0.25049251317977905,0.0,9.7263764704176e-06,3
8347,graph,0.14108559489250183,0.0,0.14049425721168518,0.0,0.0005913429777137935,9.726370785149967e-06,3
8348,graph,0.1571732610464096,0.0,0.15683656930923462,0.0,0.0003366860910318792,9.726365041576527e-06,3
8349,graph,0.12284209579229355,0.0,0.12196341156959534,0.0,0.0008786809048615396,9.726359239697422e-06,3
8350,node,1.0007154941558838,0.0004827592056244612,0.0,1.0002326965332031,0.0,9.726353379512794e-06,3
8351,graph,0.1682029813528061,0.0,0.16767722368240356,0.0,0.0005257519078440964,9.726347461022788e-06,3
8352,graph,0.15923546254634857,0.0,0.15882837772369385,0.0,0.0004070817958563566,9.72634148422755e-06,3
8353,graph,0.12932701408863068,0.0,0.12864352762699127,0.0,0.0006834827363491058,9.726335449127227e-06,3
8354,node,20.21253204345703,0.0005046602454967797,0.0,20.212026596069336,0.0,9.726329355721969e-06,3
8355,graph,0.22734898328781128,0.0,0.2262701839208603,0.0,0.0010788033250719309,9.726323204011924e-06,3
8356,graph,0.12969724833965302,0.0,0.12917405366897583,0.0,0.0005231927498243749,9.726316993997245e-06,3
8357,graph,0.16444379091262817,0.0,0.16390350461006165,0.0,0.000540280481800437,9.726310725678086e-06,3
8358,node,0.33492371439933777,0.000421639415435493,0.0,0.33450207114219666,0.0,9.7263043990546e-06,3
8359,graph,0.14420488476753235,0.0,0.1433427929878235,0.0,0.0008620937005616724,9.726298014126948e-06,3
8360,graph,0.13945698738098145,0.0,0.13883352279663086,0.0,0.0006234694155864418,9.726291570895281e-06,3
8361,graph,0.14382237195968628,0.0,0.14340439438819885,0.0,0.0004179844108875841,9.726285069359761e-06,3
8362,node,1.2934839725494385,0.0007014617440290749,0.0,1.2927825450897217,0.0,9.726278509520549e-06,3
8363,graph,0.4040887951850891,0.0,0.3940888047218323,0.0,0.009999999776482582,9.726271891377805e-06,3
8364,graph,0.1391032487154007,0.0,0.1386815309524536,0.0,0.0004217226814944297,9.726265214931693e-06,3
8365,graph,0.14640507102012634,0.0,0.14583905041217804,0.0,0.0005660217721015215,9.726258480182379e-06,3
8366,node,7.610589504241943,0.0003346435260027647,0.0,7.610254764556885,0.0,9.726251687130028e-06,3
8367,graph,0.2685015797615051,0.0,0.26788443326950073,0.0,0.0006171445129439235,9.726244835774808e-06,3
8368,graph,0.1522388756275177,0.0,0.1518896520137787,0.0,0.00034922148915939033,9.726237926116886e-06,3
8369,graph,0.18391083180904388,0.0,0.1835279017686844,0.0,0.0003829271299764514,9.726230958156437e-06,3
8370,node,24.583526611328125,0.0004927915870212018,0.0,24.58303451538086,0.0,9.726223931893629e-06,3
8371,graph,0.18816779553890228,0.0,0.1876623034477234,0.0,0.0005054859211668372,9.726216847328637e-06,3
8372,graph,0.14207778871059418,0.0,0.14157550036907196,0.0,0.0005022897385060787,9.726209704461635e-06,3
8373,graph,0.1453983187675476,0.0,0.14490844309329987,0.0,0.0004898816114291549,9.7262025032928e-06,3
8374,node,2.371129035949707,0.0004250158090144396,0.0,2.370703935623169,0.0,9.726195243822311e-06,3
8375,graph,0.15341004729270935,0.0,0.15223422646522522,0.0,0.001175824785605073,9.726187926050347e-06,3
8376,graph,0.16198396682739258,0.0,0.1615491509437561,0.0,0.00043481847387738526,9.726180549977084e-06,3
8377,graph,0.17523089051246643,0.0,0.17396947741508484,0.0,0.0012614101869985461,9.726173115602707e-06,3
8378,node,0.16668152809143066,0.00048425502609461546,0.0,0.166197270154953,0.0,9.726165622927402e-06,3
8379,graph,0.13827455043792725,0.0,0.13766156136989594,0.0,0.0006129817338660359,9.72615807195135e-06,3
8380,graph,0.18793025612831116,0.0,0.1876649558544159,0.0,0.0002652957628015429,9.726150462674737e-06,3
8381,graph,0.16954255104064941,0.0,0.16920121014118195,0.0,0.00034133813460357487,9.726142795097754e-06,3
8382,node,1.2403764724731445,0.00045607026549987495,0.0,1.2399203777313232,0.0,9.726135069220589e-06,3
8383,graph,0.200273334980011,0.0,0.19995561242103577,0.0,0.00031772672082297504,9.726127285043431e-06,3
8384,graph,0.15498171746730804,0.0,0.15420761704444885,0.0,0.0007740997825749218,9.726119442566475e-06,3
8385,graph,0.18142840266227722,0.0,0.18094389140605927,0.0,0.0004845147777814418,9.726111541789913e-06,3
8386,node,5.3116936683654785,0.0004173427587375045,0.0,5.311276435852051,0.0,9.72610358271394e-06,3
8387,graph,0.14385320246219635,0.0,0.14345194399356842,0.0,0.00040126219391822815,9.726095565338752e-06,3
8388,graph,0.16141825914382935,0.0,0.16058942675590515,0.0,0.0008288382668979466,9.726087489664545e-06,3
8389,graph,0.13140743970870972,0.0,0.1311662495136261,0.0,0.00024118613509926945,9.726079355691522e-06,3
8390,node,4.735917568206787,0.00038642456638626754,0.0,4.735531330108643,0.0,9.726071163419881e-06,3
8391,graph,0.14549987018108368,0.0,0.14511403441429138,0.0,0.0003858306154143065,9.726062912849827e-06,3
8392,graph,0.12537847459316254,0.0,0.12466045469045639,0.0,0.0007180258398875594,9.726054603981562e-06,3
8393,graph,0.17772124707698822,0.0,0.17724165320396423,0.0,0.00047959148650988936,9.726046236815288e-06,3
8394,node,1.4803471565246582,0.0004878374165855348,0.0,1.4798593521118164,0.0,9.726037811351216e-06,3
8395,graph,0.17350392043590546,0.0,0.17281734943389893,0.0,0.0006865729810670018,9.726029327589553e-06,3
8396,graph,0.11986463516950607,0.0,0.11954615265130997,0.0,0.00031848560320213437,9.726020785530506e-06,3
8397,graph,0.10907799750566483,0.0,0.10865797102451324,0.0,0.0004200279654469341,9.726012185174288e-06,3
8398,node,2.2803618907928467,0.0004948665155097842,0.0,2.279866933822632,0.0,9.72600352652111e-06,3
8399,graph,0.18079061806201935,0.0,0.17991143465042114,0.0,0.0008791790460236371,9.725994809571185e-06,3
8400,graph,0.14735496044158936,0.0,0.14711172878742218,0.0,0.0002432320616208017,9.72598603432473e-06,3
8401,graph,0.17742030322551727,0.0,0.1762998402118683,0.0,0.0011204634793102741,9.725977200781959e-06,3
8402,node,0.25782161951065063,0.00035756806028075516,0.0,0.25746405124664307,0.0,9.725968308943093e-06,3
8403,graph,0.2771768271923065,0.0,0.2768189311027527,0.0,0.00035788596142083406,9.72595935880835e-06,3
8404,graph,0.17473852634429932,0.0,0.17441469430923462,0.0,0.0003238253702875227,9.725950350377951e-06,3
8405,graph,0.15039247274398804,0.0,0.15004725754261017,0.0,0.0003452126693446189,9.725941283652117e-06,3
8406,node,0.9012390375137329,0.0005341347423382103,0.0,0.9007049202919006,0.0,9.725932158631072e-06,3
8407,graph,0.20944030582904816,0.0,0.2086743265390396,0.0,0.000765978591516614,9.725922975315043e-06,3
8408,graph,0.12988322973251343,0.0,0.12937696278095245,0.0,0.0005062637501396239,9.725913733704255e-06,3
8409,graph,0.17563623189926147,0.0,0.1753867268562317,0.0,0.00024950868100859225,9.725904433798937e-06,3
8410,node,0.23584426939487457,0.0006887275958433747,0.0,0.23515553772449493,0.0,9.725895075599318e-06,3
8411,graph,0.17265881597995758,0.0,0.17216196656227112,0.0,0.0004968502908013761,9.725885659105628e-06,3
8412,graph,0.1765790581703186,0.0,0.17612646520137787,0.0,0.00045258825412020087,9.725876184318102e-06,3
8413,graph,0.14069406688213348,0.0,0.14042134582996368,0.0,0.00027272794977761805,9.725866651236972e-06,3
8414,node,4.121962547302246,0.00033941399306058884,0.0,4.1216230392456055,0.0,9.725857059862472e-06,3
8415,graph,0.10890209674835205,0.0,0.10848210752010345,0.0,0.00041999176028184593,9.72584741019484e-06,3
8416,graph,0.16312670707702637,0.0,0.16256943345069885,0.0,0.000557266699615866,9.725837702234314e-06,3
8417,graph,0.15994787216186523,0.0,0.15866169333457947,0.0,0.0012861816212534904,9.725827935981134e-06,3
8418,node,0.14973138272762299,0.00038592464989051223,0.0,0.14934545755386353,0.0,9.725818111435541e-06,3
8419,graph,0.16820712387561798,0.0,0.16772036254405975,0.0,0.0004867601383011788,9.725808228597776e-06,3
8420,graph,0.13974817097187042,0.0,0.1392582356929779,0.0,0.0004899320774711668,9.725798287468085e-06,3
8421,graph,0.24470165371894836,0.0,0.24390502274036407,0.0,0.0007966243429109454,9.725788288046711e-06,3
8422,node,5.018134593963623,0.0005824415711686015,0.0,5.017552375793457,0.0,9.725778230333902e-06,3
8423,graph,0.1392630636692047,0.0,0.13872094452381134,0.0,0.0005421140231192112,9.725768114329907e-06,3
8424,graph,0.1480947583913803,0.0,0.147673100233078,0.0,0.0004216551606077701,9.725757940034973e-06,3
8425,graph,0.13477826118469238,0.0,0.13414409756660461,0.0,0.0006341625703498721,9.725747707449354e-06,3
8426,node,6.534008979797363,0.0004579032538458705,0.0,6.533551216125488,0.0,9.725737416573299e-06,3
8427,graph,0.12551160156726837,0.0,0.1250724047422409,0.0,0.00043919330346398056,9.725727067407066e-06,3
8428,graph,0.32945936918258667,0.0,0.32912272214889526,0.0,0.0003366395831108093,9.725716659950909e-06,3
8429,graph,0.17441049218177795,0.0,0.17359334230422974,0.0,0.0008171474910341203,9.725706194205082e-06,3
8430,node,0.1953873336315155,0.0004572503676172346,0.0,0.1949300765991211,0.0,9.725695670169846e-06,3
8431,graph,0.21228936314582825,0.0,0.21188588440418243,0.0,0.00040347588947042823,9.72568508784546e-06,3
8432,graph,0.15289916098117828,0.0,0.15222793817520142,0.0,0.0006712203612551093,9.725674447232186e-06,3
8433,graph,0.18353474140167236,0.0,0.18321199715137482,0.0,0.0003227385168429464,9.725663748330285e-06,3
8434,node,0.37485530972480774,0.000443379336502403,0.0,0.374411940574646,0.0,9.72565299114002e-06,3
8435,graph,0.12424035370349884,0.0,0.12366752326488495,0.0,0.0005728284013457596,9.72564217566166e-06,3
8436,graph,0.15710705518722534,0.0,0.15675359964370728,0.0,0.0003534544666763395,9.72563130189547e-06,3
8437,graph,0.1354520618915558,0.0,0.13487835228443146,0.0,0.0005737038445658982,9.725620369841719e-06,3
8438,node,0.12403861433267593,0.0004153962654527277,0.0,0.12362321466207504,0.0,9.725609379500676e-06,3
8439,graph,0.1317051202058792,0.0,0.13131922483444214,0.0,0.0003858894051518291,9.725598330872611e-06,3
8440,graph,0.16342458128929138,0.0,0.16272729635238647,0.0,0.0006972905248403549,9.725587223957798e-06,3
8441,graph,0.33611801266670227,0.0,0.3354174494743347,0.0,0.0007005757070146501,9.725576058756512e-06,3
8442,node,1.200156807899475,0.000437904498539865,0.0,1.199718952178955,0.0,9.725564835269027e-06,3
8443,graph,0.15673241019248962,0.0,0.15624678134918213,0.0,0.0004856258456129581,9.72555355349562e-06,3
8444,graph,0.13138894736766815,0.0,0.1310645341873169,0.0,0.000324415770592168,9.72554221343657e-06,3
8445,graph,0.16187436878681183,0.0,0.1612597554922104,0.0,0.0006146103842183948,9.725530815092157e-06,3
8446,node,5.421884536743164,0.0004490660212468356,0.0,5.421435356140137,0.0,9.72551935846266e-06,3
8447,graph,0.12366220355033875,0.0,0.12321990728378296,0.0,0.0004422985657583922,9.725507843548365e-06,3
8448,graph,0.1870182603597641,0.0,0.18643520772457123,0.0,0.0005830585141666234,9.725496270349553e-06,3
8449,graph,0.12698720395565033,0.0,0.12651942670345306,0.0,0.0004677790275309235,9.725484638866513e-06,3
8450,node,1.6297006607055664,0.0004611962358467281,0.0,1.6292394399642944,0.0,9.725472949099528e-06,3
8451,graph,0.156775563955307,0.0,0.1564275473356247,0.0,0.0003480235463939607,9.72546120104889e-06,3
8452,graph,0.17660096287727356,0.0,0.17575505375862122,0.0,0.0008459047530777752,9.725449394714886e-06,3
8453,graph,0.14610961079597473,0.0,0.14563104510307312,0.0,0.0004785593773704022,9.725437530097809e-06,3
8454,node,0.40884268283843994,0.0005139195709489286,0.0,0.4083287715911865,0.0,9.725425607197952e-06,3
8455,graph,0.13534040749073029,0.0,0.13484226167201996,0.0,0.0004981521633453667,9.72541362601561e-06,3
8456,graph,0.148383229970932,0.0,0.14785252511501312,0.0,0.0005307073588483036,9.725401586551074e-06,3
8457,graph,0.11205270886421204,0.0,0.11073072254657745,0.0,0.001321987365372479,9.725389488804645e-06,3
8458,node,4.732965469360352,0.0005084009608253837,0.0,4.732457160949707,0.0,9.725377332776621e-06,3
8459,graph,0.16533693671226501,0.0,0.16503486037254333,0.0,0.00030207427334971726,9.725365118467303e-06,3
8460,graph,0.17312856018543243,0.0,0.17259782552719116,0.0,0.0005307394312694669,9.72535284587699e-06,3
8461,graph,0.15983740985393524,0.0,0.15897156298160553,0.0,0.0008658462320454419,9.725340515005986e-06,3
8462,node,1.4110058546066284,0.0004452061257325113,0.0,1.4105606079101562,0.0,9.725328125854595e-06,3
8463,graph,0.20120128989219666,0.0,0.20024554431438446,0.0,0.0009557505254633725,9.725315678423122e-06,3
8464,graph,0.1539473980665207,0.0,0.1536293923854828,0.0,0.0003180034691467881,9.725303172711876e-06,3
8465,graph,0.20483914017677307,0.0,0.20428431034088135,0.0,0.0005548298358917236,9.725290608721165e-06,3
8466,node,1.5628893375396729,0.0004611991171259433,0.0,1.5624281167984009,0.0,9.725277986451298e-06,3
8467,graph,0.12694904208183289,0.0,0.12656119465827942,0.0,0.0003878522547893226,9.725265305902587e-06,3
8468,graph,0.11102106422185898,0.0,0.1105191633105278,0.0,0.0005018999800086021,9.725252567075343e-06,3
8469,graph,0.1465131640434265,0.0,0.14606152474880219,0.0,0.00045163294998928905,9.725239769969884e-06,3
8470,node,0.32867351174354553,0.00041633431101217866,0.0,0.32825717329978943,0.0,9.725226914586524e-06,3
8471,graph,0.13289418816566467,0.0,0.13229557871818542,0.0,0.0005986052565276623,9.72521400092558e-06,3
8472,graph,0.14040091633796692,0.0,0.14006587862968445,0.0,0.00033503398299217224,9.72520102898737e-06,3
8473,graph,0.4508684575557709,0.0,0.45008018612861633,0.0,0.0007882805075496435,9.725187998772216e-06,3
8474,node,1.1908255815505981,0.00043646953417919576,0.0,1.1903891563415527,0.0,9.725174910280437e-06,3
8475,graph,0.12253665924072266,0.0,0.12213774770498276,0.0,0.0003989095857832581,9.725161763512357e-06,3
8476,graph,0.14295600354671478,0.0,0.1425192952156067,0.0,0.0004367151123005897,9.725148558468301e-06,3
8477,graph,0.14001765847206116,0.0,0.13940633833408356,0.0,0.0006113268900662661,9.725135295148595e-06,3
8478,node,1.1242808103561401,0.0006202980293892324,0.0,1.1236605644226074,0.0,9.725121973553568e-06,3
8479,graph,0.12135571241378784,0.0,0.12088574469089508,0.0,0.000469964521471411,9.725108593683544e-06,3
8480,graph,0.22633633017539978,0.0,0.22500866651535034,0.0,0.0013276567915454507,9.725095155538857e-06,3
8481,graph,0.15316754579544067,0.0,0.1520029902458191,0.0,0.0011645567137748003,9.725081659119837e-06,3
8482,node,1.5167356729507446,0.0005071182386018336,0.0,1.5162285566329956,0.0,9.725068104426816e-06,3
8483,graph,0.16985394060611725,0.0,0.16901102662086487,0.0,0.0008429132867604494,9.72505449146013e-06,3
8484,graph,0.19324399530887604,0.0,0.19247278571128845,0.0,0.0007712062797509134,9.725040820220115e-06,3
8485,graph,0.15735027194023132,0.0,0.1568622589111328,0.0,0.00048801794764585793,9.725027090707106e-06,3
8486,node,2.8455445766448975,0.0003518389130476862,0.0,2.8451926708221436,0.0,9.725013302921445e-06,3
8487,graph,0.12370392680168152,0.0,0.12341170012950897,0.0,0.00029222387820482254,9.724999456863471e-06,3
8488,graph,0.1489231288433075,0.0,0.148459792137146,0.0,0.0004633301286958158,9.724985552533525e-06,3
8489,graph,0.15145249664783478,0.0,0.1509232372045517,0.0,0.0005292590358294547,9.72497158993195e-06,3
8490,node,5.980759620666504,0.0005923507851548493,0.0,5.980167388916016,0.0,9.724957569059092e-06,3
8491,graph,0.12118982523679733,0.0,0.12056075036525726,0.0,0.0006290735909715295,9.724943489915295e-06,3
8492,graph,0.1203065887093544,0.0,0.11991322785615921,0.0,0.0003933612606488168,9.724929352500908e-06,3
8493,graph,0.2474460005760193,0.0,0.24689748883247375,0.0,0.0005485116853378713,9.724915156816278e-06,3
8494,node,0.2397046834230423,0.0006215485627762973,0.0,0.23908314108848572,0.0,9.724900902861759e-06,3
8495,graph,0.15959173440933228,0.0,0.15869325399398804,0.0,0.0008984770392999053,9.724886590637698e-06,3
8496,graph,0.1398884356021881,0.0,0.13898801803588867,0.0,0.0009004214080050588,9.724872220144452e-06,3
8497,graph,0.13689494132995605,0.0,0.1364600509405136,0.0,0.00043489079689607024,9.724857791382372e-06,3
8498,node,0.7556089162826538,0.00047385995276272297,0.0,0.7551350593566895,0.0,9.724843304351818e-06,3
8499,graph,0.10200773924589157,0.0,0.10152272880077362,0.0,0.0004850085824728012,9.724828759053145e-06,3
8500,graph,0.15571328997612,0.0,0.15530768036842346,0.0,0.0004056105390191078,9.724814155486711e-06,3
8501,graph,0.1408604085445404,0.0,0.14053857326507568,0.0,0.00032183449366129935,9.724799493652878e-06,3
8502,node,0.1176217570900917,0.00044527160935103893,0.0,0.11717648804187775,0.0,9.724784773552007e-06,3
8503,graph,0.1822071522474289,0.0,0.18167781829833984,0.0,0.000529336160980165,9.724769995184462e-06,3
8504,graph,0.235109344124794,0.0,0.23445692658424377,0.0,0.0006524207419715822,9.724755158550608e-06,3
8505,graph,0.1353263258934021,0.0,0.13477976620197296,0.0,0.0005465582362376153,9.724740263650809e-06,3
8506,node,2.5955331325531006,0.0005620263400487602,0.0,2.594971179962158,0.0,9.724725310485433e-06,3
8507,graph,0.1533341109752655,0.0,0.15177464485168457,0.0,0.0015594636788591743,9.724710299054851e-06,3
8508,graph,0.16245853900909424,0.0,0.16193942725658417,0.0,0.0005191059899516404,9.72469522935943e-06,3
8509,graph,0.17220719158649445,0.0,0.17059656977653503,0.0,0.0016106286784633994,9.724680101399546e-06,3
8510,node,1.688114047050476,0.00043732684571295977,0.0,1.6876766681671143,0.0,9.72466491517557e-06,3
8511,graph,0.19199953973293304,0.0,0.19130456447601318,0.0,0.0006949824164621532,9.724649670687876e-06,3
8512,graph,0.1816202700138092,0.0,0.18085996806621552,0.0,0.0007602956611663103,9.724634367936843e-06,3
8513,graph,0.162751704454422,0.0,0.16235552728176117,0.0,0.00039617097354494035,9.724619006922845e-06,3
8514,node,0.3092077672481537,0.0004225214943289757,0.0,0.30878525972366333,0.0,9.724603587646263e-06,3
8515,graph,0.13098590075969696,0.0,0.13049644231796265,0.0,0.0004894572193734348,9.724588110107477e-06,3
8516,graph,0.17096921801567078,0.0,0.17055027186870575,0.0,0.00041895220056176186,9.72457257430687e-06,3
8517,graph,0.1387779861688614,0.0,0.1382765769958496,0.0,0.0005014094058424234,9.724556980244824e-06,3
8518,node,1.0043021440505981,0.0004996320349164307,0.0,1.0038025379180908,0.0,9.724541327921725e-06,3
8519,graph,0.16587930917739868,0.0,0.16511383652687073,0.0,0.0007654788205400109,9.724525617337958e-06,3
8520,graph,0.15526698529720306,0.0,0.15491920709609985,0.0,0.00034778076224029064,9.724509848493909e-06,3
8521,graph,0.20071466267108917,0.0,0.19990947842597961,0.0,0.0008051840122789145,9.724494021389969e-06,3
8522,node,1.3406338691711426,0.00044227560283616185,0.0,1.3401916027069092,0.0,9.72447813602653e-06,3
8523,graph,0.1407427191734314,0.0,0.14038938283920288,0.0,0.0003533308918122202,9.724462192403982e-06,3
8524,graph,0.13434265553951263,0.0,0.13402104377746582,0.0,0.0003216133627574891,9.724446190522718e-06,3
8525,graph,0.14266721904277802,0.0,0.14214323461055756,0.0,0.0005239835008978844,9.724430130383134e-06,3
8526,node,1.0377880334854126,0.0006620869971811771,0.0,1.0371259450912476,0.0,9.724414011985628e-06,3
8527,graph,0.1456914246082306,0.0,0.1438644379377365,0.0,0.0018269829452037811,9.724397835330594e-06,3
8528,graph,0.2827484905719757,0.0,0.2748144567012787,0.0,0.00793404784053564,9.724381600418433e-06,3
8529,graph,0.12517793476581573,0.0,0.12465061247348785,0.0,0.0005273240967653692,9.724365307249545e-06,3
8530,node,2.2311902046203613,0.0004595952923409641,0.0,2.2307305335998535,0.0,9.724348955824333e-06,3
8531,graph,0.12959054112434387,0.0,0.12830302119255066,0.0,0.0012875163229182363,9.7243325461432e-06,3
8532,graph,0.1625152826309204,0.0,0.16201135516166687,0.0,0.000503924151416868,9.72431607820655e-06,3
8533,graph,0.14720726013183594,0.0,0.14662225544452667,0.0,0.0005849986337125301,9.724299552014792e-06,3
8534,node,0.5709811449050903,0.0004204680444672704,0.0,0.5705606937408447,0.0,9.72428296756833e-06,3
8535,graph,0.16608355939388275,0.0,0.16561254858970642,0.0,0.0004710117937065661,9.724266324867576e-06,3
8536,graph,0.14119981229305267,0.0,0.14090704917907715,0.0,0.0002927697787526995,9.724249623912939e-06,3
8537,graph,0.1402401626110077,0.0,0.1396137773990631,0.0,0.0006263823597691953,9.724232864704831e-06,3
8538,node,0.21508653461933136,0.00047631803317926824,0.0,0.21461021900177002,0.0,9.724216047243667e-06,3
8539,graph,0.18669024109840393,0.0,0.18410374224185944,0.0,0.0025864969938993454,9.724199171529862e-06,3
8540,graph,0.14859750866889954,0.0,0.14827102422714233,0.0,0.0003264912811573595,9.724182237563832e-06,3
8541,graph,0.1497209668159485,0.0,0.14931781589984894,0.0,0.0004031566495541483,9.724165245345995e-06,3
8542,node,0.13303913176059723,0.0003494423581287265,0.0,0.1326896846294403,0.0,9.724148194876769e-06,3
8543,graph,0.15932691097259521,0.0,0.15858587622642517,0.0,0.0007410401594825089,9.724131086156575e-06,3
8544,graph,0.15073734521865845,0.0,0.15035775303840637,0.0,0.0003795974189415574,9.724113919185836e-06,3
8545,graph,0.1246170848608017,0.0,0.12407834082841873,0.0,0.0005387465353123844,9.724096693964976e-06,3
8546,node,1.3981051445007324,0.0002867264556698501,0.0,1.3978184461593628,0.0,9.724079410494418e-06,3
8547,graph,0.18353381752967834,0.0,0.18306154012680054,0.0,0.0004722829908132553,9.72406206877459e-06,3
8548,graph,0.15132121741771698,0.0,0.15074309706687927,0.0,0.0005781209911219776,9.72404466880592e-06,3
8549,graph,0.15548524260520935,0.0,0.15506748855113983,0.0,0.0004177473019808531,9.724027210588838e-06,3
8550,node,2.6770761013031006,0.0005113756051287055,0.0,2.6765646934509277,0.0,9.724009694123771e-06,3
8551,graph,0.1869649887084961,0.0,0.1864510178565979,0.0,0.0005139776039868593,9.723992119411156e-06,3
8552,graph,0.11433587968349457,0.0,0.11405756324529648,0.0,0.0002783189411275089,9.723974486451422e-06,3
8553,graph,0.17745092511177063,0.0,0.17563462257385254,0.0,0.0018163096392527223,9.723956795245007e-06,3
8554,node,1.4689632654190063,0.0005316123133525252,0.0,1.4684317111968994,0.0,9.723939045792348e-06,3
8555,graph,0.13612385094165802,0.0,0.13554131984710693,0.0,0.0005825294065289199,9.723921238093881e-06,3
8556,graph,0.22122007608413696,0.0,0.22082111239433289,0.0,0.0003989586839452386,9.723903372150046e-06,3
8557,graph,0.1844041794538498,0.0,0.18374577164649963,0.0,0.0006584067014046013,9.723885447961285e-06,3
8558,node,0.749228835105896,0.00045197649160400033,0.0,0.7487768530845642,0.0,9.72386746552804e-06,3
8559,graph,0.15909512341022491,0.0,0.15863974392414093,0.0,0.00045537223923020065,9.723849424850754e-06,3
8560,graph,0.1521778404712677,0.0,0.15142080187797546,0.0,0.0007570356247015297,9.723831325929874e-06,3
8561,graph,0.17880403995513916,0.0,0.17837755382061005,0.0,0.0004264888120815158,9.723813168765843e-06,3
8562,node,43.46798324584961,0.0007098797359503806,0.0,43.4672737121582,0.0,9.723794953359111e-06,3
8563,graph,0.1943066567182541,0.0,0.19380071759223938,0.0,0.0005059376126155257,9.723776679710128e-06,3
8564,graph,0.12270505726337433,0.0,0.1221100389957428,0.0,0.0005950218182988465,9.723758347819343e-06,3
8565,graph,0.1763649731874466,0.0,0.17601054906845093,0.0,0.00035442059743218124,9.72373995768721e-06,3
8566,node,6.7905731201171875,0.00047569192247465253,0.0,6.790097236633301,0.0,9.723721509314183e-06,3
8567,graph,0.23105113208293915,0.0,0.23061607778072357,0.0,0.0004350589879322797,9.723703002700715e-06,3
8568,graph,0.12170183658599854,0.0,0.12070698291063309,0.0,0.0009948554215952754,9.723684437847266e-06,3
8569,graph,0.12910136580467224,0.0,0.12857067584991455,0.0,0.0005306878592818975,9.723665814754291e-06,3
8570,node,0.8798328042030334,0.0004543338145595044,0.0,0.8793784976005554,0.0,9.723647133422251e-06,3
8571,graph,0.12955699861049652,0.0,0.12895026803016663,0.0,0.0006067256326787174,9.723628393851607e-06,3
8572,graph,0.14443309605121613,0.0,0.1439642459154129,0.0,0.00046884396579116583,9.723609596042822e-06,3
8573,graph,0.18609628081321716,0.0,0.18530012667179108,0.0,0.0007961536757647991,9.723590739996357e-06,3
8574,node,1.5787619352340698,0.0004288260533940047,0.0,1.5783331394195557,0.0,9.723571825712681e-06,3
8575,graph,0.18866592645645142,0.0,0.18790987133979797,0.0,0.0007560583762824535,9.723552853192257e-06,3
8576,graph,0.16750754415988922,0.0,0.16703608632087708,0.0,0.00047146156430244446,9.723533822435557e-06,3
8577,graph,0.18087689578533173,0.0,0.17969408631324768,0.0,0.0011828060960397124,9.723514733443048e-06,3
8578,node,0.29100409150123596,0.0004841563932131976,0.0,0.29051992297172546,0.0,9.723495586215201e-06,3
8579,graph,0.17268376052379608,0.0,0.17211347818374634,0.0,0.000570281408727169,9.72347638075249e-06,3
8580,graph,0.14228950440883636,0.0,0.1419515311717987,0.0,0.0003379782137926668,9.723457117055386e-06,3
8581,graph,0.17772790789604187,0.0,0.17714110016822815,0.0,0.0005868139560334384,9.723437795124366e-06,3
8582,node,5.330347537994385,0.0005203048349358141,0.0,5.329827308654785,0.0,9.723418414959908e-06,3
8583,graph,0.10967591404914856,0.0,0.1092057079076767,0.0,0.00047020299825817347,9.72339897656249e-06,3
8584,graph,0.181435227394104,0.0,0.1808704137802124,0.0,0.0005648127989843488,9.723379479932588e-06,3
8585,graph,0.12928155064582825,0.0,0.1287257969379425,0.0,0.0005557503900490701,9.723359925070686e-06,3
8586,node,6.121789455413818,0.0005946647725068033,0.0,6.121194839477539,0.0,9.723340311977266e-06,3
8587,graph,0.16792410612106323,0.0,0.1674499213695526,0.0,0.000474180793389678,9.723320640652814e-06,3
8588,graph,0.13592609763145447,0.0,0.13553746044635773,0.0,0.00038863785448484123,9.723300911097814e-06,3
8589,graph,0.13284239172935486,0.0,0.1323760449886322,0.0,0.00046634688624180853,9.72328112331275e-06,3
8590,node,0.2566688358783722,0.000418586190789938,0.0,0.256250262260437,0.0,9.723261277298115e-06,3
8591,graph,0.13338765501976013,0.0,0.13301438093185425,0.0,0.0003732740879058838,9.723241373054395e-06,3
8592,graph,0.1755000352859497,0.0,0.17509303987026215,0.0,0.0004069959686603397,9.723221410582083e-06,3
8593,graph,0.14162899553775787,0.0,0.14118018746376038,0.0,0.0004488070262596011,9.723201389881671e-06,3
8594,node,6.185311317443848,0.0005159022402949631,0.0,6.184795379638672,0.0,9.723181310953652e-06,3
8595,graph,0.12547272443771362,0.0,0.124805748462677,0.0,0.0006669750437140465,9.723161173798523e-06,3
8596,graph,0.1462354212999344,0.0,0.14571818709373474,0.0,0.000517238222528249,9.723140978416781e-06,3
8597,graph,0.1509946882724762,0.0,0.14989840984344482,0.0,0.0010962826199829578,9.723120724808922e-06,3
8598,node,0.3789508044719696,0.00038647811743430793,0.0,0.37856432795524597,0.0,9.723100412975449e-06,3
8599,graph,0.1642904430627823,0.0,0.1639232337474823,0.0,0.00036721484502777457,9.72308004291686e-06,3
8600,graph,0.14122682809829712,0.0,0.1405002921819687,0.0,0.0007265338208526373,9.723059614633659e-06,3
8601,graph,0.12991371750831604,0.0,0.12923777103424072,0.0,0.0006759404204785824,9.72303912812635e-06,3
8602,node,5.160518169403076,0.00041336059803143144,0.0,5.160104751586914,0.0,9.72301858339544e-06,3
8603,graph,0.1687658429145813,0.0,0.16837850213050842,0.0,0.0003873411624226719,9.722997980441434e-06,3
8604,graph,0.1667359322309494,0.0,0.1661657989025116,0.0,0.0005701375775970519,9.722977319264841e-06,3
8605,graph,0.14104050397872925,0.0,0.14071202278137207,0.0,0.00032848111004568636,9.72295659986617e-06,3
8606,node,23.035429000854492,0.0003695874765980989,0.0,23.035058975219727,0.0,9.722935822245933e-06,3
8607,graph,0.20706585049629211,0.0,0.20659732818603516,0.0,0.00046852126251906157,9.722914986404643e-06,3
8608,graph,0.15024636685848236,0.0,0.1498298943042755,0.0,0.0004164745914749801,9.722894092342814e-06,3
8609,graph,0.14431758224964142,0.0,0.14364105463027954,0.0,0.0006765271537005901,9.722873140060961e-06,3
8610,node,1.227029800415039,0.0005058152601122856,0.0,1.226523995399475,0.0,9.722852129559602e-06,3
8611,graph,0.17863477766513824,0.0,0.17812928557395935,0.0,0.0005054959328845143,9.722831060839252e-06,3
8612,graph,0.13619078695774078,0.0,0.13545534014701843,0.0,0.0007354530389420688,9.722809933900436e-06,3
8613,graph,0.20061540603637695,0.0,0.20006731152534485,0.0,0.0005480986437760293,9.722788748743673e-06,3
8614,node,0.08220749348402023,0.0004327342030592263,0.0,0.0817747563123703,0.0,9.722767505369483e-06,3
8615,graph,0.2317463457584381,0.0,0.23110640048980713,0.0,0.000639942183624953,9.722746203778394e-06,3
8616,graph,0.14352883398532867,0.0,0.14283287525177002,0.0,0.0006959593156352639,9.72272484397093e-06,3
8617,graph,0.14601998031139374,0.0,0.14548684656620026,0.0,0.0005331372376531363,9.722703425947618e-06,3
8618,node,0.4564881920814514,0.0005389135330915451,0.0,0.4559492766857147,0.0,9.722681949708986e-06,3
8619,graph,0.1466754674911499,0.0,0.14621731638908386,0.0,0.00045815049088560045,9.722660415255566e-06,3
8620,graph,0.14706896245479584,0.0,0.1466718316078186,0.0,0.0003971290134359151,9.722638822587888e-06,3
8621,graph,0.1723124384880066,0.0,0.1719299852848053,0.0,0.00038245387258939445,9.722617171706484e-06,3
8622,node,0.9937256574630737,0.000486252160044387,0.0,0.9932394027709961,0.0,9.72259546261189e-06,3
8623,graph,0.14989735186100006,0.0,0.14925558865070343,0.0,0.0006417610566131771,9.72257369530464e-06,3
8624,graph,0.1475919485092163,0.0,0.14703616499900818,0.0,0.0005557866534218192,9.722551869785272e-06,3
8625,graph,0.17168736457824707,0.0,0.17108380794525146,0.0,0.0006035594269633293,9.722529986054323e-06,3
8626,node,0.09933105856180191,0.00040985821397043765,0.0,0.09892120212316513,0.0,9.722508044112335e-06,3
8627,graph,0.13045774400234222,0.0,0.129754438996315,0.0,0.0007033058791421354,9.722486043959848e-06,3
8628,graph,0.14148950576782227,0.0,0.14086493849754333,0.0,0.0006245698896236718,9.722463985597406e-06,3
8629,graph,0.14450442790985107,0.0,0.14384028315544128,0.0,0.0006641445797868073,9.722441869025554e-06,3
8630,node,5.86489725112915,0.00035827120882458985,0.0,5.86453914642334,0.0,9.722419694244835e-06,3
8631,graph,0.14447496831417084,0.0,0.14391568303108215,0.0,0.0005592879606410861,9.722397461255798e-06,3
8632,graph,0.1556674987077713,0.0,0.155145525932312,0.0,0.0005219698650762439,9.722375170058991e-06,3
8633,graph,0.13152392208576202,0.0,0.1310480833053589,0.0,0.00047583659761585295,9.722352820654965e-06,3
8634,node,0.2994624078273773,0.0005444097914732993,0.0,0.2989180088043213,0.0,9.722330413044269e-06,3
8635,graph,0.18415872752666473,0.0,0.18343761563301086,0.0,0.0007211181218735874,9.722307947227457e-06,3
8636,graph,0.16790887713432312,0.0,0.16740356385707855,0.0,0.0005053190398029983,9.722285423205085e-06,3
8637,graph,0.16498182713985443,0.0,0.16438156366348267,0.0,0.0006002570735290647,9.722262840977708e-06,3
8638,node,19.609289169311523,0.00048252506530843675,0.0,19.608806610107422,0.0,9.722240200545881e-06,3
8639,graph,0.1203066036105156,0.0,0.11970974504947662,0.0,0.0005968581535853446,9.722217501910165e-06,3
8640,graph,0.20620544254779816,0.0,0.2057437002658844,0.0,0.00046174859744496644,9.72219474507112e-06,3
8641,graph,0.1513228714466095,0.0,0.15067633986473083,0.0,0.000646537053398788,9.722171930029305e-06,3
8642,node,3.922609567642212,0.0004689367488026619,0.0,3.922140598297119,0.0,9.722149056785286e-06,3
8643,graph,0.16336792707443237,0.0,0.1620093286037445,0.0,0.0013585910201072693,9.722126125339627e-06,3
8644,graph,0.14301009476184845,0.0,0.142361119389534,0.0,0.0006489719962701201,9.722103135692892e-06,3
8645,graph,0.1622297167778015,0.0,0.16139209270477295,0.0,0.0008376204641535878,9.72208008784565e-06,3
8646,node,5.784486770629883,0.0004302025481592864,0.0,5.784056663513184,0.0,9.722056981798468e-06,3
8647,graph,0.15166787803173065,0.0,0.15126413106918335,0.0,0.0004037434991914779,9.722033817551918e-06,3
8648,graph,0.2076108157634735,0.0,0.20673200488090515,0.0,0.0008788096602074802,9.72201059510657e-06,3
8649,graph,0.1390761286020279,0.0,0.1388280689716339,0.0,0.00024805456632748246,9.721987314462998e-06,3
8650,node,3.524136781692505,0.0004789155791513622,0.0,3.52365779876709,0.0,9.721963975621776e-06,3
8651,graph,0.7413978576660156,0.0,0.5130041837692261,0.0,0.22839368879795074,9.72194057858348e-06,3
8652,graph,0.3385525345802307,0.0,0.3380413055419922,0.0,0.000511230668053031,9.721917123348687e-06,3
8653,graph,0.15439525246620178,0.0,0.15376660227775574,0.0,0.0006286544958129525,9.721893609917976e-06,3
8654,node,0.17761880159378052,0.0003606675018090755,0.0,0.17725813388824463,0.0,9.721870038291927e-06,3
8655,graph,0.15931060910224915,0.0,0.158774733543396,0.0,0.0005358784692361951,9.721846408471122e-06,3
8656,graph,0.17381727695465088,0.0,0.17337839305400848,0.0,0.00043887965148314834,9.721822720456144e-06,3
8657,graph,0.17481036484241486,0.0,0.1742708384990692,0.0,0.0005395314656198025,9.721798974247576e-06,3
8658,node,0.322711706161499,0.00034620045335032046,0.0,0.32236549258232117,0.0,9.721775169846005e-06,3
8659,graph,0.134107768535614,0.0,0.13365083932876587,0.0,0.000456928537460044,9.72175130725202e-06,3
8660,graph,0.16249629855155945,0.0,0.1616620272397995,0.0,0.0008342713117599487,9.721727386466208e-06,3
8661,graph,0.12853683531284332,0.0,0.12805302441120148,0.0,0.0004838104359805584,9.72170340748916e-06,3
8662,node,2.2773637771606445,0.00027948259958066046,0.0,2.2770843505859375,0.0,9.721679370321468e-06,3
8663,graph,0.15841250121593475,0.0,0.15791043639183044,0.0,0.0005020631942898035,9.721655274963723e-06,3
8664,graph,0.145957812666893,0.0,0.14552849531173706,0.0,0.0004293184611015022,9.72163112141652e-06,3
8665,graph,0.22544318437576294,0.0,0.22495144605636597,0.0,0.0004917431506328285,9.721606909680456e-06,3
8666,node,0.23853547871112823,0.00031497408053837717,0.0,0.23822049796581268,0.0,9.721582639756129e-06,3
8667,graph,0.14915284514427185,0.0,0.14876961708068848,0.0,0.0003832293732557446,9.721558311644137e-06,3
8668,graph,0.14387473464012146,0.0,0.14330324530601501,0.0,0.0005714891594834626,9.721533925345079e-06,3
8669,graph,0.1329541802406311,0.0,0.13243913650512695,0.0,0.0005150397773832083,9.72150948085956e-06,3
8670,node,0.14247074723243713,0.00039823606493882835,0.0,0.14207251369953156,0.0,9.72148497818818e-06,3
8671,graph,0.13551244139671326,0.0,0.1348605453968048,0.0,0.0006518944283016026,9.721460417331546e-06,3
8672,graph,0.1546371877193451,0.0,0.15395350754261017,0.0,0.000683685066178441,9.72143579829026e-06,3
8673,graph,0.2416197955608368,0.0,0.24118554592132568,0.0,0.0004342489701230079,9.721411121064933e-06,3
8674,node,0.8908041715621948,0.0006689561414532363,0.0,0.8901352286338806,0.0,9.721386385656174e-06,3
8675,graph,0.1572525054216385,0.0,0.15288978815078735,0.0,0.004362710285931826,9.721361592064593e-06,3
8676,graph,0.21090881526470184,0.0,0.20981034636497498,0.0,0.0010984714608639479,9.7213367402908e-06,3
8677,graph,0.1350979059934616,0.0,0.13465669751167297,0.0,0.0004412110720295459,9.721311830335408e-06,3
8678,node,0.3610653877258301,0.0004378262965474278,0.0,0.36062756180763245,0.0,9.721286862199035e-06,3
8679,graph,0.26630711555480957,0.0,0.2659240961074829,0.0,0.00038300524465739727,9.721261835882295e-06,3
8680,graph,0.22823278605937958,0.0,0.22801357507705688,0.0,0.00021920505969319493,9.721236751385805e-06,3
8681,graph,0.137213796377182,0.0,0.13678905367851257,0.0,0.00042474755900911987,9.721211608710185e-06,3
8682,node,0.5885341167449951,0.0004902289365418255,0.0,0.5880438685417175,0.0,9.721186407856054e-06,3
8683,graph,0.18406324088573456,0.0,0.18322160840034485,0.0,0.0008416396449320018,9.721161148824035e-06,3
8684,graph,0.16609381139278412,0.0,0.16571404039859772,0.0,0.0003797770186793059,9.721135831614752e-06,3
8685,graph,0.1505928337574005,0.0,0.15025091171264648,0.0,0.00034191791201010346,9.721110456228828e-06,3
8686,node,0.18429598212242126,0.00027786666760221124,0.0,0.1840181201696396,0.0,9.72108502266689e-06,3
8687,graph,0.2036573588848114,0.0,0.2033078670501709,0.0,0.0003494940756354481,9.721059530929564e-06,3
8688,graph,0.4759971499443054,0.0,0.20981721580028534,0.0,0.2661799490451813,9.72103398101748e-06,3
8689,graph,0.14012813568115234,0.0,0.13924911618232727,0.0,0.0008790194988250732,9.721008372931269e-06,3
8690,node,4.953150272369385,0.0004261376161593944,0.0,4.952723979949951,0.0,9.720982706671563e-06,3
8691,graph,0.15289777517318726,0.0,0.15244543552398682,0.0,0.00045234497520141304,9.720956982238993e-06,3
8692,graph,0.19233869016170502,0.0,0.19188565015792847,0.0,0.00045303537626750767,9.720931199634195e-06,3
8693,graph,0.1851106435060501,0.0,0.18474680185317993,0.0,0.0003638397029135376,9.720905358857808e-06,3
8694,node,1.4040815830230713,0.00034050364047288895,0.0,1.4037411212921143,0.0,9.720879459910467e-06,3
8695,graph,0.14487625658512115,0.0,0.1443135142326355,0.0,0.0005627414211630821,9.720853502792811e-06,3
8696,graph,0.17106875777244568,0.0,0.1705199033021927,0.0,0.0005488587776198983,9.720827487505482e-06,3
8697,graph,0.14086024463176727,0.0,0.14015455543994904,0.0,0.0007056866306811571,9.720801414049118e-06,3
8698,node,0.09090223163366318,0.0005415118648670614,0.0,0.09036072343587875,0.0,9.720775282424366e-06,3
8699,graph,0.1520136594772339,0.0,0.15167653560638428,0.0,0.00033712765434756875,9.720749092631871e-06,3
8700,graph,0.15959037840366364,0.0,0.158860981464386,0.0,0.0007293909438885748,9.720722844672277e-06,3
8701,graph,0.1437395215034485,0.0,0.14319689571857452,0.0,0.0005426320130936801,9.720696538546234e-06,3
8702,node,1.157565951347351,0.00046988739632070065,0.0,1.157096028327942,0.0,9.720670174254387e-06,3
8703,graph,0.18473921716213226,0.0,0.18362341821193695,0.0,0.0011158009292557836,9.720643751797391e-06,3
8704,graph,0.145400270819664,0.0,0.1449897587299347,0.0,0.00041051823063753545,9.720617271175897e-06,3
8705,graph,0.14907480776309967,0.0,0.14875410497188568,0.0,0.00032069633016362786,9.720590732390557e-06,3
8706,node,1.1537449359893799,0.00042520262650214136,0.0,1.1533197164535522,0.0,9.720564135442026e-06,3
8707,graph,0.16210903227329254,0.0,0.16137386858463287,0.0,0.0007351682870648801,9.72053748033096e-06,3
8708,graph,0.16869206726551056,0.0,0.16819718480110168,0.0,0.0004948788555338979,9.720510767058018e-06,3
8709,graph,0.16271865367889404,0.0,0.16226273775100708,0.0,0.0004559227090794593,9.720483995623858e-06,3
8710,node,0.31526434421539307,0.0005147482152096927,0.0,0.3147495985031128,0.0,9.72045716602914e-06,3
8711,graph,0.34341105818748474,0.0,0.34303897619247437,0.0,0.00037208845606073737,9.72043027827453e-06,3
8712,graph,0.19015973806381226,0.0,0.1895928680896759,0.0,0.0005668657831847668,9.720403332360686e-06,3
8713,graph,0.16122859716415405,0.0,0.16073045134544373,0.0,0.0004981525707989931,9.720376328288275e-06,3
8714,node,1.8430824279785156,0.0005383586976677179,0.0,1.8425440788269043,0.0,9.720349266057965e-06,3
8715,graph,0.12813922762870789,0.0,0.12775537371635437,0.0,0.00038384957588277757,9.720322145670422e-06,3
8716,graph,0.14571797847747803,0.0,0.14456850290298462,0.0,0.0011494766222313046,9.720294967126315e-06,3
8717,graph,0.2044902890920639,0.0,0.204037144780159,0.0,0.0004531486192718148,9.720267730426315e-06,3
8718,node,0.23666182160377502,0.0005132168298587203,0.0,0.23614861071109772,0.0,9.720240435571094e-06,3
8719,graph,0.13013672828674316,0.0,0.12978431582450867,0.0,0.0003524144703987986,9.720213082561326e-06,3
8720,graph,0.11406119912862778,0.0,0.11348821967840195,0.0,0.0005729802651330829,9.720185671397685e-06,3
8721,graph,0.15602032840251923,0.0,0.15554720163345337,0.0,0.0004731208027806133,9.720158202080849e-06,3
8722,node,0.15968964993953705,0.0004849243850912899,0.0,0.15920472145080566,0.0,9.720130674611494e-06,3
8723,graph,0.16757699847221375,0.0,0.16699980199337006,0.0,0.0005771895521320403,9.720103088990298e-06,3
8724,graph,0.16963376104831696,0.0,0.16923582553863525,0.0,0.0003979376924689859,9.720075445217946e-06,3
8725,graph,0.11342614889144897,0.0,0.1129760891199112,0.0,0.00045006274012848735,9.720047743295115e-06,3
8726,node,1.2776272296905518,0.0004653095093090087,0.0,1.277161955833435,0.0,9.720019983222493e-06,3
8727,graph,0.16438977420330048,0.0,0.16383589804172516,0.0,0.0005538786645047367,9.719992165000761e-06,3
8728,graph,0.15076765418052673,0.0,0.15010428428649902,0.0,0.0006633675075136125,9.719964288630609e-06,3
8729,graph,0.2645341753959656,0.0,0.2641456723213196,0.0,0.00038850551936775446,9.719936354112722e-06,3
8730,node,4.017487049102783,0.0005513629294000566,0.0,4.0169358253479,0.0,9.71990836144779e-06,3
8731,graph,0.1735752820968628,0.0,0.17322924733161926,0.0,0.00034603039966896176,9.719880310636506e-06,3
8732,graph,0.19318272173404694,0.0,0.19275778532028198,0.0,0.0004249370831530541,9.71985220167956e-06,3
8733,graph,0.15500138700008392,0.0,0.1543872356414795,0.0,0.0006141498452052474,9.719824034577644e-06,3
8734,node,1.471834421157837,0.0003656475164461881,0.0,1.4714688062667847,0.0,9.719795809331456e-06,3
8735,graph,0.12074658274650574,0.0,0.12030534446239471,0.0,0.00044123909901827574,9.719767525941691e-06,3
8736,graph,0.24557742476463318,0.0,0.24489206075668335,0.0,0.0006853669183328748,9.719739184409048e-06,3
8737,graph,0.16958223283290863,0.0,0.1689925640821457,0.0,0.0005896628717891872,9.719710784734225e-06,3
8738,node,0.39568108320236206,0.00048612241516821086,0.0,0.395194947719574,0.0,9.719682326917924e-06,3
8739,graph,0.16353023052215576,0.0,0.16297604143619537,0.0,0.0005541890859603882,9.719653810960846e-06,3
8740,graph,0.13777141273021698,0.0,0.1372576355934143,0.0,0.0005137706757523119,9.719625236863693e-06,3
8741,graph,0.15355511009693146,0.0,0.15320278704166412,0.0,0.00035232005757279694,9.719596604627175e-06,3
8742,node,0.23585732281208038,0.0004099100478924811,0.0,0.23544740676879883,0.0,9.719567914251994e-06,3
8743,graph,0.15314453840255737,0.0,0.1527329385280609,0.0,0.00041160022374242544,9.71953916573886e-06,3
8744,graph,0.17226125299930573,0.0,0.17173434793949127,0.0,0.0005269089015200734,9.719510359088481e-06,3
8745,graph,0.16987602412700653,0.0,0.1693124622106552,0.0,0.000563556794077158,9.719481494301569e-06,3
8746,node,1.3586864471435547,0.000542066409252584,0.0,1.3581444025039673,0.0,9.719452571378835e-06,3
8747,graph,0.13357724249362946,0.0,0.13315391540527344,0.0,0.0004233316576573998,9.719423590320995e-06,3
8748,graph,0.1448541283607483,0.0,0.14411932229995728,0.0,0.000734806468244642,9.71939455112876e-06,3
8749,graph,0.15929745137691498,0.0,0.15895555913448334,0.0,0.0003418994601815939,9.719365453802851e-06,3
8750,node,0.5896883010864258,0.0004789023078046739,0.0,0.5892093777656555,0.0,9.719336298343983e-06,3
8751,graph,0.16918033361434937,0.0,0.1681324988603592,0.0,0.001047840341925621,9.719307084752876e-06,3
8752,graph,0.13508403301239014,0.0,0.13478294014930725,0.0,0.0003010885266121477,9.71927781303025e-06,3
8753,graph,0.23434020578861237,0.0,0.23390823602676392,0.0,0.0004319637955632061,9.71924848317683e-06,3
8754,node,55.87263870239258,0.00047000369522720575,0.0,55.872169494628906,0.0,9.719219095193339e-06,3
8755,graph,0.13864770531654358,0.0,0.13827267289161682,0.0,0.00037503516068682075,9.7191896490805e-06,3
8756,graph,0.16437633335590363,0.0,0.16359063982963562,0.0,0.0007856988813728094,9.71916014483904e-06,3
8757,graph,0.1611444354057312,0.0,0.16066834330558777,0.0,0.00047608494060114026,9.719130582469689e-06,3
8758,node,1.17998206615448,0.0004984912229701877,0.0,1.1794835329055786,0.0,9.719100961973173e-06,3
8759,graph,0.18886417150497437,0.0,0.1881897896528244,0.0,0.0006743791745975614,9.719071283350226e-06,3
8760,graph,0.1312904953956604,0.0,0.13087277114391327,0.0,0.0004177286464255303,9.719041546601579e-06,3
8761,graph,0.1420728713274002,0.0,0.1416715532541275,0.0,0.00040131682180799544,9.719011751727968e-06,3
8762,node,1.0826178789138794,0.0004728458297904581,0.0,1.0821449756622314,0.0,9.718981898730124e-06,3
8763,graph,0.1402987241744995,0.0,0.139928936958313,0.0,0.0003697852371260524,9.718951987608785e-06,3
8764,graph,0.1628221720457077,0.0,0.16229130327701569,0.0,0.0005308681866154075,9.71892201836469e-06,3
8765,graph,0.15402323007583618,0.0,0.1534319818019867,0.0,0.0005912476917728782,9.71889199099858e-06,3
8766,node,0.3098776340484619,0.0003234313044231385,0.0,0.30955418944358826,0.0,9.718861905511193e-06,3
8767,graph,0.1555950939655304,0.0,0.15527187287807465,0.0,0.0003232269373256713,9.718831761903274e-06,3
8768,graph,0.11749684065580368,0.0,0.11715682595968246,0.0,0.0003400169953238219,9.718801560175563e-06,3
8769,graph,0.1910385936498642,0.0,0.1903298795223236,0.0,0.0007087081321515143,9.71877130032881e-06,3
8770,node,2.7408366203308105,0.0005087598110549152,0.0,2.740327835083008,0.0,9.718740982363757e-06,3
8771,graph,0.18278518319129944,0.0,0.18246398866176605,0.0,0.0003211883013136685,9.718710606281155e-06,3
8772,graph,0.22777853906154633,0.0,0.22724640369415283,0.0,0.0005321366479620337,9.718680172081753e-06,3
8773,graph,0.22095437347888947,0.0,0.2203233689069748,0.0,0.0006310077151283622,9.7186496797663e-06,3
8774,node,0.9253296256065369,0.00044546189019456506,0.0,0.9248841404914856,0.0,9.71861912933555e-06,3
8775,graph,0.17210885882377625,0.0,0.17153489589691162,0.0,0.0005739562911912799,9.718588520790258e-06,3
8776,graph,0.14324143528938293,0.0,0.14172708988189697,0.0,0.001514339237473905,9.718557854131176e-06,3
8777,graph,0.18461555242538452,0.0,0.1841711401939392,0.0,0.0004444108344614506,9.718527129359064e-06,3
8778,node,2.4162254333496094,0.0006088553927838802,0.0,2.415616512298584,0.0,9.718496346474678e-06,3
8779,graph,0.11296011507511139,0.0,0.11254096031188965,0.0,0.00041915755718946457,9.718465505478778e-06,3
8780,graph,0.11741907894611359,0.0,0.11675241589546204,0.0,0.0006666644476354122,9.718434606372125e-06,3
8781,graph,0.17415042221546173,0.0,0.1736946403980255,0.0,0.0004557848733384162,9.718403649155483e-06,3
8782,node,0.18624958395957947,0.0004313097451813519,0.0,0.18581826984882355,0.0,9.718372633829613e-06,3
8783,graph,0.1277080625295639,0.0,0.12721581757068634,0.0,0.000492241233587265,9.718341560395284e-06,3
8784,graph,0.11900238692760468,0.0,0.1185402125120163,0.0,0.0004621727275662124,9.718310428853258e-06,3
8785,graph,0.16623075306415558,0.0,0.1658482849597931,0.0,0.0003824742161668837,9.718279239204307e-06,3
8786,node,0.27562323212623596,0.0004672614159062505,0.0,0.2751559615135193,0.0,9.718247991449198e-06,3
8787,graph,0.145427867770195,0.0,0.14492613077163696,0.0,0.0005017439252696931,9.718216685588703e-06,3
8788,graph,0.12249202281236649,0.0,0.1219085156917572,0.0,0.0005835103220306337,9.718185321623596e-06,3
8789,graph,0.1652759164571762,0.0,0.1647607982158661,0.0,0.0005151137011125684,9.718153899554647e-06,3
8790,node,1.6252354383468628,0.0006541735492646694,0.0,1.624581217765808,0.0,9.718122419382636e-06,3
8791,graph,0.16699635982513428,0.0,0.1649981588125229,0.0,0.001998201245442033,9.718090881108338e-06,3
8792,graph,0.30601751804351807,0.0,0.305580735206604,0.0,0.00043678635847754776,9.71805928473253e-06,3
8793,graph,0.11662745475769043,0.0,0.11631768941879272,0.0,0.00030976577545516193,9.71802763025599e-06,3
8794,node,3.0384209156036377,0.00046382404980249703,0.0,3.037957191467285,0.0,9.717995917679504e-06,3
8795,graph,0.17753179371356964,0.0,0.1767328679561615,0.0,0.0007989220903255045,9.717964147003851e-06,3
8796,graph,0.17072191834449768,0.0,0.1702488660812378,0.0,0.00047304874169640243,9.717932318229816e-06,3
8797,graph,0.13979306817054749,0.0,0.13880303502082825,0.0,0.0009900372242555022,9.717900431358183e-06,3
8798,node,2.713826894760132,0.00043561175698414445,0.0,2.7133913040161133,0.0,9.71786848638974e-06,3
8799,graph,0.20704564452171326,0.0,0.20658496022224426,0.0,0.00046068470692262053,9.717836483325276e-06,3
8800,graph,0.19673839211463928,0.0,0.1962413191795349,0.0,0.0004970688023604453,9.71780442216558e-06,3
8801,graph,0.12821196019649506,0.0,0.12765222787857056,0.0,0.0005597341805696487,9.717772302911442e-06,3
8802,node,0.25945523381233215,0.0005019716918468475,0.0,0.2589532732963562,0.0,9.717740125563655e-06,3
8803,graph,0.13663814961910248,0.0,0.13623449206352234,0.0,0.00040365883614867926,9.717707890123014e-06,3
8804,graph,0.152879536151886,0.0,0.15231019258499146,0.0,0.0005693433922715485,9.717675596590314e-06,3
8805,graph,0.11997342109680176,0.0,0.11844019591808319,0.0,0.0015332275070250034,9.71764324496635e-06,3
8806,node,0.9634312987327576,0.0004316671402193606,0.0,0.9629996418952942,0.0,9.717610835251924e-06,3
8807,graph,0.39105385541915894,0.0,0.3905998468399048,0.0,0.00045400913222692907,9.717578367447832e-06,3
8808,graph,0.15027830004692078,0.0,0.14968591928482056,0.0,0.0005923847202211618,9.717545841554876e-06,3
8809,graph,0.14055870473384857,0.0,0.14003096520900726,0.0,0.0005277405143715441,9.717513257573861e-06,3
8810,node,10.146052360534668,0.00041179824620485306,0.0,10.14564037322998,0.0,9.717480615505588e-06,3
8811,graph,0.24304303526878357,0.0,0.24173149466514587,0.0,0.0013115379260852933,9.717447915350864e-06,3
8812,graph,0.11512038111686707,0.0,0.1145273968577385,0.0,0.0005929808248765767,9.717415157110494e-06,3
8813,graph,0.16638387739658356,0.0,0.16565638780593872,0.0,0.0007274828967638314,9.717382340785289e-06,3
8814,node,2.5525169372558594,0.0020057803485542536,0.0,2.550511121749878,0.0,9.717349466376056e-06,3
8815,graph,0.1619112640619278,0.0,0.16142676770687103,0.0,0.0004844982468057424,9.717316533883608e-06,3
8816,graph,0.19545763731002808,0.0,0.1948859542608261,0.0,0.0005716814775951207,9.717283543308756e-06,3
8817,graph,0.12880803644657135,0.0,0.12835149466991425,0.0,0.00045653528650291264,9.717250494652316e-06,3
8818,node,2.2027575969696045,0.0003852670779451728,0.0,2.2023723125457764,0.0,9.717217387915102e-06,3
8819,graph,0.14875629544258118,0.0,0.14828988909721375,0.0,0.0004664055595640093,9.717184223097931e-06,3
8820,graph,0.18721114099025726,0.0,0.1863625943660736,0.0,0.000848542433232069,9.717151000201623e-06,3
8821,graph,0.12551690638065338,0.0,0.12465623021125793,0.0,0.0008606718038208783,9.717117719226994e-06,3
8822,node,0.5984519124031067,0.00032070575980469584,0.0,0.5981311798095703,0.0,9.717084380174868e-06,3
8823,graph,0.1468231976032257,0.0,0.14642104506492615,0.0,0.0004021554777864367,9.717050983046068e-06,3
8824,graph,0.14962005615234375,0.0,0.1492614448070526,0.0,0.0003586156526580453,9.717017527841417e-06,3
8825,graph,0.12583528459072113,0.0,0.12534590065479279,0.0,0.0004893892910331488,9.716984014561741e-06,3
8826,node,0.5375592708587646,0.00037662999238818884,0.0,0.537182629108429,0.0,9.716950443207867e-06,3
8827,graph,0.16676132380962372,0.0,0.16641072928905487,0.0,0.00035059748915955424,9.716916813780621e-06,3
8828,graph,0.16421400010585785,0.0,0.16347002983093262,0.0,0.0007439680048264563,9.716883126280837e-06,3
8829,graph,0.15750998258590698,0.0,0.15693649649620056,0.0,0.0005734883015975356,9.716849380709342e-06,3
8830,node,1.325239658355713,0.0005523638101294637,0.0,1.3246872425079346,0.0,9.716815577066971e-06,3
8831,graph,0.21416711807250977,0.0,0.21383389830589294,0.0,0.00033322363742627203,9.716781715354557e-06,3
8832,graph,0.15746934711933136,0.0,0.15686531364917755,0.0,0.0006040310254320502,9.716747795572936e-06,3
8833,graph,0.14029711484909058,0.0,0.13965824246406555,0.0,0.0006388752954080701,9.716713817722944e-06,3
8834,node,2.0881288051605225,0.000510290265083313,0.0,2.087618589401245,0.0,9.716679781805422e-06,3
8835,graph,0.1053810864686966,0.0,0.10499150305986404,0.0,0.0003895866102539003,9.71664568782121e-06,3
8836,graph,0.18619394302368164,0.0,0.18562175333499908,0.0,0.0005721846828237176,9.716611535771146e-06,3
8837,graph,0.10646950453519821,0.0,0.10599388182163239,0.0,0.0004756239941343665,9.716577325656074e-06,3
8838,node,1.1574914455413818,0.00032821932109072804,0.0,1.1571632623672485,0.0,9.716543057476837e-06,3
8839,graph,0.323133260011673,0.0,0.32263487577438354,0.0,0.0004983855178579688,9.716508731234283e-06,3
8840,graph,0.12405385822057724,0.0,0.12353533506393433,0.0,0.0005185260670259595,9.716474346929257e-06,3
8841,graph,0.12587189674377441,0.0,0.12542715668678284,0.0,0.00044474718743003905,9.71643990456261e-06,3
8842,node,0.7172344923019409,0.0004977833013981581,0.0,0.7167367339134216,0.0,9.716405404135187e-06,3
8843,graph,0.11939949542284012,0.0,0.11897441744804382,0.0,0.00042507867328822613,9.716370845647844e-06,3
8844,graph,0.17991600930690765,0.0,0.1791926920413971,0.0,0.0007233106880448759,9.716336229101432e-06,3
8845,graph,0.143497034907341,0.0,0.1428210586309433,0.0,0.0006759726093150675,9.716301554496803e-06,3
8846,node,0.3537808358669281,0.0004820312315132469,0.0,0.3532988131046295,0.0,9.716266821834816e-06,3
8847,graph,0.1489192694425583,0.0,0.1484764963388443,0.0,0.00044277659617364407,9.716232031116326e-06,3
8848,graph,0.21824105083942413,0.0,0.2177591621875763,0.0,0.00048188577056862414,9.71619718234219e-06,3
8849,graph,0.2285335212945938,0.0,0.22784072160720825,0.0,0.0006927987560629845,9.716162275513273e-06,3
8850,node,0.26942041516304016,0.000549101154319942,0.0,0.2688713073730469,0.0,9.716127310630432e-06,3
8851,graph,0.11972352862358093,0.0,0.11913440376520157,0.0,0.0005891266046091914,9.71609228769453e-06,3
8852,graph,0.1523149311542511,0.0,0.15121547877788544,0.0,0.0010994470212608576,9.716057206706433e-06,3
8853,graph,0.13383805751800537,0.0,0.13351881504058838,0.0,0.00031924800714477897,9.716022067667006e-06,3
8854,node,0.22573453187942505,0.0003886523481924087,0.0,0.22534587979316711,0.0,9.715986870577114e-06,3
8855,graph,0.11053087562322617,0.0,0.11011172831058502,0.0,0.000419146497733891,9.715951615437628e-06,3
8856,graph,0.13918247818946838,0.0,0.1386590301990509,0.0,0.000523444963619113,9.715916302249416e-06,3
8857,graph,0.164650097489357,0.0,0.16404196619987488,0.0,0.0006081341998651624,9.715880931013352e-06,3
8858,node,0.5777400732040405,0.00044072026503272355,0.0,0.5772993564605713,0.0,9.715845501730306e-06,3
8859,graph,0.173410564661026,0.0,0.17256663739681244,0.0,0.0008439224911853671,9.715810014401154e-06,3
8860,graph,0.15321744978427887,0.0,0.15271349251270294,0.0,0.0005039608222432435,9.71577446902677e-06,3
8861,graph,0.15287254750728607,0.0,0.1524658501148224,0.0,0.00040669753798283637,9.71573886560803e-06,3
8862,node,0.3272304832935333,0.0003944338532164693,0.0,0.3268360495567322,0.0,9.715703204145817e-06,3
8863,graph,0.16322971880435944,0.0,0.16276238858699799,0.0,0.0004673362709581852,9.71566748464101e-06,3
8864,graph,0.18213769793510437,0.0,0.18140898644924164,0.0,0.0007287099142558873,9.715631707094485e-06,3
8865,graph,0.20605553686618805,0.0,0.2056928277015686,0.0,0.0003627055848482996,9.71559587150713e-06,3
8866,node,1.3405399322509766,0.0004688412882387638,0.0,1.3400710821151733,0.0,9.715559977879827e-06,3
8867,graph,0.15229029953479767,0.0,0.15182998776435852,0.0,0.0004603135457728058,9.715524026213462e-06,3
8868,graph,0.16203832626342773,0.0,0.1616164743900299,0.0,0.00042185213533230126,9.715488016508922e-06,3
8869,graph,0.10153822600841522,0.0,0.10076464712619781,0.0,0.00077357969712466,9.715451948767098e-06,3
8870,node,1.4678359031677246,0.00041432317811995745,0.0,1.467421531677246,0.0,9.715415822988876e-06,3
8871,graph,0.18220393359661102,0.0,0.1817159354686737,0.0,0.0004880001361016184,9.71537963917515e-06,3
8872,graph,0.26131516695022583,0.0,0.2607019543647766,0.0,0.0006132197449915111,9.71534339732681e-06,3
8873,graph,0.13107441365718842,0.0,0.1306164711713791,0.0,0.00045794679317623377,9.715307097444755e-06,3
8874,node,5.2763991355896,0.00036510013160295784,0.0,5.276033878326416,0.0,9.715270739529877e-06,3
8875,graph,0.17996430397033691,0.0,0.17947696149349213,0.0,0.0004873417201451957,9.715234323583074e-06,3
8876,graph,0.1544262021780014,0.0,0.15381424129009247,0.0,0.0006119603058323264,9.715197849605244e-06,3
8877,graph,0.15627853572368622,0.0,0.1559978723526001,0.0,0.00028065923834219575,9.715161317597287e-06,3
8878,node,0.2648393213748932,0.00047422456555068493,0.0,0.2643651068210602,0.0,9.715124727560106e-06,3
8879,graph,0.11208231002092361,0.0,0.11160316318273544,0.0,0.00047914512106217444,9.715088079494603e-06,3
8880,graph,0.1597355753183365,0.0,0.15920627117156982,0.0,0.0005293009453453124,9.71505137340168e-06,3
8881,graph,0.17164772748947144,0.0,0.1710847020149231,0.0,0.0005630184314213693,9.715014609282245e-06,3
8882,node,6.579559326171875,0.0002386460837442428,0.0,6.579320907592773,0.0,9.714977787137206e-06,3
8883,graph,0.30754438042640686,0.0,0.3069215714931488,0.0,0.0006228216807357967,9.714940906967467e-06,3
8884,graph,0.10739589482545853,0.0,0.10688875615596771,0.0,0.0005071370978839695,9.714903968773944e-06,3
8885,graph,0.25023892521858215,0.0,0.24971528351306915,0.0,0.0005236342549324036,9.714866972557546e-06,3
8886,node,0.8245407938957214,0.0004920262726955116,0.0,0.8240487575531006,0.0,9.714829918319182e-06,3
8887,graph,0.14521878957748413,0.0,0.14482077956199646,0.0,0.00039801737875677645,9.714792806059774e-06,3
8888,graph,0.16045212745666504,0.0,0.15981653332710266,0.0,0.0006355885416269302,9.71475563578023e-06,3
8889,graph,0.14871904253959656,0.0,0.14838182926177979,0.0,0.00033721173531375825,9.714718407481472e-06,3
8890,node,1.0866079330444336,0.00037826516199856997,0.0,1.086229681968689,0.0,9.714681121164416e-06,3
8891,graph,0.1622989922761917,0.0,0.16196319460868835,0.0,0.00033580331364646554,9.714643776829984e-06,3
8892,graph,0.1475977897644043,0.0,0.14709579944610596,0.0,0.0005019831587560475,9.714606374479097e-06,3
8893,graph,0.1388682872056961,0.0,0.1384136974811554,0.0,0.0004545825649984181,9.714568914112677e-06,3
8894,node,0.11475805938243866,0.0005291851703077555,0.0,0.11422887444496155,0.0,9.71453139573165e-06,3
8895,graph,0.14598816633224487,0.0,0.1454220712184906,0.0,0.0005660903407260776,9.71449381933694e-06,3
8896,graph,0.13604864478111267,0.0,0.13528987765312195,0.0,0.0007587596774101257,9.714456184929474e-06,3
8897,graph,0.14858075976371765,0.0,0.14817725121974945,0.0,0.0004035095917060971,9.714418492510183e-06,3
8898,node,6.416986465454102,0.00036662406637333333,0.0,6.416619777679443,0.0,9.714380742079993e-06,3
8899,graph,0.14206688106060028,0.0,0.1416322886943817,0.0,0.0004345985362306237,9.71434293363984e-06,3
8900,graph,0.12235866487026215,0.0,0.12194595485925674,0.0,0.0004127069842070341,9.714305067190653e-06,3
8901,graph,0.12191486358642578,0.0,0.1208493709564209,0.0,0.0010654963552951813,9.714267142733369e-06,3
8902,node,0.2391570657491684,0.0006718462682329118,0.0,0.2384852170944214,0.0,9.714229160268922e-06,3
8903,graph,0.14593757688999176,0.0,0.14539235830307007,0.0,0.0005452154437080026,9.71419111979825e-06,3
8904,graph,0.2453305870294571,0.0,0.24489709734916687,0.0,0.00043348889448679984,9.71415302132229e-06,3
8905,graph,0.15396831929683685,0.0,0.1535116732120514,0.0,0.0004566515563055873,9.714114864841985e-06,3
8906,node,0.16150440275669098,0.0003190161951351911,0.0,0.1611853837966919,0.0,9.714076650358273e-06,3
8907,graph,0.1227046400308609,0.0,0.12242993712425232,0.0,0.0002747015387285501,9.7140383778721e-06,3
8908,graph,0.11044904589653015,0.0,0.10999798029661179,0.0,0.00045106260222382843,9.71400004738441e-06,3
8909,graph,0.13032041490077972,0.0,0.12953642010688782,0.0,0.0007839903119020164,9.713961658896147e-06,3
8910,node,1.901965618133545,0.0005579377175308764,0.0,1.9014077186584473,0.0,9.71392321240826e-06,3
8911,graph,0.14373306930065155,0.0,0.1430334597826004,0.0,0.0006996167940087616,9.713884707921697e-06,3
8912,graph,0.16622094810009003,0.0,0.16594092547893524,0.0,0.0002800250658765435,9.713846145437408e-06,3
8913,graph,0.14981995522975922,0.0,0.14944054186344147,0.0,0.00037940809852443635,9.713807524956344e-06,3
8914,node,0.4751778841018677,0.0008227334474213421,0.0,0.47435516119003296,0.0,9.713768846479458e-06,3
8915,graph,0.1294294148683548,0.0,0.12893380224704742,0.0,0.0004956158809363842,9.713730110007703e-06,3
8916,graph,0.13757508993148804,0.0,0.13721370697021484,0.0,0.0003613877925090492,9.713691315542037e-06,3
8917,graph,0.1490280032157898,0.0,0.14864970743656158,0.0,0.00037830110522918403,9.713652463083417e-06,3
8918,node,0.2042977213859558,0.0003668928984552622,0.0,0.2039308249950409,0.0,9.713613552632803e-06,3
8919,graph,0.19379167258739471,0.0,0.19347815215587616,0.0,0.0003135155711788684,9.713574584191151e-06,3
8920,graph,0.2532274127006531,0.0,0.25228846073150635,0.0,0.0009389598271809518,9.713535557759426e-06,3
8921,graph,0.14564909040927887,0.0,0.14494788646697998,0.0,0.0007012029527686536,9.71349647333859e-06,3
8922,node,0.8531481027603149,0.0004956369521096349,0.0,0.8526524901390076,0.0,9.713457330929606e-06,3
8923,graph,0.12649878859519958,0.0,0.1259157806634903,0.0,0.0005830145673826337,9.713418130533442e-06,3
8924,graph,0.28500160574913025,0.0,0.2845149338245392,0.0,0.00048666438669897616,9.713378872151065e-06,3
8925,graph,0.17419904470443726,0.0,0.17348764836788177,0.0,0.0007113897590897977,9.71333955578344e-06,3
8926,node,1.1596415042877197,0.0003814886149484664,0.0,1.1592600345611572,0.0,9.713300181431542e-06,3
8927,graph,0.15706540644168854,0.0,0.15650434792041779,0.0,0.0005610556690953672,9.713260749096341e-06,3
8928,graph,0.1458837389945984,0.0,0.14508819580078125,0.0,0.000795537605881691,9.713221258778809e-06,3
8929,graph,0.1921616792678833,0.0,0.1915241777896881,0.0,0.0006375066004693508,9.713181710479922e-06,3
8930,node,1.1075018644332886,0.00040198685019277036,0.0,1.1070998907089233,0.0,9.713142104200653e-06,3
8931,graph,0.177594393491745,0.0,0.17713741958141327,0.0,0.000456980022136122,9.713102439941981e-06,3
8932,graph,0.15039825439453125,0.0,0.15003688633441925,0.0,0.0003613626176957041,9.713062717704887e-06,3
8933,graph,0.1739436686038971,0.0,0.17335546016693115,0.0,0.0005882067489437759,9.713022937490345e-06,3
8934,node,0.12333111464977264,0.0004708777414634824,0.0,0.12286023795604706,0.0,9.712983099299343e-06,3
8935,graph,0.13109664618968964,0.0,0.13076534867286682,0.0,0.00033129865187220275,9.71294320313286e-06,3
8936,graph,0.12248757481575012,0.0,0.12220492959022522,0.0,0.000282641762169078,9.712903248991882e-06,3
8937,graph,0.16573771834373474,0.0,0.16143673658370972,0.0,0.0043009803630411625,9.712863236877394e-06,3
8938,node,2.322744607925415,0.00045224674977362156,0.0,2.3222923278808594,0.0,9.712823166790383e-06,3
8939,graph,0.14025595784187317,0.0,0.1395174264907837,0.0,0.0007385319331660867,9.712783038731838e-06,3
8940,graph,0.13524837791919708,0.0,0.13457690179347992,0.0,0.0006714788032695651,9.712742852702751e-06,3
8941,graph,0.15906022489070892,0.0,0.1585610955953598,0.0,0.0004991255118511617,9.712702608704112e-06,3
8942,node,0.14964249730110168,0.0004663580912165344,0.0,0.14917613565921783,0.0,9.712662306736912e-06,3
8943,graph,0.1681024134159088,0.0,0.1674383580684662,0.0,0.0006640603533014655,9.71262194680215e-06,3
8944,graph,0.19071230292320251,0.0,0.18978814780712128,0.0,0.0009241497027687728,9.712581528900817e-06,3
8945,graph,0.10206571966409683,0.0,0.1016526147723198,0.0,0.00041310215601697564,9.712541053033913e-06,3
8946,node,0.5226016640663147,0.000615555327385664,0.0,0.5219861268997192,0.0,9.712500519202437e-06,3
8947,graph,0.19127334654331207,0.0,0.18694967031478882,0.0,0.004323672503232956,9.712459927407387e-06,3
8948,graph,0.13700516521930695,0.0,0.136628195643425,0.0,0.0003769645991269499,9.712419277649767e-06,3
8949,graph,0.1468280404806137,0.0,0.14631938934326172,0.0,0.0005086488090455532,9.71237856993058e-06,3
8950,node,1.265730381011963,0.0004735458642244339,0.0,1.2652568817138672,0.0,9.712337804250827e-06,3
8951,graph,0.23329280316829681,0.0,0.23277515172958374,0.0,0.0005176442209631205,9.712296980611518e-06,3
8952,graph,0.17553170025348663,0.0,0.17476871609687805,0.0,0.0007629817700944841,9.712256099013657e-06,3
8953,graph,0.14861156046390533,0.0,0.14814040064811707,0.0,0.00047115623601712286,9.712215159458255e-06,3
8954,node,0.2710466980934143,0.00047639894182793796,0.0,0.270570307970047,0.0,9.71217416194632e-06,3
8955,graph,0.14449091255664825,0.0,0.1441105306148529,0.0,0.0003803842409979552,9.712133106478867e-06,3
8956,graph,0.14261534810066223,0.0,0.1421777456998825,0.0,0.0004376028082333505,9.712091993056906e-06,3
8957,graph,0.17076723277568817,0.0,0.170171856880188,0.0,0.0005953748477622867,9.712050821681452e-06,3
8958,node,0.22066761553287506,0.000412724883062765,0.0,0.22025489807128906,0.0,9.71200959235352e-06,3
8959,graph,0.1401948183774948,0.0,0.13977673649787903,0.0,0.000418087060097605,9.71196830507413e-06,3
8960,graph,0.15284910798072815,0.0,0.1522577852010727,0.0,0.0005913163768127561,9.7119269598443e-06,3
8961,graph,0.11089344322681427,0.0,0.11062302440404892,0.0,0.0002704174257814884,9.711885556665049e-06,3
8962,node,3.8054535388946533,0.00036933523369953036,0.0,3.805084228515625,0.0,9.711844095537396e-06,3
8963,graph,0.16722023487091064,0.0,0.16683685779571533,0.0,0.00038337043952196836,9.71180257646237e-06,3
8964,graph,0.13843274116516113,0.0,0.13667011260986328,0.0,0.0017626319313421845,9.711760999440991e-06,3
8965,graph,0.1796232908964157,0.0,0.17925980687141418,0.0,0.0003634851018432528,9.711719364474289e-06,3
8966,node,1.5660476684570312,0.0005198060534894466,0.0,1.5655279159545898,0.0,9.711677671563287e-06,3
8967,graph,0.18654142320156097,0.0,0.1860174834728241,0.0,0.0005239361198619008,9.711635920709014e-06,3
8968,graph,0.15373888611793518,0.0,0.15334105491638184,0.0,0.00039783038664609194,9.711594111912502e-06,3
8969,graph,0.20000110566616058,0.0,0.199434295296669,0.0,0.000566807808354497,9.711552245174783e-06,3
8970,node,1.0752068758010864,0.00027684165979735553,0.0,1.0749300718307495,0.0,9.711510320496888e-06,3
8971,graph,0.25905194878578186,0.0,0.25844675302505493,0.0,0.0006051810923963785,9.711468337879853e-06,3
8972,graph,0.14435109496116638,0.0,0.14384672045707703,0.0,0.0005043738055974245,9.711426297324713e-06,3
8973,graph,0.17410942912101746,0.0,0.17352867126464844,0.0,0.0005807519773952663,9.711384198832507e-06,3
8974,node,1.4987127780914307,0.00041323035839013755,0.0,1.4982995986938477,0.0,9.711342042404271e-06,3
8975,graph,0.17693448066711426,0.0,0.1760147213935852,0.0,0.0009197561885230243,9.711299828041048e-06,3
8976,graph,0.18931713700294495,0.0,0.18868482112884521,0.0,0.0006323182606138289,9.711257555743879e-06,3
8977,graph,0.1390056163072586,0.0,0.13861240446567535,0.0,0.00039320936775766313,9.711215225513805e-06,3
8978,node,0.13610152900218964,0.0006275353953242302,0.0,0.13547399640083313,0.0,9.711172837351872e-06,3
8979,graph,0.2968863546848297,0.0,0.2964686155319214,0.0,0.00041774794226512313,9.711130391259124e-06,3
8980,graph,0.14737285673618317,0.0,0.14681044220924377,0.0,0.0005624218028970063,9.711087887236611e-06,3
8981,graph,0.16306208074092865,0.0,0.16263064742088318,0.0,0.00043143294169567525,9.71104532528538e-06,3
8982,node,0.19744153320789337,0.00042897529783658683,0.0,0.19701255857944489,0.0,9.711002705406482e-06,3
8983,graph,0.13885913789272308,0.0,0.13831332325935364,0.0,0.000545813119970262,9.710960027600968e-06,3
8984,graph,0.14477378129959106,0.0,0.14431822299957275,0.0,0.00045556286931969225,9.710917291869892e-06,3
8985,graph,0.13887539505958557,0.0,0.1384255737066269,0.0,0.0004498285998124629,9.710874498214308e-06,3
8986,node,1.8926160335540771,0.00047277507837861776,0.0,1.8921432495117188,0.0,9.710831646635272e-06,3
8987,graph,0.13801324367523193,0.0,0.13719847798347473,0.0,0.0008147702901624143,9.710788737133842e-06,3
8988,graph,0.15751537680625916,0.0,0.15664178133010864,0.0,0.0008735890733078122,9.710745769711075e-06,3
8989,graph,0.11235750466585159,0.0,0.1119794026017189,0.0,0.0003781042469199747,9.710702744368031e-06,3
8990,node,0.26268985867500305,0.0004241190617904067,0.0,0.26226574182510376,0.0,9.710659661105774e-06,3
8991,graph,0.13921064138412476,0.0,0.13871774077415466,0.0,0.0004929028218612075,9.710616519925366e-06,3
8992,graph,0.2902711033821106,0.0,0.28986355662345886,0.0,0.00040755028021521866,9.71057332082787e-06,3
8993,graph,0.1535947322845459,0.0,0.1530570685863495,0.0,0.0005376575281843543,9.710530063814354e-06,3
8994,node,0.3076604902744293,0.00043483974877744913,0.0,0.30722564458847046,0.0,9.710486748885884e-06,3
8995,graph,0.1391647607088089,0.0,0.1388384997844696,0.0,0.00032625897438265383,9.710443376043528e-06,3
8996,graph,0.1373533457517624,0.0,0.13687139749526978,0.0,0.00048194389091804624,9.710399945288357e-06,3
8997,graph,0.18844355642795563,0.0,0.18777771294116974,0.0,0.000665841915179044,9.710356456621446e-06,3
8998,node,1.4886894226074219,0.00046663510147482157,0.0,1.4882228374481201,0.0,9.710312910043864e-06,3
8999,graph,0.12503711879253387,0.0,0.1243029311299324,0.0,0.0007341830059885979,9.710269305556686e-06,3
9000,graph,0.20552226901054382,0.0,0.2052224576473236,0.0,0.0002998080162797123,9.710225643160988e-06,3
9001,graph,0.11526486277580261,0.0,0.11462805420160294,0.0,0.0006368079921230674,9.710181922857848e-06,3
9002,node,0.28541675209999084,0.0004834142455365509,0.0,0.28493332862854004,0.0,9.710138144648343e-06,3
9003,graph,0.1580546349287033,0.0,0.15742498636245728,0.0,0.0006296499050222337,9.710094308533556e-06,3
9004,graph,0.16264785826206207,0.0,0.162226140499115,0.0,0.0004217152891214937,9.710050414514567e-06,3
9005,graph,0.13488513231277466,0.0,0.1344095766544342,0.0,0.00047555266064591706,9.710006462592458e-06,3
9006,node,4.188440322875977,0.0005211704410612583,0.0,4.1879191398620605,0.0,9.709962452768316e-06,3
9007,graph,0.19675849378108978,0.0,0.19622817635536194,0.0,0.0005303134093992412,9.709918385043223e-06,3
9008,graph,0.21880775690078735,0.0,0.21819359064102173,0.0,0.0006141648627817631,9.709874259418272e-06,3
9009,graph,0.15257811546325684,0.0,0.15194839239120483,0.0,0.0006297164945863187,9.709830075894549e-06,3
9010,node,1.9205477237701416,0.0003952325787395239,0.0,1.9201525449752808,0.0,9.709785834473141e-06,3
9011,graph,0.1869916319847107,0.0,0.1863783597946167,0.0,0.0006132664275355637,9.709741535155145e-06,3
9012,graph,0.15041138231754303,0.0,0.14956042170524597,0.0,0.0008509604376740754,9.70969717794165e-06,3
9013,graph,0.159488707780838,0.0,0.15906935930252075,0.0,0.00041934428736567497,9.709652762833754e-06,3
9014,node,2.001161813735962,0.00041496098856441677,0.0,2.000746965408325,0.0,9.709608289832551e-06,3
9015,graph,0.3594304323196411,0.0,0.3590874671936035,0.0,0.0003429593052715063,9.709563758939137e-06,3
9016,graph,0.1542968451976776,0.0,0.15357768535614014,0.0,0.000719153496902436,9.709519170154612e-06,3
9017,graph,0.12856236100196838,0.0,0.12827327847480774,0.0,0.0002890806063078344,9.709474523480078e-06,3
9018,node,2.3558156490325928,0.00037181578227318823,0.0,2.3554437160491943,0.0,9.709429818916632e-06,3
9019,graph,0.2588793635368347,0.0,0.25836417078971863,0.0,0.0005151834920980036,9.70938505646538e-06,3
9020,graph,0.16870874166488647,0.0,0.16815799474716187,0.0,0.0005507519817911088,9.709340236127429e-06,3
9021,graph,0.11779669672250748,0.0,0.11755035817623138,0.0,0.0002463400596752763,9.70929535790388e-06,3
9022,node,1.2780051231384277,0.0006065323250368237,0.0,1.2773985862731934,0.0,9.709250421795843e-06,3
9023,graph,0.15742285549640656,0.0,0.15703962743282318,0.0,0.0003832235233858228,9.709205427804428e-06,3
9024,graph,0.1315421313047409,0.0,0.13096792995929718,0.0,0.0005742067005485296,9.709160375930741e-06,3
9025,graph,0.12012472003698349,0.0,0.11962457001209259,0.0,0.0005001481622457504,9.709115266175897e-06,3
9026,node,1.2886314392089844,0.00031091226264834404,0.0,1.288320541381836,0.0,9.709070098541007e-06,3
9027,graph,0.13355639576911926,0.0,0.1332719922065735,0.0,0.0002844099362846464,9.709024873027188e-06,3
9028,graph,0.17328587174415588,0.0,0.17277218401432037,0.0,0.0005136916879564524,9.708979589635554e-06,3
9029,graph,0.09587202221155167,0.0,0.09545531868934631,0.0,0.00041670448263175786,9.708934248367222e-06,3
9030,node,0.22975318133831024,0.0004005688242614269,0.0,0.22935260832309723,0.0,9.708888849223312e-06,3
9031,graph,0.16756495833396912,0.0,0.16735783219337463,0.0,0.0002071241760859266,9.708843392204944e-06,3
9032,graph,0.10898866504430771,0.0,0.10832571983337402,0.0,0.0006629416020587087,9.70879787731324e-06,3
9033,graph,0.13832755386829376,0.0,0.1379825919866562,0.0,0.00034496738226152956,9.708752304549322e-06,3
9034,node,0.19548067450523376,0.0003641838557086885,0.0,0.19511649012565613,0.0,9.708706673914314e-06,3
9035,graph,0.15345469117164612,0.0,0.15272656083106995,0.0,0.0007281263242475688,9.708660985409343e-06,3
9036,graph,0.14906516671180725,0.0,0.14877960085868835,0.0,0.0002855720231309533,9.708615239035537e-06,3
9037,graph,0.1393866389989853,0.0,0.1387597918510437,0.0,0.000626847380772233,9.708569434794023e-06,3
9038,node,0.6645584106445312,0.0005041663534939289,0.0,0.6640542149543762,0.0,9.708523572685933e-06,3
9039,graph,0.11332903802394867,0.0,0.11290459334850311,0.0,0.00042444129940122366,9.708477652712395e-06,3
9040,graph,0.14803270995616913,0.0,0.14745691418647766,0.0,0.000575801997911185,9.708431674874546e-06,3
9041,graph,0.2049720138311386,0.0,0.20439636707305908,0.0,0.0005756409955210984,9.708385639173519e-06,3
9042,node,1.4175995588302612,0.00038081296952441335,0.0,1.417218804359436,0.0,9.70833954561045e-06,3
9043,graph,0.1574384719133377,0.0,0.15603062510490417,0.0,0.0014078470412641764,9.708293394186478e-06,3
9044,graph,0.15600335597991943,0.0,0.1554485559463501,0.0,0.000554802711121738,9.708247184902739e-06,3
9045,graph,0.14632466435432434,0.0,0.14548933506011963,0.0,0.0008353227167390287,9.708200917760374e-06,3
9046,node,0.6752642393112183,0.0004309467040002346,0.0,0.6748332977294922,0.0,9.708154592760525e-06,3
9047,graph,0.15969668328762054,0.0,0.15918487310409546,0.0,0.0005118067492730916,9.708108209904334e-06,3
9048,graph,0.13678880035877228,0.0,0.1361435055732727,0.0,0.0006452964735217392,9.708061769192946e-06,3
9049,graph,0.1361032873392105,0.0,0.13571658730506897,0.0,0.0003866976476274431,9.708015270627508e-06,3
9050,node,0.2514692544937134,0.0004272781661711633,0.0,0.251041978597641,0.0,9.707968714209167e-06,3
9051,graph,0.13815313577651978,0.0,0.13773252069950104,0.0,0.00042062162538059056,9.70792209993907e-06,3
9052,graph,0.18079204857349396,0.0,0.18024024367332458,0.0,0.0005518054240383208,9.707875427818368e-06,3
9053,graph,0.25155338644981384,0.0,0.250691294670105,0.0,0.0008620776934549212,9.707828697848214e-06,3
9054,node,1.2366477251052856,0.0004439296026248485,0.0,1.2362037897109985,0.0,9.707781910029759e-06,3
9055,graph,0.23516352474689484,0.0,0.23478953540325165,0.0,0.00037398829590529203,9.707735064364158e-06,3
9056,graph,1.2920687198638916,0.0,1.2913471460342407,0.0,0.0007215884397737682,9.707688160852569e-06,3
9057,graph,0.145581915974617,0.0,0.14517465233802795,0.0,0.000407258776249364,9.707641199496146e-06,3
9058,node,1.5265523195266724,0.00034715270157903433,0.0,1.5262051820755005,0.0,9.70759418029605e-06,3
9059,graph,0.12284425646066666,0.0,0.12234079837799072,0.0,0.0005034583155065775,9.707547103253442e-06,3
9060,graph,0.5251448154449463,0.0,0.524273693561554,0.0,0.000871103024110198,9.70749996836948e-06,3
9061,graph,0.149693563580513,0.0,0.14919395744800568,0.0,0.0004996100906282663,9.707452775645329e-06,3
9062,node,9.859842300415039,0.0005804008687846363,0.0,9.859261512756348,0.0,9.707405525082153e-06,3
9063,graph,0.16224405169487,0.0,0.1617952585220337,0.0,0.00044879893539473414,9.70735821668112e-06,3
9064,graph,0.15042215585708618,0.0,0.15002864599227905,0.0,0.00039350526640191674,9.707310850443393e-06,3
9065,graph,0.17804166674613953,0.0,0.17748767137527466,0.0,0.000553994148503989,9.707263426370144e-06,3
9066,node,0.17341358959674835,0.0005772192380391061,0.0,0.17283636331558228,0.0,9.707215944462543e-06,3
9067,graph,0.12418320775032043,0.0,0.12369253486394882,0.0,0.0004906753893010318,9.707168404721761e-06,3
9068,graph,0.11795598268508911,0.0,0.1173875704407692,0.0,0.0005684121861122549,9.707120807148971e-06,3
9069,graph,0.14061516523361206,0.0,0.1399000585079193,0.0,0.0007151003228500485,9.70707315174535e-06,3
9070,node,0.8806236386299133,0.0004232549399603158,0.0,0.8802003860473633,0.0,9.707025438512068e-06,3
9071,graph,0.1642400324344635,0.0,0.16381508111953735,0.0,0.00042495658271946013,9.706977667450306e-06,3
9072,graph,0.14955997467041016,0.0,0.14851033687591553,0.0,0.0010496367467567325,9.706929838561243e-06,3
9073,graph,0.1536019891500473,0.0,0.15318232774734497,0.0,0.0004196585214231163,9.70688195184606e-06,3
9074,node,1.1692825555801392,0.0004590136813931167,0.0,1.1688235998153687,0.0,9.706834007305933e-06,3
9075,graph,0.13764293491840363,0.0,0.13716214895248413,0.0,0.000480783375678584,9.706786004942053e-06,3
9076,graph,0.1385340541601181,0.0,0.1381557285785675,0.0,0.00037832584348507226,9.706737944755597e-06,3
9077,graph,0.11520431190729141,0.0,0.11480236053466797,0.0,0.00040195457404479384,9.706689826747755e-06,3
9078,node,1.3148969411849976,0.0004972656606696546,0.0,1.3143997192382812,0.0,9.706641650919712e-06,3
9079,graph,0.14863543212413788,0.0,0.14816758036613464,0.0,0.00046784590813331306,9.706593417272659e-06,3
9080,graph,0.17211724817752838,0.0,0.17161911725997925,0.0,0.0004981273086741567,9.706545125807787e-06,3
9081,graph,0.18118774890899658,0.0,0.1807718724012375,0.0,0.00041588069871068,9.706496776526286e-06,3
9082,node,1.5740081071853638,0.0005508081521838903,0.0,1.5734572410583496,0.0,9.706448369429348e-06,3
9083,graph,0.1445259153842926,0.0,0.1440613567829132,0.0,0.00046455158735625446,9.706399904518168e-06,3
9084,graph,0.14067818224430084,0.0,0.13966143131256104,0.0,0.0010167437139898539,9.706351381793941e-06,3
9085,graph,0.6066649556159973,0.0,0.6061466932296753,0.0,0.0005182450404390693,9.706302801257867e-06,3
9086,node,1.2563250064849854,0.00044594070641323924,0.0,1.2558790445327759,0.0,9.70625416291114e-06,3
9087,graph,0.12117552012205124,0.0,0.12079091370105743,0.0,0.00038460991345345974,9.706205466754967e-06,3
9088,graph,0.15030965209007263,0.0,0.14938879013061523,0.0,0.000920860271435231,9.706156712790543e-06,3
9089,graph,0.14044374227523804,0.0,0.13963763415813446,0.0,0.000806114636361599,9.706107901019074e-06,3
9090,node,0.5591689348220825,0.000726624857634306,0.0,0.5584422945976257,0.0,9.706059031441764e-06,3
9091,graph,0.11915292590856552,0.0,0.11808151006698608,0.0,0.0010714154923334718,9.70601010405982e-06,3
9092,graph,0.1719846874475479,0.0,0.1715414971113205,0.0,0.00044318297295831144,9.705961118874445e-06,3
9093,graph,0.2136901170015335,0.0,0.2134099006652832,0.0,0.00028021782054565847,9.705912075886852e-06,3
9094,node,2.3856253623962402,0.00043300114339217544,0.0,2.385192394256592,0.0,9.70586297509825e-06,3
9095,graph,0.10918198525905609,0.0,0.10869008302688599,0.0,0.0004919016500934958,9.70581381650985e-06,3
9096,graph,0.11270635575056076,0.0,0.11229674518108368,0.0,0.00040961100603453815,9.705764600122866e-06,3
9097,graph,0.1651318371295929,0.0,0.16441233456134796,0.0,0.0007195074576884508,9.70571532593851e-06,3
9098,node,19.311403274536133,0.00039681990165263414,0.0,19.311006546020508,0.0,9.705665993958e-06,3
9099,graph,0.13810671865940094,0.0,0.1372404396533966,0.0,0.0008662776672281325,9.705616604182553e-06,3
9100,graph,0.15064232051372528,0.0,0.15010160207748413,0.0,0.0005407255375757813,9.705567156613387e-06,3
9101,graph,0.1824597865343094,0.0,0.18220287561416626,0.0,0.0002569036150816828,9.705517651251722e-06,3
9102,node,0.19306284189224243,0.0004085032851435244,0.0,0.1926543414592743,0.0,9.70546808809878e-06,3
9103,graph,0.14294648170471191,0.0,0.1425662338733673,0.0,0.00038025074172765017,9.705418467155783e-06,3
9104,graph,0.1401624232530594,0.0,0.13965514302253723,0.0,0.0005072791245765984,9.705368788423957e-06,3
9105,graph,0.16166487336158752,0.0,0.16102257370948792,0.0,0.0006423050654120743,9.705319051904526e-06,3
9106,node,9.717098236083984,0.0020472307223826647,0.0,9.71505069732666,0.0,9.705269257598717e-06,3
9107,graph,0.12440242618322372,0.0,0.12383483350276947,0.0,0.0005675934953615069,9.70521940550776e-06,3
9108,graph,0.15723301470279694,0.0,0.1569143384695053,0.0,0.0003186818503309041,9.705169495632884e-06,3
9109,graph,0.14016230404376984,0.0,0.1396193951368332,0.0,0.0005429162993095815,9.705119527975323e-06,3
9110,node,0.28758567571640015,0.000529819808434695,0.0,0.2870558500289917,0.0,9.705069502536308e-06,3
9111,graph,0.13119672238826752,0.0,0.13032764196395874,0.0,0.000869085022713989,9.705019419317072e-06,3
9112,graph,0.12486379593610764,0.0,0.12441761791706085,0.0,0.0004461774951778352,9.704969278318853e-06,3
9113,graph,0.16348637640476227,0.0,0.162733793258667,0.0,0.0007525869878008962,9.704919079542887e-06,3
9114,node,5.63472843170166,0.0003443480236455798,0.0,5.6343841552734375,0.0,9.704868822990413e-06,3
9115,graph,0.17742103338241577,0.0,0.17688938975334167,0.0,0.0005316391470842063,9.70481850866267e-06,3
9116,graph,0.1438145637512207,0.0,0.14317375421524048,0.0,0.0006408104090951383,9.704768136560901e-06,3
9117,graph,0.18995393812656403,0.0,0.1896076202392578,0.0,0.0003463239117991179,9.70471770668635e-06,3
9118,node,35.80727005004883,0.0004600328975357115,0.0,35.80680847167969,0.0,9.704667219040257e-06,3
9119,graph,0.15049639344215393,0.0,0.1498948037624359,0.0,0.0006015885737724602,9.704616673623872e-06,3
9120,graph,0.16952939331531525,0.0,0.16898193955421448,0.0,0.000547447765711695,9.704566070438439e-06,3
9121,graph,0.1514882594347,0.0,0.1510048806667328,0.0,0.00048337929183617234,9.70451540948521e-06,3
9122,node,0.202532559633255,0.00046574350562877953,0.0,0.2020668089389801,0.0,9.704464690765431e-06,3
9123,graph,0.11707615107297897,0.0,0.11653521656990051,0.0,0.0005409363657236099,9.704413914280357e-06,3
9124,graph,0.1420821249485016,0.0,0.14164115488529205,0.0,0.00044096840429119766,9.704363080031237e-06,3
9125,graph,0.13308948278427124,0.0,0.1324138194322586,0.0,0.0006756594520993531,9.70431218801933e-06,3
9126,node,1.2913742065429688,0.0005277112941257656,0.0,1.2908464670181274,0.0,9.704261238245887e-06,3
9127,graph,0.15681566298007965,0.0,0.15624915063381195,0.0,0.0005665112403221428,9.70421023071217e-06,3
9128,graph,0.14365921914577484,0.0,0.14314863085746765,0.0,0.0005105814198032022,9.704159165419431e-06,3
9129,graph,0.1882946640253067,0.0,0.18789300322532654,0.0,0.000401657132897526,9.704108042368936e-06,3
9130,node,9.97667121887207,0.00040957273449748755,0.0,9.976262092590332,0.0,9.704056861561946e-06,3
9131,graph,0.15146870911121368,0.0,0.15056252479553223,0.0,0.0009061916498467326,9.704005622999723e-06,3
9132,graph,0.4253498315811157,0.0,0.1593855619430542,0.0,0.2659642696380615,9.70395432668353e-06,3
9133,graph,0.19001224637031555,0.0,0.18946391344070435,0.0,0.000548330310266465,9.70390297261463e-06,3
9134,node,0.5103228092193604,0.0005860038800165057,0.0,0.5097367763519287,0.0,9.703851560794297e-06,3
9135,graph,0.13577738404273987,0.0,0.135122612118721,0.0,0.0006547748926095665,9.703800091223795e-06,3
9136,graph,0.12181618809700012,0.0,0.12119239568710327,0.0,0.0006237918278202415,9.703748563904395e-06,3
9137,graph,0.13146579265594482,0.0,0.13097046315670013,0.0,0.0004953260067850351,9.703696978837368e-06,3
9138,node,1.6323235034942627,0.00046651388402096927,0.0,1.6318570375442505,0.0,9.703645336023987e-06,3
9139,graph,0.12403786182403564,0.0,0.12344759702682495,0.0,0.0005902648554183543,9.703593635465526e-06,3
9140,graph,0.18996524810791016,0.0,0.18879972398281097,0.0,0.0011655243579298258,9.70354187716326e-06,3
9141,graph,0.1801673024892807,0.0,0.17950665950775146,0.0,0.0006606403039768338,9.703490061118467e-06,3
9142,node,33.62611770629883,0.00045389067963697016,0.0,33.62566375732422,0.0,9.703438187332426e-06,3
9143,graph,0.1575566828250885,0.0,0.15704545378684998,0.0,0.0005112236831337214,9.703386255806416e-06,3
9144,graph,0.16748179495334625,0.0,0.16687388718128204,0.0,0.0006079036393202841,9.703334266541718e-06,3
9145,graph,0.13850431144237518,0.0,0.13803470134735107,0.0,0.00046961038606241345,9.703282219539617e-06,3
9146,node,4.054144382476807,0.000537098094355315,0.0,4.05360746383667,0.0,9.703230114801395e-06,3
9147,graph,0.15467821061611176,0.0,0.1540825515985489,0.0,0.0005956536624580622,9.703177952328339e-06,3
9148,graph,0.14418911933898926,0.0,0.14373119175434113,0.0,0.000457932852441445,9.703125732121734e-06,3
9149,graph,0.12172532826662064,0.0,0.12120916694402695,0.0,0.0005161611479707062,9.703073454182871e-06,3
9150,node,0.3495389521121979,0.0004899814375676215,0.0,0.3490489721298218,0.0,9.70302111851304e-06,3
9151,graph,0.13647206127643585,0.0,0.1358053833246231,0.0,0.0006666752742603421,9.70296872511353e-06,3
9152,graph,0.15947186946868896,0.0,0.15883269906044006,0.0,0.0006391741917468607,9.702916273985635e-06,3
9153,graph,0.13357429206371307,0.0,0.13291355967521667,0.0,0.0006607268005609512,9.702863765130649e-06,3
9154,node,1.4763456583023071,0.00047646215534769,0.0,1.4758691787719727,0.0,9.702811198549867e-06,3
9155,graph,0.14375631511211395,0.0,0.14319349825382233,0.0,0.0005628226208500564,9.702758574244589e-06,3
9156,graph,0.14760355651378632,0.0,0.1470629870891571,0.0,0.0005405732663348317,9.70270589221611e-06,3
9157,graph,0.11484026163816452,0.0,0.11444935202598572,0.0,0.00039091004873625934,9.702653152465732e-06,3
9158,node,1.9474284648895264,0.00041942321695387363,0.0,1.9470090866088867,0.0,9.702600354994755e-06,3
9159,graph,0.15509487688541412,0.0,0.15464337170124054,0.0,0.00045150378718972206,9.702547499804482e-06,3
9160,graph,0.25297147035598755,0.0,0.25247931480407715,0.0,0.0004921602667309344,9.702494586896218e-06,3
9161,graph,0.14106535911560059,0.0,0.14068588614463806,0.0,0.000379475939553231,9.702441616271266e-06,3
9162,node,0.8360253572463989,0.000549527641851455,0.0,0.8354758024215698,0.0,9.702388587930936e-06,3
9163,graph,0.1410561352968216,0.0,0.1406361162662506,0.0,0.00042002572445198894,9.702335501876534e-06,3
9164,graph,0.18620918691158295,0.0,0.18566222488880157,0.0,0.000546962721273303,9.702282358109373e-06,3
9165,graph,0.14556869864463806,0.0,0.14449407160282135,0.0,0.0010746329789981246,9.70222915663076e-06,3
9166,node,4.717719554901123,0.0004497801710385829,0.0,4.7172698974609375,0.0,9.70217589744201e-06,3
9167,graph,0.14429904520511627,0.0,0.14376097917556763,0.0,0.0005380616639740765,9.702122580544439e-06,3
9168,graph,0.1507454663515091,0.0,0.15001492202281952,0.0,0.0007305425242520869,9.70206920593936e-06,3
9169,graph,0.14697732031345367,0.0,0.14632439613342285,0.0,0.0006529178353957832,9.70201577362809e-06,3
9170,node,0.516136884689331,0.00045562750892713666,0.0,0.515681266784668,0.0,9.70196228361195e-06,3
9171,graph,0.12119878083467484,0.0,0.12059120833873749,0.0,0.0006075702258385718,9.701908735892256e-06,3
9172,graph,0.13936848938465118,0.0,0.13885802030563354,0.0,0.0005104683223180473,9.701855130470331e-06,3
9173,graph,0.17635150253772736,0.0,0.17570871114730835,0.0,0.0006427848129533231,9.7018014673475e-06,3
9174,node,5.218109130859375,0.0004513071908149868,0.0,5.217658042907715,0.0,9.701747746525082e-06,3
9175,graph,0.15160886943340302,0.0,0.15106245875358582,0.0,0.0005464148125611246,9.701693968004407e-06,3
9176,graph,0.1694527268409729,0.0,0.16891774535179138,0.0,0.0005349833518266678,9.7016401317868e-06,3
9177,graph,0.15111295878887177,0.0,0.15059857070446014,0.0,0.0005143817979842424,9.701586237873591e-06,3
9178,node,0.6129207015037537,0.0005214643315412104,0.0,0.6123992204666138,0.0,9.701532286266107e-06,3
9179,graph,0.12093332409858704,0.0,0.12060289084911346,0.0,0.00033043563598766923,9.70147827696568e-06,3
9180,graph,0.13808828592300415,0.0,0.1376824676990509,0.0,0.000405814906116575,9.701424209973646e-06,3
9181,graph,0.17273396253585815,0.0,0.17237338423728943,0.0,0.00036058187833987176,9.701370085291333e-06,3
9182,node,6.885714530944824,0.0003857027040794492,0.0,6.885328769683838,0.0,9.701315902920082e-06,3
9183,graph,0.14716824889183044,0.0,0.1467282474040985,0.0,0.00044000506750307977,9.701261662861226e-06,3
9184,graph,0.13785098493099213,0.0,0.13743606209754944,0.0,0.00041491619776934385,9.701207365116107e-06,3
9185,graph,0.13636475801467896,0.0,0.13574492931365967,0.0,0.0006198248011060059,9.701153009686062e-06,3
9186,node,0.21298085153102875,0.0008119759149849415,0.0,0.2121688723564148,0.0,9.701098596572432e-06,3
9187,graph,0.1279064565896988,0.0,0.1274641752243042,0.0,0.0004422811616677791,9.70104412577656e-06,3
9188,graph,0.14814458787441254,0.0,0.14773258566856384,0.0,0.00041200348641723394,9.700989597299791e-06,3
9189,graph,0.17616023123264313,0.0,0.1757618486881256,0.0,0.0003983772185165435,9.70093501114347e-06,3
9190,node,4.342473983764648,0.00034928106470033526,0.0,4.342124938964844,0.0,9.700880367308945e-06,3
9191,graph,0.13135932385921478,0.0,0.13075345754623413,0.0,0.0006058720755390823,9.700825665797563e-06,3
9192,graph,0.13940593600273132,0.0,0.13858526945114136,0.0,0.0008206720231100917,9.700770906610675e-06,3
9193,graph,0.13525669276714325,0.0,0.13477161526679993,0.0,0.0004850724362768233,9.70071608974963e-06,3
9194,node,10.23895263671875,0.0005145921604707837,0.0,10.23843765258789,0.0,9.700661215215781e-06,3
9195,graph,0.14061923325061798,0.0,0.14016631245613098,0.0,0.0004529279249254614,9.700606283010482e-06,3
9196,graph,0.19598539173603058,0.0,0.1950613111257553,0.0,0.000924080319236964,9.70055129313509e-06,3
9197,graph,0.1631111204624176,0.0,0.16260197758674622,0.0,0.0005091492203064263,9.700496245590961e-06,3
9198,node,3.5231258869171143,0.0005383798270486295,0.0,3.522587537765503,0.0,9.700441140379451e-06,3
9199,graph,0.20018267631530762,0.0,0.19972611963748932,0.0,0.00045655309804715216,9.700385977501924e-06,3
9200,graph,0.12322041392326355,0.0,0.12267124652862549,0.0,0.0005491685005836189,9.700330756959736e-06,3
9201,graph,0.14329229295253754,0.0,0.14270776510238647,0.0,0.0005845331470482051,9.700275478754254e-06,3
9202,node,2.0436015129089355,0.0004303361347410828,0.0,2.0431711673736572,0.0,9.700220142886839e-06,3
9203,graph,0.18307246267795563,0.0,0.18271641433238983,0.0,0.00035605038283392787,9.700164749358858e-06,3
9204,graph,0.17667706310749054,0.0,0.1754353940486908,0.0,0.0012416727840900421,9.700109298171678e-06,3
9205,graph,0.18131126463413239,0.0,0.1808696687221527,0.0,0.0004416027513798326,9.700053789326666e-06,3
9206,node,0.19128143787384033,0.000791015278082341,0.0,0.19049042463302612,0.0,9.699998222825193e-06,3
9207,graph,0.2632386088371277,0.0,0.26253607869148254,0.0,0.000702520424965769,9.699942598668626e-06,3
9208,graph,0.15442954003810883,0.0,0.15404263138771057,0.0,0.0003869048086926341,9.699886916858344e-06,3
9209,graph,0.12802471220493317,0.0,0.12750506401062012,0.0,0.0005196456331759691,9.699831177395716e-06,3
9210,node,0.8029724955558777,0.00044885167153552175,0.0,0.802523672580719,0.0,9.69977538028212e-06,3
9211,graph,0.16154463589191437,0.0,0.16102701425552368,0.0,0.000517629028763622,9.699719525518929e-06,3
9212,graph,0.20829269289970398,0.0,0.2077600657939911,0.0,0.0005326286773197353,9.699663613107525e-06,3
9213,graph,0.13760143518447876,0.0,0.13681095838546753,0.0,0.0007904728990979493,9.699607643049286e-06,3
9214,node,0.17164090275764465,0.00045848413719795644,0.0,0.17118242383003235,0.0,9.699551615345594e-06,3
9215,graph,0.14830438792705536,0.0,0.14786486327648163,0.0,0.00043952971464022994,9.699495529997831e-06,3
9216,graph,0.18162958323955536,0.0,0.18066814541816711,0.0,0.0009614325826987624,9.69943938700738e-06,3
9217,graph,0.11912836879491806,0.0,0.11859525740146637,0.0,0.0005331132560968399,9.699383186375628e-06,3
9218,node,0.16142582893371582,0.0004281116125639528,0.0,0.16099771857261658,0.0,9.69932692810396e-06,3
9219,graph,0.13312891125679016,0.0,0.13252292573451996,0.0,0.0006059815059415996,9.699270612193764e-06,3
9220,graph,0.1403329223394394,0.0,0.1396254599094391,0.0,0.0007074594614095986,9.699214238646429e-06,3
9221,graph,0.14741939306259155,0.0,0.14713667333126068,0.0,0.00028272360214032233,9.699157807463348e-06,3
9222,node,2.264188528060913,0.000413742644013837,0.0,2.263774871826172,0.0,9.699101318645913e-06,3
9223,graph,0.20519278943538666,0.0,0.2047133445739746,0.0,0.00047945210826583207,9.699044772195518e-06,3
9224,graph,0.40304824709892273,0.0,0.4026581048965454,0.0,0.0003901456075254828,9.698988168113557e-06,3
9225,graph,0.13762211799621582,0.0,0.13683821260929108,0.0,0.0007839049794711173,9.698931506401427e-06,3
9226,node,8.825324058532715,0.00047867224202491343,0.0,8.824845314025879,0.0,9.698874787060526e-06,3
9227,graph,0.16911455988883972,0.0,0.16882696747779846,0.0,0.0002875954960472882,9.698818010092254e-06,3
9228,graph,0.18915842473506927,0.0,0.18884140253067017,0.0,0.00031702048727311194,9.698761175498013e-06,3
9229,graph,0.19394296407699585,0.0,0.19323274493217468,0.0,0.0007102243253029883,9.698704283279204e-06,3
9230,node,3.647580146789551,0.0004762234166264534,0.0,3.647104024887085,0.0,9.69864733343723e-06,3
9231,graph,0.1929841786623001,0.0,0.19241963326931,0.0,0.0005645517376251519,9.698590325973496e-06,3
9232,graph,0.1518704742193222,0.0,0.15147751569747925,0.0,0.0003929644008167088,9.69853326088941e-06,3
9233,graph,0.29163819551467896,0.0,0.291273295879364,0.0,0.0003648890124168247,9.69847613818638e-06,3
9234,node,1.665074348449707,0.0005935620283707976,0.0,1.6644808053970337,0.0,9.698418957865814e-06,3
9235,graph,0.16449834406375885,0.0,0.1637767106294632,0.0,0.0007216361118480563,9.698361719929126e-06,3
9236,graph,0.14986902475357056,0.0,0.14902916550636292,0.0,0.0008398548816330731,9.698304424377726e-06,3
9237,graph,0.14550021290779114,0.0,0.1446891874074936,0.0,0.0008110192720778286,9.698247071213028e-06,3
9238,node,0.42980900406837463,0.0004623924323823303,0.0,0.42934662103652954,0.0,9.698189660436446e-06,3
9239,graph,0.5344110131263733,0.0,0.534076452255249,0.0,0.0003345804871059954,9.698132192049398e-06,3
9240,graph,0.12921744585037231,0.0,0.12892864644527435,0.0,0.00028880525496788323,9.698074666053303e-06,3
9241,graph,0.21249955892562866,0.0,0.21201419830322266,0.0,0.00048535881796851754,9.698017082449578e-06,3
9242,node,1.1910061836242676,0.00040215111221186817,0.0,1.1906040906906128,0.0,9.697959441239644e-06,3
9243,graph,0.1403741091489792,0.0,0.13982051610946655,0.0,0.0005535931559279561,9.697901742424924e-06,3
9244,graph,0.1581493318080902,0.0,0.15740203857421875,0.0,0.0007472916040569544,9.697843986006842e-06,3
9245,graph,0.13709621131420135,0.0,0.1366693526506424,0.0,0.0004268583143129945,9.697786171986824e-06,3
9246,node,1.3745193481445312,0.00043329165782779455,0.0,1.3740860223770142,0.0,9.697728300366293e-06,3
9247,graph,0.11226456612348557,0.0,0.11188789457082748,0.0,0.00037667242577299476,9.697670371146681e-06,3
9248,graph,0.12996254861354828,0.0,0.12943711876869202,0.0,0.0005254336283542216,9.697612384329416e-06,3
9249,graph,0.17834800481796265,0.0,0.1778513640165329,0.0,0.0004966337000951171,9.697554339915927e-06,3
9250,node,0.31473901867866516,0.0004236946697346866,0.0,0.3143153190612793,0.0,9.697496237907647e-06,3
9251,graph,0.13472343981266022,0.0,0.13416260480880737,0.0,0.0005608307546935976,9.697438078306011e-06,3
9252,graph,0.12759368121623993,0.0,0.12683629989624023,0.0,0.0007573813199996948,9.697379861112453e-06,3
9253,graph,0.1353994607925415,0.0,0.13493719696998596,0.0,0.00046225765254348516,9.69732158632841e-06,3
9254,node,0.3861429691314697,0.000425643811468035,0.0,0.38571733236312866,0.0,9.69726325395532e-06,3
9255,graph,0.18811707198619843,0.0,0.18743380904197693,0.0,0.0006832688814029098,9.697204863994621e-06,3
9256,graph,0.1606084108352661,0.0,0.15988579392433167,0.0,0.0007226122543215752,9.697146416447755e-06,3
9257,graph,0.15643835067749023,0.0,0.1560068577528,0.0,0.0004314928373787552,9.697087911316163e-06,3
9258,node,0.9197031259536743,0.0006799585535191,0.0,0.9190231561660767,0.0,9.69702934860129e-06,3
9259,graph,0.14776402711868286,0.0,0.1471419632434845,0.0,0.000622066087089479,9.69697072830458e-06,3
9260,graph,0.12603770196437836,0.0,0.12567517161369324,0.0,0.0003625334065873176,9.696912050427481e-06,3
9261,graph,0.1680363565683365,0.0,0.16763457655906677,0.0,0.00040178047493100166,9.696853314971438e-06,3
9262,node,10.823196411132812,0.0003944946511182934,0.0,10.82280158996582,0.0,9.696794521937903e-06,3
9263,graph,0.09174418449401855,0.0,0.09146426618099213,0.0,0.0002799206122290343,9.696735671328323e-06,3
9264,graph,0.2753503918647766,0.0,0.27438920736312866,0.0,0.0009611849091015756,9.696676763144154e-06,3
9265,graph,0.16830745339393616,0.0,0.16773447394371033,0.0,0.0005729747354052961,9.696617797386846e-06,3
9266,node,6.614871978759766,0.0006093085394240916,0.0,6.614262580871582,0.0,9.696558774057857e-06,3
9267,graph,0.26871004700660706,0.0,0.268127977848053,0.0,0.0005820744554512203,9.696499693158642e-06,3
9268,graph,0.18531867861747742,0.0,0.18461990356445312,0.0,0.0006987732485868037,9.69644055469066e-06,3
9269,graph,0.16005660593509674,0.0,0.15955832600593567,0.0,0.0004982854006811976,9.696381358655368e-06,3
9270,node,0.41462022066116333,0.0003616456815507263,0.0,0.41425856947898865,0.0,9.696322105054228e-06,3
9271,graph,0.15301653742790222,0.0,0.1526341587305069,0.0,0.0003823773004114628,9.696262793888701e-06,3
9272,graph,0.15209223330020905,0.0,0.15176013112068176,0.0,0.00033210511901415884,9.696203425160251e-06,3
9273,graph,0.1940847933292389,0.0,0.19378241896629333,0.0,0.00030237625469453633,9.696143998870345e-06,3
9274,node,0.33059802651405334,0.00048416038043797016,0.0,0.33011385798454285,0.0,9.696084515020447e-06,3
9275,graph,0.1517678052186966,0.0,0.1512395143508911,0.0,0.0005282931379042566,9.696024973612025e-06,3
9276,graph,0.1437315195798874,0.0,0.14334936439990997,0.0,0.0003821484569925815,9.695965374646548e-06,3
9277,graph,0.14169514179229736,0.0,0.14138677716255188,0.0,0.00030836742371320724,9.695905718125487e-06,3
9278,node,3.9254937171936035,0.00046869568177498877,0.0,3.92502498626709,0.0,9.695846004050314e-06,3
9279,graph,0.16087515652179718,0.0,0.1601831614971161,0.0,0.0006919915904290974,9.695786232422501e-06,3
9280,graph,0.14937274158000946,0.0,0.14885050058364868,0.0,0.0005222340696491301,9.695726403243523e-06,3
9281,graph,0.13878540694713593,0.0,0.13815738260746002,0.0,0.0006280235829763114,9.695666516514857e-06,3
9282,node,100.00042724609375,0.00042695930460467935,0.0,100.0,0.0,9.695606572237982e-06,3
9283,graph,0.15967978537082672,0.0,0.15901197493076324,0.0,0.0006678052595816553,9.695546570414375e-06,3
9284,graph,0.17286859452724457,0.0,0.1720871925354004,0.0,0.0007814034470357001,9.695486511045518e-06,3
9285,graph,0.15085726976394653,0.0,0.1505565643310547,0.0,0.0003007027262356132,9.69542639413289e-06,3
9286,node,1.6939992904663086,0.00042641005711629987,0.0,1.6935728788375854,0.0,9.695366219677979e-06,3
9287,graph,0.14746515452861786,0.0,0.14708083868026733,0.0,0.0003843207668978721,9.695305987682266e-06,3
9288,graph,0.1793406754732132,0.0,0.17885687947273254,0.0,0.00048379122745245695,9.695245698147238e-06,3
9289,graph,0.13944709300994873,0.0,0.13902336359024048,0.0,0.00042372982716187835,9.695185351074385e-06,3
9290,node,2.5602316856384277,0.00045814193435944617,0.0,2.5597734451293945,0.0,9.695124946465193e-06,3
9291,graph,0.12817265093326569,0.0,0.12768492102622986,0.0,0.000487733690533787,9.695064484321153e-06,3
9292,graph,0.19300103187561035,0.0,0.19246971607208252,0.0,0.0005313181900419295,9.69500396464376e-06,3
9293,graph,0.13696642220020294,0.0,0.13650205731391907,0.0,0.00046436270349659026,9.694943387434502e-06,3
9294,node,1.1932306289672852,0.0003164652443956584,0.0,1.1929141283035278,0.0,9.694882752694875e-06,3
9295,graph,0.170135498046875,0.0,0.1697154939174652,0.0,0.0004200015391688794,9.694822060426378e-06,3
9296,graph,0.35547736287117004,0.0,0.35497647523880005,0.0,0.0005008805892430246,9.694761310630506e-06,3
9297,graph,0.13667961955070496,0.0,0.13604825735092163,0.0,0.0006313634803518653,9.69470050330876e-06,3
9298,node,0.3412448763847351,0.0006127369124442339,0.0,0.3406321406364441,0.0,9.694639638462638e-06,3
9299,graph,0.14042264223098755,0.0,0.1399572193622589,0.0,0.0004654298536479473,9.694578716093643e-06,3
9300,graph,0.14498543739318848,0.0,0.14431853592395782,0.0,0.0006668978603556752,9.694517736203279e-06,3
9301,graph,0.13906218111515045,0.0,0.138555109500885,0.0,0.0005070678307674825,9.694456698793049e-06,3
9302,node,0.5686312913894653,0.0005846131825819612,0.0,0.5680466890335083,0.0,9.694395603864458e-06,3
9303,graph,0.1498897224664688,0.0,0.14930549263954163,0.0,0.0005842368118464947,9.694334451419017e-06,3
9304,graph,0.15577368438243866,0.0,0.15528815984725952,0.0,0.0004855239239986986,9.694273241458233e-06,3
9305,graph,0.13101454079151154,0.0,0.1306425929069519,0.0,0.00037194701144471765,9.694211973983616e-06,3
9306,node,1.2756494283676147,0.0004135171475354582,0.0,1.275235891342163,0.0,9.694150648996677e-06,3
9307,graph,0.15181562304496765,0.0,0.1514085829257965,0.0,0.0004070453578606248,9.694089266498933e-06,3
9308,graph,0.13444970548152924,0.0,0.13336922228336334,0.0,0.0010804784251376987,9.694027826491893e-06,3
9309,graph,0.18711204826831818,0.0,0.18651708960533142,0.0,0.0005949554615654051,9.693966328977078e-06,3
9310,node,1.2966471910476685,0.0005143372109159827,0.0,1.2961328029632568,0.0,9.693904773956003e-06,3
9311,graph,0.149167999625206,0.0,0.14845386147499084,0.0,0.0007141312235035002,9.693843161430185e-06,3
9312,graph,0.12662015855312347,0.0,0.12616023421287537,0.0,0.00045991947990842164,9.693781491401146e-06,3
9313,graph,0.14754287898540497,0.0,0.14683619141578674,0.0,0.0007066937396302819,9.69371976387041e-06,3
9314,node,2.352559804916382,0.000583206710871309,0.0,2.3519766330718994,0.0,9.693657978839498e-06,3
9315,graph,0.14082668721675873,0.0,0.14026811718940735,0.0,0.0005585728213191032,9.693596136309933e-06,3
9316,graph,0.1398696005344391,0.0,0.1394975483417511,0.0,0.0003720479435287416,9.693534236283243e-06,3
9317,graph,0.142322838306427,0.0,0.14187727868556976,0.0,0.00044556058128364384,9.693472278760955e-06,3
9318,node,0.24108855426311493,0.0003946969809476286,0.0,0.2406938523054123,0.0,9.693410263744598e-06,3
9319,graph,0.13295428454875946,0.0,0.1324249804019928,0.0,0.0005292994901537895,9.693348191235701e-06,3
9320,graph,0.10019197314977646,0.0,0.09988825023174286,0.0,0.00030372425680980086,9.693286061235796e-06,3
9321,graph,0.14376118779182434,0.0,0.1433837115764618,0.0,0.0003774815413635224,9.693223873746415e-06,3
9322,node,2.195573091506958,0.00043023028410971165,0.0,2.1951427459716797,0.0,9.693161628769095e-06,3
9323,graph,0.1511317491531372,0.0,0.15044350922107697,0.0,0.0006882427260279655,9.69309932630537e-06,3
9324,graph,0.13590025901794434,0.0,0.1354493796825409,0.0,0.00045088332262821496,9.693036966356778e-06,3
9325,graph,0.16690096259117126,0.0,0.16661371290683746,0.0,0.0002872489276342094,9.692974548924856e-06,3
9326,node,0.2503354549407959,0.0018187579698860645,0.0,0.24851670861244202,0.0,9.692912074011146e-06,3
9327,graph,0.1305069625377655,0.0,0.1301698386669159,0.0,0.00033713103039190173,9.692849541617189e-06,3
9328,graph,0.12449770420789719,0.0,0.12402233481407166,0.0,0.00047536901547573507,9.692786951744527e-06,3
9329,graph,0.14300179481506348,0.0,0.1425723135471344,0.0,0.000429484382038936,9.692724304394705e-06,3
9330,node,1.428599238395691,0.00046879248111508787,0.0,1.4281303882598877,0.0,9.69266159956927e-06,3
9331,graph,0.170310378074646,0.0,0.1698509156703949,0.0,0.0004594649944920093,9.692598837269767e-06,3
9332,graph,0.13960640132427216,0.0,0.1392183154821396,0.0,0.00038809323450550437,9.692536017497747e-06,3
9333,graph,0.1438634842634201,0.0,0.14324498176574707,0.0,0.0006184967933222651,9.692473140254757e-06,3
9334,node,0.13270403444766998,0.000486905308207497,0.0,0.13221712410449982,0.0,9.69241020554235e-06,3
9335,graph,0.13725009560585022,0.0,0.13654759526252747,0.0,0.0007024961523711681,9.69234721336208e-06,3
9336,graph,0.1407737135887146,0.0,0.14018628001213074,0.0,0.0005874329945072532,9.692284163715502e-06,3
9337,graph,0.1363404244184494,0.0,0.13575398921966553,0.0,0.0005864312988705933,9.692221056604169e-06,3
9338,node,0.8683111667633057,0.00040652911411598325,0.0,0.8679046630859375,0.0,9.692157892029637e-06,3
9339,graph,0.16870376467704773,0.0,0.16826748847961426,0.0,0.00043627351988106966,9.692094669993468e-06,3
9340,graph,0.13595615327358246,0.0,0.13555273413658142,0.0,0.00040341794374398887,9.692031390497221e-06,3
9341,graph,0.1718137115240097,0.0,0.17131026089191437,0.0,0.0005034509813413024,9.691968053542456e-06,3
9342,node,2.340632915496826,0.0003717370273079723,0.0,2.340261220932007,0.0,9.691904659130737e-06,3
9343,graph,0.1400243490934372,0.0,0.13961751759052277,0.0,0.0004068268754053861,9.691841207263627e-06,3
9344,graph,0.13735684752464294,0.0,0.13691097497940063,0.0,0.0004458742623683065,9.691777697942693e-06,3
9345,graph,0.13124710321426392,0.0,0.1308775395154953,0.0,0.0003695570630952716,9.691714131169502e-06,3
9346,node,41.12065505981445,0.0005372462910600007,0.0,41.1201171875,0.0,9.691650506945621e-06,3
9347,graph,0.1519193947315216,0.0,0.15152034163475037,0.0,0.0003990516997873783,9.691586825272622e-06,3
9348,graph,0.13801948726177216,0.0,0.13767698407173157,0.0,0.00034249972668476403,9.691523086152075e-06,3
9349,graph,0.17845018208026886,0.0,0.17814312875270844,0.0,0.00030705652898177505,9.691459289585552e-06,3
9350,node,2.265385627746582,0.00036812646430917084,0.0,2.265017509460449,0.0,9.691395435574628e-06,3
9351,graph,0.15763676166534424,0.0,0.15712520480155945,0.0,0.0005115499370731413,9.691331524120879e-06,3
9352,graph,0.10944750905036926,0.0,0.10898219048976898,0.0,0.0004653176583815366,9.69126755522588e-06,3
9353,graph,0.12680718302726746,0.0,0.12637396156787872,0.0,0.00043322096462361515,9.691203528891212e-06,3
9354,node,2.8505756855010986,0.00046536230365745723,0.0,2.8501102924346924,0.0,9.691139445118453e-06,3
9355,graph,0.18024417757987976,0.0,0.1795649528503418,0.0,0.0006792221684008837,9.691075303909185e-06,3
9356,graph,0.13508707284927368,0.0,0.1346627175807953,0.0,0.0004243583243805915,9.69101110526499e-06,3
9357,graph,0.12541721761226654,0.0,0.12448833882808685,0.0,0.0009288769797421992,9.690946849187452e-06,3
9358,node,0.7699040770530701,0.0005604502512142062,0.0,0.7693436145782471,0.0,9.690882535678157e-06,3
9359,graph,0.13202974200248718,0.0,0.13061600923538208,0.0,0.0014137276448309422,9.69081816473869e-06,3
9360,graph,0.13024091720581055,0.0,0.1295589804649353,0.0,0.0006819418049417436,9.690753736370644e-06,3
9361,graph,0.17805418372154236,0.0,0.17748120427131653,0.0,0.0005729867261834443,9.690689250575604e-06,3
9362,node,1.196932315826416,0.0004149582819081843,0.0,1.1965173482894897,0.0,9.690624707355162e-06,3
9363,graph,0.14055536687374115,0.0,0.14006975293159485,0.0,0.00048562034498900175,9.690560106710914e-06,3
9364,graph,0.16094210743904114,0.0,0.16036808490753174,0.0,0.0005740209599025548,9.690495448644449e-06,3
9365,graph,0.15728642046451569,0.0,0.15679514408111572,0.0,0.0004912784206680954,9.690430733157367e-06,3
9366,node,5.173691272735596,0.0007929541170597076,0.0,5.172898292541504,0.0,9.690365960251261e-06,3
9367,graph,0.17579300701618195,0.0,0.1751469224691391,0.0,0.0006460849544964731,9.690301129927731e-06,3
9368,graph,0.17139020562171936,0.0,0.16702845692634583,0.0,0.004361751023679972,9.690236242188376e-06,3
9369,graph,0.13131195306777954,0.0,0.13080660998821259,0.0,0.0005053391796536744,9.690171297034798e-06,3
9370,node,12.729696273803711,0.00046479274169541895,0.0,12.729231834411621,0.0,9.690106294468599e-06,3
9371,graph,0.16046100854873657,0.0,0.1601196825504303,0.0,0.00034132591099478304,9.690041234491382e-06,3
9372,graph,0.16808569431304932,0.0,0.16774961352348328,0.0,0.00033607945078983903,9.689976117104753e-06,3
9373,graph,0.14380457997322083,0.0,0.14345064759254456,0.0,0.0003539305762387812,9.689910942310318e-06,3
9374,node,1.5127156972885132,0.00043857740820385516,0.0,1.5122771263122559,0.0,9.689845710109685e-06,3
9375,graph,0.1723988652229309,0.0,0.17180076241493225,0.0,0.000598102284129709,9.689780420504467e-06,3
9376,graph,0.1609562784433365,0.0,0.16043376922607422,0.0,0.0005225107888691127,9.68971507349627e-06,3
9377,graph,0.16264203190803528,0.0,0.16180646419525146,0.0,0.0008355705067515373,9.68964966908671e-06,3
9378,node,0.0915316790342331,0.0004409778048284352,0.0,0.09109070152044296,0.0,9.689584207277401e-06,3
9379,graph,0.1592438519001007,0.0,0.15866999328136444,0.0,0.0005738558247685432,9.689518688069954e-06,3
9380,graph,0.19448460638523102,0.0,0.1936749368906021,0.0,0.0008096688543446362,9.68945311146599e-06,3
9381,graph,0.12221553176641464,0.0,0.12170915305614471,0.0,0.0005063764401711524,9.689387477467124e-06,3
9382,node,0.34329167008399963,0.0006587860407307744,0.0,0.34263288974761963,0.0,9.689321786074977e-06,3
9383,graph,0.15061110258102417,0.0,0.14999397099018097,0.0,0.0006171278655529022,9.68925603729117e-06,3
9384,graph,0.14277395606040955,0.0,0.14221012592315674,0.0,0.0005638334550894797,9.689190231117325e-06,3
9385,graph,0.13074515759944916,0.0,0.13031300902366638,0.0,0.0004321456653997302,9.689124367555066e-06,3
9386,node,1.1955914497375488,0.0004807233635801822,0.0,1.1951106786727905,0.0,9.689058446606018e-06,3
9387,graph,0.13377223908901215,0.0,0.1333937644958496,0.0,0.00037847686326131225,9.688992468271807e-06,3
9388,graph,0.15123021602630615,0.0,0.14875070750713348,0.0,0.0024795159697532654,9.68892643255406e-06,3
9389,graph,0.18951764702796936,0.0,0.1890948861837387,0.0,0.00042275944724678993,9.688860339454409e-06,3
9390,node,1.341046929359436,0.000455886241979897,0.0,1.3405910730361938,0.0,9.688794188974482e-06,3
9391,graph,0.16343477368354797,0.0,0.16257190704345703,0.0,0.0008628593059256673,9.688727981115913e-06,3
9392,graph,0.16296003758907318,0.0,0.1623702049255371,0.0,0.000589832488913089,9.688661715880335e-06,3
9393,graph,0.162698432803154,0.0,0.16235864162445068,0.0,0.00033979761064983904,9.688595393269385e-06,3
9394,node,0.5020726919174194,0.0004572286270558834,0.0,0.5016154646873474,0.0,9.688529013284697e-06,3
9395,graph,0.17206215858459473,0.0,0.17144864797592163,0.0,0.000613509095273912,9.68846257592791e-06,3
9396,graph,0.12351259589195251,0.0,0.12297097593545914,0.0,0.0005416214116849005,9.688396081200662e-06,3
9397,graph,0.12107342481613159,0.0,0.12079761922359467,0.0,0.00027580666937865317,9.688329529104595e-06,3
9398,node,1.471258521080017,0.00037569933920167387,0.0,1.470882773399353,0.0,9.68826291964135e-06,3
9399,graph,0.17613983154296875,0.0,0.175641268491745,0.0,0.0004985652631148696,9.68819625281257e-06,3
9400,graph,0.16158898174762726,0.0,0.16107380390167236,0.0,0.0005151777877472341,9.688129528619904e-06,3
9401,graph,0.17052993178367615,0.0,0.1700305938720703,0.0,0.0004993360489606857,9.688062747064993e-06,3
9402,node,0.37962356209754944,0.0005417098291218281,0.0,0.3790818452835083,0.0,9.687995908149487e-06,3
9403,graph,0.15102973580360413,0.0,0.15046066045761108,0.0,0.0005690709804184735,9.687929011875036e-06,3
9404,graph,0.14011940360069275,0.0,0.13927684724330902,0.0,0.0008425601408816874,9.687862058243292e-06,3
9405,graph,0.1837233006954193,0.0,0.1831265091896057,0.0,0.0005967927863821387,9.687795047255902e-06,3
9406,node,0.12901084125041962,0.000486361124785617,0.0,0.12852448225021362,0.0,9.687727978914525e-06,3
9407,graph,0.15204793214797974,0.0,0.15155428647994995,0.0,0.0004936435143463314,9.687660853220812e-06,3
9408,graph,0.13338598608970642,0.0,0.1326800286769867,0.0,0.0007059533963911235,9.687593670176421e-06,3
9409,graph,0.18393734097480774,0.0,0.18336768448352814,0.0,0.0005696509615518153,9.68752642978301e-06,3
9410,node,1.7699692249298096,0.0005659905727952719,0.0,1.7694032192230225,0.0,9.687459132042234e-06,3
9411,graph,0.12628313899040222,0.0,0.12444280087947845,0.0,0.0018403325229883194,9.68739177695576e-06,3
9412,graph,0.12156039476394653,0.0,0.12105419486761093,0.0,0.0005061974516138434,9.687324364525247e-06,3
9413,graph,0.16276724636554718,0.0,0.16237947344779968,0.0,0.0003877743729390204,9.687256894752357e-06,3
9414,node,0.17897887527942657,0.0005109156481921673,0.0,0.17846795916557312,0.0,9.687189367638755e-06,3
9415,graph,0.1332656592130661,0.0,0.1328023076057434,0.0,0.00046334543731063604,9.687121783186109e-06,3
9416,graph,0.15055735409259796,0.0,0.14969459176063538,0.0,0.0008627675124444067,9.687054141396086e-06,3
9417,graph,0.11881572008132935,0.0,0.11841747164726257,0.0,0.0003982512280344963,9.686986442270355e-06,3
9418,node,2.090545654296875,0.0004932399024255574,0.0,2.090052366256714,0.0,9.686918685810585e-06,3
9419,graph,0.13436883687973022,0.0,0.13395190238952637,0.0,0.0004169285239186138,9.686850872018448e-06,3
9420,graph,0.20810391008853912,0.0,0.20421023666858673,0.0,0.0038936734199523926,9.686783000895619e-06,3
9421,graph,0.12893186509609222,0.0,0.1283581554889679,0.0,0.0005737029714509845,9.686715072443771e-06,3
9422,node,1.633804202079773,0.000440518488176167,0.0,1.6333637237548828,0.0,9.68664708666458e-06,3
9423,graph,0.1464892029762268,0.0,0.14603041112422943,0.0,0.0004587885632645339,9.686579043559725e-06,3
9424,graph,0.2012517750263214,0.0,0.20055034756660461,0.0,0.0007014237926341593,9.686510943130885e-06,3
9425,graph,0.17640408873558044,0.0,0.17612174153327942,0.0,0.0002823453105520457,9.686442785379739e-06,3
9426,node,0.17811161279678345,0.0003662065137177706,0.0,0.17774540185928345,0.0,9.68637457030797e-06,3
9427,graph,0.16164158284664154,0.0,0.16120514273643494,0.0,0.00043643932440318167,9.686306297917258e-06,3
9428,graph,0.16817720234394073,0.0,0.1677694469690323,0.0,0.00040774838998913765,9.686237968209291e-06,3
9429,graph,0.16323037445545197,0.0,0.16256797313690186,0.0,0.0006624059751629829,9.686169581185754e-06,3
9430,node,1.1220582723617554,0.0004495664907153696,0.0,1.1216087341308594,0.0,9.686101136848335e-06,3
9431,graph,0.15421128273010254,0.0,0.15360942482948303,0.0,0.0006018614512868226,9.68603263519872e-06,3
9432,graph,0.14102211594581604,0.0,0.14057117700576782,0.0,0.00045094138476997614,9.685964076238603e-06,3
9433,graph,0.15308211743831635,0.0,0.15252383053302765,0.0,0.0005582935991697013,9.685895459969673e-06,3
9434,node,0.2091507613658905,0.0004834769933950156,0.0,0.20866727828979492,0.0,9.685826786393624e-06,3
9435,graph,0.10901240259408951,0.0,0.1085774302482605,0.0,0.0004349754599388689,9.68575805551215e-06,3
9436,graph,0.17663249373435974,0.0,0.17635032534599304,0.0,0.0002821735688485205,9.685689267326948e-06,3
9437,graph,0.14802636206150055,0.0,0.14774474501609802,0.0,0.00028162336093373597,9.685620421839713e-06,3
9438,node,1.7680085897445679,0.00043919336167164147,0.0,1.7675694227218628,0.0,9.685551519052148e-06,3
9439,graph,0.14601020514965057,0.0,0.14562863111495972,0.0,0.00038157004746608436,9.685482558965947e-06,3
9440,graph,0.15908250212669373,0.0,0.1584269255399704,0.0,0.0006555826985277236,9.685413541582817e-06,3
9441,graph,0.2260262668132782,0.0,0.22504213452339172,0.0,0.000984136015176773,9.685344466904458e-06,3
9442,node,0.2456969916820526,0.000575010315515101,0.0,0.24512198567390442,0.0,9.685275334932574e-06,3
9443,graph,0.11738118529319763,0.0,0.11666209250688553,0.0,0.0007190941250883043,9.685206145668872e-06,3
9444,graph,0.16628742218017578,0.0,0.16579121351242065,0.0,0.0004962126258760691,9.68513689911506e-06,3
9445,graph,0.13164056837558746,0.0,0.13105449080467224,0.0,0.0005860753008164465,9.685067595272846e-06,3
9446,node,0.7854731678962708,0.00043266068678349257,0.0,0.7850404977798462,0.0,9.68499823414394e-06,3
9447,graph,0.15797385573387146,0.0,0.15754544734954834,0.0,0.0004284069873392582,9.684928815730051e-06,3
9448,graph,0.12547992169857025,0.0,0.12496526539325714,0.0,0.0005146589828655124,9.684859340032895e-06,3
9449,graph,0.14739713072776794,0.0,0.14703240990638733,0.0,0.0003647179692052305,9.684789807054187e-06,3
9450,node,1.1334019899368286,0.0005573012749664485,0.0,1.1328446865081787,0.0,9.68472021679564e-06,3
9451,graph,0.15060698986053467,0.0,0.1502019464969635,0.0,0.0004050459247082472,9.68465056925897e-06,3
9452,graph,0.15332575142383575,0.0,0.1529545933008194,0.0,0.0003711516037583351,9.684580864445899e-06,3
9453,graph,0.1545289307832718,0.0,0.15422938764095306,0.0,0.00029954779893159866,9.684511102358143e-06,3
9454,node,9.386234283447266,0.0004697325930465013,0.0,9.385764122009277,0.0,9.684441282997428e-06,3
9455,graph,0.1932346224784851,0.0,0.1927623301744461,0.0,0.0004722902085632086,9.684371406365473e-06,3
9456,graph,0.15646648406982422,0.0,0.15603022277355194,0.0,0.0004362605104688555,9.684301472464005e-06,3
9457,graph,0.13350801169872284,0.0,0.13292157649993896,0.0,0.0005864317063242197,9.684231481294745e-06,3
9458,node,7.111310005187988,0.000480708695249632,0.0,7.1108293533325195,0.0,9.684161432859424e-06,3
9459,graph,0.16237212717533112,0.0,0.1618497669696808,0.0,0.0005223593907430768,9.68409132715977e-06,3
9460,graph,0.15334631502628326,0.0,0.15286052227020264,0.0,0.00048579409485682845,9.684021164197511e-06,3
9461,graph,0.2228693813085556,0.0,0.22243128716945648,0.0,0.00043808846385218203,9.68395094397438e-06,3
9462,node,1.5311840772628784,0.0003936358552891761,0.0,1.5307904481887817,0.0,9.683880666492109e-06,3
9463,graph,0.14692214131355286,0.0,0.14634615182876587,0.0,0.000575990357901901,9.683810331752432e-06,3
9464,graph,0.17700344324111938,0.0,0.1756894886493683,0.0,0.001313949003815651,9.683739939757085e-06,3
9465,graph,0.1339660882949829,0.0,0.13333149254322052,0.0,0.0006345891742967069,9.683669490507803e-06,3
9466,node,1.3129860162734985,0.0004118274664506316,0.0,1.3125741481781006,0.0,9.683598984006326e-06,3
9467,graph,0.13875935971736908,0.0,0.13838985562324524,0.0,0.0003695026389323175,9.683528420254394e-06,3
9468,graph,0.16098250448703766,0.0,0.16043151915073395,0.0,0.0005509900511242449,9.683457799253745e-06,3
9469,graph,0.1640113741159439,0.0,0.16294361650943756,0.0,0.0010677537648007274,9.683387121006125e-06,3
9470,node,0.16437369585037231,0.0005421543610282242,0.0,0.16383154690265656,0.0,9.683316385513276e-06,3
9471,graph,0.14643393456935883,0.0,0.14578670263290405,0.0,0.000647237291559577,9.683245592776945e-06,3
9472,graph,0.14204354584217072,0.0,0.14158223569393158,0.0,0.00046131014823913574,9.683174742798878e-06,3
9473,graph,0.22324295341968536,0.0,0.22277669608592987,0.0,0.0004662604187615216,9.683103835580822e-06,3
9474,node,0.2052994966506958,0.0003630715364124626,0.0,0.2049364298582077,0.0,9.683032871124527e-06,3
9475,graph,0.13692209124565125,0.0,0.13654428720474243,0.0,0.00037780485581606627,9.682961849431745e-06,3
9476,graph,0.12352955341339111,0.0,0.1230664923787117,0.0,0.0004630634211935103,9.682890770504226e-06,3
9477,graph,0.1604335457086563,0.0,0.15995565056800842,0.0,0.00047788998926989734,9.682819634343728e-06,3
9478,node,0.14703813195228577,0.0004954176838509738,0.0,0.1465427130460739,0.0,9.682748440952002e-06,3
9479,graph,0.1324004828929901,0.0,0.13203489780426025,0.0,0.00036559172440320253,9.682677190330809e-06,3
9480,graph,0.2995481789112091,0.0,0.29923054575920105,0.0,0.00031763213337399065,9.682605882481903e-06,3
9481,graph,0.13140299916267395,0.0,0.13096296787261963,0.0,0.00044003347284160554,9.682534517407046e-06,3
9482,node,2.1105093955993652,0.0005007910076528788,0.0,2.110008716583252,0.0,9.682463095107996e-06,3
9483,graph,0.16761040687561035,0.0,0.16721440851688385,0.0,0.000396003044443205,9.682391615586518e-06,3
9484,graph,0.1848159283399582,0.0,0.1770016849040985,0.0,0.007814238779246807,9.682320078844375e-06,3
9485,graph,0.13312458992004395,0.0,0.1327127069234848,0.0,0.00041188544128090143,9.682248484883331e-06,3
9486,node,11.866467475891113,0.00041694092215038836,0.0,11.866050720214844,0.0,9.682176833705154e-06,3
9487,graph,0.16182954609394073,0.0,0.16121983528137207,0.0,0.0006097041768953204,9.682105125311611e-06,3
9488,graph,0.15741753578186035,0.0,0.15693935751914978,0.0,0.0004781796014867723,9.682033359704472e-06,3
9489,graph,0.1563984751701355,0.0,0.15594172477722168,0.0,0.00045674576540477574,9.681961536885508e-06,3
9490,node,2.4072139263153076,0.0005533795920200646,0.0,2.406660556793213,0.0,9.68188965685649e-06,3
9491,graph,0.16606882214546204,0.0,0.16557420790195465,0.0,0.000494619831442833,9.681817719619191e-06,3
9492,graph,0.16475659608840942,0.0,0.1643274426460266,0.0,0.0004291485820431262,9.681745725175388e-06,3
9493,graph,0.1215834766626358,0.0,0.12113501876592636,0.0,0.0004484559176489711,9.681673673526856e-06,3
9494,node,1.5072038173675537,0.0003805923624895513,0.0,1.506823182106018,0.0,9.681601564675373e-06,3
9495,graph,0.1761210709810257,0.0,0.17550213634967804,0.0,0.0006189298001118004,9.681529398622719e-06,3
9496,graph,0.1428293138742447,0.0,0.14151206612586975,0.0,0.0013172512408345938,9.681457175370675e-06,3
9497,graph,0.1892039179801941,0.0,0.18854060769081116,0.0,0.0006633118609897792,9.68138489492102e-06,3
9498,node,3.664252996444702,0.0005375546170398593,0.0,3.663715362548828,0.0,9.68131255727554e-06,3
9499,graph,0.2346428781747818,0.0,0.23401451110839844,0.0,0.0006283742259256542,9.68124016243602e-06,3
9500,graph,0.15402263402938843,0.0,0.15296293795108795,0.0,0.0010596996871754527,9.681167710404247e-06,3
9501,graph,0.12733234465122223,0.0,0.1267957091331482,0.0,0.0005366306868381798,9.681095201182006e-06,3
9502,node,2.0788938999176025,0.0005081129493191838,0.0,2.078385829925537,0.0,9.68102263477109e-06,3
9503,graph,0.2290227860212326,0.0,0.22807832062244415,0.0,0.0009444667957723141,9.680950011173284e-06,3
9504,graph,0.12328735738992691,0.0,0.12290732562541962,0.0,0.0003800312406383455,9.680877330390383e-06,3
9505,graph,0.1696498841047287,0.0,0.16915491223335266,0.0,0.0004949770518578589,9.68080459242418e-06,3
9506,node,0.23579999804496765,0.00041888721170835197,0.0,0.2353811115026474,0.0,9.680731797276472e-06,3
9507,graph,0.15364129841327667,0.0,0.15318632125854492,0.0,0.0004549828008748591,9.680658944949053e-06,3
9508,graph,0.13337573409080505,0.0,0.13304626941680908,0.0,0.0003294616180937737,9.680586035443721e-06,3
9509,graph,0.15845879912376404,0.0,0.1580187976360321,0.0,0.00043999531771987677,9.680513068762274e-06,3
9510,node,0.17255042493343353,0.0003819576231762767,0.0,0.17216846346855164,0.0,9.680440044906513e-06,3
9511,graph,0.13419021666049957,0.0,0.1337365359067917,0.0,0.00045368712744675577,9.680366963878239e-06,3
9512,graph,0.1361548751592636,0.0,0.13576334714889526,0.0,0.0003915255074389279,9.680293825679257e-06,3
9513,graph,0.13307072222232819,0.0,0.13260628283023834,0.0,0.00046443787869066,9.68022063031137e-06,3
9514,node,0.1296275407075882,0.00040482686017639935,0.0,0.12922272086143494,0.0,9.680147377776387e-06,3
9515,graph,0.14776168763637543,0.0,0.14700213074684143,0.0,0.0007595530478283763,9.680074068076112e-06,3
9516,graph,0.12866149842739105,0.0,0.12808606028556824,0.0,0.0005754404119215906,9.680000701212353e-06,3
9517,graph,0.12592971324920654,0.0,0.1256614774465561,0.0,0.00026824165252037346,9.679927277186925e-06,3
9518,node,10.501930236816406,0.00037905448698438704,0.0,10.501551628112793,0.0,9.679853796001635e-06,3
9519,graph,0.13651254773139954,0.0,0.13609421253204346,0.0,0.00041833886643871665,9.679780257658299e-06,3
9520,graph,0.17282789945602417,0.0,0.17250961065292358,0.0,0.00031828979263082147,9.67970666215873e-06,3
9521,graph,0.1917116343975067,0.0,0.16694921255111694,0.0,0.024762427434325218,9.679633009504745e-06,3
9522,node,0.1927156299352646,0.00044316655839793384,0.0,0.19227246940135956,0.0,9.679559299698159e-06,3
9523,graph,0.1271919310092926,0.0,0.12650619447231293,0.0,0.0006857408443465829,9.679485532740793e-06,3
9524,graph,0.14672493934631348,0.0,0.1458529382944107,0.0,0.0008720029727555811,9.679411708634466e-06,3
9525,graph,0.13133789598941803,0.0,0.13079701364040375,0.0,0.0005408842116594315,9.679337827381002e-06,3
9526,node,0.9784842729568481,0.0005804779939353466,0.0,0.9779037833213806,0.0,9.67926388898222e-06,3
9527,graph,0.12838910520076752,0.0,0.12780338525772095,0.0,0.0005857234355062246,9.679189893439946e-06,3
9528,graph,0.12689664959907532,0.0,0.12665650248527527,0.0,0.00024015105736907572,9.679115840756007e-06,3
9529,graph,0.12873362004756927,0.0,0.12830358743667603,0.0,0.0004300279833842069,9.67904173093223e-06,3
9530,node,1.8929896354675293,0.0004775912093464285,0.0,1.8925120830535889,0.0,9.678967563970443e-06,3
9531,graph,0.17902947962284088,0.0,0.1785574108362198,0.0,0.0004720677388831973,9.678893339872476e-06,3
9532,graph,0.13815923035144806,0.0,0.1377442181110382,0.0,0.0004150150343775749,9.678819058640159e-06,3
9533,graph,0.3826902210712433,0.0,0.3822851777076721,0.0,0.0004050314601045102,9.678744720275327e-06,3
9534,node,0.44582846760749817,0.00044970487942919135,0.0,0.44537875056266785,0.0,9.678670324779812e-06,3
9535,graph,0.16805261373519897,0.0,0.16759108006954193,0.0,0.00046153960283845663,9.678595872155452e-06,3
9536,graph,0.14462080597877502,0.0,0.1442185938358307,0.0,0.0004022101638838649,9.678521362404083e-06,3
9537,graph,0.1424994319677353,0.0,0.14145447313785553,0.0,0.0010449649998918176,9.678446795527543e-06,3
9538,node,1.3757301568984985,0.00048183242324739695,0.0,1.3752483129501343,0.0,9.678372171527672e-06,3
9539,graph,0.20274443924427032,0.0,0.1927444338798523,0.0,0.009999999776482582,9.678297490406313e-06,3
9540,graph,0.2453768104314804,0.0,0.24500420689582825,0.0,0.0003726034483406693,9.678222752165306e-06,3
9541,graph,0.1462794542312622,0.0,0.14583006501197815,0.0,0.00044938907376490533,9.678147956806496e-06,3
9542,node,0.18027667701244354,0.00036774645559489727,0.0,0.17990893125534058,0.0,9.678073104331729e-06,3
9543,graph,0.12857741117477417,0.0,0.12813197076320648,0.0,0.00044544009142555296,9.677998194742852e-06,3
9544,graph,0.10700476169586182,0.0,0.10645826160907745,0.0,0.0005465009598992765,9.677923228041712e-06,3
9545,graph,0.16095659136772156,0.0,0.1604274958372116,0.0,0.0005290891858749092,9.67784820423016e-06,3
9546,node,0.2323208451271057,0.0003393642255105078,0.0,0.23198148608207703,0.0,9.677773123310049e-06,3
9547,graph,0.16243276000022888,0.0,0.1615321934223175,0.0,0.0009005593019537628,9.677697985283228e-06,3
9548,graph,0.1499883234500885,0.0,0.14943698048591614,0.0,0.0005513366195373237,9.677622790151553e-06,3
9549,graph,0.16404938697814941,0.0,0.16345995664596558,0.0,0.0005894321948289871,9.677547537916878e-06,3
9550,node,0.1655140519142151,0.0006273716571740806,0.0,0.1648866832256317,0.0,9.67747222858106e-06,3
9551,graph,0.15994416177272797,0.0,0.1591021716594696,0.0,0.0008419970981776714,9.677396862145959e-06,3
9552,graph,0.17604006826877594,0.0,0.17546159029006958,0.0,0.0005784788518212736,9.677321438613432e-06,3
9553,graph,0.20566223561763763,0.0,0.20499201118946075,0.0,0.0006702224491164088,9.677245957985342e-06,3
9554,node,0.418090283870697,0.0003341947158332914,0.0,0.4177560806274414,0.0,9.677170420263553e-06,3
9555,graph,0.16254660487174988,0.0,0.16142913699150085,0.0,0.0011174690444022417,9.677094825449924e-06,3
9556,graph,0.21718357503414154,0.0,0.2157151699066162,0.0,0.0014684003544971347,9.677019173546323e-06,3
9557,graph,0.22132019698619843,0.0,0.22101923823356628,0.0,0.0003009635547641665,9.676943464554617e-06,3
9558,node,5.738338470458984,0.0005148183554410934,0.0,5.737823486328125,0.0,9.676867698476672e-06,3
9559,graph,0.12489588558673859,0.0,0.12403929233551025,0.0,0.000856592960190028,9.676791875314362e-06,3
9560,graph,0.13895656168460846,0.0,0.13846540451049805,0.0,0.0004911523428745568,9.676715995069552e-06,3
9561,graph,0.1332337111234665,0.0,0.13286054134368896,0.0,0.0003731657052412629,9.676640057744119e-06,3
9562,node,1.3838454484939575,0.00042588665382936597,0.0,1.3834195137023926,0.0,9.676564063339934e-06,3
9563,graph,0.13708429038524628,0.0,0.13676010072231293,0.0,0.00032418905175291,9.676488011858873e-06,3
9564,graph,0.12780357897281647,0.0,0.12681327760219574,0.0,0.0009902960155159235,9.676411903302812e-06,3
9565,graph,0.13900598883628845,0.0,0.13838431239128113,0.0,0.0006216738256625831,9.676335737673631e-06,3
9566,node,2.932819366455078,0.00040443925536237657,0.0,2.932415008544922,0.0,9.676259514973208e-06,3
9567,graph,0.13139277696609497,0.0,0.1309017539024353,0.0,0.0004910260322503746,9.676183235203422e-06,3
9568,graph,0.1428643763065338,0.0,0.14239580929279327,0.0,0.0004685700696427375,9.676106898366156e-06,3
9569,graph,0.16975417733192444,0.0,0.16898949444293976,0.0,0.0007646758458577096,9.676030504463295e-06,3
9570,node,0.141143798828125,0.00044218680704943836,0.0,0.14070160686969757,0.0,9.675954053496722e-06,3
9571,graph,0.3661319315433502,0.0,0.3654235899448395,0.0,0.0007083435193635523,9.675877545468324e-06,3
9572,graph,0.13131183385849,0.0,0.13037726283073425,0.0,0.0009345670114271343,9.675800980379989e-06,3
9573,graph,0.11112217605113983,0.0,0.11018230020999908,0.0,0.0009398759575560689,9.675724358233607e-06,3
9574,node,0.8855515122413635,0.0003074884880334139,0.0,0.8852440118789673,0.0,9.675647679031067e-06,3
9575,graph,0.3310539722442627,0.0,0.3303115665912628,0.0,0.0007423936622217298,9.675570942774261e-06,3
9576,graph,0.18716077506542206,0.0,0.18651017546653748,0.0,0.0006505933124572039,9.675494149465084e-06,3
9577,graph,0.13595905900001526,0.0,0.13552409410476685,0.0,0.00043497016304172575,9.675417299105428e-06,3
9578,node,0.23084288835525513,0.0004260408168192953,0.0,0.23041684925556183,0.0,9.675340391697193e-06,3
9579,graph,0.14413931965827942,0.0,0.14362309873104095,0.0,0.0005162219167686999,9.675263427242274e-06,3
9580,graph,0.1494646519422531,0.0,0.14886270463466644,0.0,0.0006019407301209867,9.675186405742572e-06,3
9581,graph,0.15454953908920288,0.0,0.15378528833389282,0.0,0.0007642433629371226,9.675109327199984e-06,3
9582,node,3.0665206909179688,0.0004042693180963397,0.0,3.0661163330078125,0.0,9.675032191616416e-06,3
9583,graph,0.16882672905921936,0.0,0.16813597083091736,0.0,0.0006907535716891289,9.674954998993767e-06,3
9584,graph,0.2292557954788208,0.0,0.22886762022972107,0.0,0.00038818109896965325,9.674877749333946e-06,3
9585,graph,0.1288163810968399,0.0,0.12845534086227417,0.0,0.00036104011815041304,9.674800442638857e-06,3
9586,node,0.16828645765781403,0.0004975139745511115,0.0,0.16778893768787384,0.0,9.674723078910406e-06,3
9587,graph,0.29116731882095337,0.0,0.2900126576423645,0.0,0.001154657220467925,9.674645658150506e-06,3
9588,graph,0.15127548575401306,0.0,0.15081846714019775,0.0,0.0004570118326228112,9.674568180361063e-06,3
9589,graph,0.13179484009742737,0.0,0.13143634796142578,0.0,0.0003584981895983219,9.674490645543992e-06,3
9590,node,0.905133843421936,0.0005253796698525548,0.0,0.9046084880828857,0.0,9.674413053701203e-06,3
9591,graph,0.16539856791496277,0.0,0.16476652026176453,0.0,0.0006320546381175518,9.674335404834612e-06,3
9592,graph,0.2669200301170349,0.0,0.26615995168685913,0.0,0.0007600852404721081,9.674257698946135e-06,3
9593,graph,0.19213195145130157,0.0,0.19139671325683594,0.0,0.0007352344691753387,9.67417993603769e-06,3
9594,node,1.288665533065796,0.00036027521127834916,0.0,1.2883052825927734,0.0,9.674102116111193e-06,3
9595,graph,0.14091314375400543,0.0,0.1399334967136383,0.0,0.0009796443628147244,9.674024239168567e-06,3
9596,graph,0.19442375004291534,0.0,0.19374936819076538,0.0,0.0006743763806298375,9.673946305211732e-06,3
9597,graph,0.13992877304553986,0.0,0.13925819098949432,0.0,0.0006705796695314348,9.673868314242611e-06,3
9598,node,0.24560943245887756,0.0005064544966444373,0.0,0.24510297179222107,0.0,9.673790266263128e-06,3
9599,graph,0.13645657896995544,0.0,0.13567769527435303,0.0,0.0007788778748363256,9.67371216127521e-06,3
9600,graph,0.11950049549341202,0.0,0.11909347772598267,0.0,0.00040701820398680866,9.673633999280784e-06,3
9601,graph,0.14608043432235718,0.0,0.14565718173980713,0.0,0.0004232527280692011,9.67355578028178e-06,3
9602,node,3.9154274463653564,0.0004556131607387215,0.0,3.9149718284606934,0.0,9.673477504280123e-06,3
9603,graph,0.11827163398265839,0.0,0.11785795539617538,0.0,0.0004136801289860159,9.673399171277751e-06,3
9604,graph,0.1535443663597107,0.0,0.15308937430381775,0.0,0.00045499647967517376,9.673320781276593e-06,3
9605,graph,0.16068051755428314,0.0,0.1601998656988144,0.0,0.0004806506622117013,9.673242334278584e-06,3
9606,node,4.225783348083496,0.00041492958553135395,0.0,4.225368499755859,0.0,9.673163830285659e-06,3
9607,graph,0.1605762094259262,0.0,0.15612930059432983,0.0,0.004446902312338352,9.673085269299754e-06,3
9608,graph,0.1396755874156952,0.0,0.13915100693702698,0.0,0.0005245808279141784,9.67300665132281e-06,3
9609,graph,0.12319773435592651,0.0,0.12276221811771393,0.0,0.00043551664566621184,9.672927976356764e-06,3
9610,node,0.23235687613487244,0.0004989783046767116,0.0,0.23185789585113525,0.0,9.67284924440356e-06,3
9611,graph,0.23713472485542297,0.0,0.23673230409622192,0.0,0.0004024176159873605,9.672770455465138e-06,3
9612,graph,0.1401064246892929,0.0,0.13964052498340607,0.0,0.00046589801786467433,9.672691609543444e-06,3
9613,graph,0.1686469465494156,0.0,0.16831821203231812,0.0,0.0003287320432718843,9.672612706640423e-06,3
9614,node,6.139698505401611,0.0005136292311362922,0.0,6.139184951782227,0.0,9.672533746758022e-06,3
9615,graph,0.16211603581905365,0.0,0.16147620975971222,0.0,0.0006398290861397982,9.672454729898188e-06,3
9616,graph,0.13734500110149384,0.0,0.13682812452316284,0.0,0.0005168797797523439,9.672375656062872e-06,3
9617,graph,0.14749500155448914,0.0,0.14698779582977295,0.0,0.0005071998457424343,9.672296525254024e-06,3
9618,node,1.6719876527786255,0.00048412790056318045,0.0,1.6715035438537598,0.0,9.672217337473598e-06,3
9619,graph,0.18741460144519806,0.0,0.18698492646217346,0.0,0.00042966840555891395,9.672138092723547e-06,3
9620,graph,0.15310461819171906,0.0,0.15261732041835785,0.0,0.00048729105037637055,9.672058791005826e-06,3
9621,graph,0.11464138329029083,0.0,0.11437384784221649,0.0,0.00026753608835861087,9.671979432322392e-06,3
9622,node,0.2890284061431885,0.0005588100757449865,0.0,0.2884695827960968,0.0,9.671900016675202e-06,3
9623,graph,0.16340497136116028,0.0,0.16298648715019226,0.0,0.00041848301771096885,9.671820544066219e-06,3
9624,graph,0.1439269334077835,0.0,0.1435316950082779,0.0,0.0003952393599320203,9.671741014497399e-06,3
9625,graph,0.1318771094083786,0.0,0.13134437799453735,0.0,0.000532728445250541,9.671661427970709e-06,3
9626,node,0.4852002263069153,0.0005047183949500322,0.0,0.4846954941749573,0.0,9.67158178448811e-06,3
9627,graph,0.1243203654885292,0.0,0.12397231161594391,0.0,0.00034805177710950375,9.671502084051567e-06,3
9628,graph,0.14983326196670532,0.0,0.1492823213338852,0.0,0.0005509465700015426,9.671422326663047e-06,3
9629,graph,0.18372754752635956,0.0,0.18342101573944092,0.0,0.000306533242110163,9.671342512324519e-06,3
9630,node,0.05928274989128113,0.00045011797919869423,0.0,0.05883263051509857,0.0,9.67126264103795e-06,3
9631,graph,0.13076820969581604,0.0,0.1304524540901184,0.0,0.00031576098990626633,9.671182712805314e-06,3
9632,graph,0.13444837927818298,0.0,0.13391146063804626,0.0,0.0005369248683564365,9.671102727628581e-06,3
9633,graph,0.12751096487045288,0.0,0.12672600150108337,0.0,0.00078496930655092,9.671022685509724e-06,3
9634,node,4.566438674926758,0.00041647005127742887,0.0,4.5660223960876465,0.0,9.670942586450719e-06,3
9635,graph,0.17218147218227386,0.0,0.1718367040157318,0.0,0.00034476633300073445,9.670862430453543e-06,3
9636,graph,0.17061345279216766,0.0,0.16976730525493622,0.0,0.0008461521356366575,9.670782217520171e-06,3
9637,graph,0.18049459159374237,0.0,0.18014691770076752,0.0,0.00034766836324706674,9.670701947652585e-06,3
9638,node,6.623172760009766,0.00034951927955262363,0.0,6.622823238372803,0.0,9.670621620852766e-06,3
9639,graph,0.17018373310565948,0.0,0.16967490315437317,0.0,0.0005088340840302408,9.670541237122693e-06,3
9640,graph,0.13285404443740845,0.0,0.13247376680374146,0.0,0.00038028022390790284,9.670460796464354e-06,3
9641,graph,0.1964685618877411,0.0,0.19606232643127441,0.0,0.00040624066605232656,9.67038029887973e-06,3
9642,node,1.246019959449768,0.0003909414226654917,0.0,1.245629072189331,0.0,9.670299744370808e-06,3
9643,graph,0.1681852489709854,0.0,0.1674051582813263,0.0,0.0007800846942700446,9.670219132939574e-06,3
9644,graph,0.1460467129945755,0.0,0.1455046385526657,0.0,0.0005420765373855829,9.67013846458802e-06,3
9645,graph,0.17239095270633698,0.0,0.17190560698509216,0.0,0.0004853480204474181,9.670057739318135e-06,3
9646,node,0.15599872171878815,0.0005797638441435993,0.0,0.15541896224021912,0.0,9.669976957131911e-06,3
9647,graph,0.15786609053611755,0.0,0.15709276497364044,0.0,0.0007733271922916174,9.66989611803134e-06,3
9648,graph,0.12904106080532074,0.0,0.12866489589214325,0.0,0.0003761631087400019,9.66981522201842e-06,3
9649,graph,0.11664840579032898,0.0,0.11626999080181122,0.0,0.0003784158325288445,9.669734269095143e-06,3
9650,node,19.565332412719727,0.00042639349703677,0.0,19.564905166625977,0.0,9.669653259263508e-06,3
9651,graph,0.19344393908977509,0.0,0.19217287003993988,0.0,0.0012710725422948599,9.669572192525517e-06,3
9652,graph,0.11053136736154556,0.0,0.11016929149627686,0.0,0.00036207938683219254,9.669491068883164e-06,3
9653,graph,0.14585494995117188,0.0,0.1452222615480423,0.0,0.0006326930015347898,9.669409888338455e-06,3
9654,node,1.1436113119125366,0.0005325074307620525,0.0,1.1430788040161133,0.0,9.669328650893392e-06,3
9655,graph,0.14138534665107727,0.0,0.14097683131694794,0.0,0.00040851972880773246,9.66924735654998e-06,3
9656,graph,0.12242831289768219,0.0,0.1220078319311142,0.0,0.0004204812285024673,9.669166005310225e-06,3
9657,graph,0.145525723695755,0.0,0.1452425718307495,0.0,0.00028314892551861703,9.669084597176134e-06,3
9658,node,0.305556058883667,0.0004690562782343477,0.0,0.30508700013160706,0.0,9.669003132149713e-06,3
9659,graph,0.39171692728996277,0.0,0.39108800888061523,0.0,0.000628925277851522,9.668921610232977e-06,3
9660,graph,0.1203518733382225,0.0,0.11982400715351105,0.0,0.0005278652533888817,9.668840031427933e-06,3
9661,graph,0.15543271601200104,0.0,0.15471333265304565,0.0,0.0007193805649876595,9.668758395736596e-06,3
9662,node,0.22936806082725525,0.0003369428450241685,0.0,0.22903111577033997,0.0,9.668676703160981e-06,3
9663,graph,0.14898715913295746,0.0,0.14847296476364136,0.0,0.0005141974543221295,9.668594953703102e-06,3
9664,graph,0.1478370577096939,0.0,0.14738065004348755,0.0,0.0004564034170471132,9.668513147364977e-06,3
9665,graph,0.1538894921541214,0.0,0.15356335043907166,0.0,0.0003261349629610777,9.668431284148624e-06,3
9666,node,0.16792172193527222,0.00041929379221983254,0.0,0.16750243306159973,0.0,9.668349364056063e-06,3
9667,graph,0.14677852392196655,0.0,0.14616850018501282,0.0,0.0006100211758166552,9.668267387089315e-06,3
9668,graph,0.11116407066583633,0.0,0.11071565747261047,0.0,0.00044841287308372557,9.668185353250404e-06,3
9669,graph,0.12597064673900604,0.0,0.12551666796207428,0.0,0.00045397947542369366,9.668103262541353e-06,3
9670,node,4.875962734222412,0.0005324063822627068,0.0,4.875430107116699,0.0,9.668021114964188e-06,3
9671,graph,0.1578960418701172,0.0,0.15759322047233582,0.0,0.0003028212522622198,9.667938910520935e-06,3
9672,graph,0.13366784155368805,0.0,0.13294607400894165,0.0,0.0007217677775770426,9.667856649213623e-06,3
9673,graph,0.12464854121208191,0.0,0.1240558847784996,0.0,0.000592657015658915,9.667774331044282e-06,3
9674,node,1.2983241081237793,0.00047939899377524853,0.0,1.2978447675704956,0.0,9.667691956014943e-06,3
9675,graph,0.13542336225509644,0.0,0.13470196723937988,0.0,0.0007213982753455639,9.667609524127637e-06,3
9676,graph,0.1316175013780594,0.0,0.13115496933460236,0.0,0.00046252808533608913,9.6675270353844e-06,3
9677,graph,0.14571882784366608,0.0,0.1453498899936676,0.0,0.0003689377917908132,9.667444489787266e-06,3
9678,node,2.089855909347534,0.0005294710281305015,0.0,2.0893263816833496,0.0,9.667361887338273e-06,3
9679,graph,0.11343823373317719,0.0,0.11302149295806885,0.0,0.0004167416482232511,9.667279228039458e-06,3
9680,graph,0.19878873229026794,0.0,0.1983329951763153,0.0,0.00045573333045467734,9.667196511892861e-06,3
9681,graph,0.14999747276306152,0.0,0.1495700180530548,0.0,0.0004274501698091626,9.667113738900523e-06,3
9682,node,16.73619270324707,0.00044646477908827364,0.0,16.735746383666992,0.0,9.667030909064486e-06,3
9683,graph,0.1874295324087143,0.0,0.18688681721687317,0.0,0.0005427178693935275,9.666948022386795e-06,3
9684,graph,0.16118766367435455,0.0,0.1607499122619629,0.0,0.0004377480363473296,9.666865078869492e-06,3
9685,graph,0.1389339119195938,0.0,0.1383640468120575,0.0,0.0005698707536794245,9.666782078514627e-06,3
9686,node,6.383957862854004,0.0005729576223529875,0.0,6.383384704589844,0.0,9.666699021324248e-06,3
9687,graph,0.14104978740215302,0.0,0.1404142677783966,0.0,0.0006355217192322016,9.666615907300403e-06,3
9688,graph,0.1770782321691513,0.0,0.17652681469917297,0.0,0.0005514103104360402,9.666532736445143e-06,3
9689,graph,0.22334878146648407,0.0,0.2226363718509674,0.0,0.0007124057156033814,9.666449508760518e-06,3
9690,node,1.4823329448699951,0.0005279295146465302,0.0,1.4818049669265747,0.0,9.666366224248584e-06,3
9691,graph,0.15868398547172546,0.0,0.15817122161388397,0.0,0.0005127631593495607,9.666282882911396e-06,3
9692,graph,0.1359788477420807,0.0,0.1354256272315979,0.0,0.0005532150389626622,9.66619948475101e-06,3
9693,graph,0.1388261616230011,0.0,0.1380850374698639,0.0,0.0007411246770061553,9.666116029769482e-06,3
9694,node,4.6069111824035645,0.00047818661550991237,0.0,4.606432914733887,0.0,9.666032517968873e-06,3
9695,graph,0.1713627576828003,0.0,0.17089354991912842,0.0,0.00046920697786845267,9.665948949351244e-06,3
9696,graph,0.1687985062599182,0.0,0.1684304177761078,0.0,0.0003680866793729365,9.665865323918656e-06,3
9697,graph,0.18289870023727417,0.0,0.18244493007659912,0.0,0.0004537704517133534,9.665781641673173e-06,3
9698,node,1.8410567045211792,0.0003327800950501114,0.0,1.8407238721847534,0.0,9.665697902616858e-06,3
9699,graph,0.115545853972435,0.0,0.11447012424468994,0.0,0.0010757272830232978,9.665614106751782e-06,3
9700,graph,0.1016373485326767,0.0,0.1011773943901062,0.0,0.0004599550156854093,9.665530254080007e-06,3
9701,graph,0.2476576417684555,0.0,0.24711358547210693,0.0,0.0005440539098344743,9.665446344603604e-06,3
9702,node,1.1273868083953857,0.00030588876688852906,0.0,1.1270809173583984,0.0,9.665362378324644e-06,3
9703,graph,0.18325431644916534,0.0,0.18288443982601166,0.0,0.0003698749060276896,9.665278355245198e-06,3
9704,graph,0.14018280804157257,0.0,0.13988381624221802,0.0,0.0002989846107084304,9.66519427536734e-06,3
9705,graph,0.16200600564479828,0.0,0.16137224435806274,0.0,0.0006337656523101032,9.665110138693145e-06,3
9706,node,1.1081225872039795,0.0003690644516609609,0.0,1.1077535152435303,0.0,9.665025945224688e-06,3
9707,graph,0.2251138687133789,0.0,0.22472119331359863,0.0,0.0003926682111341506,9.664941694964047e-06,3
9708,graph,0.17641180753707886,0.0,0.1759204864501953,0.0,0.0004913233569823205,9.664857387913299e-06,3
9709,graph,0.16587667167186737,0.0,0.165446937084198,0.0,0.0004297355771996081,9.664773024074525e-06,3
9710,node,0.5356324911117554,0.00047445474774576724,0.0,0.5351580381393433,0.0,9.664688603449809e-06,3
9711,graph,0.11426097899675369,0.0,0.11374802887439728,0.0,0.0005129494238644838,9.66460412604123e-06,3
9712,graph,0.1513506919145584,0.0,0.1506165713071823,0.0,0.0007341213640756905,9.664519591850876e-06,3
9713,graph,0.22146260738372803,0.0,0.22070135176181793,0.0,0.0007612546905875206,9.66443500088083e-06,3
9714,node,2.0941505432128906,0.00046578963520005345,0.0,2.093684673309326,0.0,9.66435035313318e-06,3
9715,graph,0.1501607447862625,0.0,0.14688833057880402,0.0,0.003272412344813347,9.664265648610017e-06,3
9716,graph,0.15456758439540863,0.0,0.15407826006412506,0.0,0.0004893262521363795,9.66418088731343e-06,3
9717,graph,0.15788979828357697,0.0,0.15715335309505463,0.0,0.0007364414632320404,9.664096069245506e-06,3
9718,node,0.2351602017879486,0.00038093733019195497,0.0,0.2347792685031891,0.0,9.664011194408343e-06,3
9719,graph,0.13849398493766785,0.0,0.1377362161874771,0.0,0.0007577678188681602,9.663926262804034e-06,3
9720,graph,0.14417174458503723,0.0,0.1432686746120453,0.0,0.0009030696819536388,9.663841274434673e-06,3
9721,graph,0.18903027474880219,0.0,0.18846839666366577,0.0,0.0005618761060759425,9.66375622930236e-06,3
9722,node,1.2069453001022339,0.0004853980790358037,0.0,1.206459879875183,0.0,9.66367112740919e-06,3
9723,graph,0.11692989617586136,0.0,0.11641276627779007,0.0,0.0005171273369342089,9.663585968757263e-06,3
9724,graph,0.1419689953327179,0.0,0.14138664305210114,0.0,0.0005823568208143115,9.663500753348682e-06,3
9725,graph,0.16701918840408325,0.0,0.16640499234199524,0.0,0.0006141987396404147,9.66341548118555e-06,3
9726,node,0.25246891379356384,0.0006500412710011005,0.0,0.25181886553764343,0.0,9.66333015226997e-06,3
9727,graph,0.13064764440059662,0.0,0.13017331063747406,0.0,0.0004743277095258236,9.663244766604046e-06,3
9728,graph,0.19424676895141602,0.0,0.19384068250656128,0.0,0.00040608085691928864,9.663159324189887e-06,3
9729,graph,0.1672600656747818,0.0,0.16688287258148193,0.0,0.00037719059037044644,9.663073825029601e-06,3
9730,node,0.10347260534763336,0.00042393660987727344,0.0,0.1030486673116684,0.0,9.662988269125298e-06,3
9731,graph,0.1391911655664444,0.0,0.13839489221572876,0.0,0.0007962749805301428,9.662902656479087e-06,3
9732,graph,0.17593717575073242,0.0,0.1754889190196991,0.0,0.00044825306395068765,9.662816987093083e-06,3
9733,graph,0.160665825009346,0.0,0.16020619869232178,0.0,0.00045963076991029084,9.662731260969397e-06,3
9734,node,1.8959816694259644,0.0003885895712301135,0.0,1.8955930471420288,0.0,9.662645478110147e-06,3
9735,graph,0.14653900265693665,0.0,0.1457105129957199,0.0,0.0008284850046038628,9.662559638517446e-06,3
9736,graph,0.14155876636505127,0.0,0.14118942618370056,0.0,0.00036933357478119433,9.662473742193417e-06,3
9737,graph,0.17256861925125122,0.0,0.17202138900756836,0.0,0.0005472229095175862,9.662387789140175e-06,3
9738,node,1.0178420543670654,0.0005977910477668047,0.0,1.0172442197799683,0.0,9.662301779359843e-06,3
9739,graph,0.14923381805419922,0.0,0.14822296798229218,0.0,0.0010108546121045947,9.662215712854543e-06,3
9740,graph,0.17514726519584656,0.0,0.1747039556503296,0.0,0.00044330296805128455,9.662129589626397e-06,3
9741,graph,0.18001453578472137,0.0,0.17914733290672302,0.0,0.0008672032854519784,9.662043409677532e-06,3
9742,node,0.24604003131389618,0.00047589687164872885,0.0,0.24556413292884827,0.0,9.661957173010073e-06,3
9743,graph,0.1577162742614746,0.0,0.15726932883262634,0.0,0.000446942140115425,9.66187087962615e-06,3
9744,graph,0.14366519451141357,0.0,0.14317816495895386,0.0,0.00048703199718147516,9.661784529527888e-06,3
9745,graph,0.1732925921678543,0.0,0.172683447599411,0.0,0.0006091510877013206,9.661698122717422e-06,3
9746,node,0.2862846851348877,0.00040937919402495027,0.0,0.2858753204345703,0.0,9.661611659196882e-06,3
9747,graph,0.1257612556219101,0.0,0.12521451711654663,0.0,0.0005467312876135111,9.6615251389684e-06,3
9748,graph,0.1587505042552948,0.0,0.15798591077327728,0.0,0.0007645974401384592,9.661438562034114e-06,3
9749,graph,0.1470329910516739,0.0,0.1465885043144226,0.0,0.0004444810620043427,9.661351928396159e-06,3
9750,node,1.0802545547485352,0.0004755389818456024,0.0,1.079779028892517,0.0,9.661265238056671e-06,3
9751,graph,0.15174195170402527,0.0,0.15124660730361938,0.0,0.0004953470779582858,9.661178491017791e-06,3
9752,graph,0.19701535999774933,0.0,0.19620254635810852,0.0,0.0008128064800985157,9.66109168728166e-06,3
9753,graph,0.171388640999794,0.0,0.16366422176361084,0.0,0.007724424824118614,9.661004826850418e-06,3
9754,node,10.300689697265625,0.0004288656637072563,0.0,10.300260543823242,0.0,9.660917909726207e-06,3
9755,graph,0.12557297945022583,0.0,0.1251298189163208,0.0,0.00044316373532637954,9.660830935911174e-06,3
9756,graph,0.1535460352897644,0.0,0.15316520631313324,0.0,0.0003808303736150265,9.660743905407464e-06,3
9757,graph,0.15818564593791962,0.0,0.1573764681816101,0.0,0.0008091717027127743,9.660656818217225e-06,3
9758,node,6.901873588562012,0.0006259026704356074,0.0,6.901247501373291,0.0,9.660569674342605e-06,3
9759,graph,0.17014458775520325,0.0,0.1697693169116974,0.0,0.00037526528467424214,9.660482473785754e-06,3
9760,graph,0.12017648667097092,0.0,0.11967431008815765,0.0,0.0005021734395995736,9.660395216548824e-06,3
9761,graph,0.14995631575584412,0.0,0.14964434504508972,0.0,0.00031196579220704734,9.66030790263397e-06,3
9762,node,0.24272465705871582,0.0004901582142338157,0.0,0.2422344982624054,0.0,9.660220532043343e-06,3
9763,graph,0.17088867723941803,0.0,0.17028430104255676,0.0,0.0006043722969479859,9.6601331047791e-06,3
9764,graph,0.11096455156803131,0.0,0.11034736037254333,0.0,0.0006171893328428268,9.660045620843399e-06,3
9765,graph,0.14252880215644836,0.0,0.14204344153404236,0.0,0.0004853572463616729,9.659958080238399e-06,3
9766,node,4.326179504394531,0.0004081992374267429,0.0,4.325771331787109,0.0,9.659870482966257e-06,3
9767,graph,0.2056117206811905,0.0,0.2050827145576477,0.0,0.0005290120607241988,9.65978282902914e-06,3
9768,graph,0.13788163661956787,0.0,0.13745208084583282,0.0,0.0004295561811886728,9.659695118429204e-06,3
9769,graph,0.13714104890823364,0.0,0.13658484816551208,0.0,0.0005562070873565972,9.659607351168617e-06,3
9770,node,1.1299431324005127,0.00046423322055488825,0.0,1.129478931427002,0.0,9.659519527249544e-06,3
9771,graph,0.1383654922246933,0.0,0.13794712722301483,0.0,0.00041836986201815307,9.659431646674154e-06,3
9772,graph,0.15685835480690002,0.0,0.15639108419418335,0.0,0.0004672678478527814,9.659343709444612e-06,3
9773,graph,0.18513712286949158,0.0,0.18465429544448853,0.0,0.00048282614443451166,9.65925571556309e-06,3
9774,node,0.12667641043663025,0.000437742390204221,0.0,0.12623867392539978,0.0,9.659167665031757e-06,3
9775,graph,0.12705481052398682,0.0,0.12634246051311493,0.0,0.0007123564137145877,9.659079557852787e-06,3
9776,graph,0.15307022631168365,0.0,0.1524944007396698,0.0,0.0005758231854997575,9.658991394028354e-06,3
9777,graph,0.18135246634483337,0.0,0.18078450858592987,0.0,0.000567955314181745,9.658903173560632e-06,3
9778,node,2.4876902103424072,0.0003785752924159169,0.0,2.487311601638794,0.0,9.658814896451798e-06,3
9779,graph,0.1253502368927002,0.0,0.12472786009311676,0.0,0.0006223770324140787,9.658726562704033e-06,3
9780,graph,0.12610918283462524,0.0,0.12522375583648682,0.0,0.0008854212355799973,9.658638172319515e-06,3
9781,graph,0.13855519890785217,0.0,0.13799718022346497,0.0,0.0005580171127803624,9.658549725300425e-06,3
9782,node,41.91560745239258,0.0005578561685979366,0.0,41.9150505065918,0.0,9.658461221648941e-06,3
9783,graph,0.12652742862701416,0.0,0.12618853151798248,0.0,0.00033889716723933816,9.658372661367254e-06,3
9784,graph,0.13405461609363556,0.0,0.13330161571502686,0.0,0.0007530058501288295,9.658284044457546e-06,3
9785,graph,0.1880560666322708,0.0,0.18769636750221252,0.0,0.00035970594035461545,9.658195370922e-06,3
9786,node,1.3664008378982544,0.0005416417843662202,0.0,1.3658591508865356,0.0,9.65810664076281e-06,3
9787,graph,0.13773585855960846,0.0,0.13721510767936707,0.0,0.0005207484937272966,9.658017853982161e-06,3
9788,graph,0.36647263169288635,0.0,0.36541396379470825,0.0,0.0010586802382022142,9.657929010582246e-06,3
9789,graph,0.1464061141014099,0.0,0.14588260650634766,0.0,0.0005235042190179229,9.657840110565256e-06,3
9790,node,0.6931650042533875,0.00036359415389597416,0.0,0.6928014159202576,0.0,9.657751153933385e-06,3
9791,graph,0.139936625957489,0.0,0.13963845372200012,0.0,0.0002981742436531931,9.657662140688827e-06,3
9792,graph,0.303983598947525,0.0,0.3035935163497925,0.0,0.00039008373278193176,9.657573070833779e-06,3
9793,graph,0.3757511079311371,0.0,0.375193327665329,0.0,0.0005577944102697074,9.65748394437044e-06,3
9794,node,1.133461356163025,0.0004523862444330007,0.0,1.1330089569091797,0.0,9.657394761301008e-06,3
9795,graph,0.1850869506597519,0.0,0.1843976080417633,0.0,0.0006893485551699996,9.657305521627683e-06,3
9796,graph,0.15512384474277496,0.0,0.15455466508865356,0.0,0.0005691787227988243,9.657216225352668e-06,3
9797,graph,0.1730031669139862,0.0,0.1725689172744751,0.0,0.00043425141484476626,9.657126872478165e-06,3
9798,node,0.3649958670139313,0.0004665461601689458,0.0,0.3645293116569519,0.0,9.65703746300638e-06,3
9799,graph,0.15221942961215973,0.0,0.15178519487380981,0.0,0.000434227695222944,9.656947996939518e-06,3
9800,graph,0.16538788378238678,0.0,0.16464410722255707,0.0,0.0007437739986926317,9.656858474279786e-06,3
9801,graph,0.35328298807144165,0.0,0.3527821898460388,0.0,0.0005007972940802574,9.656768895029395e-06,3
9802,node,1.6305431127548218,0.0004955539479851723,0.0,1.6300475597381592,0.0,9.656679259190552e-06,3
9803,graph,0.28885576128959656,0.0,0.2876492142677307,0.0,0.0012065382907167077,9.656589566765471e-06,3
9804,graph,0.1509324312210083,0.0,0.15048472583293915,0.0,0.00044771144166588783,9.656499817756365e-06,3
9805,graph,0.14499542117118835,0.0,0.1443733274936676,0.0,0.0006220915238372982,9.656410012165448e-06,3
9806,node,1.2622902393341064,0.00043421221198514104,0.0,1.2618560791015625,0.0,9.656320149994938e-06,3
9807,graph,0.14280937612056732,0.0,0.14234602451324463,0.0,0.0004633515200112015,9.65623023124705e-06,3
9808,graph,0.1500733643770218,0.0,0.1495831310749054,0.0,0.0004902296932414174,9.656140255924002e-06,3
9809,graph,0.1774797886610031,0.0,0.17706398665905,0.0,0.00041580706601962447,9.656050224028014e-06,3
9810,node,0.899693489074707,0.00042890029726549983,0.0,0.8992645740509033,0.0,9.65596013556131e-06,3
9811,graph,0.17052176594734192,0.0,0.16632431745529175,0.0,0.0041974447667598724,9.655869990526112e-06,3
9812,graph,0.1759871244430542,0.0,0.17538101971149445,0.0,0.0006061093881726265,9.655779788924643e-06,3
9813,graph,0.16843563318252563,0.0,0.16794148087501526,0.0,0.0004941467777825892,9.655689530759128e-06,3
9814,node,0.21714450418949127,0.001059778151102364,0.0,0.21608471870422363,0.0,9.655599216031796e-06,3
9815,graph,0.25095364451408386,0.0,0.250615656375885,0.0,0.0003379872359801084,9.655508844744875e-06,3
9816,graph,0.20202027261257172,0.0,0.2015853226184845,0.0,0.00043495738646015525,9.655418416900596e-06,3
9817,graph,0.10472323000431061,0.0,0.10358234494924545,0.0,0.0011408869177103043,9.655327932501187e-06,3
9818,node,2.036999464035034,0.00042034353828057647,0.0,2.036579132080078,0.0,9.655237391548883e-06,3
9819,graph,0.12236063182353973,0.0,0.12189652025699615,0.0,0.0004641137202270329,9.655146794045918e-06,3
9820,graph,0.14289656281471252,0.0,0.14243502914905548,0.0,0.0004615380603354424,9.655056139994527e-06,3
9821,graph,0.1485544741153717,0.0,0.14795264601707458,0.0,0.000601821462623775,9.654965429396946e-06,3
9822,node,1.3810137510299683,0.0004886235692538321,0.0,1.3805251121520996,0.0,9.654874662255414e-06,3
9823,graph,0.13807731866836548,0.0,0.13651832938194275,0.0,0.0015589905669912696,9.65478383857217e-06,3
9824,graph,0.1744077354669571,0.0,0.17393815517425537,0.0,0.00046958436723798513,9.654692958349455e-06,3
9825,graph,0.13221290707588196,0.0,0.1317317932844162,0.0,0.00048111911746673286,9.654602021589514e-06,3
9826,node,0.1867050975561142,0.00042568391654640436,0.0,0.18627941608428955,0.0,9.654511028294587e-06,3
9827,graph,0.14540837705135345,0.0,0.1450451761484146,0.0,0.0003631957224570215,9.65441997846692e-06,3
9828,graph,0.15445676445960999,0.0,0.15380296111106873,0.0,0.0006537986919283867,9.654328872108761e-06,3
9829,graph,0.1592673361301422,0.0,0.15878963470458984,0.0,0.0004777045105583966,9.654237709222358e-06,3
9830,node,0.9791316986083984,0.00043957086745649576,0.0,0.9786921143531799,0.0,9.654146489809958e-06,3
9831,graph,0.16145288944244385,0.0,0.16083499789237976,0.0,0.000617890851572156,9.654055213873813e-06,3
9832,graph,0.28735625743865967,0.0,0.28671225905418396,0.0,0.0006440001307055354,9.653963881416176e-06,3
9833,graph,0.15859867632389069,0.0,0.15813609957695007,0.0,0.0004625739820767194,9.6538724924393e-06,3
9834,node,62.564754486083984,0.0003870299842674285,0.0,62.564369201660156,0.0,9.653781046945441e-06,3
9835,graph,0.11757064610719681,0.0,0.11713641881942749,0.0,0.0004342249012552202,9.653689544936853e-06,3
9836,graph,0.1416374146938324,0.0,0.14133812487125397,0.0,0.0002992879890371114,9.653597986415795e-06,3
9837,graph,0.13909514248371124,0.0,0.13882088661193848,0.0,0.0002742630604188889,9.653506371384526e-06,3
9838,node,0.13982518017292023,0.0004092654271516949,0.0,0.1394159197807312,0.0,9.653414699845307e-06,3
9839,graph,0.10869448632001877,0.0,0.10809861123561859,0.0,0.0005958732217550278,9.6533229718004e-06,3
9840,graph,0.14060218632221222,0.0,0.14018391072750092,0.0,0.00041828255052678287,9.653231187252068e-06,3
9841,graph,0.15775464475154877,0.0,0.15741334855556488,0.0,0.00034129529376514256,9.653139346202577e-06,3
9842,node,4.404477596282959,0.0005021640099585056,0.0,4.403975486755371,0.0,9.653047448654188e-06,3
9843,graph,0.09745722264051437,0.0,0.09649309515953064,0.0,0.0009641248034313321,9.652955494609173e-06,3
9844,graph,0.25689709186553955,0.0,0.2563679814338684,0.0,0.0005291057750582695,9.652863484069801e-06,3
9845,graph,0.21937446296215057,0.0,0.21872122585773468,0.0,0.0006532369880005717,9.652771417038341e-06,3
9846,node,1.0423884391784668,0.00038363077328540385,0.0,1.0420048236846924,0.0,9.652679293517065e-06,3
9847,graph,0.12116115540266037,0.0,0.12059218436479568,0.0,0.0005689680692739785,9.652587113508245e-06,3
9848,graph,0.10446908324956894,0.0,0.10404270142316818,0.0,0.00042638316517695785,9.652494877014158e-06,3
9849,graph,0.15071454644203186,0.0,0.15025711059570312,0.0,0.0004574321210384369,9.652402584037076e-06,3
9850,node,1.1524754762649536,0.00044865714153274894,0.0,1.1520267724990845,0.0,9.65231023457928e-06,3
9851,graph,0.1892726868391037,0.0,0.18880581855773926,0.0,0.00046686604036949575,9.652217828643046e-06,3
9852,graph,0.16489700973033905,0.0,0.16459259390830994,0.0,0.00030441262060776353,9.652125366230657e-06,3
9853,graph,0.167400062084198,0.0,0.167022243142128,0.0,0.00037781966966576874,9.65203284734439e-06,3
9854,node,0.9526515007019043,0.00033767541754059494,0.0,0.9523138403892517,0.0,9.651940271986532e-06,3
9855,graph,0.11687327176332474,0.0,0.116278275847435,0.0,0.0005949970800429583,9.651847640159366e-06,3
9856,graph,0.436745822429657,0.0,0.43624162673950195,0.0,0.0005041948752477765,9.651754951865176e-06,3
9857,graph,0.15961956977844238,0.0,0.1588423103094101,0.0,0.0007772630779072642,9.65166220710625e-06,3
9858,node,1.825494408607483,0.00044482972589321434,0.0,1.8250495195388794,0.0,9.651569405884876e-06,3
9859,graph,0.1765967607498169,0.0,0.17610874772071838,0.0,0.0004880107589997351,9.651476548203344e-06,3
9860,graph,0.17513908445835114,0.0,0.17469128966331482,0.0,0.00044780116877518594,9.651383634063945e-06,3
9861,graph,0.1998216211795807,0.0,0.1992872804403305,0.0,0.0005343460361473262,9.651290663468974e-06,3
9862,node,1.2340550422668457,0.0006690147565677762,0.0,1.2333860397338867,0.0,9.651197636420722e-06,3
9863,graph,0.11891460418701172,0.0,0.11816470324993134,0.0,0.0007499041967093945,9.651104552921486e-06,3
9864,graph,0.3009887933731079,0.0,0.300545871257782,0.0,0.0004429271211847663,9.651011412973563e-06,3
9865,graph,0.11668320745229721,0.0,0.11606946587562561,0.0,0.000613739131949842,9.650918216579249e-06,3
9866,node,1.0718903541564941,0.00034906822838820517,0.0,1.0715413093566895,0.0,9.650824963740845e-06,3
9867,graph,0.1874101310968399,0.0,0.18367497622966766,0.0,0.003735153004527092,9.650731654460651e-06,3
9868,graph,0.16410385072231293,0.0,0.1635129600763321,0.0,0.0005908957682549953,9.650638288740971e-06,3
9869,graph,0.1375795602798462,0.0,0.1370895504951477,0.0,0.0004900138592347503,9.650544866584106e-06,3
9870,node,6.681163787841797,0.0003753209311980754,0.0,6.680788516998291,0.0,9.650451387992364e-06,3
9871,graph,0.20647738873958588,0.0,0.20611414313316345,0.0,0.0003632463049143553,9.65035785296805e-06,3
9872,graph,0.14476527273654938,0.0,0.14443407952785492,0.0,0.00033118767896667123,9.650264261513474e-06,3
9873,graph,0.13169026374816895,0.0,0.13093502819538116,0.0,0.0007552339811809361,9.65017061363094e-06,3
9874,node,2.218266725540161,0.0005096146487630904,0.0,2.217757225036621,0.0,9.650076909322766e-06,3
9875,graph,0.1798662692308426,0.0,0.17957055568695068,0.0,0.00029571345658041537,9.649983148591259e-06,3
9876,graph,0.11580299586057663,0.0,0.11539702117443085,0.0,0.00040597497718408704,9.649889331438734e-06,3
9877,graph,0.13003137707710266,0.0,0.1291542947292328,0.0,0.0008770786807872355,9.649795457867505e-06,3
9878,node,0.18627654016017914,0.00046611655852757394,0.0,0.1858104169368744,0.0,9.649701527879889e-06,3
9879,graph,0.13720667362213135,0.0,0.13682818412780762,0.0,0.00037848419742658734,9.649607541478203e-06,3
9880,graph,0.12652897834777832,0.0,0.12612682580947876,0.0,0.000402156263589859,9.649513498664764e-06,3
9881,graph,0.16493472456932068,0.0,0.16442281007766724,0.0,0.0005119214183650911,9.649419399441898e-06,3
9882,node,3.4414281845092773,0.0005004032282158732,0.0,3.440927743911743,0.0,9.649325243811923e-06,3
9883,graph,0.18048962950706482,0.0,0.18006181716918945,0.0,0.0004278106498531997,9.649231031777162e-06,3
9884,graph,0.1358851045370102,0.0,0.13532689213752747,0.0,0.0005582065205089748,9.64913676333994e-06,3
9885,graph,0.23606476187705994,0.0,0.23580540716648102,0.0,0.00025934886070899665,9.649042438502584e-06,3
9886,node,0.28366097807884216,0.0005001866375096142,0.0,0.2831608057022095,0.0,9.64894805726742e-06,3
9887,graph,0.13185212016105652,0.0,0.1311485320329666,0.0,0.0007035884191282094,9.648853619636778e-06,3
9888,graph,0.17301498353481293,0.0,0.17261256277561188,0.0,0.0004024263471364975,9.648759125612986e-06,3
9889,graph,0.12836487591266632,0.0,0.12785784900188446,0.0,0.0005070327315479517,9.64866457519838e-06,3
9890,node,6.167333126068115,0.00041759395389817655,0.0,6.166915416717529,0.0,9.648569968395289e-06,3
9891,graph,0.10704460740089417,0.0,0.10660072416067123,0.0,0.00044388542301021516,9.648475305206048e-06,3
9892,graph,0.16971218585968018,0.0,0.16927707195281982,0.0,0.0004351091047283262,9.648380585632994e-06,3
9893,graph,0.218982994556427,0.0,0.21847990155220032,0.0,0.0005030855536460876,9.648285809678462e-06,3
9894,node,0.4970659017562866,0.00047707674093544483,0.0,0.4965888261795044,0.0,9.648190977344793e-06,3
9895,graph,0.14880144596099854,0.0,0.1483575403690338,0.0,0.00044390602852217853,9.648096088634326e-06,3
9896,graph,0.13042329251766205,0.0,0.12976840138435364,0.0,0.0006548897945322096,9.648001143549402e-06,3
9897,graph,0.11753976345062256,0.0,0.11716379225254059,0.0,0.0003759713436011225,9.647906142092365e-06,3
9898,node,0.5155659317970276,0.0003781809355132282,0.0,0.5151877403259277,0.0,9.647811084265556e-06,3
9899,graph,0.14591245353221893,0.0,0.1453789621591568,0.0,0.0005334969027899206,9.647715970071322e-06,3
9900,graph,0.1277507096529007,0.0,0.12738880515098572,0.0,0.0003619099734351039,9.64762079951201e-06,3
9901,graph,0.14489082992076874,0.0,0.1433267593383789,0.0,0.001564066275022924,9.64752557258997e-06,3
9902,node,0.5429641604423523,0.00039070361526682973,0.0,0.5425734519958496,0.0,9.64743028930755e-06,3
9903,graph,0.1457938551902771,0.0,0.14513802528381348,0.0,0.0006558355526067317,9.647334949667097e-06,3
9904,graph,0.13881158828735352,0.0,0.13836027681827545,0.0,0.00045131033402867615,9.64723955367097e-06,3
9905,graph,0.14942076802253723,0.0,0.14871785044670105,0.0,0.0007029118132777512,9.647144101321519e-06,3
9906,node,0.25688859820365906,0.0004413370043039322,0.0,0.2564472556114197,0.0,9.647048592621102e-06,3
9907,graph,0.32460907101631165,0.0,0.3241666555404663,0.0,0.0004424237413331866,9.646953027572073e-06,3
9908,graph,0.1839449256658554,0.0,0.18340972065925598,0.0,0.0005352024454623461,9.64685740617679e-06,3
9909,graph,0.15877917408943176,0.0,0.1582849621772766,0.0,0.0004942156956531107,9.646761728437615e-06,3
9910,node,9.426495552062988,0.0006303567788563669,0.0,9.425865173339844,0.0,9.646665994356906e-06,3
9911,graph,0.14542436599731445,0.0,0.14485985040664673,0.0,0.00056451465934515,9.646570203937027e-06,3
9912,graph,0.18290908634662628,0.0,0.18165184557437897,0.0,0.0012572442647069693,9.64647435718034e-06,3
9913,graph,0.14319494366645813,0.0,0.1427023857831955,0.0,0.0004925554967485368,9.64637845408921e-06,3
9914,node,0.18668566644191742,0.0004924078821204603,0.0,0.18619325757026672,0.0,9.646282494666003e-06,3
9915,graph,0.13143621385097504,0.0,0.13116952776908875,0.0,0.0002666841319296509,9.64618647891309e-06,3
9916,graph,0.13837024569511414,0.0,0.13794156908988953,0.0,0.0004286755283828825,9.646090406832837e-06,3
9917,graph,0.12225611507892609,0.0,0.12177576124668121,0.0,0.0004803514457307756,9.645994278427615e-06,3
9918,node,0.2152514010667801,0.0006350359763018787,0.0,0.21461635828018188,0.0,9.645898093699796e-06,3
9919,graph,0.13824811577796936,0.0,0.13765132427215576,0.0,0.0005967915640212595,9.645801852651753e-06,3
9920,graph,0.17385233938694,0.0,0.1734582781791687,0.0,0.00039406499126926064,9.64570555528586e-06,3
9921,graph,0.1401369571685791,0.0,0.13969384133815765,0.0,0.0004431199631653726,9.645609201604496e-06,3
9922,node,0.35937047004699707,0.00038445729296654463,0.0,0.3589860200881958,0.0,9.645512791610035e-06,3
9923,graph,0.142979234457016,0.0,0.14265188574790955,0.0,0.00032735354034230113,9.645416325304858e-06,3
9924,graph,0.1413070410490036,0.0,0.14086762070655823,0.0,0.0004394131537992507,9.645319802691344e-06,3
9925,graph,0.12808558344841003,0.0,0.12743550539016724,0.0,0.0006500764866359532,9.645223223771875e-06,3
9926,node,1.405741572380066,0.000512262515258044,0.0,1.4052293300628662,0.0,9.645126588548834e-06,3
9927,graph,0.1464039534330368,0.0,0.14603416621685028,0.0,0.0003697907959576696,9.645029897024606e-06,3
9928,graph,0.1538267284631729,0.0,0.1533590406179428,0.0,0.00046768446918576956,9.644933149201576e-06,3
9929,graph,0.1230735331773758,0.0,0.12269039452075958,0.0,0.00038313731784000993,9.644836345082132e-06,3
9930,node,0.2470059096813202,0.0005185776390135288,0.0,0.2464873343706131,0.0,9.644739484668662e-06,3
9931,graph,0.13747531175613403,0.0,0.13700130581855774,0.0,0.0004739986907225102,9.644642567963556e-06,3
9932,graph,0.14538392424583435,0.0,0.14486852288246155,0.0,0.0005154075333848596,9.644545594969204e-06,3
9933,graph,0.13662336766719818,0.0,0.13618811964988708,0.0,0.0004352473479229957,9.644448565688e-06,3
9934,node,1.5607069730758667,0.0004126819549128413,0.0,1.560294270515442,0.0,9.644351480122338e-06,3
9935,graph,0.15436474978923798,0.0,0.15377528965473175,0.0,0.0005894638015888631,9.644254338274614e-06,3
9936,graph,0.19281192123889923,0.0,0.1921599954366684,0.0,0.0006519220769405365,9.644157140147226e-06,3
9937,graph,0.21869751811027527,0.0,0.2183644026517868,0.0,0.00033311545848846436,9.644059885742569e-06,3
9938,node,1.3341540098190308,0.0003608766128309071,0.0,1.3337931632995605,0.0,9.643962575063044e-06,3
9939,graph,0.14663980901241302,0.0,0.14617866277694702,0.0,0.00046114256838336587,9.643865208111052e-06,3
9940,graph,0.14645180106163025,0.0,0.14614355564117432,0.0,0.0003082444309256971,9.643767784888997e-06,3
9941,graph,0.13540522754192352,0.0,0.13472828269004822,0.0,0.0006769424653612077,9.64367030539928e-06,3
9942,node,0.07608893513679504,0.000559046573471278,0.0,0.07552988827228546,0.0,9.643572769644308e-06,3
9943,graph,0.1315816342830658,0.0,0.1312270313501358,0.0,0.00035460019716992974,9.643475177626487e-06,3
9944,graph,0.16605480015277863,0.0,0.16557292640209198,0.0,0.00048186889034695923,9.643377529348226e-06,3
9945,graph,0.12700699269771576,0.0,0.12666656076908112,0.0,0.00034043716732412577,9.643279824811935e-06,3
9946,node,6.004801273345947,0.0004581152752507478,0.0,6.004343032836914,0.0,9.643182064020023e-06,3
9947,graph,0.14551034569740295,0.0,0.1450464427471161,0.0,0.0004639059188775718,9.643084246974903e-06,3
9948,graph,0.1256093978881836,0.0,0.1251562237739563,0.0,0.000453176413429901,9.642986373678987e-06,3
9949,graph,0.14928488433361053,0.0,0.1487535983324051,0.0,0.0005312886787578464,9.642888444134691e-06,3
9950,node,0.4928547739982605,0.0005488934111781418,0.0,0.4923058748245239,0.0,9.642790458344433e-06,3
9951,graph,0.14065709710121155,0.0,0.1401282101869583,0.0,0.000528893549926579,9.642692416310629e-06,3
9952,graph,0.1510433852672577,0.0,0.15050533413887024,0.0,0.0005380532238632441,9.642594318035698e-06,3
9953,graph,0.13352268934249878,0.0,0.13296878337860107,0.0,0.0005539069534279406,9.64249616352206e-06,3
9954,node,0.22907760739326477,0.00045077246613800526,0.0,0.22862683236598969,0.0,9.642397952772139e-06,3
9955,graph,0.11002140492200851,0.0,0.10963068902492523,0.0,0.00039071482024155557,9.642299685788355e-06,3
9956,graph,0.14923375844955444,0.0,0.14861875772476196,0.0,0.0006149940891191363,9.642201362573136e-06,3
9957,graph,0.14535078406333923,0.0,0.14479616284370422,0.0,0.000554623722564429,9.642102983128905e-06,3
9958,node,2.9250733852386475,0.0005881449324078858,0.0,2.924485206604004,0.0,9.642004547458091e-06,3
9959,graph,0.15567737817764282,0.0,0.1551804095506668,0.0,0.000496968743391335,9.641906055563123e-06,3
9960,graph,0.1910804659128189,0.0,0.1905292570590973,0.0,0.00055121403420344,9.641807507446431e-06,3
9961,graph,0.11348286271095276,0.0,0.11299800127744675,0.0,0.0004848631506320089,9.641708903110446e-06,3
9962,node,0.09044577926397324,0.0005940572591498494,0.0,0.08985172212123871,0.0,9.641610242557602e-06,3
9963,graph,0.18429423868656158,0.0,0.18385891616344452,0.0,0.000435325491707772,9.641511525790331e-06,3
9964,graph,0.1921260505914688,0.0,0.1914936602115631,0.0,0.0006323910201899707,9.641412752811072e-06,3
9965,graph,0.1571633368730545,0.0,0.15645289421081543,0.0,0.0007104494143277407,9.641313923622262e-06,3
9966,node,1.2869198322296143,0.00040494566201232374,0.0,1.2865148782730103,0.0,9.641215038226335e-06,3
9967,graph,0.506316602230072,0.0,0.505990207195282,0.0,0.00032641066354699433,9.641116096625738e-06,3
9968,graph,0.15312714874744415,0.0,0.15282389521598816,0.0,0.0003032555978279561,9.641017098822907e-06,3
9969,graph,0.14753039181232452,0.0,0.1470266878604889,0.0,0.0005037102964706719,9.640918044820286e-06,3
9970,node,0.25507545471191406,0.0008040813263505697,0.0,0.25427138805389404,0.0,9.640818934620318e-06,3
9971,graph,0.152032732963562,0.0,0.15155191719532013,0.0,0.0004808208323083818,9.640719768225452e-06,3
9972,graph,0.12963703274726868,0.0,0.12917213141918182,0.0,0.0004649003385566175,9.640620545638132e-06,3
9973,graph,0.20906589925289154,0.0,0.2078816145658493,0.0,0.001184286898933351,9.640521266860806e-06,3
9974,node,1.4697264432907104,0.0004174077184870839,0.0,1.4693090915679932,0.0,9.640421931895924e-06,3
9975,graph,0.15977831184864044,0.0,0.15925493836402893,0.0,0.0005233799456618726,9.640322540745937e-06,3
9976,graph,0.12988559901714325,0.0,0.12948252260684967,0.0,0.00040308217285200953,9.640223093413296e-06,3
9977,graph,0.1412951648235321,0.0,0.1400662511587143,0.0,0.001228917040862143,9.640123589900459e-06,3
9978,node,6.3668622970581055,0.000413458765251562,0.0,6.366448879241943,0.0,9.640024030209877e-06,3
9979,graph,0.1341271996498108,0.0,0.1336134523153305,0.0,0.0005137547268532217,9.63992441434401e-06,3
9980,graph,0.19483621418476105,0.0,0.19445155560970306,0.0,0.00038466445403173566,9.63982474230531e-06,3
9981,graph,0.16215620934963226,0.0,0.1615557074546814,0.0,0.0006005017785355449,9.639725014096245e-06,3
9982,node,0.41480159759521484,0.00041173494537360966,0.0,0.41438984870910645,0.0,9.639625229719269e-06,3
9983,graph,0.11129020899534225,0.0,0.11087541282176971,0.0,0.00041479672654531896,9.639525389176846e-06,3
9984,graph,0.11695172637701035,0.0,0.11644455045461655,0.0,0.0005071722553111613,9.63942549247144e-06,3
9985,graph,0.17553788423538208,0.0,0.17514511942863464,0.0,0.0003927705984096974,9.639325539605515e-06,3
9986,node,6.074824810028076,0.0009436666150577366,0.0,6.073881149291992,0.0,9.639225530581536e-06,3
9987,graph,0.14899559319019318,0.0,0.1486252248287201,0.0,0.0003703678376041353,9.639125465401972e-06,3
9988,graph,0.1405208706855774,0.0,0.14005471765995026,0.0,0.00046615322935394943,9.639025344069295e-06,3
9989,graph,0.12643735110759735,0.0,0.12615060806274414,0.0,0.0002867410657927394,9.638925166585972e-06,3
9990,node,5.4983415603637695,0.0004306980117689818,0.0,5.497910976409912,0.0,9.638824932954474e-06,3
9991,graph,0.15244446694850922,0.0,0.15185967087745667,0.0,0.0005847929860465229,9.638724643177276e-06,3
9992,graph,0.13285145163536072,0.0,0.13206058740615845,0.0,0.0007908638217486441,9.638624297256852e-06,3
9993,graph,0.15711162984371185,0.0,0.1565152108669281,0.0,0.000596418569330126,9.638523895195678e-06,3
9994,node,6.137787342071533,0.0004856993618886918,0.0,6.137301445007324,0.0,9.638423436996233e-06,3
9995,graph,0.2938693165779114,0.0,0.2934700846672058,0.0,0.00039923275471664965,9.638322922660991e-06,3
9996,graph,0.12399046868085861,0.0,0.12364628911018372,0.0,0.0003441806184127927,9.638222352192436e-06,3
9997,graph,0.15150178968906403,0.0,0.15088139474391937,0.0,0.0006203880184330046,9.63812172559305e-06,3
9998,node,6.347992420196533,0.0005894473288208246,0.0,6.347403049468994,0.0,9.638021042865314e-06,3
9999,graph,0.13293223083019257,0.0,0.13242918252944946,0.0,0.0005030409665778279,9.637920304011713e-06,3
10000,graph,0.1508287638425827,0.0,0.15034432709217072,0.0,0.00048443119158037007,9.637819509034732e-06,3
10001,graph,0.15042324364185333,0.0,0.14948731660842896,0.0,0.0009359224932268262,9.63771865793686e-06,3
10002,node,0.07492602616548538,0.0005237458390183747,0.0,0.07440228015184402,0.0,9.637617750720582e-06,3
10003,graph,0.15211111307144165,0.0,0.1514979898929596,0.0,0.0006131163099780679,9.637516787388391e-06,3
10004,graph,0.17191746830940247,0.0,0.17143158614635468,0.0,0.00048588018398731947,9.637415767942775e-06,3
10005,graph,0.1269998699426651,0.0,0.12662756443023682,0.0,0.00037230353336781263,9.63731469238623e-06,3
10006,node,0.2582026720046997,0.00041031779255717993,0.0,0.2577923536300659,0.0,9.637213560721248e-06,3
10007,graph,0.1403336226940155,0.0,0.13974395394325256,0.0,0.0005896667717024684,9.637112372950324e-06,3
10008,graph,0.17230308055877686,0.0,0.1715792715549469,0.0,0.0007238035323098302,9.637011129075955e-06,3
10009,graph,0.0988597720861435,0.0,0.09845082461833954,0.0,0.0004089440335519612,9.63690982910064e-06,3
10010,node,0.41499921679496765,0.0004749771615024656,0.0,0.41452422738075256,0.0,9.636808473026878e-06,3
10011,graph,0.17054738104343414,0.0,0.17013198137283325,0.0,0.00041540636448189616,9.63670706085717e-06,3
10012,graph,0.11849316209554672,0.0,0.11796800792217255,0.0,0.0005251569673418999,9.636605592594017e-06,3
10013,graph,0.18261124193668365,0.0,0.18209484219551086,0.0,0.0005163993337191641,9.636504068239923e-06,3
10014,node,0.21389445662498474,0.0005275665316730738,0.0,0.21336689591407776,0.0,9.636402487797394e-06,3
10015,graph,0.13520151376724243,0.0,0.13486815989017487,0.0,0.00033334948238916695,9.636300851268937e-06,3
10016,graph,0.25934234261512756,0.0,0.2552734613418579,0.0,0.004068874754011631,9.636199158657057e-06,3
10017,graph,0.14031824469566345,0.0,0.13994061946868896,0.0,0.0003776232770178467,9.636097409964266e-06,3
10018,node,3.7864365577697754,0.00044173625065013766,0.0,3.7859947681427,0.0,9.635995605193074e-06,3
10019,graph,0.14731089770793915,0.0,0.14691132307052612,0.0,0.0003995737060904503,9.635893744345992e-06,3
10020,graph,0.15149183571338654,0.0,0.15103912353515625,0.0,0.0004527165729086846,9.635791827425534e-06,3
10021,graph,0.14012141525745392,0.0,0.13945242762565613,0.0,0.0006689938600175083,9.635689854434214e-06,3
10022,node,0.41479820013046265,0.000662668258883059,0.0,0.41413554549217224,0.0,9.63558782537455e-06,3
10023,graph,0.1326996237039566,0.0,0.13192784786224365,0.0,0.0007717809057794511,9.635485740249057e-06,3
10024,graph,0.21139191091060638,0.0,0.21089842915534973,0.0,0.000493474886752665,9.635383599060255e-06,3
10025,graph,0.12008923292160034,0.0,0.11964403092861176,0.0,0.00044520312803797424,9.635281401810664e-06,3
10026,node,0.2107943296432495,0.00044736164272762835,0.0,0.21034696698188782,0.0,9.635179148502804e-06,3
10027,graph,0.1787865161895752,0.0,0.17832216620445251,0.0,0.0004643441643565893,9.635076839139201e-06,3
10028,graph,0.14322206377983093,0.0,0.14251703023910522,0.0,0.000705040292814374,9.634974473722379e-06,3
10029,graph,0.12756405770778656,0.0,0.12714213132858276,0.0,0.0004219310649204999,9.634872052254862e-06,3
10030,node,6.060510158538818,0.0005812814924865961,0.0,6.059928894042969,0.0,9.634769574739178e-06,3
10031,graph,0.15198048949241638,0.0,0.1512436717748642,0.0,0.0007368120132014155,9.634667041177857e-06,3
10032,graph,0.23343175649642944,0.0,0.23311057686805725,0.0,0.0003211754374206066,9.634564451573426e-06,3
10033,graph,0.14019976556301117,0.0,0.13978280127048492,0.0,0.0004169611493125558,9.634461805928418e-06,3
10034,node,0.4855060875415802,0.0005345367244444788,0.0,0.4849715530872345,0.0,9.634359104245365e-06,3
10035,graph,0.1451256275177002,0.0,0.14475396275520325,0.0,0.00037167154368944466,9.634256346526801e-06,3
10036,graph,0.16148361563682556,0.0,0.16087904572486877,0.0,0.0006045741611160338,9.634153532775262e-06,3
10037,graph,0.15856270492076874,0.0,0.15816418826580048,0.0,0.00039852302870713174,9.634050662993284e-06,3
10038,node,2.3064305782318115,0.0005817810306325555,0.0,2.3058488368988037,0.0,9.633947737183407e-06,3
10039,graph,0.13256746530532837,0.0,0.13197676837444305,0.0,0.0005906906444579363,9.63384475534817e-06,3
10040,graph,0.24724964797496796,0.0,0.24672260880470276,0.0,0.0005270446417853236,9.633741717490113e-06,3
10041,graph,0.14544658362865448,0.0,0.14500495791435242,0.0,0.0004416193114593625,9.63363862361178e-06,3
10042,node,1.3257617950439453,0.00046866212505847216,0.0,1.3252931833267212,0.0,9.633535473715713e-06,3
10043,graph,0.1583080142736435,0.0,0.1576988399028778,0.0,0.0006091686664149165,9.633432267804458e-06,3
10044,graph,0.128750279545784,0.0,0.12817534804344177,0.0,0.0005749261472374201,9.633329005880561e-06,3
10045,graph,0.14103232324123383,0.0,0.14034342765808105,0.0,0.0006888931966386735,9.63322568794657e-06,3
10046,node,0.14123649895191193,0.0005098443361930549,0.0,0.14072665572166443,0.0,9.633122314005035e-06,3
10047,graph,0.20777542889118195,0.0,0.2064240425825119,0.0,0.0013513871235772967,9.633018884058506e-06,3
10048,graph,0.12771154940128326,0.0,0.12720704078674316,0.0,0.000504502619151026,9.632915398109536e-06,3
10049,graph,0.1500558853149414,0.0,0.14941932260990143,0.0,0.0006365579320117831,9.632811856160676e-06,3
10050,node,4.391908168792725,0.0005360210197977722,0.0,4.391372203826904,0.0,9.632708258214483e-06,3
10051,graph,0.14423806965351105,0.0,0.1437510997056961,0.0,0.0004869674739893526,9.632604604273512e-06,3
10052,graph,0.1508859544992447,0.0,0.1502581387758255,0.0,0.000627820030786097,9.63250089434032e-06,3
10053,graph,0.15298981964588165,0.0,0.15246865153312683,0.0,0.0005211675888858736,9.632397128417467e-06,3
10054,node,0.7836954593658447,0.0006215334287844598,0.0,0.783073902130127,0.0,9.632293306507515e-06,3
10055,graph,0.13592758774757385,0.0,0.1355065405368805,0.0,0.00042105160537175834,9.632189428613022e-06,3
10056,graph,0.18856693804264069,0.0,0.18806171417236328,0.0,0.0005052200867794454,9.632085494736553e-06,3
10057,graph,0.12455885112285614,0.0,0.12412881851196289,0.0,0.00043003432801924646,9.631981504880675e-06,3
10058,node,1.0287818908691406,0.000489400583319366,0.0,1.0282925367355347,0.0,9.63187745904795e-06,3
10059,graph,0.1649807095527649,0.0,0.1645127534866333,0.0,0.0004679559788201004,9.631773357240946e-06,3
10060,graph,0.14173510670661926,0.0,0.1412455439567566,0.0,0.0004895661259070039,9.631669199462232e-06,3
10061,graph,0.13014721870422363,0.0,0.12977570295333862,0.0,0.00037151240394450724,9.631564985714378e-06,3
10062,node,11.96954345703125,0.00037916816654615104,0.0,11.96916389465332,0.0,9.631460715999957e-06,3
10063,graph,0.15139132738113403,0.0,0.15083931386470795,0.0,0.0005520196864381433,9.63135639032154e-06,3
10064,graph,0.13145528733730316,0.0,0.13086719810962677,0.0,0.0005880937678739429,9.631252008681702e-06,3
10065,graph,0.17872586846351624,0.0,0.17824305593967438,0.0,0.00048281930503435433,9.631147571083018e-06,3
10066,node,1.1233494281768799,0.0005614073015749454,0.0,1.1227880716323853,0.0,9.631043077528066e-06,3
10067,graph,0.14553962647914886,0.0,0.1450081765651703,0.0,0.0005314565496519208,9.630938528019421e-06,3
10068,graph,0.14147108793258667,0.0,0.1409677118062973,0.0,0.0005033714696764946,9.630833922559666e-06,3
10069,graph,0.17658258974552155,0.0,0.17599251866340637,0.0,0.0005900763790123165,9.630729261151381e-06,3
10070,node,0.9659393429756165,0.0005006403662264347,0.0,0.965438723564148,0.0,9.630624543797147e-06,3
10071,graph,0.15037430822849274,0.0,0.1499015986919403,0.0,0.00047270735376514494,9.63051977049955e-06,3
10072,graph,0.1039712205529213,0.0,0.10319811850786209,0.0,0.0007731053628958762,9.630414941261175e-06,3
10073,graph,0.13902416825294495,0.0,0.13858243823051453,0.0,0.0004417288291733712,9.630310056084607e-06,3
10074,node,0.35496675968170166,0.0006089354283176363,0.0,0.35435783863067627,0.0,9.630205114972434e-06,3
10075,graph,0.18516208231449127,0.0,0.18450123071670532,0.0,0.0006608519470319152,9.630100117927245e-06,3
10076,graph,0.11966140568256378,0.0,0.11905153095722198,0.0,0.0006098744343034923,9.629995064951632e-06,3
10077,graph,0.17690828442573547,0.0,0.17639970779418945,0.0,0.0005085723241791129,9.629889956048189e-06,3
10078,node,2.560405969619751,0.0003547467931639403,0.0,2.560051202774048,0.0,9.629784791219507e-06,3
10079,graph,0.17640897631645203,0.0,0.17582444846630096,0.0,0.0005845205159857869,9.62967957046818e-06,3
10080,graph,0.14896468818187714,0.0,0.14843600988388062,0.0,0.0005286767845973372,9.629574293796805e-06,3
10081,graph,0.1730840504169464,0.0,0.17271457612514496,0.0,0.0003694796469062567,9.629468961207982e-06,3
10082,node,4.612041473388672,0.00046158101758919656,0.0,4.611579895019531,0.0,9.629363572704307e-06,3
10083,graph,0.2098349779844284,0.0,0.2091711312532425,0.0,0.0006638517952524126,9.629258128288383e-06,3
10084,graph,0.13041824102401733,0.0,0.12984859943389893,0.0,0.0005696428706869483,9.629152627962808e-06,3
10085,graph,0.12880942225456238,0.0,0.12826593220233917,0.0,0.0005434916238300502,9.629047071730186e-06,3
10086,node,0.3316377103328705,0.00038060254883021116,0.0,0.3312571048736572,0.0,9.628941459593125e-06,3
10087,graph,0.13151457905769348,0.0,0.13101142644882202,0.0,0.0005031600594520569,9.628835791554228e-06,3
10088,graph,0.1269499957561493,0.0,0.12667055428028107,0.0,0.0002794457832351327,9.628730067616103e-06,3
10089,graph,0.21736697852611542,0.0,0.2155764400959015,0.0,0.0017905422719195485,9.628624287781357e-06,3
10090,node,4.459877014160156,0.0005156498518772423,0.0,4.459361553192139,0.0,9.6285184520526e-06,3
10091,graph,0.13231749832630157,0.0,0.13146503269672394,0.0,0.0008524610893800855,9.628412560432447e-06,3
10092,graph,0.17267468571662903,0.0,0.17211264371871948,0.0,0.0005620414740405977,9.628306612923507e-06,3
10093,graph,0.15497729182243347,0.0,0.15458166599273682,0.0,0.0003956331929657608,9.628200609528397e-06,3
10094,node,1.5268651247024536,0.0005216791178099811,0.0,1.5263434648513794,0.0,9.62809455024973e-06,3
10095,graph,0.17952263355255127,0.0,0.17894238233566284,0.0,0.0005802455125376582,9.627988435090126e-06,3
10096,graph,0.13630765676498413,0.0,0.13593745231628418,0.0,0.0003702029644045979,9.6278822640522e-06,3
10097,graph,0.20841079950332642,0.0,0.2079772800207138,0.0,0.00043352003558538854,9.627776037138573e-06,3
10098,node,6.181066036224365,0.000466030411189422,0.0,6.180600166320801,0.0,9.627669754351867e-06,3
10099,graph,0.12998239696025848,0.0,0.12954404950141907,0.0,0.0004383463237900287,9.627563415694705e-06,3
10100,graph,0.1654910445213318,0.0,0.16494719684123993,0.0,0.0005438492516987026,9.627457021169708e-06,3
10101,graph,0.13698013126850128,0.0,0.13632866740226746,0.0,0.0006514645065180957,9.627350570779503e-06,3
10102,node,1.551293134689331,0.00039974349783733487,0.0,1.5508934259414673,0.0,9.627244064526714e-06,3
10103,graph,0.140313059091568,0.0,0.13988599181175232,0.0,0.0004270648933015764,9.627137502413973e-06,3
10104,graph,0.1342637687921524,0.0,0.13320845365524292,0.0,0.0010553182801231742,9.627030884443907e-06,3
10105,graph,0.12322526425123215,0.0,0.122807577252388,0.0,0.00041769040399231017,9.626924210619147e-06,3
10106,node,1.9479820728302002,0.00048471090849488974,0.0,1.9474973678588867,0.0,9.626817480942325e-06,3
10107,graph,0.12371291220188141,0.0,0.12335024029016495,0.0,0.00036267246468923986,9.626710695416074e-06,3
10108,graph,0.1475815773010254,0.0,0.14665398001670837,0.0,0.0009275951888412237,9.62660385404303e-06,3
10109,graph,0.1815515011548996,0.0,0.18111997842788696,0.0,0.0004315270052757114,9.626496956825828e-06,3
10110,node,0.7077717185020447,0.0003893597749993205,0.0,0.7073823809623718,0.0,9.626390003767107e-06,3
10111,graph,0.140108123421669,0.0,0.13979089260101318,0.0,0.00031722962739877403,9.626282994869504e-06,3
10112,graph,0.1153808981180191,0.0,0.1150285005569458,0.0,0.00035240050056017935,9.626175930135662e-06,3
10113,graph,0.17633259296417236,0.0,0.17603152990341187,0.0,0.0003010595391970128,9.626068809568221e-06,3
10114,node,1.9185137748718262,0.0005095605156384408,0.0,1.9180041551589966,0.0,9.625961633169824e-06,3
10115,graph,0.17220324277877808,0.0,0.17177654802799225,0.0,0.0004266955656930804,9.625854400943116e-06,3
10116,graph,0.1066487655043602,0.0,0.10627595335245132,0.0,0.00037281090044416487,9.625747112890742e-06,3
10117,graph,0.13312400877475739,0.0,0.13265565037727356,0.0,0.000468359881779179,9.62563976901535e-06,3
10118,node,0.27135327458381653,0.00048571432125754654,0.0,0.27086755633354187,0.0,9.625532369319588e-06,3
10119,graph,0.14307133853435516,0.0,0.1426813006401062,0.0,0.0003900380979757756,9.625424913806106e-06,3
10120,graph,0.13484010100364685,0.0,0.1343538910150528,0.0,0.00048620259622111917,9.625317402477557e-06,3
10121,graph,0.15474295616149902,0.0,0.15424194931983948,0.0,0.0005010061431676149,9.625209835336591e-06,3
10122,node,0.6366105675697327,0.0005602739984169602,0.0,0.636050283908844,0.0,9.625102212385865e-06,3
10123,graph,0.14333957433700562,0.0,0.14284642040729523,0.0,0.0004931531148031354,9.624994533628033e-06,3
10124,graph,0.1360636055469513,0.0,0.13539308309555054,0.0,0.0006705258856527507,9.624886799065751e-06,3
10125,graph,0.14667648077011108,0.0,0.14625942707061768,0.0,0.0004170557076577097,9.624779008701679e-06,3
10126,node,7.7033281326293945,0.0006999969482421875,0.0,7.702628135681152,0.0,9.624671162538476e-06,3
10127,graph,0.14204095304012299,0.0,0.13866770267486572,0.0,0.0033732540905475616,9.624563260578802e-06,3
10128,graph,0.14657172560691833,0.0,0.146267831325531,0.0,0.0003038973081856966,9.62445530282532e-06,3
10129,graph,0.1174456924200058,0.0,0.11694146692752838,0.0,0.0005042243865318596,9.624347289280695e-06,3
10130,node,1.1565406322479248,0.0004577092477120459,0.0,1.1560828685760498,0.0,9.62423921994759e-06,3
10131,graph,0.15232935547828674,0.0,0.1513432264328003,0.0,0.0009861330036073923,9.624131094828674e-06,3
10132,graph,0.15588504076004028,0.0,0.1555367261171341,0.0,0.00034831679658964276,9.624022913926613e-06,3
10133,graph,0.16157309710979462,0.0,0.16107015311717987,0.0,0.0005029469029977918,9.623914677244078e-06,3
10134,node,0.13415999710559845,0.000461978925159201,0.0,0.1336980164051056,0.0,9.623806384783738e-06,3
10135,graph,0.15001589059829712,0.0,0.1492675244808197,0.0,0.0007483613444492221,9.623698036548264e-06,3
10136,graph,0.13107061386108398,0.0,0.13067905604839325,0.0,0.00039155862759798765,9.623589632540333e-06,3
10137,graph,0.18666331470012665,0.0,0.18613779544830322,0.0,0.0005255264113657176,9.623481172762615e-06,3
10138,node,0.16964195668697357,0.0004207976162433624,0.0,0.1692211627960205,0.0,9.62337265721779e-06,3
10139,graph,0.13640791177749634,0.0,0.1357603818178177,0.0,0.0006475291447713971,9.623264085908533e-06,3
10140,graph,0.13243822753429413,0.0,0.13170790672302246,0.0,0.0007303169113583863,9.623155458837525e-06,3
10141,graph,0.15475550293922424,0.0,0.1537981629371643,0.0,0.0009573411662131548,9.623046776007446e-06,3
10142,node,1.62482488155365,0.0006076287245377898,0.0,1.6242172718048096,0.0,9.622938037420977e-06,3
10143,graph,0.18603219091892242,0.0,0.18423780798912048,0.0,0.0017943760612979531,9.6228292430808e-06,3
10144,graph,0.1696671098470688,0.0,0.16898998618125916,0.0,0.0006771193002350628,9.622720392989601e-06,3
10145,graph,0.12124448269605637,0.0,0.12094012647867203,0.0,0.00030435877852141857,9.622611487150064e-06,3
10146,node,5.5650482177734375,0.0005717011517845094,0.0,5.564476490020752,0.0,9.622502525564879e-06,3
10147,graph,0.10295943915843964,0.0,0.10220217704772949,0.0,0.0007572643226012588,9.622393508236731e-06,3
10148,graph,0.15655019879341125,0.0,0.15591931343078613,0.0,0.0006308897281996906,9.622284435168314e-06,3
10149,graph,0.15975263714790344,0.0,0.15926358103752136,0.0,0.0004890603595413268,9.622175306362316e-06,3
10150,node,0.14354021847248077,0.00048015889478847384,0.0,0.14306005835533142,0.0,9.622066121821431e-06,3
10151,graph,0.18205484747886658,0.0,0.18176278471946716,0.0,0.000292055745376274,9.621956881548354e-06,3
10152,graph,0.13950951397418976,0.0,0.13898466527462006,0.0,0.0005248433444648981,9.621847585545777e-06,3
10153,graph,0.11304554343223572,0.0,0.11265629529953003,0.0,0.00038924580439925194,9.6217382338164e-06,3
10154,node,0.644062340259552,0.00038448598934337497,0.0,0.643677830696106,0.0,9.621628826362919e-06,3
10155,graph,0.15629670023918152,0.0,0.15594062209129333,0.0,0.00035608274629339576,9.621519363188034e-06,3
10156,graph,0.12502513825893402,0.0,0.12464721500873566,0.0,0.00037792755756527185,9.621409844294446e-06,3
10157,graph,0.12628813087940216,0.0,0.1258409172296524,0.0,0.0004472132713999599,9.621300269684859e-06,3
10158,node,10.37952709197998,0.0003742712433449924,0.0,10.37915325164795,0.0,9.621190639361974e-06,3
10159,graph,0.18710371851921082,0.0,0.18676605820655823,0.0,0.00033766208798624575,9.621080953328498e-06,3
10160,graph,0.17608977854251862,0.0,0.17556408047676086,0.0,0.0005256956210359931,9.620971211587137e-06,3
10161,graph,0.32214200496673584,0.0,0.3216969966888428,0.0,0.0004450076085049659,9.6208614141406e-06,3
10162,node,3.331669569015503,0.0005227903602644801,0.0,3.331146717071533,0.0,9.620751560991592e-06,3
10163,graph,0.24771977961063385,0.0,0.24675995111465454,0.0,0.0009598328615538776,9.620641652142827e-06,3
10164,graph,0.15146668255329132,0.0,0.15111291408538818,0.0,0.00035376634332351387,9.620531687597017e-06,3
10165,graph,0.12422563135623932,0.0,0.1237613633275032,0.0,0.00046426497283391654,9.620421667356874e-06,3
10166,node,0.22143258154392242,0.0003847474290523678,0.0,0.22104783356189728,0.0,9.620311591425113e-06,3
10167,graph,0.15731725096702576,0.0,0.15557163953781128,0.0,0.001745611079968512,9.620201459804448e-06,3
10168,graph,0.164375901222229,0.0,0.1638464778661728,0.0,0.0005294255679473281,9.6200912724976e-06,3
10169,graph,0.12307710200548172,0.0,0.12265300750732422,0.0,0.00042409589514136314,9.619981029507286e-06,3
10170,node,11.618067741394043,0.0004466430691536516,0.0,11.617621421813965,0.0,9.619870730836226e-06,3
10171,graph,0.14946219325065613,0.0,0.14888115227222443,0.0,0.0005810378352180123,9.619760376487142e-06,3
10172,graph,0.21961814165115356,0.0,0.21877607703208923,0.0,0.000842068693600595,9.619649966462757e-06,3
10173,graph,0.15749482810497284,0.0,0.15672506392002106,0.0,0.0007697641849517822,9.619539500765795e-06,3
10174,node,0.19020022451877594,0.0004987844731658697,0.0,0.18970143795013428,0.0,9.61942897939898e-06,3
10175,graph,0.20578132569789886,0.0,0.2054041028022766,0.0,0.0003772219060920179,9.619318402365042e-06,3
10176,graph,0.15746591985225677,0.0,0.1568124145269394,0.0,0.0006534986314363778,9.619207769666706e-06,3
10177,graph,0.16646791994571686,0.0,0.1660146713256836,0.0,0.0004532515013124794,9.619097081306705e-06,3
10178,node,4.687828063964844,0.0005495680379681289,0.0,4.6872782707214355,0.0,9.61898633728777e-06,3
10179,graph,0.15304499864578247,0.0,0.15274585783481598,0.0,0.0002991466026287526,9.61887553761263e-06,3
10180,graph,0.1584060788154602,0.0,0.15774129331111908,0.0,0.0006647780537605286,9.618764682284024e-06,3
10181,graph,0.1539287269115448,0.0,0.15337346494197845,0.0,0.0005552651709876955,9.618653771304683e-06,3
10182,node,4.350162982940674,0.00046750757610425353,0.0,4.349695682525635,0.0,9.618542804677344e-06,3
10183,graph,0.14875441789627075,0.0,0.14811721444129944,0.0,0.0006371984491124749,9.618431782404746e-06,3
10184,graph,0.12915506958961487,0.0,0.12876498699188232,0.0,0.000390081200748682,9.618320704489629e-06,3
10185,graph,0.14289967715740204,0.0,0.14248353242874146,0.0,0.0004161447868682444,9.618209570934732e-06,3
10186,node,0.16938796639442444,0.0005427891737781465,0.0,0.16884517669677734,0.0,9.6180983817428e-06,3
10187,graph,0.16496583819389343,0.0,0.16401702165603638,0.0,0.0009488145587965846,9.617987136916575e-06,3
10188,graph,0.1309225857257843,0.0,0.13049769401550293,0.0,0.00042488478356972337,9.617875836458801e-06,3
10189,graph,0.13886038959026337,0.0,0.13861164450645447,0.0,0.00024874386144801974,9.617764480372225e-06,3
10190,node,0.2943045496940613,0.00044514224282465875,0.0,0.29385942220687866,0.0,9.617653068659594e-06,3
10191,graph,0.1617472618818283,0.0,0.1610805094242096,0.0,0.000666754727717489,9.617541601323657e-06,3
10192,graph,0.17209722101688385,0.0,0.1716957688331604,0.0,0.0004014467995148152,9.617430078367166e-06,3
10193,graph,0.12750795483589172,0.0,0.126870259642601,0.0,0.0006376922247000039,9.61731849979287e-06,3
10194,node,1.3077369928359985,0.0004206896701361984,0.0,1.3073163032531738,0.0,9.617206865603524e-06,3
10195,graph,0.21726791560649872,0.0,0.21515122056007385,0.0,0.0021166906226426363,9.617095175801882e-06,3
10196,graph,0.1633405238389969,0.0,0.16298779845237732,0.0,0.00035272512468509376,9.616983430390701e-06,3
10197,graph,0.4466305375099182,0.0,0.4460209608078003,0.0,0.0006095775170251727,9.616871629372737e-06,3
10198,node,0.5145109295845032,0.00046447420027107,0.0,0.5140464305877686,0.0,9.616759772750747e-06,3
10199,graph,0.15943174064159393,0.0,0.15894804894924164,0.0,0.0004836974258068949,9.616647860527494e-06,3
10200,graph,0.11111647635698318,0.0,0.11060895025730133,0.0,0.0005075277877040207,9.616535892705737e-06,3
10201,graph,0.21176354587078094,0.0,0.16973450779914856,0.0,0.042029041796922684,9.616423869288241e-06,3
10202,node,0.05840512737631798,0.0004285970935598016,0.0,0.057976529002189636,0.0,9.616311790277767e-06,3
10203,graph,0.12804526090621948,0.0,0.12671348452568054,0.0,0.001331779290921986,9.616199655677083e-06,3
10204,graph,0.15552714467048645,0.0,0.15499266982078552,0.0,0.0005344784003682435,9.616087465488954e-06,3
10205,graph,0.14638179540634155,0.0,0.14582699537277222,0.0,0.0005547990440391004,9.61597521971615e-06,3
10206,node,1.1915631294250488,0.0003958255983889103,0.0,1.1911673545837402,0.0,9.61586291836144e-06,3
10207,graph,0.13148516416549683,0.0,0.13088330626487732,0.0,0.0006018623826093972,9.615750561427593e-06,3
10208,graph,0.1704346388578415,0.0,0.16987720131874084,0.0,0.0005574413808062673,9.615638148917385e-06,3
10209,graph,0.13672040402889252,0.0,0.13598908483982086,0.0,0.0007313206442631781,9.615525680833585e-06,3
10210,node,0.30611345171928406,0.000389726716093719,0.0,0.30572372674942017,0.0,9.615413157178973e-06,3
10211,graph,0.1736418455839157,0.0,0.17326882481575012,0.0,0.00037301998236216605,9.615300577956322e-06,3
10212,graph,0.1597544252872467,0.0,0.15919584035873413,0.0,0.000558580388315022,9.615187943168412e-06,3
10213,graph,0.1295413076877594,0.0,0.12906195223331451,0.0,0.00047935708425939083,9.61507525281802e-06,3
10214,node,1.1809957027435303,0.0004670331545639783,0.0,1.1805286407470703,0.0,9.614962506907927e-06,3
10215,graph,0.13825397193431854,0.0,0.1377650797367096,0.0,0.0004888898693025112,9.614849705440916e-06,3
10216,graph,0.18514053523540497,0.0,0.18424932658672333,0.0,0.0008912038756534457,9.614736848419769e-06,3
10217,graph,0.14034441113471985,0.0,0.14009331166744232,0.0,0.0002510988269932568,9.61462393584727e-06,3
10218,node,1.1109914779663086,0.00036749872379004955,0.0,1.1106239557266235,0.0,9.614510967726206e-06,3
10219,graph,0.13329696655273438,0.0,0.13292236626148224,0.0,0.0003745944413822144,9.614397944059364e-06,3
10220,graph,0.1311592161655426,0.0,0.13076721131801605,0.0,0.0003920122981071472,9.614284864849537e-06,3
10221,graph,0.18404234945774078,0.0,0.183631032705307,0.0,0.00041131756734102964,9.61417173009951e-06,3
10222,node,0.39777299761772156,0.0003495925629977137,0.0,0.3974234163761139,0.0,9.614058539812075e-06,3
10223,graph,0.18208232522010803,0.0,0.18171216547489166,0.0,0.00037015913403593004,9.613945293990026e-06,3
10224,graph,0.13637538254261017,0.0,0.13580568134784698,0.0,0.0005697036976926029,9.613831992636157e-06,3
10225,graph,0.15454266965389252,0.0,0.1540221869945526,0.0,0.0005204842309467494,9.613718635753264e-06,3
10226,node,2.3811464309692383,0.00040028165676631033,0.0,2.3807461261749268,0.0,9.613605223344142e-06,3
10227,graph,0.16079440712928772,0.0,0.16020597517490387,0.0,0.0005884330603294075,9.613491755411593e-06,3
10228,graph,0.15748374164104462,0.0,0.15704429149627686,0.0,0.00043945066863670945,9.613378231958414e-06,3
10229,graph,0.24387137591838837,0.0,0.2432176023721695,0.0,0.0006537738954648376,9.613264652987408e-06,3
10230,node,19.316574096679688,0.0003481077146716416,0.0,19.316225051879883,0.0,9.613151018501375e-06,3
10231,graph,0.20509886741638184,0.0,0.20476658642292023,0.0,0.0003322770062368363,9.61303732850312e-06,3
10232,graph,0.17049546539783478,0.0,0.1699506938457489,0.0,0.0005447734147310257,9.612923582995448e-06,3
10233,graph,0.12066043168306351,0.0,0.12024092674255371,0.0,0.0004195072688162327,9.612809781981166e-06,3
10234,node,4.034600257873535,0.0005716036539524794,0.0,4.03402853012085,0.0,9.612695925463082e-06,3
10235,graph,0.13139206171035767,0.0,0.13105179369449615,0.0,0.00034026126377284527,9.612582013444006e-06,3
10236,graph,0.13571637868881226,0.0,0.13528798520565033,0.0,0.00042839659727178514,9.612468045926747e-06,3
10237,graph,0.28041380643844604,0.0,0.27994680404663086,0.0,0.00046701691462658346,9.612354022914119e-06,3
10238,node,1.6348551511764526,0.00037871868698857725,0.0,1.6344764232635498,0.0,9.612239944408932e-06,3
10239,graph,0.23771347105503082,0.0,0.23712652921676636,0.0,0.0005869464366696775,9.612125810414003e-06,3
10240,graph,0.24688592553138733,0.0,0.2461688220500946,0.0,0.0007171037141233683,9.612011620932148e-06,3
10241,graph,0.1317494660615921,0.0,0.13069309294223785,0.0,0.001056379871442914,9.611897375966186e-06,3
10242,node,0.7952641248703003,0.0008085780427791178,0.0,0.7944555282592773,0.0,9.611783075518932e-06,3
10243,graph,0.17429916560649872,0.0,0.17349296808242798,0.0,0.0008061912376433611,9.61166871959321e-06,3
10244,graph,0.18987774848937988,0.0,0.18937236070632935,0.0,0.0005053865606896579,9.611554308191839e-06,3
10245,graph,0.13428328931331635,0.0,0.13363692164421082,0.0,0.0006463724421337247,9.611439841317644e-06,3
10246,node,1.1020715236663818,0.0004023547808174044,0.0,1.101669192314148,0.0,9.611325318973449e-06,3
10247,graph,0.10614244639873505,0.0,0.10565034300088882,0.0,0.0004920997307635844,9.61121074116208e-06,3
10248,graph,0.16752484440803528,0.0,0.16673533618450165,0.0,0.0007895018206909299,9.611096107886362e-06,3
10249,graph,0.17035545408725739,0.0,0.16982677578926086,0.0,0.0005286781233735383,9.610981419149126e-06,3
10250,node,1.902740240097046,0.0005501732812263072,0.0,1.902190089225769,0.0,9.6108666749532e-06,3
10251,graph,0.1535065770149231,0.0,0.15308235585689545,0.0,0.0004242181312292814,9.610751875301417e-06,3
10252,graph,0.1397741436958313,0.0,0.13930584490299225,0.0,0.00046829221537336707,9.610637020196608e-06,3
10253,graph,0.14352330565452576,0.0,0.14326363801956177,0.0,0.0002596684207674116,9.610522109641607e-06,3
10254,node,0.3969332277774811,0.0005519723054021597,0.0,0.3963812589645386,0.0,9.61040714363925e-06,3
10255,graph,0.20043343305587769,0.0,0.19977016746997833,0.0,0.0006632657023146749,9.610292122192373e-06,3
10256,graph,0.17938223481178284,0.0,0.17891208827495575,0.0,0.00047014871961437166,9.610177045303817e-06,3
10257,graph,0.12880824506282806,0.0,0.12838995456695557,0.0,0.0004182853735983372,9.610061912976417e-06,3
10258,node,0.29174622893333435,0.0004005972878076136,0.0,0.29134562611579895,0.0,9.609946725213016e-06,3
10259,graph,0.12256693094968796,0.0,0.12217407673597336,0.0,0.00039285069215111434,9.609831482016456e-06,3
10260,graph,0.26969775557518005,0.0,0.26926279067993164,0.0,0.0004349608498159796,9.60971618338958e-06,3
10261,graph,0.1714097559452057,0.0,0.17068475484848022,0.0,0.0007249958580359817,9.609600829335233e-06,3
10262,node,4.831214427947998,0.0005262878839857876,0.0,4.830687999725342,0.0,9.60948541985626e-06,3
10263,graph,0.12806011736392975,0.0,0.12740428745746613,0.0,0.0006558236200362444,9.60936995495551e-06,3
10264,graph,0.21541638672351837,0.0,0.21507146954536438,0.0,0.00034491776023060083,9.609254434635835e-06,3
10265,graph,0.15958648920059204,0.0,0.1589725911617279,0.0,0.0006138908211141825,9.60913885890008e-06,3
10266,node,0.3294181227684021,0.000471458857646212,0.0,0.32894665002822876,0.0,9.609023227751102e-06,3
10267,graph,0.22739295661449432,0.0,0.22655834257602692,0.0,0.0008346178219653666,9.608907541191747e-06,3
10268,graph,0.12484712153673172,0.0,0.12442759424448013,0.0,0.0004195256333332509,9.608791799224875e-06,3
10269,graph,0.15878932178020477,0.0,0.1584894061088562,0.0,0.0002999217249453068,9.608676001853341e-06,3
10270,node,5.456527233123779,0.00047971008461900055,0.0,5.456047534942627,0.0,9.608560149080003e-06,3
10271,graph,0.14733408391475677,0.0,0.1466856151819229,0.0,0.000648473622277379,9.608444240907717e-06,3
10272,graph,0.1184263825416565,0.0,0.11811454594135284,0.0,0.000311834184685722,9.608328277339343e-06,3
10273,graph,0.17116199433803558,0.0,0.17068952322006226,0.0,0.00047246614121831954,9.608212258377744e-06,3
10274,node,2.2375428676605225,0.0003699635562952608,0.0,2.237172842025757,0.0,9.608096184025781e-06,3
10275,graph,0.17661027610301971,0.0,0.1754259467124939,0.0,0.0011843245010823011,9.60798005428632e-06,3
10276,graph,0.1605740189552307,0.0,0.16010361909866333,0.0,0.0004704004095401615,9.607863869162226e-06,3
10277,graph,0.15704159438610077,0.0,0.15649732947349548,0.0,0.0005442578112706542,9.607747628656366e-06,3
10278,node,7.0475311279296875,0.00040885101770982146,0.0,7.047122478485107,0.0,9.607631332771605e-06,3
10279,graph,0.18678069114685059,0.0,0.18639539182186127,0.0,0.00038530019810423255,9.607514981510816e-06,3
10280,graph,0.13946761190891266,0.0,0.1389806568622589,0.0,0.0004869576368946582,9.607398574876867e-06,3
10281,graph,0.1451341062784195,0.0,0.14465197920799255,0.0,0.00048212133697234094,9.607282112872633e-06,3
10282,node,0.5918366312980652,0.0005661439499817789,0.0,0.5912705063819885,0.0,9.607165595500987e-06,3
10283,graph,0.1872120052576065,0.0,0.1868828982114792,0.0,0.00032910582376644015,9.607049022764804e-06,3
10284,graph,0.12413128465414047,0.0,0.12349239736795425,0.0,0.0006388851907104254,9.606932394666959e-06,3
10285,graph,0.3032263517379761,0.0,0.3023452162742615,0.0,0.0008811391890048981,9.60681571121033e-06,3
10286,node,7.83634090423584,0.00048010601312853396,0.0,7.835860729217529,0.0,9.606698972397796e-06,3
10287,graph,0.2935939133167267,0.0,0.2926519513130188,0.0,0.0009419532725587487,9.606582178232239e-06,3
10288,graph,0.14936977624893188,0.0,0.14894239604473114,0.0,0.0004273867525625974,9.60646532871654e-06,3
10289,graph,0.1427188664674759,0.0,0.14229097962379456,0.0,0.0004278912383597344,9.606348423853582e-06,3
10290,node,4.151512145996094,0.0005298337200656533,0.0,4.15098237991333,0.0,9.60623146364625e-06,3
10291,graph,0.11522024124860764,0.0,0.1146271750330925,0.0,0.0005930626066401601,9.606114448097428e-06,3
10292,graph,0.1831817924976349,0.0,0.18286901712417603,0.0,0.0003127727541141212,9.605997377210003e-06,3
10293,graph,0.15997232496738434,0.0,0.15970954298973083,0.0,0.00026277650613337755,9.605880250986868e-06,3
10294,node,42.56864929199219,0.0005474709323607385,0.0,42.56809997558594,0.0,9.605763069430909e-06,3
10295,graph,0.13749177753925323,0.0,0.13702993094921112,0.0,0.000461844727396965,9.605645832545016e-06,3
10296,graph,0.13647109270095825,0.0,0.13594332337379456,0.0,0.0005277635646052659,9.605528540332086e-06,3
10297,graph,0.16367220878601074,0.0,0.16293668746948242,0.0,0.0007355271955020726,9.60541119279501e-06,3
10298,node,1.1215736865997314,0.0005040724645368755,0.0,1.1210696697235107,0.0,9.605293789936686e-06,3
10299,graph,0.10591083019971848,0.0,0.10552467405796051,0.0,0.00038615858647972345,9.605176331760009e-06,3
10300,graph,0.12979719042778015,0.0,0.12944230437278748,0.0,0.0003548930399119854,9.605058818267877e-06,3
10301,graph,0.14217208325862885,0.0,0.14173582196235657,0.0,0.0004362593172118068,9.604941249463189e-06,3
10302,node,2.475372314453125,0.0005194967961870134,0.0,2.4748528003692627,0.0,9.60482362534885e-06,3
10303,graph,0.18220917880535126,0.0,0.18170839548110962,0.0,0.0005007855943404138,9.604705945927757e-06,3
10304,graph,0.19007989764213562,0.0,0.18973207473754883,0.0,0.00034782133297994733,9.604588211202815e-06,3
10305,graph,0.13415466248989105,0.0,0.13361011445522308,0.0,0.0005445434944704175,9.604470421176932e-06,3
10306,node,1.4704569578170776,0.00038411785499192774,0.0,1.470072865486145,0.0,9.60435257585301e-06,3
10307,graph,0.1444493532180786,0.0,0.14382322132587433,0.0,0.0006261283997446299,9.604234675233962e-06,3
10308,graph,0.15287072956562042,0.0,0.15244455635547638,0.0,0.000426179904025048,9.604116719322692e-06,3
10309,graph,0.176541268825531,0.0,0.17587101459503174,0.0,0.0006702571990899742,9.603998708122111e-06,3
10310,node,1.541232705116272,0.000449715880677104,0.0,1.5407830476760864,0.0,9.603880641635135e-06,3
10311,graph,0.13581956923007965,0.0,0.13535645604133606,0.0,0.00046310643665492535,9.603762519864673e-06,3
10312,graph,0.1368483155965805,0.0,0.13638566434383392,0.0,0.0004626485169865191,9.603644342813642e-06,3
10313,graph,0.32553935050964355,0.0,0.32508230209350586,0.0,0.0004570493765641004,9.603526110484957e-06,3
10314,node,2.654054641723633,0.00030108485952951014,0.0,2.6537535190582275,0.0,9.603407822881533e-06,3
10315,graph,0.14586882293224335,0.0,0.14532461762428284,0.0,0.000544208858627826,9.603289480006293e-06,3
10316,graph,0.12956160306930542,0.0,0.1290607899427414,0.0,0.0005008079460822046,9.603171081862154e-06,3
10317,graph,0.2188941091299057,0.0,0.2173546552658081,0.0,0.0015394490910694003,9.603052628452038e-06,3
10318,node,0.525744616985321,0.0004190990293864161,0.0,0.5253255367279053,0.0,9.602934119778867e-06,3
10319,graph,0.15851376950740814,0.0,0.15771380066871643,0.0,0.0007999654044397175,9.602815555845566e-06,3
10320,graph,0.15508601069450378,0.0,0.15486454963684082,0.0,0.00022145759430713952,9.602696936655062e-06,3
10321,graph,0.1364075392484665,0.0,0.13600566983222961,0.0,0.0004018747713416815,9.602578262210279e-06,3
10322,node,0.2611716389656067,0.00046933614066801965,0.0,0.26070231199264526,0.0,9.602459532514147e-06,3
10323,graph,0.11731936782598495,0.0,0.11693120747804642,0.0,0.00038816180313006043,9.602340747569592e-06,3
10324,graph,0.1793346107006073,0.0,0.17893460392951965,0.0,0.00040000720764510334,9.60222190737955e-06,3
10325,graph,0.126451775431633,0.0,0.12590011954307556,0.0,0.0005516601377166808,9.602103011946951e-06,3
10326,node,0.34660106897354126,0.0005385610274970531,0.0,0.3460625112056732,0.0,9.60198406127473e-06,3
10327,graph,0.16382452845573425,0.0,0.1632479429244995,0.0,0.0005765830865129828,9.601865055365819e-06,3
10328,graph,0.1230727955698967,0.0,0.122612863779068,0.0,0.0004599340900313109,9.601745994223156e-06,3
10329,graph,0.11311333626508713,0.0,0.11269180476665497,0.0,0.00042152966489084065,9.60162687784968e-06,3
10330,node,1.666032075881958,0.000405050435801968,0.0,1.6656270027160645,0.0,9.601507706248328e-06,3
10331,graph,0.16419270634651184,0.0,0.16381561756134033,0.0,0.0003770852054003626,9.60138847942204e-06,3
10332,graph,0.1658320277929306,0.0,0.1653730273246765,0.0,0.0004589941236190498,9.60126919737376e-06,3
10333,graph,0.2423814833164215,0.0,0.24107328057289124,0.0,0.001308202976360917,9.601149860106429e-06,3
10334,node,9.154839515686035,0.0005026327562518418,0.0,9.154336929321289,0.0,9.601030467622994e-06,3
10335,graph,0.15623684227466583,0.0,0.15562228858470917,0.0,0.0006145571242086589,9.600911019926401e-06,3
10336,graph,0.3002946674823761,0.0,0.2996654510498047,0.0,0.0006292302859947085,9.600791517019594e-06,3
10337,graph,0.12619756162166595,0.0,0.12561266124248505,0.0,0.000584895140491426,9.600671958905524e-06,3
10338,node,1.567234754562378,0.0003936150169465691,0.0,1.5668411254882812,0.0,9.600552345587138e-06,3
10339,graph,0.11341050267219543,0.0,0.1130366399884224,0.0,0.00037386483745649457,9.600432677067392e-06,3
10340,graph,0.121869295835495,0.0,0.1213221549987793,0.0,0.0005471414187923074,9.600312953349236e-06,3
10341,graph,0.18291226029396057,0.0,0.1824708878993988,0.0,0.00044136832002550364,9.600193174435625e-06,3
10342,node,2.6706578731536865,0.0003943211631849408,0.0,2.6702635288238525,0.0,9.600073340329513e-06,3
10343,graph,0.17549392580986023,0.0,0.17482638359069824,0.0,0.0006675408803857863,9.599953451033858e-06,3
10344,graph,0.13839569687843323,0.0,0.137617290019989,0.0,0.0007784048793837428,9.599833506551618e-06,3
10345,graph,0.13022710382938385,0.0,0.12979021668434143,0.0,0.0004368910158518702,9.599713506885754e-06,3
10346,node,2.351836919784546,0.0004966261330991983,0.0,2.3513402938842773,0.0,9.599593452039223e-06,3
10347,graph,0.13301002979278564,0.0,0.13259300589561462,0.0,0.00041702380985952914,9.599473342014992e-06,3
10348,graph,0.20552682876586914,0.0,0.20472212135791779,0.0,0.0008047136361710727,9.59935317681602e-06,3
10349,graph,0.1385970562696457,0.0,0.13768649101257324,0.0,0.0009105716599151492,9.599232956445276e-06,3
10350,node,1.1738429069519043,0.0004963587853126228,0.0,1.1733465194702148,0.0,9.599112680905724e-06,3
10351,graph,0.30137166380882263,0.0,0.30076542496681213,0.0,0.000606241577770561,9.598992350200333e-06,3
10352,graph,0.14873813092708588,0.0,0.14818227291107178,0.0,0.0005558651755563915,9.59887196433207e-06,3
10353,graph,0.1394810825586319,0.0,0.13914355635643005,0.0,0.00033753132447600365,9.598751523303907e-06,3
10354,node,0.4896813929080963,0.00046824573655612767,0.0,0.48921313881874084,0.0,9.598631027118815e-06,3
10355,graph,0.09599923342466354,0.0,0.09468860924243927,0.0,0.0013106268597766757,9.598510475779765e-06,3
10356,graph,0.2222554236650467,0.0,0.2217819094657898,0.0,0.0004735161201097071,9.598389869289737e-06,3
10357,graph,0.10638920217752457,0.0,0.10592083632946014,0.0,0.0004683678562287241,9.598269207651704e-06,3
10358,node,1.653206467628479,0.0005006557912565768,0.0,1.6527057886123657,0.0,9.598148490868642e-06,3
10359,graph,0.1669071763753891,0.0,0.16631442308425903,0.0,0.0005927513120695949,9.59802771894353e-06,3
10360,graph,0.1210993155837059,0.0,0.12064753472805023,0.0,0.00045178315485827625,9.597906891879349e-06,3
10361,graph,0.16169165074825287,0.0,0.16125652194023132,0.0,0.0004351347160991281,9.59778600967908e-06,3
10362,node,17.82311248779297,0.00042583950562402606,0.0,17.82268714904785,0.0,9.597665072345705e-06,3
10363,graph,0.12082428485155106,0.0,0.12032113969326019,0.0,0.0005031480686739087,9.597544079882208e-06,3
10364,graph,0.13773366808891296,0.0,0.1372992992401123,0.0,0.0004343708569649607,9.597423032291576e-06,3
10365,graph,0.1617879867553711,0.0,0.16131940484046936,0.0,0.0004685881140176207,9.597301929576794e-06,3
10366,node,1.5196033716201782,0.0004034127632621676,0.0,1.5191999673843384,0.0,9.597180771740851e-06,3
10367,graph,0.16921648383140564,0.0,0.16883344948291779,0.0,0.00038303397013805807,9.597059558786735e-06,3
10368,graph,0.15557242929935455,0.0,0.15512290596961975,0.0,0.00044952062307856977,9.596938290717439e-06,3
10369,graph,0.1415875256061554,0.0,0.14120298624038696,0.0,0.0003845319733954966,9.596816967535954e-06,3
10370,node,0.1693711131811142,0.0004108991415705532,0.0,0.16896021366119385,0.0,9.596695589245274e-06,3
10371,graph,0.14609494805335999,0.0,0.14567595720291138,0.0,0.0004189933242741972,9.596574155848392e-06,3
10372,graph,0.2030840665102005,0.0,0.2025560438632965,0.0,0.0005280273035168648,9.596452667348305e-06,3
10373,graph,0.14441707730293274,0.0,0.14397159218788147,0.0,0.0004454903246369213,9.596331123748013e-06,3
10374,node,11.964900016784668,0.00028390472289174795,0.0,11.964615821838379,0.0,9.596209525050514e-06,3
10375,graph,0.12496577948331833,0.0,0.12448273599147797,0.0,0.0004830402904190123,9.596087871258807e-06,3
10376,graph,0.23942847549915314,0.0,0.2294284701347351,0.0,0.009999999776482582,9.595966162375892e-06,3
10377,graph,0.14313556253910065,0.0,0.14278121292591095,0.0,0.0003543490020092577,9.595844398404777e-06,3
10378,node,1.1918115615844727,0.0003971050609834492,0.0,1.191414475440979,0.0,9.595722579348463e-06,3
10379,graph,0.13967299461364746,0.0,0.13915902376174927,0.0,0.0005139649729244411,9.595600705209955e-06,3
10380,graph,0.14034439623355865,0.0,0.1399020403623581,0.0,0.0004423555510584265,9.595478775992263e-06,3
10381,graph,0.18360185623168945,0.0,0.1829879730939865,0.0,0.0006138758035376668,9.595356791698395e-06,3
10382,node,0.3586967885494232,0.0004767276986967772,0.0,0.35822007060050964,0.0,9.59523475233136e-06,3
10383,graph,0.12883800268173218,0.0,0.1284426748752594,0.0,0.0003953274281229824,9.595112657894168e-06,3
10384,graph,0.16691705584526062,0.0,0.16651292145252228,0.0,0.0004041380307171494,9.594990508389834e-06,3
10385,graph,0.14944933354854584,0.0,0.1483578383922577,0.0,0.0010914999293163419,9.59486830382137e-06,3
10386,node,0.09625539183616638,0.0005495734512805939,0.0,0.09570581465959549,0.0,9.594746044191792e-06,3
10387,graph,0.16081728041172028,0.0,0.16023963689804077,0.0,0.0005776364705525339,9.594623729504115e-06,3
10388,graph,0.15278007090091705,0.0,0.15240365266799927,0.0,0.00037641177186742425,9.59450135976136e-06,3
10389,graph,0.12221177667379379,0.0,0.12160433083772659,0.0,0.0006074471748434007,9.594378934966545e-06,3
10390,node,0.4514954090118408,0.00047815634752623737,0.0,0.45101726055145264,0.0,9.59425645512269e-06,3
10391,graph,0.23355130851268768,0.0,0.23306378722190857,0.0,0.0004875155573245138,9.594133920232818e-06,3
10392,graph,0.13138727843761444,0.0,0.130930095911026,0.0,0.0004571872123051435,9.594011330299952e-06,3
10393,graph,0.14355090260505676,0.0,0.1429119110107422,0.0,0.0006389978225342929,9.593888685327117e-06,3
10394,node,2.053112030029297,0.0003274261543992907,0.0,2.0527846813201904,0.0,9.59376598531734e-06,3
10395,graph,0.15197384357452393,0.0,0.1516050100326538,0.0,0.00036882853601127863,9.593643230273645e-06,3
10396,graph,0.2070467323064804,0.0,0.20650237798690796,0.0,0.0005443617119453847,9.593520420199066e-06,3
10397,graph,0.13577809929847717,0.0,0.1352185308933258,0.0,0.0005595662514679134,9.593397555096629e-06,3
10398,node,1.882867693901062,0.00048705548397265375,0.0,1.8823806047439575,0.0,9.593274634969366e-06,3
10399,graph,0.11125089973211288,0.0,0.11091510206460953,0.0,0.00033579699811525643,9.593151659820313e-06,3
10400,graph,0.20118600130081177,0.0,0.13845975697040558,0.0,0.06272623687982559,9.593028629652503e-06,3
10401,graph,0.14942054450511932,0.0,0.14909610152244568,0.0,0.0003244357940275222,9.592905544468972e-06,3
10402,node,2.059805154800415,0.0004754026886075735,0.0,2.0593297481536865,0.0,9.592782404272754e-06,3
10403,graph,0.16262251138687134,0.0,0.16214576363563538,0.0,0.0004767407081089914,9.59265920906689e-06,3
10404,graph,0.16273146867752075,0.0,0.16221217811107635,0.0,0.0005192970857024193,9.592535958854418e-06,3
10405,graph,0.17872565984725952,0.0,0.17830026149749756,0.0,0.00042539474088698626,9.59241265363838e-06,3
10406,node,0.10245444625616074,0.0004210375191178173,0.0,0.10203340649604797,0.0,9.592289293421821e-06,3
10407,graph,0.14784489572048187,0.0,0.14743995666503906,0.0,0.0004049416456837207,9.592165878207782e-06,3
10408,graph,0.2382827252149582,0.0,0.23774392902851105,0.0,0.0005387977580539882,9.592042407999308e-06,3
10409,graph,0.26678237318992615,0.0,0.26638126373291016,0.0,0.0004011124256066978,9.591918882799447e-06,3
10410,node,1.3145002126693726,0.000391830166336149,0.0,1.3141083717346191,0.0,9.591795302611245e-06,3
10411,graph,0.11293625831604004,0.0,0.11265379190444946,0.0,0.0002824647235684097,9.591671667437753e-06,3
10412,graph,0.14750896394252777,0.0,0.14702622592449188,0.0,0.00048273574793711305,9.59154797728202e-06,3
10413,graph,0.17851240932941437,0.0,0.1776735633611679,0.0,0.0008388416026718915,9.591424232147097e-06,3
10414,node,9.325066566467285,0.00040953030111268163,0.0,9.324657440185547,0.0,9.59130043203604e-06,3
10415,graph,0.1716531217098236,0.0,0.17109446227550507,0.0,0.0005586655461229384,9.591176576951903e-06,3
10416,graph,0.130223348736763,0.0,0.1296539604663849,0.0,0.0005693848943337798,9.591052666897743e-06,3
10417,graph,0.12220211327075958,0.0,0.12166109681129456,0.0,0.0005410151788964868,9.590928701876614e-06,3
10418,node,0.4372170865535736,0.0005803758976981044,0.0,0.43663671612739563,0.0,9.59080468189158e-06,3
10419,graph,0.13486982882022858,0.0,0.13450847566127777,0.0,0.00036135150003246963,9.590680606945695e-06,3
10420,graph,0.13755598664283752,0.0,0.1370803564786911,0.0,0.0004756292619276792,9.590556477042023e-06,3
10421,graph,0.1953999102115631,0.0,0.19492018222808838,0.0,0.0004797270812559873,9.590432292183627e-06,3
10422,node,4.824458599090576,0.0005935621447861195,0.0,4.823864936828613,0.0,9.59030805237357e-06,3
10423,graph,0.15218913555145264,0.0,0.1515527218580246,0.0,0.0006364195724017918,9.59018375761492e-06,3
10424,graph,0.11260201036930084,0.0,0.11225210130214691,0.0,0.000349910173099488,9.590059407910741e-06,3
10425,graph,0.18886736035346985,0.0,0.1885094940662384,0.0,0.0003578728064894676,9.589935003264104e-06,3
10426,node,0.5664288997650146,0.00046928427764214575,0.0,0.565959632396698,0.0,9.589810543678079e-06,3
10427,graph,0.1381736695766449,0.0,0.1378447413444519,0.0,0.00032893262687139213,9.589686029155734e-06,3
10428,graph,0.09736059606075287,0.0,0.09692294895648956,0.0,0.00043764582369476557,9.589561459700143e-06,3
10429,graph,0.15492220222949982,0.0,0.15441486239433289,0.0,0.0005073389038443565,9.589436835314377e-06,3
10430,node,0.35627543926239014,0.00040567904943600297,0.0,0.35586977005004883,0.0,9.589312156001515e-06,3
10431,graph,0.1368868350982666,0.0,0.13647615909576416,0.0,0.0004106744599994272,9.58918742176463e-06,3
10432,graph,0.15218360722064972,0.0,0.15146073698997498,0.0,0.0007228755275718868,9.589062632606803e-06,3
10433,graph,0.09577573835849762,0.0,0.09525887668132782,0.0,0.0005168612115085125,9.58893778853111e-06,3
10434,node,0.07394269108772278,0.0004811057879123837,0.0,0.07346158474683762,0.0,9.588812889540632e-06,3
10435,graph,0.22604526579380035,0.0,0.22546294331550598,0.0,0.0005823203246109188,9.588687935638451e-06,3
10436,graph,0.14090074598789215,0.0,0.14011862874031067,0.0,0.0007821115432307124,9.58856292682765e-06,3
10437,graph,0.1469034105539322,0.0,0.14644770324230194,0.0,0.0004557005886454135,9.588437863111316e-06,3
10438,node,1.9906432628631592,0.00039051062776707113,0.0,1.9902527332305908,0.0,9.588312744492532e-06,3
10439,graph,0.19253966212272644,0.0,0.19149960577487946,0.0,0.0010400514584034681,9.588187570974385e-06,3
10440,graph,0.18213072419166565,0.0,0.1814279556274414,0.0,0.0007027724059298635,9.588062342559965e-06,3
10441,graph,0.12319180369377136,0.0,0.12289351969957352,0.0,0.0002982832957059145,9.58793705925236e-06,3
10442,node,0.20921273529529572,0.00035976411891169846,0.0,0.20885297656059265,0.0,9.587811721054664e-06,3
10443,graph,0.13433776795864105,0.0,0.133957177400589,0.0,0.0003805842425208539,9.587686327969966e-06,3
10444,graph,0.13542450964450836,0.0,0.13501957058906555,0.0,0.000404934718972072,9.587560880001364e-06,3
10445,graph,0.12627607583999634,0.0,0.12596051394939423,0.0,0.00031555749592371285,9.587435377151952e-06,3
10446,node,0.313576877117157,0.0008156991098076105,0.0,0.31276118755340576,0.0,9.587309819424823e-06,3
10447,graph,0.1345457285642624,0.0,0.1341840773820877,0.0,0.0003616545582190156,9.58718420682308e-06,3
10448,graph,0.2410106062889099,0.0,0.2405884563922882,0.0,0.00042215397115796804,9.587058539349822e-06,3
10449,graph,0.1421336531639099,0.0,0.14157335460186005,0.0,0.0005603060126304626,9.586932817008145e-06,3
10450,node,0.7570273876190186,0.00034291879273951054,0.0,0.7566844820976257,0.0,9.586807039801157e-06,3
10451,graph,0.1262180358171463,0.0,0.12576021254062653,0.0,0.00045782176312059164,9.586681207731958e-06,3
10452,graph,0.13255654275417328,0.0,0.1322629749774933,0.0,0.00029356498271226883,9.586555320803653e-06,3
10453,graph,0.20926302671432495,0.0,0.20836889743804932,0.0,0.0008941245032474399,9.586429379019349e-06,3
10454,node,5.35150146484375,0.0004434967995621264,0.0,5.351058006286621,0.0,9.586303382382153e-06,3
10455,graph,0.14247898757457733,0.0,0.1417863517999649,0.0,0.0006926339701749384,9.586177330895173e-06,3
10456,graph,0.12084346264600754,0.0,0.12039178609848022,0.0,0.00045167814823798835,9.58605122456152e-06,3
10457,graph,0.11317482590675354,0.0,0.1125238686800003,0.0,0.0006509589147754014,9.585925063384306e-06,3
10458,node,5.5750932693481445,0.0004964069230481982,0.0,5.574596881866455,0.0,9.585798847366644e-06,3
10459,graph,0.2402152121067047,0.0,0.2392849326133728,0.0,0.0009302848484367132,9.585672576511648e-06,3
10460,graph,0.13056308031082153,0.0,0.13003882765769958,0.0,0.0005242503830231726,9.585546250822432e-06,3
10461,graph,0.1819370985031128,0.0,0.18156138062477112,0.0,0.00037571749999187887,9.585419870302115e-06,3
10462,node,4.973963737487793,0.0005713485297746956,0.0,4.973392486572266,0.0,9.585293434953814e-06,3
10463,graph,0.17941415309906006,0.0,0.17856968939304352,0.0,0.0008444659179076552,9.58516694478065e-06,3
10464,graph,0.15376588702201843,0.0,0.15312987565994263,0.0,0.0006360075203701854,9.585040399785744e-06,3
10465,graph,0.12409657984972,0.0,0.12334906309843063,0.0,0.0007475157035514712,9.584913799972218e-06,3
10466,node,0.6807456612586975,0.0004330251831561327,0.0,0.6803126335144043,0.0,9.584787145343194e-06,3
10467,graph,0.13963010907173157,0.0,0.13904313743114471,0.0,0.0005869764136150479,9.5846604359018e-06,3
10468,graph,0.16742025315761566,0.0,0.1670907735824585,0.0,0.0003294730850029737,9.58453367165116e-06,3
10469,graph,0.1532137393951416,0.0,0.14947524666786194,0.0,0.003738485276699066,9.584406852594404e-06,3
10470,node,1.6834545135498047,0.0003870219807140529,0.0,1.6830674409866333,0.0,9.58427997873466e-06,3
10471,graph,0.2908373773097992,0.0,0.2903028726577759,0.0,0.0005344916135072708,9.584153050075057e-06,3
10472,graph,0.118044912815094,0.0,0.11755868792533875,0.0,0.0004862275382038206,9.584026066618727e-06,3
10473,graph,0.14672105014324188,0.0,0.14609584212303162,0.0,0.0006252038874663413,9.583899028368806e-06,3
10474,node,2.2042737007141113,0.0006101028993725777,0.0,2.2036635875701904,0.0,9.583771935328426e-06,3
10475,graph,0.1427624225616455,0.0,0.14195343852043152,0.0,0.0008089782204478979,9.583644787500725e-06,3
10476,graph,0.3641020655632019,0.0,0.36353403329849243,0.0,0.0005680253962054849,9.58351758488884e-06,3
10477,graph,0.20120641589164734,0.0,0.20088541507720947,0.0,0.0003209963033441454,9.583390327495907e-06,3
10478,node,0.7456900477409363,0.0004987279535271227,0.0,0.7451913356781006,0.0,9.583263015325068e-06,3
10479,graph,0.16382357478141785,0.0,0.16327974200248718,0.0,0.0005438255611807108,9.583135648379464e-06,3
10480,graph,0.12825141847133636,0.0,0.12771044671535492,0.0,0.0005409740842878819,9.583008226662237e-06,3
10481,graph,0.15332728624343872,0.0,0.15288123488426208,0.0,0.0004460492345970124,9.582880750176532e-06,3
10482,node,5.008931636810303,0.00043964883661828935,0.0,5.0084919929504395,0.0,9.582753218925495e-06,3
10483,graph,0.1302628070116043,0.0,0.12971961498260498,0.0,0.0005431949975900352,9.58262563291227e-06,3
10484,graph,0.11683138459920883,0.0,0.11651700735092163,0.0,0.0003143756475765258,9.582497992140008e-06,3
10485,graph,0.19144460558891296,0.0,0.1910058557987213,0.0,0.0004387499939184636,9.582370296611856e-06,3
10486,node,0.2652994394302368,0.00045276133459992707,0.0,0.26484668254852295,0.0,9.582242546330965e-06,3
10487,graph,0.36597689986228943,0.0,0.3654448390007019,0.0,0.0005320636555552483,9.58211474130049e-06,3
10488,graph,0.14752312004566193,0.0,0.1470315158367157,0.0,0.0004915971076115966,9.581986881523582e-06,3
10489,graph,0.17717234790325165,0.0,0.1768459677696228,0.0,0.00032637492404319346,9.581858967003396e-06,3
10490,node,1.3475444316864014,0.00044828225509263575,0.0,1.3470962047576904,0.0,9.581730997743089e-06,3
10491,graph,0.1581042855978012,0.0,0.15743529796600342,0.0,0.0006689922302030027,9.581602973745819e-06,3
10492,graph,0.2162127047777176,0.0,0.21549026668071747,0.0,0.0007224323344416916,9.581474895014742e-06,3
10493,graph,0.1277325600385666,0.0,0.12714749574661255,0.0,0.0005850662710145116,9.58134676155302e-06,3
10494,node,0.5509404540061951,0.0003522072802297771,0.0,0.5505882501602173,0.0,9.581218573363814e-06,3
10495,graph,0.154267817735672,0.0,0.15385255217552185,0.0,0.00041527082794345915,9.581090330450289e-06,3
10496,graph,0.12966632843017578,0.0,0.12920136749744415,0.0,0.0004649537440855056,9.580962032815606e-06,3
10497,graph,0.31164589524269104,0.0,0.3077995479106903,0.0,0.003846344305202365,9.580833680462934e-06,3
10498,node,1.256332278251648,0.0005215263809077442,0.0,1.2558107376098633,0.0,9.580705273395439e-06,3
10499,graph,0.14458349347114563,0.0,0.14407041668891907,0.0,0.0005130794597789645,9.580576811616288e-06,3
10500,graph,0.10382132977247238,0.0,0.1034436970949173,0.0,0.00037763480213470757,9.58044829512865e-06,3
10501,graph,0.18149158358573914,0.0,0.18087273836135864,0.0,0.0006188484840095043,9.580319723935698e-06,3
10502,node,0.712256133556366,0.0005436804494820535,0.0,0.7117124795913696,0.0,9.580191098040603e-06,3
10503,graph,0.16177862882614136,0.0,0.16140276193618774,0.0,0.0003758637176360935,9.58006241744654e-06,3
10504,graph,0.15816059708595276,0.0,0.15769356489181519,0.0,0.000467026635305956,9.579933682156683e-06,3
10505,graph,0.14696760475635529,0.0,0.14647898077964783,0.0,0.0004886227543465793,9.57980489217421e-06,3
10506,node,0.9816488027572632,0.00042495166417211294,0.0,0.9812238216400146,0.0,9.579676047502297e-06,3
10507,graph,0.14379584789276123,0.0,0.14342740178108215,0.0,0.00036845175782218575,9.579547148144125e-06,3
10508,graph,0.15895968675613403,0.0,0.15853367745876312,0.0,0.0004260071145836264,9.579418194102873e-06,3
10509,graph,0.14552637934684753,0.0,0.14495503902435303,0.0,0.0005713339778594673,9.579289185381722e-06,3
10510,node,0.15821777284145355,0.0005042858538217843,0.0,0.15771348774433136,0.0,9.579160121983858e-06,3
10511,graph,0.12463852018117905,0.0,0.12420842051506042,0.0,0.0004301033332012594,9.579031003912463e-06,3
10512,graph,0.17970703542232513,0.0,0.178557887673378,0.0,0.0011491404147818685,9.578901831170724e-06,3
10513,graph,0.5788313746452332,0.0,0.5759585499763489,0.0,0.002872811397537589,9.578772603761828e-06,3
10514,node,6.379207134246826,0.00046949548413977027,0.0,6.378737449645996,0.0,9.578643321688962e-06,3
10515,graph,0.1530168056488037,0.0,0.15231159329414368,0.0,0.0007052168366499245,9.578513984955317e-06,3
10516,graph,0.1390782743692398,0.0,0.13854560256004333,0.0,0.0005326753598637879,9.578384593564087e-06,3
10517,graph,0.15985643863677979,0.0,0.15929603576660156,0.0,0.0005604013567790389,9.578255147518462e-06,3
10518,node,5.114557266235352,0.00045527511974796653,0.0,5.114101886749268,0.0,9.578125646821634e-06,3
10519,graph,0.12197867780923843,0.0,0.12142468243837357,0.0,0.0005539932753890753,9.577996091476802e-06,3
10520,graph,0.1703999638557434,0.0,0.16986212134361267,0.0,0.0005378385540097952,9.57786648148716e-06,3
10521,graph,0.1547572761774063,0.0,0.15443125367164612,0.0,0.0003260298690292984,9.577736816855908e-06,3
10522,node,100.00048065185547,0.0004829662211704999,0.0,100.0,0.0,9.577607097586243e-06,3
10523,graph,0.14711788296699524,0.0,0.14680443704128265,0.0,0.00031344391754828393,9.577477323681367e-06,3
10524,graph,0.15687955915927887,0.0,0.1564219743013382,0.0,0.0004575794155243784,9.577347495144482e-06,3
10525,graph,0.24529413878917694,0.0,0.2446102648973465,0.0,0.0006838810513727367,9.577217611978794e-06,3
10526,node,0.3796597421169281,0.0005423091351985931,0.0,0.3791174292564392,0.0,9.577087674187504e-06,3
10527,graph,0.1375150978565216,0.0,0.13723047077655792,0.0,0.00028462076443247497,9.57695768177382e-06,3
10528,graph,0.15361551940441132,0.0,0.15326878428459167,0.0,0.00034674248308874667,9.576827634740948e-06,3
10529,graph,0.263516366481781,0.0,0.2627503275871277,0.0,0.0007660352857783437,9.576697533092097e-06,3
10530,node,0.8183003664016724,0.0005553709343075752,0.0,0.8177449703216553,0.0,9.57656737683048e-06,3
10531,graph,0.20933549106121063,0.0,0.20360834896564484,0.0,0.0057271369732916355,9.576437165959304e-06,3
10532,graph,0.1573134958744049,0.0,0.15704065561294556,0.0,0.00027284189127385616,9.576306900481785e-06,3
10533,graph,0.14509040117263794,0.0,0.14464038610458374,0.0,0.0004500105860643089,9.576176580401137e-06,3
10534,node,0.4150815010070801,0.00045648126979358494,0.0,0.41462501883506775,0.0,9.576046205720573e-06,3
10535,graph,0.18393614888191223,0.0,0.18323272466659546,0.0,0.0007034186855889857,9.575915776443312e-06,3
10536,graph,0.10811682045459747,0.0,0.10765513777732849,0.0,0.00046168267726898193,9.575785292572573e-06,3
10537,graph,0.16185535490512848,0.0,0.1613796055316925,0.0,0.00047575499047525227,9.575654754111574e-06,3
10538,node,0.43312036991119385,0.0004497741174418479,0.0,0.43267059326171875,0.0,9.575524161063534e-06,3
10539,graph,0.11846145242452621,0.0,0.1180882677435875,0.0,0.00037318511749617755,9.57539351343168e-06,3
10540,graph,0.12312444299459457,0.0,0.12272519618272781,0.0,0.0003992484125774354,9.575262811219231e-06,3
10541,graph,0.14407795667648315,0.0,0.14344975352287292,0.0,0.0006282089743763208,9.575132054429416e-06,3
10542,node,1.0760146379470825,0.00041591309127397835,0.0,1.0755987167358398,0.0,9.575001243065457e-06,3
10543,graph,0.14143122732639313,0.0,0.14078983664512634,0.0,0.000641397840809077,9.574870377130586e-06,3
10544,graph,0.34065717458724976,0.0,0.3397795557975769,0.0,0.0008776255417615175,9.57473945662803e-06,3
10545,graph,0.1961131989955902,0.0,0.19556590914726257,0.0,0.0005472924676723778,9.574608481561019e-06,3
10546,node,1.0723140239715576,0.0005148243508301675,0.0,1.0717991590499878,0.0,9.574477451932784e-06,3
10547,graph,0.11889173090457916,0.0,0.11841936409473419,0.0,0.0004723668098449707,9.57434636774656e-06,3
10548,graph,0.11993562430143356,0.0,0.11926291137933731,0.0,0.0006727096042595804,9.574215229005581e-06,3
10549,graph,0.16636031866073608,0.0,0.16587470471858978,0.0,0.00048562101437710226,9.57408403571308e-06,3
10550,node,6.664121627807617,0.00042834377381950617,0.0,6.663693428039551,0.0,9.573952787872297e-06,3
10551,graph,0.2874488830566406,0.0,0.28695955872535706,0.0,0.0004893311997875571,9.573821485486472e-06,3
10552,graph,0.11584816873073578,0.0,0.1154264286160469,0.0,0.00042173758265562356,9.573690128558841e-06,3
10553,graph,0.16740888357162476,0.0,0.16698139905929565,0.0,0.0004274857055861503,9.573558717092646e-06,3
10554,node,0.31068819761276245,0.00036870205076411366,0.0,0.3103194832801819,0.0,9.57342725109113e-06,3
10555,graph,0.4643930494785309,0.0,0.46385419368743896,0.0,0.0005388556164689362,9.573295730557536e-06,3
10556,graph,0.13529378175735474,0.0,0.13459618389606476,0.0,0.0006975963478907943,9.57316415549511e-06,3
10557,graph,0.16864077746868134,0.0,0.16807329654693604,0.0,0.0005674827843904495,9.5730325259071e-06,3
10558,node,3.3073458671569824,0.0005310935084708035,0.0,3.306814670562744,0.0,9.57290084179675e-06,3
10559,graph,0.2899057865142822,0.0,0.2893213629722595,0.0,0.0005844209808856249,9.572769103167311e-06,3
10560,graph,0.26814034581184387,0.0,0.26759594678878784,0.0,0.0005444024573080242,9.572637310022036e-06,3
10561,graph,0.12942765653133392,0.0,0.12884733080863953,0.0,0.0005803191452287138,9.572505462364173e-06,3
10562,node,0.2454458326101303,0.0005905216094106436,0.0,0.24485531449317932,0.0,9.572373560196979e-06,3
10563,graph,0.1576046645641327,0.0,0.1573685258626938,0.0,0.00023613314260728657,9.572241603523706e-06,3
10564,graph,0.128008633852005,0.0,0.1276610791683197,0.0,0.0003475492703728378,9.57210959234761e-06,3
10565,graph,0.17890959978103638,0.0,0.17843486368656158,0.0,0.0004747363564092666,9.571977526671947e-06,3
10566,node,2.843425989151001,0.0005847391439601779,0.0,2.842841148376465,0.0,9.571845406499978e-06,3
10567,graph,0.13625085353851318,0.0,0.13557007908821106,0.0,0.0006807774771004915,9.571713231834961e-06,3
10568,graph,0.1400991678237915,0.0,0.13975393772125244,0.0,0.0003452326636761427,9.571581002680161e-06,3
10569,graph,0.1249089390039444,0.0,0.12428560853004456,0.0,0.0006233299500308931,9.571448719038838e-06,3
10570,node,1.1797304153442383,0.0004863594367634505,0.0,1.179244041442871,0.0,9.571316380914255e-06,3
10571,graph,0.14150983095169067,0.0,0.14101241528987885,0.0,0.0004974184557795525,9.571183988309679e-06,3
10572,graph,0.15905392169952393,0.0,0.15853920578956604,0.0,0.0005147122428752482,9.571051541228374e-06,3
10573,graph,0.46803656220436096,0.0,0.4674278795719147,0.0,0.0006086906068958342,9.570919039673613e-06,3
10574,node,3.8105413913726807,0.0006257530185393989,0.0,3.809915542602539,0.0,9.570786483648659e-06,3
10575,graph,0.14547520875930786,0.0,0.14492855966091156,0.0,0.0005466496804729104,9.570653873156786e-06,3
10576,graph,0.2049962729215622,0.0,0.20446091890335083,0.0,0.0005353593151085079,9.570521208201268e-06,3
10577,graph,0.13905395567417145,0.0,0.13862121105194092,0.0,0.0004327382775954902,9.570388488785376e-06,3
10578,node,3.184488534927368,0.0004261083377059549,0.0,3.1840624809265137,0.0,9.570255714912385e-06,3
10579,graph,0.1646817922592163,0.0,0.16408532857894897,0.0,0.0005964612937532365,9.570122886585571e-06,3
10580,graph,0.17266201972961426,0.0,0.17203113436698914,0.0,0.0006308871088549495,9.569990003808212e-06,3
10581,graph,0.14122772216796875,0.0,0.14040064811706543,0.0,0.0008270706748589873,9.569857066583587e-06,3
10582,node,1.0674437284469604,0.00047160961548797786,0.0,1.0669721364974976,0.0,9.569724074914975e-06,3
10583,graph,0.12439508736133575,0.0,0.12395982444286346,0.0,0.0004352626856416464,9.569591028805659e-06,3
10584,graph,0.1358787715435028,0.0,0.1350381225347519,0.0,0.0008406422566622496,9.569457928258919e-06,3
10585,graph,0.652908980846405,0.0,0.4232461452484131,0.0,0.22966282069683075,9.56932477327804e-06,3
10586,node,nan,0.00035056850174441934,0.0,4.6675639152526855,0.0,9.56919156386631e-06,3
10587,graph,nan,0.0,1.067771553993225,0.0,1.0,9.569058300027013e-06,3
10588,graph,nan,0.0,1.0335266590118408,0.0,1.0,9.568924981763439e-06,3
10589,graph,nan,0.0,1.0869207382202148,0.0,1.0,9.568791609078876e-06,3
10590,node,nan,0.0003424526075832546,0.0,13.85409164428711,0.0,9.580314527604245e-06,2
10591,graph,nan,0.0,0.2119235396385193,0.0,0.0007073714514262974,9.580180705526602e-06,3
10592,graph,nan,0.0,1.1067734956741333,0.0,1.0,9.580046828899024e-06,3
10593,graph,nan,0.0,0.5830944776535034,0.0,1.0,9.579912897724815e-06,3
10594,node,nan,0.0005994706880301237,0.0,3.887664318084717,0.0,9.57977891200728e-06,3
10595,graph,nan,0.0,1.0920803546905518,0.0,1.0,9.580314235279693e-06,2
10596,graph,nan,0.0,0.1309424191713333,0.0,0.0004383531049825251,9.58018012088605e-06,3
10597,graph,nan,0.0,1.0142040252685547,0.0,1.0,9.580045951951033e-06,3
10598,node,nan,0.0005397608038038015,0.0,3.807222843170166,0.0,9.579911728477952e-06,3
10599,graph,nan,0.0,1.0856589078903198,0.0,1.0,9.579777450470115e-06,3
10600,graph,nan,0.0,1.0339674949645996,0.0,1.0,9.580313942912377e-06,2
10601,graph,nan,0.0,0.20828625559806824,0.0,0.0006477610440924764,9.58017953615999e-06,3
10602,node,nan,0.0004793413099832833,0.0,4.100461959838867,0.0,9.580045074874808e-06,3
10603,graph,nan,0.0,1.109968662261963,0.0,1.0,9.57991055906015e-06,3
10604,graph,nan,0.0,0.9690308570861816,0.0,1.0,9.57977598871933e-06,3
10605,graph,nan,0.0,1.0045565366744995,0.0,1.0,9.580313650502199e-06,2
10606,node,nan,0.0005646093050017953,0.0,4.426146984100342,0.0,9.580178951348226e-06,3
10607,graph,nan,0.0,0.9947537183761597,0.0,1.0,9.580044197670056e-06,3
10608,graph,nan,0.0,1.264803171157837,0.0,1.0,9.579909389471015e-06,3
10609,graph,nan,0.0,1.2699761390686035,0.0,1.0,9.579774526754426e-06,3
10610,node,nan,0.0004211453488096595,0.0,4.281527042388916,0.0,9.580313358049056e-06,2
10611,graph,nan,0.0,0.1326284408569336,0.0,0.0007795295096002519,9.580178366450556e-06,3
10612,graph,nan,0.0,0.9281520843505859,0.0,1.0,9.580043320336477e-06,3
10613,graph,nan,0.0,0.9874547719955444,0.0,1.0,9.579908219710151e-06,3
10614,node,nan,0.0004531336890067905,0.0,4.145533084869385,0.0,9.579773064574912e-06,3
10615,graph,nan,0.0,0.9208785891532898,0.0,1.0,9.580313065552855e-06,2
10616,graph,nan,0.0,0.12858286499977112,0.0,0.0005102930590510368,9.58017778146678e-06,3
10617,graph,nan,0.0,0.9271405935287476,0.0,1.0,9.580042442873768e-06,3
10618,node,nan,0.00046257826033979654,0.0,4.621364116668701,0.0,9.579907049777154e-06,3
10619,graph,nan,0.0,1.0764031410217285,0.0,1.0,9.579771602180281e-06,3
10620,graph,nan,0.0,0.9698585271835327,0.0,1.0,9.580312773013487e-06,2
10621,graph,nan,0.0,0.12508976459503174,0.0,0.0004627659800462425,9.580177196396699e-06,3
10622,node,nan,0.00044699510908685625,0.0,6.6710052490234375,0.0,9.580041565281629e-06,3
10623,graph,nan,0.0,0.9217365384101868,0.0,1.0,9.579905879671627e-06,3
10624,graph,nan,0.0,1.066821813583374,0.0,1.0,9.579770139570037e-06,3
10625,graph,nan,0.0,1.0781011581420898,0.0,1.0,9.58031248043086e-06,2
10626,node,nan,0.0003731466713361442,0.0,0.507602870464325,0.0,9.580176611240115e-06,3
10627,graph,nan,0.0,0.9005112648010254,0.0,1.0,9.580040687559768e-06,3
10628,graph,nan,0.0,0.7302505970001221,0.0,1.0,9.579904709393174e-06,3
10629,graph,nan,0.0,0.9495404958724976,0.0,1.0,9.579768676743687e-06,3
10630,node,nan,0.0003291396133136004,0.0,4.247069358825684,0.0,9.58031218780487e-06,2
10631,graph,nan,0.0,0.14792650938034058,0.0,0.0005730574484914541,9.580176025996828e-06,3
10632,graph,nan,0.0,1.2915959358215332,0.0,1.0,9.580039809707881e-06,3
10633,graph,nan,0.0,0.9626095294952393,0.0,1.0,9.579903538941394e-06,3
10634,node,nan,0.0003724006237462163,0.0,6.462839126586914,0.0,9.579767213700726e-06,3
10635,graph,nan,0.0,0.8649685382843018,0.0,1.0,9.580311895135417e-06,2
10636,graph,nan,0.0,0.14943604171276093,0.0,0.00034878283622674644,9.580175440666633e-06,3
10637,graph,nan,0.0,0.9033948183059692,0.0,1.0,9.580038931725665e-06,3
10638,node,nan,0.0003628116683103144,0.0,3.4709115028381348,0.0,9.57990236831588e-06,3
10639,graph,nan,0.0,1.086970329284668,0.0,1.0,9.579765750440651e-06,3
10640,graph,nan,0.0,0.809219479560852,0.0,1.0,9.580311602422403e-06,2
10641,graph,nan,0.0,0.11040449142456055,0.0,0.000758670677896589,9.580174855249335e-06,3
10642,node,nan,0.0004717656993307173,0.0,2.690481662750244,0.0,9.580038053612825e-06,3
10643,graph,nan,0.0,1.032137155532837,0.0,1.0,9.579901197516244e-06,3
10644,graph,nan,0.0,0.9046643376350403,0.0,1.0,9.57976428696297e-06,3
10645,graph,nan,0.0,0.9012370109558105,0.0,1.0,9.580311309665727e-06,2
10646,node,nan,0.0005660112947225571,0.0,0.1951615810394287,0.0,9.580174269744736e-06,3
10647,graph,nan,0.0,0.8497470617294312,0.0,1.0,9.580037175369059e-06,3
10648,graph,nan,0.0,0.8010587692260742,0.0,1.0,9.579900026542078e-06,3
10649,graph,nan,0.0,0.9562352895736694,0.0,1.0,9.579762823267178e-06,3
10650,node,nan,0.0004169600724708289,0.0,7.242953300476074,0.0,9.58031101686529e-06,2
10651,graph,nan,0.0,0.15219935774803162,0.0,0.0005382531089708209,9.580173684152635e-06,3
10652,graph,nan,0.0,0.9138836860656738,0.0,1.0,9.58003629699407e-06,3
10653,graph,nan,0.0,1.1085220575332642,0.0,1.0,9.579898855392987e-06,3
10654,node,nan,0.00042060745181515813,0.0,2.392421007156372,0.0,9.579761359352778e-06,3
10655,graph,nan,0.0,0.7805510759353638,0.0,1.0,9.58031072402099e-06,2
10656,graph,nan,0.0,0.1278890073299408,0.0,0.0004466297978069633,9.580173098472825e-06,3
10657,graph,nan,0.0,0.9731413125991821,0.0,1.0,9.580035418487551e-06,3
10658,node,nan,0.0005638027796521783,0.0,1.8624954223632812,0.0,9.579897684068567e-06,3
10659,graph,nan,0.0,0.7577175498008728,0.0,1.0,9.57975989521927e-06,3
10660,graph,nan,0.0,0.7565075159072876,0.0,1.0,9.580310431132727e-06,2
10661,graph,nan,0.0,0.15468907356262207,0.0,0.0005222629988566041,9.580172512705113e-06,3
10662,node,nan,0.0003662975796032697,0.0,3.9688210487365723,0.0,9.580034539849208e-06,3
10663,graph,nan,0.0,0.9157695770263672,0.0,1.0,9.579896512568419e-06,3
10664,graph,nan,0.0,1.0894006490707397,0.0,1.0,9.579758430866149e-06,3
10665,graph,nan,0.0,0.9337561130523682,0.0,1.0,9.580310138200403e-06,2
10666,node,nan,0.000486870325403288,0.0,1.1057764291763306,0.0,9.580171926849295e-06,3
10667,graph,nan,0.0,0.9642572402954102,0.0,1.0,9.580033661078736e-06,3
10668,graph,nan,0.0,0.8885326385498047,0.0,1.0,9.579895340892139e-06,3
10669,graph,nan,0.0,1.0523430109024048,0.0,1.0,9.579756966292915e-06,3
10670,node,nan,0.00045620411401614547,0.0,3.4211583137512207,0.0,9.580309845223915e-06,2
10671,graph,nan,0.0,0.1472795009613037,0.0,0.00044310351950116456,9.580171340905172e-06,3
10672,graph,nan,0.0,1.0810762643814087,0.0,1.0,9.580032782175837e-06,3
10673,graph,nan,0.0,0.9330387711524963,0.0,1.0,9.57989416903933e-06,3
10674,node,nan,0.0004471309366635978,0.0,4.800706386566162,0.0,9.57975550149907e-06,3
10675,graph,nan,0.0,1.6175788640975952,0.0,1.0,9.580309552203165e-06,2
10676,graph,nan,0.0,0.15202385187149048,0.0,0.0005264736828394234,9.580170754872544e-06,3
10677,graph,nan,0.0,0.7633572816848755,0.0,1.0,9.58003190314021e-06,3
10678,node,nan,0.00042877302621491253,0.0,4.532378673553467,0.0,9.579892997009588e-06,3
10679,graph,nan,0.0,1.1064649820327759,0.0,1.0,9.579754036484108e-06,3
10680,graph,nan,0.0,0.8030186295509338,0.0,1.0,9.58030925913805e-06,2
10681,graph,nan,0.0,0.23616403341293335,0.0,0.0005329054547473788,9.580170168751206e-06,3
10682,node,nan,0.00040449987864121795,0.0,2.9148383140563965,0.0,9.580031023971549e-06,3
10683,graph,nan,0.0,1.1791030168533325,0.0,1.0,9.579891824802512e-06,3
10684,graph,nan,0.0,1.1203925609588623,0.0,1.0,9.579752571247529e-06,3
10685,graph,nan,0.0,1.0235496759414673,0.0,1.0,9.580308966028471e-06,2
10686,node,nan,0.00032339946483261883,0.0,7.277102947235107,0.0,9.580169582540962e-06,3
10687,graph,nan,0.0,0.8124777674674988,0.0,1.0,9.580030144669557e-06,3
10688,graph,nan,0.0,0.8302648067474365,0.0,1.0,9.579890652417697e-06,3
10689,graph,nan,0.0,1.3323792219161987,0.0,1.0,9.579751105788827e-06,3
10690,node,nan,0.00043018581345677376,0.0,2.231757164001465,0.0,9.580308672874329e-06,2
10691,graph,nan,0.0,0.14377573132514954,0.0,0.000801214249804616,9.580168996241608e-06,3
10692,graph,nan,0.0,0.619880735874176,0.0,1.0,9.580029265233933e-06,3
10693,graph,nan,0.0,0.8795443177223206,0.0,1.0,9.57988947985475e-06,3
10694,node,nan,0.00045051684719510376,0.0,5.267847537994385,0.0,9.579749640107511e-06,3
10695,graph,nan,0.0,0.9425650238990784,0.0,1.0,9.580308379675521e-06,2
10696,graph,nan,0.0,0.14751800894737244,0.0,0.0004630945040844381,9.580168409852944e-06,3
10697,graph,nan,0.0,0.9446688294410706,0.0,1.0,9.58002838566437e-06,3
10698,node,nan,0.00034436056739650667,0.0,3.4968814849853516,0.0,9.579888307113259e-06,3
10699,graph,nan,0.0,1.2770757675170898,0.0,1.0,9.579748174203063e-06,3
10700,graph,nan,0.0,0.9706177115440369,0.0,1.0,9.580308086431946e-06,2
10701,graph,nan,0.0,0.12956756353378296,0.0,0.0005262452177703381,9.580167823374766e-06,3
10702,node,nan,0.00028415850829333067,0.0,6.136050701141357,0.0,9.580027505960573e-06,3
10703,graph,nan,0.0,0.9841004014015198,0.0,1.0,9.579887134192825e-06,3
10704,graph,nan,0.0,1.0033788681030273,0.0,1.0,9.579746708074988e-06,3
10705,graph,nan,0.0,0.9884833097457886,0.0,1.0,9.580307793143505e-06,2
10706,node,nan,0.0003455667174421251,0.0,1.46876060962677,0.0,9.580167236806878e-06,3
10707,graph,nan,0.0,1.0483334064483643,0.0,1.0,9.580026626122236e-06,3
10708,graph,nan,0.0,1.2189269065856934,0.0,1.0,9.579885961093047e-06,3
10709,graph,nan,0.0,0.976763904094696,0.0,1.0,9.579745241722783e-06,3
10710,node,nan,0.0004928834387101233,0.0,9.364999771118164,0.0,9.580307499810096e-06,2
10711,graph,nan,0.0,0.1381072849035263,0.0,0.0006284321425482631,9.580166650149074e-06,3
10712,graph,nan,0.0,1.0505554676055908,0.0,1.0,9.580025746149055e-06,3
10713,graph,nan,0.0,0.7614726424217224,0.0,1.0,9.579884787813519e-06,3
10714,node,nan,0.00032291971729137003,0.0,2.6380648612976074,0.0,9.579743775145942e-06,3
10715,graph,nan,0.0,1.19004225730896,0.0,1.0,9.580307206431619e-06,2
10716,graph,nan,0.0,0.13476938009262085,0.0,0.0005811406299471855,9.580166063401152e-06,3
10717,graph,nan,0.0,0.8341431617736816,0.0,1.0,9.580024866040731e-06,3
10718,node,nan,0.0003535757714416832,0.0,4.965005874633789,0.0,9.579883614353838e-06,3
10719,graph,nan,0.0,0.9377733469009399,0.0,1.0,9.579742308343961e-06,3
10720,graph,nan,0.0,0.9981347918510437,0.0,1.0,9.580306913007974e-06,2
10721,graph,nan,0.0,0.1779511570930481,0.0,0.0004318679275456816,9.580165476562916e-06,3
10722,node,nan,0.00038607994792982936,0.0,3.2433767318725586,0.0,9.580023985796962e-06,3
10723,graph,nan,0.0,0.8995997309684753,0.0,1.0,9.579882440713604e-06,3
10724,graph,nan,0.0,0.9160452485084534,0.0,1.0,9.579740841316337e-06,3
10725,graph,nan,0.0,0.8131743669509888,0.0,1.0,9.58030661953906e-06,2
10726,node,nan,0.0006299871602095664,0.0,0.9768306016921997,0.0,9.580164889634158e-06,3
10727,graph,nan,0.0,0.9846614003181458,0.0,1.0,9.580023105417442e-06,3
10728,graph,nan,0.0,1.0057414770126343,0.0,1.0,9.579881266892412e-06,3
10729,graph,nan,0.0,0.9048808813095093,0.0,1.0,9.579739374062564e-06,3
10730,node,nan,0.00038048435817472637,0.0,3.085343837738037,0.0,9.580306326024772e-06,2
10731,graph,nan,0.0,0.14362454414367676,0.0,0.004085132852196693,9.580164302614675e-06,3
10732,graph,nan,0.0,0.8523465394973755,0.0,1.0,9.580022224901867e-06,3
10733,graph,nan,0.0,1.1756484508514404,0.0,1.0,9.579880092889853e-06,3
10734,node,nan,0.0003471498202998191,0.0,5.616486549377441,0.0,9.579737906582135e-06,3
10735,graph,nan,0.0,1.0367546081542969,0.0,1.0,9.580306032465011e-06,2
10736,graph,nan,0.0,0.270244836807251,0.0,0.0005660575698129833,9.580163715504271e-06,3
10737,graph,nan,0.0,0.847064733505249,0.0,1.0,9.580021344249938e-06,3
10738,node,nan,0.0003497127618175,0.0,8.496878623962402,0.0,9.579878918705527e-06,3
10739,graph,nan,0.0,1.0922603607177734,0.0,1.0,9.57973643887455e-06,3
10740,graph,nan,0.0,1.1152386665344238,0.0,1.0,9.580305738859678e-06,2
10741,graph,nan,0.0,0.1693292260169983,0.0,0.0005866966675966978,9.58016312830274e-06,3
10742,node,nan,0.00039647475932724774,0.0,3.8996152877807617,0.0,9.58002046346135e-06,3
10743,graph,nan,0.0,1.3494960069656372,0.0,1.0,9.579877744339028e-06,3
10744,graph,nan,0.0,0.9721440672874451,0.0,1.0,9.579734970939299e-06,3
10745,graph,nan,0.0,1.1485905647277832,0.0,1.0,9.580305445208673e-06,2
10746,node,nan,0.00032963193370960653,0.0,0.6604295969009399,0.0,9.58016254100988e-06,3
10747,graph,nan,0.0,0.8289787769317627,0.0,1.0,9.580019582535798e-06,3
10748,graph,nan,0.0,1.2799183130264282,0.0,1.0,9.579876569789957e-06,3
10749,graph,nan,0.0,0.6766625642776489,0.0,1.0,9.57973350277588e-06,3
10750,node,nan,0.0004183551645837724,0.0,3.2795329093933105,0.0,9.580305151511891e-06,2
10751,graph,nan,0.0,0.12366960942745209,0.0,0.0004338662838563323,9.580161953625491e-06,3
10752,graph,nan,0.0,0.8135875463485718,0.0,1.0,9.580018701472984e-06,3
10753,graph,nan,0.0,1.1736953258514404,0.0,1.0,9.579875395057904e-06,3
10754,node,nan,0.00043642285163514316,0.0,2.268096446990967,0.0,9.579732034383788e-06,3
10755,graph,nan,0.0,0.7711501717567444,0.0,1.0,9.58030485776923e-06,2
10756,graph,nan,0.0,0.13658016920089722,0.0,0.0006866693147458136,9.580161366149365e-06,3
10757,graph,nan,0.0,1.0866963863372803,0.0,1.0,9.580017820272594e-06,3
10758,node,nan,0.000449737417511642,0.0,3.453890562057495,0.0,9.57987422014246e-06,3
10759,graph,nan,0.0,0.8617488145828247,0.0,1.0,9.579730565762506e-06,3
10760,graph,nan,0.0,1.0068084001541138,0.0,1.0,9.580304563980592e-06,2
10761,graph,nan,0.0,0.11356182396411896,0.0,0.00039397439104504883,9.580160778581303e-06,3
10762,node,nan,0.0004182947741355747,0.0,5.331414222717285,0.0,9.580016938934332e-06,3
10763,graph,nan,0.0,1.084967851638794,0.0,1.0,9.579873045043226e-06,3
10764,graph,nan,0.0,1.0560909509658813,0.0,1.0,9.579729096911538e-06,3
10765,graph,nan,0.0,0.9945505857467651,0.0,1.0,9.580304270145873e-06,2
10766,node,nan,0.0005424503469839692,0.0,1.2391585111618042,0.0,9.580160190921102e-06,3
10767,graph,nan,0.0,1.624859094619751,0.0,1.0,9.58001605745789e-06,3
10768,graph,nan,0.0,0.8504016399383545,0.0,1.0,9.579871869759795e-06,3
10769,graph,nan,0.0,1.0231860876083374,0.0,1.0,9.579727627830375e-06,3
10770,node,nan,0.0005564557504840195,0.0,2.746804714202881,0.0,9.580303976264973e-06,2
10771,graph,nan,0.0,0.16987529397010803,0.0,0.0007060792413540184,9.580159603168558e-06,3
10772,graph,nan,0.0,0.9179528951644897,0.0,1.0,9.580015175842967e-06,3
10773,graph,nan,0.0,0.9693723917007446,0.0,1.0,9.579870694291759e-06,3
10774,node,nan,0.0004114558978471905,0.0,1.9770997762680054,0.0,9.579726158518503e-06,3
10775,graph,nan,0.0,1.1920639276504517,0.0,1.0,9.580303682337793e-06,2
10776,graph,nan,0.0,0.17379611730575562,0.0,0.0005879400414414704,9.580159015323471e-06,3
10777,graph,nan,0.0,0.7452583909034729,0.0,1.0,9.580014294089255e-06,3
10778,node,nan,0.00044929140130989254,0.0,5.876282215118408,0.0,9.579869518638715e-06,3
10779,graph,nan,0.0,0.8741211891174316,0.0,1.0,9.579724688975425e-06,3
10780,graph,nan,0.0,0.7464072108268738,0.0,1.0,9.580303388364225e-06,2
10781,graph,nan,0.0,0.09836030006408691,0.0,0.000710285094100982,9.580158427385634e-06,3
10782,node,nan,0.0010763758327811956,0.0,5.416241645812988,0.0,9.580013412196453e-06,3
10783,graph,nan,0.0,1.0386931896209717,0.0,1.0,9.579868342800257e-06,3
10784,graph,nan,0.0,1.0412027835845947,0.0,1.0,9.57972321920063e-06,3
10785,graph,nan,0.0,1.0901721715927124,0.0,1.0,9.580303094344172e-06,2
10786,node,nan,0.00039190874667838216,0.0,1.9128285646438599,0.0,9.580157839354844e-06,3
10787,graph,nan,0.0,0.836669921875,0.0,1.0,9.58001253016425e-06,3
10788,graph,nan,0.0,0.656892716884613,0.0,1.0,9.579867166775974e-06,3
10789,graph,nan,0.0,1.1496543884277344,0.0,1.0,9.579721749193603e-06,3
10790,node,nan,0.0003493750118650496,0.0,4.695219039916992,0.0,9.58030280027753e-06,2
10791,graph,nan,0.0,0.19063535332679749,0.0,0.0006419515702873468,9.580157251230898e-06,3
10792,graph,nan,0.0,1.0446399450302124,0.0,1.0,9.580011647992344e-06,3
10793,graph,nan,0.0,0.9266543984413147,0.0,1.0,9.579865990565459e-06,3
10794,node,nan,0.0006172982975840569,0.0,10.520442962646484,0.0,9.579720278953839e-06,3
10795,graph,nan,0.0,1.1332615613937378,0.0,1.0,9.5803025061642e-06,2
10796,graph,nan,0.0,0.1467488706111908,0.0,0.0004739589639939368,9.580156663013594e-06,3
10797,graph,nan,0.0,1.0405771732330322,0.0,1.0,9.58001076568043e-06,3
10798,node,nan,0.0004892444703727961,0.0,7.11827278137207,0.0,9.57986481416831e-06,3
10799,graph,nan,0.0,0.9349159002304077,0.0,1.0,9.579718808480834e-06,3
10800,graph,nan,0.0,0.7185695767402649,0.0,1.0,9.580302212004075e-06,2
10801,graph,nan,0.0,0.16361549496650696,0.0,0.0005707273376174271,9.580156074702726e-06,3
10802,node,nan,0.0004363795160315931,0.0,4.727252960205078,0.0,9.580009883228201e-06,3
10803,graph,nan,0.0,0.9968949556350708,0.0,1.0,9.579863637584114e-06,3
10804,graph,nan,0.0,0.8615111112594604,0.0,1.0,9.579717337774068e-06,3
10805,graph,nan,0.0,0.7763030529022217,0.0,1.0,9.580301917797061e-06,2
10806,node,nan,0.00037542343488894403,0.0,2.848437786102295,0.0,9.580155486298092e-06,3
10807,graph,nan,0.0,0.9489944577217102,0.0,1.0,9.580009000635357e-06,3
10808,graph,nan,0.0,0.9952428340911865,0.0,1.0,9.57986246081247e-06,3
10809,graph,nan,0.0,1.1279237270355225,0.0,1.0,9.579715866833046e-06,3
10810,node,nan,0.000446454097982496,0.0,3.668734550476074,0.0,9.58030162354305e-06,2
10811,graph,nan,0.0,0.13088706135749817,0.0,0.0006161516648717225,9.580154897799489e-06,3
10812,graph,nan,0.0,1.2257664203643799,0.0,1.0,9.580008117901587e-06,3
10813,graph,nan,0.0,0.9542614221572876,0.0,1.0,9.579861283852966e-06,3
10814,node,nan,0.0004250594647601247,0.0,2.034078359603882,0.0,9.579714395657249e-06,3
10815,graph,nan,0.0,0.8033432960510254,0.0,1.0,9.580301329241942e-06,2
10816,graph,nan,0.0,0.13088570535182953,0.0,0.0005723094800487161,9.580154309206712e-06,3
10817,graph,nan,0.0,0.731874942779541,0.0,1.0,9.580007235026587e-06,3
10818,node,nan,0.00046240887604653835,0.0,3.4764320850372314,0.0,9.579860106705196e-06,3
10819,graph,nan,0.0,0.8679744601249695,0.0,1.0,9.579712924246169e-06,3
10820,graph,nan,0.0,0.6526855826377869,0.0,1.0,9.580301034893634e-06,2
10821,graph,nan,0.0,0.14271223545074463,0.0,0.00040773593354970217,9.580153720519556e-06,3
10822,node,nan,0.0005742935463786125,0.0,3.193699836730957,0.0,9.580006352010048e-06,3
10823,graph,nan,0.0,0.9158081412315369,0.0,1.0,9.579858929368749e-06,3
10824,graph,nan,0.0,0.986870288848877,0.0,1.0,9.579711452599295e-06,3
10825,graph,nan,0.0,0.9287312030792236,0.0,1.0,9.580300740498022e-06,2
10826,node,nan,0.0003356879751663655,0.0,1.8190126419067383,0.0,9.580153131737813e-06,3
10827,graph,nan,0.0,0.8397960662841797,0.0,1.0,9.580005468851663e-06,3
10828,graph,nan,0.0,0.9771848917007446,0.0,1.0,9.579857751843214e-06,3
10829,graph,nan,0.0,0.905703604221344,0.0,1.0,9.579709980716112e-06,3
10830,node,nan,0.0004020730557385832,0.0,2.3419015407562256,0.0,9.58030044605501e-06,2
10831,graph,nan,0.0,0.15555763244628906,0.0,0.0005881198449060321,9.580152542861287e-06,3
10832,graph,nan,0.0,1.290357232093811,0.0,1.0,9.58000458555113e-06,3
10833,graph,nan,0.0,1.172668695449829,0.0,1.0,9.57985657412819e-06,3
10834,node,nan,0.0004614588397089392,0.0,2.732933521270752,0.0,9.57970850859612e-06,3
10835,graph,nan,0.0,0.9382946491241455,0.0,1.0,9.580300151564488e-06,2
10836,graph,nan,0.0,0.17712855339050293,0.0,0.00040214593173004687,9.580151953889765e-06,3
10837,graph,nan,0.0,1.0954363346099854,0.0,1.0,9.580003702108135e-06,3
10838,node,nan,0.00039082157309167087,0.0,100.0,0.0,9.57985539622326e-06,3
10839,graph,nan,0.0,0.7583922147750854,0.0,1.0,9.579707036238795e-06,3
10840,graph,nan,0.0,0.8713241815567017,0.0,1.0,9.58029985702636e-06,2
10841,graph,nan,0.0,0.11741328984498978,0.0,0.00039190120878629386,9.58015136482305e-06,3
10842,node,nan,0.000520372879691422,0.0,3.4772584438323975,0.0,9.580002818522383e-06,3
10843,graph,nan,0.0,0.8941650390625,0.0,1.0,9.579854218128023e-06,3
10844,graph,nan,0.0,1.0605874061584473,0.0,1.0,9.579705563643639e-06,3
10845,graph,nan,0.0,1.1509361267089844,0.0,1.0,9.58029956244052e-06,2
10846,node,nan,0.00046777998795732856,0.0,5.155496120452881,0.0,9.580150775660931e-06,3
10847,graph,nan,0.0,1.1561766862869263,0.0,1.0,9.580001934793556e-06,3
10848,graph,nan,0.0,0.980638861656189,0.0,1.0,9.579853039842063e-06,3
10849,graph,nan,0.0,1.2404356002807617,0.0,1.0,9.579704090810128e-06,3
10850,node,nan,0.00048045930452644825,0.0,6.128972053527832,0.0,9.580299267806865e-06,2
10851,graph,nan,0.0,0.13857391476631165,0.0,0.0005417057545855641,9.580150186403203e-06,3
10852,graph,nan,0.0,0.878673791885376,0.0,1.0,9.580001050921347e-06,3
10853,graph,nan,0.0,1.0393301248550415,0.0,1.0,9.579851861364969e-06,3
10854,node,nan,0.0006172182038426399,0.0,4.274061679840088,0.0,9.579702617737755e-06,3
10855,graph,nan,0.0,0.9315308332443237,0.0,1.0,9.580298973125296e-06,2
10856,graph,nan,0.0,0.15428289771080017,0.0,0.0005119640845805407,9.58014959704967e-06,3
10857,graph,nan,0.0,0.9539732933044434,0.0,1.0,9.580000166905453e-06,3
10858,node,nan,0.00039527020999230444,0.0,2.2484333515167236,0.0,9.579850682696337e-06,3
10859,graph,nan,0.0,0.7978509664535522,0.0,1.0,9.579701144426007e-06,3
10860,graph,nan,0.0,1.0481921434402466,0.0,1.0,9.58029867839571e-06,2
10861,graph,nan,0.0,0.12546306848526,0.0,0.0006229242426343262,9.580149007600119e-06,3
10862,node,nan,0.0004417317686602473,0.0,3.5968117713928223,0.0,9.57999928274557e-06,3
10863,graph,nan,0.0,1.0823509693145752,0.0,1.0,9.579849503835758e-06,3
10864,graph,nan,0.0,0.8837165832519531,0.0,1.0,9.579699670874377e-06,3
10865,graph,nan,0.0,0.8614640235900879,0.0,1.0,9.580298383617998e-06,2
10866,node,nan,0.0006322981789708138,0.0,0.1096993014216423,0.0,9.58014841805434e-06,3
10867,graph,nan,0.0,0.9522057771682739,0.0,1.0,9.579998398441377e-06,3
10868,graph,nan,0.0,0.9797950387001038,0.0,1.0,9.579848324782807e-06,3
10869,graph,nan,0.0,1.1503486633300781,0.0,1.0,9.579698197082336e-06,3
10870,node,nan,0.00043592878500930965,0.0,2.81337833404541,0.0,9.580298088792065e-06,2
10871,graph,nan,0.0,0.12765972316265106,0.0,0.0005939186667092144,9.58014782841214e-06,3
10872,graph,nan,0.0,0.7460286617279053,0.0,1.0,9.579997513992577e-06,3
10873,graph,nan,0.0,0.7859783172607422,0.0,1.0,9.57984714553709e-06,3
10874,node,nan,0.0002477046800777316,0.0,4.787754058837891,0.0,9.579696723049389e-06,3
10875,graph,nan,0.0,1.1413516998291016,0.0,1.0,9.580297793917804e-06,2
10876,graph,nan,0.0,0.11811518669128418,0.0,0.0005480584222823381,9.580147238673302e-06,3
10877,graph,nan,0.0,1.1983609199523926,0.0,1.0,9.579996629398857e-06,3
10878,node,nan,0.0003194446617271751,0.0,4.726440906524658,0.0,9.579845966098186e-06,3
10879,graph,nan,0.0,0.8046135902404785,0.0,1.0,9.579695248775005e-06,3
10880,graph,nan,0.0,0.9098843336105347,0.0,1.0,9.580297498995114e-06,2
10881,graph,nan,0.0,0.2751023769378662,0.0,0.0004009143158327788,9.580146648837628e-06,3
10882,node,nan,0.00028601789381355047,0.0,5.706421375274658,0.0,9.579995744659913e-06,3
10883,graph,nan,0.0,1.2080714702606201,0.0,1.0,9.57984478646569e-06,3
10884,graph,nan,0.0,0.8747226595878601,0.0,1.0,9.579693774258687e-06,3
10885,graph,nan,0.0,0.878243625164032,0.0,1.0,9.580297204023891e-06,2
10886,node,nan,0.00033962682937271893,0.0,1.8280980587005615,0.0,9.58014605890491e-06,3
10887,graph,nan,0.0,0.8951355218887329,0.0,1.0,9.57999485977543e-06,3
10888,graph,nan,0.0,1.0190913677215576,0.0,1.0,9.579843606639185e-06,3
10889,graph,nan,0.0,0.8563240766525269,0.0,1.0,9.579692299499907e-06,3
10890,node,nan,0.00032328558154404163,0.0,3.9064416885375977,0.0,9.580296909004034e-06,2
10891,graph,nan,0.0,0.13153177499771118,0.0,0.0005826538545079529,9.58014546887494e-06,3
10892,graph,nan,0.0,1.246778964996338,0.0,1.0,9.579993974745103e-06,3
10893,graph,nan,0.0,1.0113003253936768,0.0,1.0,9.579842426618262e-06,3
10894,node,nan,0.0004462162032723427,0.0,4.4082560539245605,0.0,9.579690824498156e-06,3
10895,graph,nan,0.0,1.2487907409667969,0.0,1.0,9.580296613935438e-06,2
10896,graph,nan,0.0,0.1262657791376114,0.0,0.0007383820484392345,9.580144878747515e-06,3
10897,graph,nan,0.0,1.0839855670928955,0.0,1.0,9.579993089568624e-06,3
10898,node,nan,0.0003832939255516976,0.0,8.431804656982422,0.0,9.57984124640251e-06,3
10899,graph,nan,0.0,1.0917264223098755,0.0,1.0,9.57968934925292e-06,3
10900,graph,nan,0.0,0.9727730751037598,0.0,1.0,9.580296318818e-06,2
10901,graph,nan,0.0,0.1509232521057129,0.0,0.0003511766262818128,9.580144288522426e-06,3
10902,node,nan,0.0007886506500653923,0.0,10.50421142578125,0.0,9.57999220424568e-06,3
10903,graph,nan,0.0,1.5486843585968018,0.0,1.0,9.579840065991512e-06,3
10904,graph,nan,0.0,0.9626069664955139,0.0,1.0,9.579687873763681e-06,3
10905,graph,nan,0.0,1.0161129236221313,0.0,1.0,9.580296023651616e-06,2
10906,node,nan,0.000429510953836143,0.0,0.20179736614227295,0.0,9.580143698199468e-06,3
10907,graph,nan,0.0,0.7385380864143372,0.0,1.0,9.579991318775962e-06,3
10908,graph,nan,0.0,0.7855358123779297,0.0,1.0,9.579838885384861e-06,3
10909,graph,nan,0.0,1.1615331172943115,0.0,1.0,9.579686398029924e-06,3
10910,node,nan,0.0004998560179956257,0.0,3.9928815364837646,0.0,9.580295728436185e-06,2
10911,graph,nan,0.0,0.15959635376930237,0.0,0.0004030888667330146,9.580143107778435e-06,3
10912,graph,nan,0.0,0.9291794896125793,0.0,1.0,9.579990433159164e-06,3
10913,graph,nan,0.0,0.9981853365898132,0.0,1.0,9.57983770458214e-06,3
10914,node,nan,0.000328707043081522,0.0,4.1300435066223145,0.0,9.579684922051132e-06,3
10915,graph,nan,0.0,1.3833359479904175,0.0,1.0,9.580295433171602e-06,2
10916,graph,nan,0.0,0.1266097128391266,0.0,0.00041786281508393586,9.58014251725912e-06,3
10917,graph,nan,0.0,0.8340775966644287,0.0,1.0,9.579989547394974e-06,3
10918,node,nan,0.00044641882413998246,0.0,9.992986679077148,0.0,9.57983652358294e-06,3
10919,graph,nan,0.0,1.307600975036621,0.0,1.0,9.579683445826792e-06,3
10920,graph,nan,0.0,0.9928470849990845,0.0,1.0,9.580295137857763e-06,2
10921,graph,nan,0.0,0.17342022061347961,0.0,0.00048727323883213103,9.580141926641314e-06,3
10922,node,nan,0.0004928809939883649,0.0,3.335421085357666,0.0,9.579988661483079e-06,3
10923,graph,nan,0.0,0.997596263885498,0.0,1.0,9.57983534238684e-06,3
10924,graph,nan,0.0,1.653463363647461,0.0,1.0,9.57968196935638e-06,3
10925,graph,nan,0.0,0.9421515464782715,0.0,1.0,9.580294842494567e-06,2
10926,node,nan,0.0006351690972223878,0.0,4.212268352508545,0.0,9.580141335924812e-06,3
10927,graph,nan,0.0,1.1069762706756592,0.0,1.0,9.57998777542317e-06,3
10928,graph,nan,0.0,1.4200170040130615,0.0,1.0,9.579834160993432e-06,3
10929,graph,nan,0.0,1.1629443168640137,0.0,1.0,9.579680492639388e-06,3
10930,node,nan,0.00041858761687763035,0.0,3.218358039855957,0.0,9.58029454708191e-06,2
10931,graph,nan,0.0,0.14330747723579407,0.0,0.0005028261803090572,9.58014074510941e-06,3
10932,graph,nan,0.0,0.9137040376663208,0.0,1.0,9.579986889214942e-06,3
10933,graph,nan,0.0,0.982177734375,0.0,1.0,9.579832979402303e-06,3
10934,node,nan,0.0005884080310352147,0.0,4.147660255432129,0.0,9.579679015675292e-06,3
10935,graph,nan,0.0,1.1519720554351807,0.0,1.0,9.580294251619688e-06,2
10936,graph,nan,0.0,0.11899083107709885,0.0,0.0007172156474553049,9.580140154194897e-06,3
10937,graph,nan,0.0,0.8996720314025879,0.0,1.0,9.57998600285808e-06,3
10938,node,nan,0.0004530322621576488,0.0,6.111815452575684,0.0,9.57983179761304e-06,3
10939,graph,nan,0.0,1.324784517288208,0.0,1.0,9.57967753846358e-06,3
10940,graph,nan,0.0,0.9589586853981018,0.0,1.0,9.580293956107795e-06,2
10941,graph,nan,0.0,0.17462030053138733,0.0,0.0005230436800047755,9.580139563181066e-06,3
10942,node,nan,0.0002877152001019567,0.0,6.67104959487915,0.0,9.579985116352271e-06,3
10943,graph,nan,0.0,0.886856198310852,0.0,1.0,9.579830615625221e-06,3
10944,graph,nan,0.0,1.1646511554718018,0.0,1.0,9.57967606100373e-06,3
10945,graph,nan,0.0,0.7573099136352539,0.0,1.0,9.580293660546131e-06,2
10946,node,nan,0.0004320410662330687,0.0,0.1729961335659027,0.0,9.580138972067711e-06,3
10947,graph,nan,0.0,1.0637080669403076,0.0,1.0,9.579984229697208e-06,3
10948,graph,nan,0.0,0.8401347398757935,0.0,1.0,9.579829433438438e-06,3
10949,graph,nan,0.0,1.2196089029312134,0.0,1.0,9.579674583295222e-06,3
10950,node,nan,0.0004036541795358062,0.0,2.84069561958313,0.0,9.58029336493459e-06,2
10951,graph,nan,0.0,0.12354434281587601,0.0,0.00045813494944013655,9.580138380854626e-06,3
10952,graph,nan,0.0,0.7186818718910217,0.0,1.0,9.579983342892581e-06,3
10953,graph,nan,0.0,1.0530481338500977,0.0,1.0,9.579828251052277e-06,3
10954,node,nan,0.00042765538091771305,0.0,100.0,0.0,9.579673105337544e-06,3
10955,graph,nan,0.0,1.0177526473999023,0.0,1.0,9.58029306927307e-06,2
10956,graph,nan,0.0,0.15873464941978455,0.0,0.0006768253515474498,9.5801377895416e-06,3
10957,graph,nan,0.0,0.9457031488418579,0.0,1.0,9.579982455938071e-06,3
10958,node,nan,0.00042172064422629774,0.0,1.5665948390960693,0.0,9.579827068466317e-06,3
10959,graph,nan,0.0,0.8547042608261108,0.0,1.0,9.57967162713017e-06,3
10960,graph,nan,0.0,0.7720143795013428,0.0,1.0,9.580292773561464e-06,2
10961,graph,nan,0.0,0.11608891934156418,0.0,0.0004580653621815145,9.580137198128426e-06,3
10962,node,nan,0.00032114365603774786,0.0,4.504864692687988,0.0,9.579981568833373e-06,3
10963,graph,nan,0.0,1.0588936805725098,0.0,1.0,9.579825885680145e-06,3
10964,graph,nan,0.0,0.9179670810699463,0.0,1.0,9.579670148672582e-06,3
10965,graph,nan,0.0,0.7818571329116821,0.0,1.0,9.580292477799671e-06,2
10966,node,nan,0.0005129287601448596,0.0,0.24081894755363464,0.0,9.580136606614897e-06,3
10967,graph,nan,0.0,0.7887675762176514,0.0,1.0,9.579980681578173e-06,3
10968,graph,nan,0.0,0.7856947183609009,0.0,1.0,9.579824702693346e-06,3
10969,graph,nan,0.0,0.9470425844192505,0.0,1.0,9.579668669964264e-06,3
10970,node,nan,0.0004735249385703355,0.0,2.20088529586792,0.0,9.580292181987585e-06,2
10971,graph,nan,0.0,0.1808994710445404,0.0,0.000805038318503648,9.580136015000803e-06,3
10972,graph,nan,0.0,1.0104990005493164,0.0,1.0,9.579979794172158e-06,3
10973,graph,nan,0.0,1.1512759923934937,0.0,1.0,9.579823519505502e-06,3
10974,node,nan,0.0005811209557577968,0.0,3.49440336227417,0.0,9.579667191004692e-06,3
10975,graph,nan,0.0,1.1617511510849,0.0,1.0,9.580291886125106e-06,2
10976,graph,nan,0.0,0.20061442255973816,0.0,0.0006264802650548518,9.580135423285942e-06,3
10977,graph,nan,0.0,1.1078382730484009,0.0,1.0,9.57997890661502e-06,3
10978,node,nan,0.00046779634431004524,0.0,1.930927038192749,0.0,9.579822336116202e-06,3
10979,graph,nan,0.0,0.9772356152534485,0.0,1.0,9.57966571179335e-06,3
10980,graph,nan,0.0,0.6939764022827148,0.0,1.0,9.580291590212123e-06,2
10981,graph,nan,0.0,0.1526307463645935,0.0,0.00042126383050344884,9.580134831470099e-06,3
10982,node,nan,0.00031970307463780046,0.0,3.7445125579833984,0.0,9.579978018906442e-06,3
10983,graph,nan,0.0,1.0239052772521973,0.0,1.0,9.579821152525025e-06,3
10984,graph,nan,0.0,0.7504636645317078,0.0,1.0,9.579664232329715e-06,3
10985,graph,nan,0.0,0.7673259973526001,0.0,1.0,9.580291294248538e-06,2
10986,node,nan,0.0005223221960477531,0.0,1.088950514793396,0.0,9.580134239553069e-06,3
10987,graph,nan,0.0,1.514009952545166,0.0,1.0,9.579977131046116e-06,3
10988,graph,nan,0.0,0.9962086081504822,0.0,1.0,9.579819968731556e-06,3
10989,graph,nan,0.0,0.9936463832855225,0.0,1.0,9.579662752613268e-06,3
10990,node,nan,0.000402422301704064,0.0,22.67377471923828,0.0,9.580290998234244e-06,2
10991,graph,nan,0.0,0.12657028436660767,0.0,0.00036139271105639637,9.580133647534642e-06,3
10992,graph,nan,0.0,0.9074347019195557,0.0,1.0,9.579976243033723e-06,3
10993,graph,nan,0.0,1.7022819519042969,0.0,1.0,9.579818784735375e-06,3
10994,node,nan,0.0004737026756629348,0.0,7.481427192687988,0.0,9.579661272643483e-06,3
10995,graph,nan,0.0,0.9972853660583496,0.0,1.0,9.580290702169135e-06,2
10996,graph,nan,0.0,0.17282907664775848,0.0,0.0004236359382048249,9.580133055414607e-06,3
10997,graph,nan,0.0,0.9596091508865356,0.0,1.0,9.579975354868954e-06,3
10998,node,nan,0.00041174038778990507,0.0,3.4664056301116943,0.0,9.579817600536069e-06,3
10999,graph,nan,0.0,0.9356675744056702,0.0,1.0,9.579659792419841e-06,3
11000,graph,nan,0.0,0.9419986009597778,0.0,1.0,9.58029040605311e-06,2
11001,graph,nan,0.0,0.1630513221025467,0.0,0.0007255282835103571,9.580132463192758e-06,3
11002,node,nan,0.00044102908577769995,0.0,4.075632095336914,0.0,9.579974466551492e-06,3
11003,graph,nan,0.0,0.8128713369369507,0.0,1.0,9.579816416133212e-06,3
11004,graph,nan,0.0,1.0407459735870361,0.0,1.0,9.579658311941817e-06,3
11005,graph,nan,0.0,0.7670314908027649,0.0,1.0,9.580290109886062e-06,2
11006,node,nan,0.00036015245132148266,0.0,0.18636202812194824,0.0,9.580131870868888e-06,3
11007,graph,nan,0.0,0.9103125333786011,0.0,1.0,9.579973578081033e-06,3
11008,graph,nan,0.0,0.9979634284973145,0.0,1.0,9.579815231526399e-06,3
11009,graph,nan,0.0,1.006381630897522,0.0,1.0,9.579656831208897e-06,3
11010,node,nan,0.0003174545709043741,0.0,4.138975143432617,0.0,9.58028981366789e-06,2
11011,graph,nan,0.0,0.19867545366287231,0.0,0.001197349512949586,9.580131278442787e-06,3
11012,graph,nan,0.0,0.9174758195877075,0.0,1.0,9.579972689457255e-06,3
11013,graph,nan,0.0,0.9682517051696777,0.0,1.0,9.579814046715205e-06,3
11014,node,nan,0.000338749960064888,0.0,2.146984338760376,0.0,9.579655350220554e-06,3
11015,graph,nan,0.0,1.1094105243682861,0.0,1.0,9.580289517398482e-06,2
11016,graph,nan,0.0,0.14880332350730896,0.0,0.00048263094504363835,9.58013068591424e-06,3
11017,graph,nan,0.0,0.8590282797813416,0.0,1.0,9.579971800679842e-06,3
11018,node,nan,0.00047805262147448957,0.0,5.186946868896484,0.0,9.579812861699206e-06,3
11019,graph,nan,0.0,0.8034792542457581,0.0,1.0,9.579653868976258e-06,3
11020,graph,nan,0.0,0.795284628868103,0.0,1.0,9.580289221077741e-06,2
11021,graph,nan,0.0,0.18185468018054962,0.0,0.0007814931450411677,9.580130093283044e-06,3
11022,node,nan,0.000509688223246485,0.0,91.84341430664062,0.0,9.579970911748485e-06,3
11023,graph,nan,0.0,0.81365966796875,0.0,1.0,9.579811676477992e-06,3
11024,graph,nan,0.0,0.924748957157135,0.0,1.0,9.579652387475494e-06,3
11025,graph,nan,0.0,0.7928156852722168,0.0,1.0,9.58028892470556e-06,2
11026,node,nan,0.00047832250129431486,0.0,1.297149419784546,0.0,9.58012950054899e-06,3
11027,graph,nan,0.0,0.7458958625793457,0.0,1.0,9.579970022662872e-06,3
11028,graph,nan,0.0,1.391615390777588,0.0,1.0,9.579810491051142e-06,3
11029,graph,nan,0.0,1.192492961883545,0.0,1.0,9.579650905717738e-06,3
11030,node,nan,0.0004524725954979658,0.0,3.318787097930908,0.0,9.580288628281831e-06,2
11031,graph,nan,0.0,0.12548911571502686,0.0,0.00029539308161474764,9.580128907711863e-06,3
11032,graph,nan,0.0,0.900338888168335,0.0,1.0,9.579969133422683e-06,3
11033,graph,nan,0.0,1.0293351411819458,0.0,1.0,9.579809305418236e-06,3
11034,node,nan,0.00039898656541481614,0.0,2.221109390258789,0.0,9.579649423702465e-06,3
11035,graph,nan,0.0,0.9176207780838013,0.0,1.0,9.580288331806452e-06,2
11036,graph,nan,0.0,0.20636969804763794,0.0,0.000860521977301687,9.580128314771456e-06,3
11037,graph,nan,0.0,1.1255888938903809,0.0,1.0,9.579968244027606e-06,3
11038,node,nan,0.00041464713285677135,0.0,4.159380912780762,0.0,9.579808119578854e-06,3
11039,graph,nan,0.0,0.7391825318336487,0.0,1.0,9.579647941429149e-06,3
11040,graph,nan,0.0,0.891004204750061,0.0,1.0,9.58028803527932e-06,2
11041,graph,nan,0.0,0.16645830869674683,0.0,0.0006115752039477229,9.58012772172756e-06,3
11042,node,nan,0.0004789121448993683,0.0,7.838571071624756,0.0,9.579967354477326e-06,3
11043,graph,nan,0.0,0.7657060623168945,0.0,1.0,9.579806933532574e-06,3
11044,graph,nan,0.0,1.1953825950622559,0.0,1.0,9.579646458897261e-06,3
11045,graph,nan,0.0,0.6729098558425903,0.0,1.0,9.580287738700328e-06,2
11046,node,nan,0.0004996517673134804,0.0,0.22334228456020355,0.0,9.580127128579968e-06,3
11047,graph,nan,0.0,0.7683895826339722,0.0,1.0,9.579966464771532e-06,3
11048,graph,nan,0.0,0.9025067687034607,0.0,1.0,9.579805747278985e-06,3
11049,graph,nan,0.0,0.8150201439857483,0.0,1.0,9.57964497610629e-06,3
11050,node,nan,0.0003570177941583097,0.0,7.290704250335693,0.0,9.580287442069366e-06,2
11051,graph,nan,0.0,0.16477397084236145,0.0,0.00031226908322423697,9.58012653532846e-06,3
11052,graph,nan,0.0,0.9437265992164612,0.0,1.0,9.579965574909898e-06,3
11053,graph,nan,0.0,0.8641170263290405,0.0,1.0,9.579804560817652e-06,3
11054,node,nan,0.00042162195313721895,0.0,3.5175681114196777,0.0,9.579643493055696e-06,3
11055,graph,nan,0.0,0.9566279649734497,0.0,1.0,9.580287145386337e-06,2
11056,graph,nan,0.0,0.15033607184886932,0.0,0.0006315680220723152,9.580125941972833e-06,3
11057,graph,nan,0.0,0.7528328895568848,0.0,1.0,9.579964684892116e-06,3
11058,node,nan,0.0005235695280134678,0.0,2.6352508068084717,0.0,9.579803374148165e-06,3
11059,graph,nan,0.0,1.0526947975158691,0.0,1.0,9.57964200974496e-06,3
11060,graph,nan,0.0,1.028324842453003,0.0,1.0,9.580286848651131e-06,2
11061,graph,nan,0.0,0.13834774494171143,0.0,0.00028268067399039865,9.580125348512877e-06,3
11062,node,nan,0.0004733760142698884,0.0,4.716404438018799,0.0,9.579963794717872e-06,3
11063,graph,nan,0.0,1.1947180032730103,0.0,1.0,9.579802187270102e-06,3
11064,graph,nan,0.0,0.9915274381637573,0.0,1.0,9.579640526173555e-06,3
11065,graph,nan,0.0,1.1230857372283936,0.0,1.0,9.580286551863645e-06,2
11066,node,nan,0.00030071823857724667,0.0,5.969172954559326,0.0,9.58012475494838e-06,3
11067,graph,nan,0.0,1.127927303314209,0.0,1.0,9.579962904386848e-06,3
11068,graph,nan,0.0,0.9516177177429199,0.0,1.0,9.579801000183043e-06,3
11069,graph,nan,0.0,1.1848108768463135,0.0,1.0,9.579639042340957e-06,3
11070,node,nan,0.0005614410038106143,0.0,3.240865707397461,0.0,9.58028625502377e-06,2
11071,graph,nan,0.0,0.1677359938621521,0.0,0.0004245786985848099,9.580124161279131e-06,3
11072,graph,nan,0.0,1.344780445098877,0.0,1.0,9.579962013898726e-06,3
11073,graph,nan,0.0,1.414078950881958,0.0,1.0,9.579799812886559e-06,3
11074,node,nan,0.0002951507631223649,0.0,5.107585906982422,0.0,9.579637558246632e-06,3
11075,graph,nan,0.0,1.1616158485412598,0.0,1.0,9.580285958131404e-06,2
11076,graph,nan,0.0,0.1599784791469574,0.0,0.000505695235915482,9.580123567504915e-06,3
11077,graph,nan,0.0,0.8932143449783325,0.0,1.0,9.579961123253189e-06,3
11078,node,nan,0.0005750074633397162,0.0,2.8135318756103516,0.0,9.579798625380235e-06,3
11079,graph,nan,0.0,1.2500886917114258,0.0,1.0,9.57963607389006e-06,3
11080,graph,nan,0.0,0.8626911640167236,0.0,1.0,9.58028566118644e-06,2
11081,graph,nan,0.0,0.1671215444803238,0.0,0.00043352408101782203,9.580122973625528e-06,3
11082,node,nan,0.00040059833554551005,0.0,6.703068256378174,0.0,9.579960232449924e-06,3
11083,graph,nan,0.0,0.6878740191459656,0.0,1.0,9.579797437663646e-06,3
11084,graph,nan,0.0,0.7961785793304443,0.0,1.0,9.57963458927071e-06,3
11085,graph,nan,0.0,1.1213061809539795,0.0,1.0,9.580285364188774e-06,2
11086,node,nan,0.0005298551404848695,0.0,3.7425904273986816,0.0,9.580122379640755e-06,3
11087,graph,nan,0.0,0.9633231163024902,0.0,1.0,9.579959341488615e-06,3
11088,graph,nan,0.0,0.9863419532775879,0.0,1.0,9.579796249736374e-06,3
11089,graph,nan,0.0,0.917983889579773,0.0,1.0,9.579633104388057e-06,3
11090,node,nan,0.0006524999043904245,0.0,3.593554973602295,0.0,9.5802850671383e-06,2
11091,graph,nan,0.0,0.12168467044830322,0.0,0.00038747003418393433,9.580121785550387e-06,3
11092,graph,nan,0.0,1.0514042377471924,0.0,1.0,9.579958450368941e-06,3
11093,graph,nan,0.0,0.816832959651947,0.0,1.0,9.579795061597992e-06,3
11094,node,nan,0.00036765390541404486,0.0,3.2493715286254883,0.0,9.579631619241571e-06,3
11095,graph,nan,0.0,1.1107041835784912,0.0,1.0,9.58028477003491e-06,2
11096,graph,nan,0.0,0.16320808231830597,0.0,0.000608314760029316,9.58012119135421e-06,3
11097,graph,nan,0.0,0.7723020911216736,0.0,1.0,9.579957559090587e-06,3
11098,node,nan,0.00034209489240311086,0.0,3.3251636028289795,0.0,9.579793873248078e-06,3
11099,graph,nan,0.0,1.212545394897461,0.0,1.0,9.579630133830724e-06,3
11100,graph,nan,0.0,1.292954444885254,0.0,1.0,9.5802844728785e-06,2
11101,graph,nan,0.0,0.18778322637081146,0.0,0.000663905288092792,9.580120597052013e-06,3
11102,node,nan,0.0004034953599330038,0.0,3.8963193893432617,0.0,9.579956667653235e-06,3
11103,graph,nan,0.0,0.9439027905464172,0.0,1.0,9.57979268468621e-06,3
11104,graph,nan,0.0,0.8736181259155273,0.0,1.0,9.579628648154987e-06,3
11105,graph,nan,0.0,0.9164919853210449,0.0,1.0,9.580284175668962e-06,2
11106,node,nan,0.000367067928891629,0.0,1.413879156112671,0.0,9.580120002643584e-06,3
11107,graph,nan,0.0,1.0497844219207764,0.0,1.0,9.579955776056569e-06,3
11108,graph,nan,0.0,1.2853457927703857,0.0,1.0,9.579791495911964e-06,3
11109,graph,nan,0.0,0.9529545307159424,0.0,1.0,9.579627162213829e-06,3
11110,node,nan,0.00042906496673822403,0.0,7.435912609100342,0.0,9.580283878406194e-06,2
11111,graph,nan,0.0,0.17202523350715637,0.0,0.0003912452084477991,9.580119408128716e-06,3
11112,graph,nan,0.0,0.8520100712776184,0.0,1.0,9.579954884300271e-06,3
11113,graph,nan,0.0,0.8768927454948425,0.0,1.0,9.579790306924921e-06,3
11114,node,nan,0.0004646096203941852,0.0,3.348029136657715,0.0,9.579625676006726e-06,3
11115,graph,nan,0.0,0.8609009981155396,0.0,1.0,9.580283581090088e-06,2
11116,graph,nan,0.0,0.12341319024562836,0.0,0.0005056507652625442,9.58011881350719e-06,3
11117,graph,nan,0.0,1.2694449424743652,0.0,1.0,9.57995399238402e-06,3
11118,node,nan,0.0003006155602633953,0.0,7.079082489013672,0.0,9.57978911772465e-06,3
11119,graph,nan,0.0,0.8527493476867676,0.0,1.0,9.57962418953314e-06,3
11120,graph,nan,0.0,0.7611647844314575,0.0,1.0,9.580283283720535e-06,2
11121,graph,nan,0.0,0.14782744646072388,0.0,0.0006648777052760124,9.580118218778794e-06,3
11122,node,nan,0.0008042594417929649,0.0,2.5224485397338867,0.0,9.5799531003075e-06,3
11123,graph,nan,0.0,1.0023822784423828,0.0,1.0,9.579787928310724e-06,3
11124,graph,nan,0.0,0.8400853276252747,0.0,1.0,9.579622702792546e-06,3
11125,graph,nan,0.0,0.8047356605529785,0.0,1.0,9.580282986297433e-06,2
11126,node,nan,0.0004925609100610018,0.0,0.1854548454284668,0.0,9.58011762394332e-06,3
11127,graph,nan,0.0,1.3208918571472168,0.0,1.0,9.579952208070393e-06,3
11128,graph,nan,0.0,1.1212607622146606,0.0,1.0,9.57978673868273e-06,3
11129,graph,nan,0.0,1.3547847270965576,0.0,1.0,9.579621215784414e-06,3
11130,node,nan,0.00034958464675582945,0.0,3.097435712814331,0.0,9.580282688820675e-06,2
11131,graph,nan,0.0,0.14316128194332123,0.0,0.0003507976944092661,9.580117029000555e-06,3
11132,graph,nan,0.0,0.8506788611412048,0.0,1.0,9.579951315672377e-06,3
11133,graph,nan,0.0,0.931123673915863,0.0,1.0,9.579785548840231e-06,3
11134,node,nan,0.0005066550802439451,0.0,4.596785068511963,0.0,9.579619728508207e-06,3
11135,graph,nan,0.0,0.9544692635536194,0.0,1.0,9.580282391290154e-06,2
11136,graph,nan,0.0,0.19366711378097534,0.0,0.0004645752196665853,9.580116433950287e-06,3
11137,graph,nan,0.0,1.099999189376831,0.0,1.0,9.57995042311314e-06,3
11138,node,nan,0.00031834235414862633,0.0,3.0245437622070312,0.0,9.579784358782813e-06,3
11139,graph,nan,0.0,0.9475871324539185,0.0,1.0,9.579618240963402e-06,3
11140,graph,nan,0.0,1.0158677101135254,0.0,1.0,9.580282093705764e-06,2
11141,graph,nan,0.0,0.16706034541130066,0.0,0.0003275896597187966,9.5801158387923e-06,3
11142,node,nan,0.00025928564718924463,0.0,3.354003429412842,0.0,9.57994953039236e-06,3
11143,graph,nan,0.0,0.9156902432441711,0.0,1.0,9.579783168510047e-06,3
11144,graph,nan,0.0,1.1625386476516724,0.0,1.0,9.579616753149465e-06,3
11145,graph,nan,0.0,0.8050531148910522,0.0,1.0,9.580281796067397e-06,2
11146,node,nan,0.0003117744636256248,0.0,1.4180576801300049,0.0,9.580115243526381e-06,3
11147,graph,nan,0.0,1.2596458196640015,0.0,1.0,9.579948637509713e-06,3
11148,graph,nan,0.0,0.9589554071426392,0.0,1.0,9.579781978021501e-06,3
11149,graph,nan,0.0,0.6223362684249878,0.0,1.0,9.579615265065859e-06,3
11150,node,nan,0.0003059218288399279,0.0,4.023715972900391,0.0,9.58028149837495e-06,2
11151,graph,nan,0.0,0.14073152840137482,0.0,0.0003743378329090774,9.580114648152323e-06,3
11152,graph,nan,0.0,0.8281048536300659,0.0,1.0,9.579947744464885e-06,3
11153,graph,nan,0.0,1.1058883666992188,0.0,1.0,9.579780787316756e-06,3
11154,node,nan,0.0004326222697272897,0.0,27.628273010253906,0.0,9.579613776712056e-06,3
11155,graph,nan,0.0,0.9421282410621643,0.0,1.0,9.58028120062831e-06,2
11156,graph,nan,0.0,0.15467111766338348,0.0,0.00045456489897333086,9.580114052669903e-06,3
11157,graph,nan,0.0,1.3590078353881836,0.0,1.0,9.579946851257552e-06,3
11158,node,nan,0.0005838334909640253,0.0,3.58258056640625,0.0,9.579779596395382e-06,3
11159,graph,nan,0.0,0.939824104309082,0.0,1.0,9.579612288087518e-06,3
11160,graph,nan,0.0,1.1196365356445312,0.0,1.0,9.58028090282738e-06,2
11161,graph,nan,0.0,0.11562861502170563,0.0,0.0003993843274656683,9.58011345707892e-06,3
11162,node,nan,0.00035817778552882373,0.0,4.222796440124512,0.0,9.579945957887401e-06,3
11163,graph,nan,0.0,0.8098509907722473,0.0,1.0,9.579778405256958e-06,3
11164,graph,nan,0.0,0.6935306191444397,0.0,1.0,9.579610799191723e-06,3
11165,graph,nan,0.0,0.6910281181335449,0.0,1.0,9.580280604972043e-06,2
11166,node,nan,0.0006452565430663526,0.0,1.3220733404159546,0.0,9.580112861379149e-06,3
11167,graph,nan,0.0,1.2797796726226807,0.0,1.0,9.579945064354103e-06,3
11168,graph,nan,0.0,0.9427841305732727,0.0,1.0,9.579777213901049e-06,3
11169,graph,nan,0.0,0.7735180258750916,0.0,1.0,9.579609310024127e-06,3
11170,node,nan,0.0004310214426368475,0.0,8.313926696777344,0.0,9.580280307062199e-06,2
11171,graph,nan,0.0,0.17083734273910522,0.0,0.000989458872936666,9.580112265570382e-06,3
11172,graph,nan,0.0,1.2003287076950073,0.0,1.0,9.579944170657345e-06,3
11173,graph,nan,0.0,0.8526068925857544,0.0,1.0,9.579776022327235e-06,3
11174,node,nan,0.0005601115408353508,0.0,6.813445091247559,0.0,9.579607820584201e-06,3
11175,graph,nan,0.0,0.9589208364486694,0.0,1.0,9.58028000909774e-06,2
11176,graph,nan,0.0,0.09764614701271057,0.0,0.0003196015895809978,9.580111669652407e-06,3
11177,graph,nan,0.0,0.8747475147247314,0.0,1.0,9.579943276796803e-06,3
11178,node,nan,0.0006931146490387619,0.0,40.514278411865234,0.0,9.579774830535085e-06,3
11179,graph,nan,0.0,0.6882668137550354,0.0,1.0,9.579606330871407e-06,3
11180,graph,nan,0.0,1.0567660331726074,0.0,1.0,9.580279711078557e-06,2
11181,graph,nan,0.0,0.12813404202461243,0.0,0.0004059606580995023,9.580111073625005e-06,3
11182,node,nan,0.00032532133627682924,0.0,9.974821090698242,0.0,9.579942382772157e-06,3
11183,graph,nan,0.0,0.8922198414802551,0.0,1.0,9.579773638524172e-06,3
11184,graph,nan,0.0,0.969027578830719,0.0,1.0,9.579604840885216e-06,3
11185,graph,nan,0.0,1.1022298336029053,0.0,1.0,9.580279413004544e-06,2
11186,node,nan,0.0004020374035462737,0.0,0.2415151447057724,0.0,9.580110477487965e-06,3
11187,graph,nan,0.0,1.2744829654693604,0.0,1.0,9.579941488583083e-06,3
11188,graph,nan,0.0,0.9532187581062317,0.0,1.0,9.579772446294066e-06,3
11189,graph,nan,0.0,0.9182688593864441,0.0,1.0,9.579603350625086e-06,3
11190,node,nan,0.0006062453612685204,0.0,3.3636746406555176,0.0,9.580279114875594e-06,2
11191,graph,nan,0.0,0.18350012600421906,0.0,0.00044790844549424946,9.580109881241074e-06,3
11192,graph,nan,0.0,1.1548638343811035,0.0,1.0,9.579940594229265e-06,3
11193,graph,nan,0.0,1.087364673614502,0.0,1.0,9.579771253844343e-06,3
11194,node,nan,0.00035395665327087045,0.0,2.8931875228881836,0.0,9.579601860090487e-06,3
11195,graph,nan,0.0,0.9880986213684082,0.0,1.0,9.5802788166916e-06,2
11196,graph,nan,0.0,0.11600396037101746,0.0,0.0004153446643613279,9.580109284884117e-06,3
11197,graph,nan,0.0,0.9723348021507263,0.0,1.0,9.57993969971038e-06,3
11198,node,nan,0.0003820321580860764,0.0,18.183853149414062,0.0,9.579770061174573e-06,3
11199,graph,nan,0.0,0.9964967370033264,0.0,1.0,9.579600369280885e-06,3
11200,graph,nan,0.0,1.1215933561325073,0.0,1.0,9.580278518452455e-06,2
11201,graph,nan,0.0,0.12360169738531113,0.0,0.0005539936828427017,9.580108688416875e-06,3
11202,node,nan,0.00039229399408213794,0.0,17.911373138427734,0.0,9.5799388050261e-06,3
11203,graph,nan,0.0,0.982951819896698,0.0,1.0,9.579768868284323e-06,3
11204,graph,nan,0.0,0.9738637208938599,0.0,1.0,9.579598878195733e-06,3
11205,graph,nan,0.0,0.9630025625228882,0.0,1.0,9.580278220158053e-06,2
11206,node,nan,0.0005882044788450003,0.0,0.41806760430336,0.0,9.580108091839143e-06,3
11207,graph,nan,0.0,0.8484437465667725,0.0,1.0,9.579937910176115e-06,3
11208,graph,nan,0.0,0.9111020565032959,0.0,1.0,9.579767675173172e-06,3
11209,graph,nan,0.0,1.0946242809295654,0.0,1.0,9.579597386834511e-06,3
11210,node,nan,0.00048638932639732957,0.0,8.003376007080078,0.0,9.580277921808281e-06,2
11211,graph,nan,0.0,0.124402716755867,0.0,0.00045146269258111715,9.580107495150693e-06,3
11212,graph,nan,0.0,0.9650365114212036,0.0,1.0,9.579937015160091e-06,3
11213,graph,nan,0.0,1.1361348628997803,0.0,1.0,9.579766481840682e-06,3
11214,node,nan,0.0004129591106902808,0.0,4.661176681518555,0.0,9.57959589519667e-06,3
11215,graph,nan,0.0,0.7940491437911987,0.0,1.0,9.58027762340304e-06,2
11216,graph,nan,0.0,0.1658957451581955,0.0,0.00045861012768000364,9.580106898351326e-06,3
11217,graph,nan,0.0,1.188706636428833,0.0,1.0,9.579936119977717e-06,3
11218,node,nan,0.0006001809379085898,0.0,11.173015594482422,0.0,9.57976528828643e-06,3
11219,graph,nan,0.0,1.502660870552063,0.0,1.0,9.579594403281679e-06,3
11220,graph,nan,0.0,1.0352877378463745,0.0,1.0,9.580277324942216e-06,2
11221,graph,nan,0.0,0.1305626481771469,0.0,0.0005244692438282073,9.580106301440811e-06,3
11222,node,nan,0.0004060724168084562,0.0,12.528060913085938,0.0,9.579935224628659e-06,3
11223,graph,nan,0.0,0.7975654602050781,0.0,1.0,9.579764094509979e-06,3
11224,graph,nan,0.0,1.2881419658660889,0.0,1.0,9.579592911088994e-06,3
11225,graph,nan,0.0,1.2024157047271729,0.0,1.0,9.5802770264257e-06,2
11226,node,nan,0.0003723164554685354,0.0,5.922351837158203,0.0,9.580105704418942e-06,3
11227,graph,nan,0.0,1.0810061693191528,0.0,1.0,9.579934329112601e-06,3
11228,graph,nan,0.0,0.7808017730712891,0.0,1.0,9.579762900510905e-06,3
11229,graph,nan,0.0,0.8336907625198364,0.0,1.0,9.579591418618083e-06,3
11230,node,nan,0.00048317271284759045,0.0,3.04311203956604,0.0,9.580276727853392e-06,2
11231,graph,nan,0.0,0.15069890022277832,0.0,0.0005245205829851329,9.580105107285505e-06,3
11232,graph,nan,0.0,0.7910491228103638,0.0,1.0,9.579933433429219e-06,3
11233,graph,nan,0.0,0.9913210868835449,0.0,1.0,9.579761706288773e-06,3
11234,node,nan,0.00047013009316287935,0.0,4.8887038230896,0.0,9.579589925868405e-06,3
11235,graph,nan,0.0,1.219986915588379,0.0,1.0,9.580276429225179e-06,2
11236,graph,nan,0.0,0.10903286188840866,0.0,0.0007578611839562654,9.580104510040277e-06,3
11237,graph,nan,0.0,0.8735074400901794,0.0,1.0,9.579932537578188e-06,3
11238,node,nan,0.0002896634105127305,0.0,3.622049331665039,0.0,9.579760511843155e-06,3
11239,graph,nan,0.0,1.1324684619903564,0.0,1.0,9.57958843283942e-06,3
11240,graph,nan,0.0,0.9870864152908325,0.0,1.0,9.580276130540955e-06,2
11241,graph,nan,0.0,0.10315033048391342,0.0,0.0004639470425900072,9.580103912683052e-06,3
11242,node,nan,0.0004769475490320474,0.0,9.088842391967773,0.0,9.579931641559191e-06,3
11243,graph,nan,0.0,1.3672596216201782,0.0,1.0,9.579759317173622e-06,3
11244,graph,nan,0.0,1.1819045543670654,0.0,1.0,9.579586939530599e-06,3
11245,graph,nan,0.0,1.0560109615325928,0.0,1.0,9.580275831800608e-06,2
11246,node,nan,0.0003659991198219359,0.0,3.8394851684570312,0.0,9.580103315213604e-06,3
11247,graph,nan,0.0,1.0335103273391724,0.0,1.0,9.579930745371894e-06,3
11248,graph,nan,0.0,1.0237497091293335,0.0,1.0,9.579758122279736e-06,3
11249,graph,nan,0.0,1.0887160301208496,0.0,1.0,9.579585445941388e-06,3
11250,node,nan,0.0018774798372760415,0.0,8.931041717529297,0.0,9.580275533004036e-06,2
11251,graph,nan,0.0,0.15830332040786743,0.0,0.00047601907863281667,9.580102717631726e-06,3
11252,graph,nan,0.0,1.0254933834075928,0.0,1.0,9.579929849015982e-06,3
11253,graph,nan,0.0,1.2232747077941895,0.0,1.0,9.57975692716107e-06,3
11254,node,nan,0.0005040093674324453,0.0,2.6527419090270996,0.0,9.579583952071257e-06,3
11255,graph,nan,0.0,1.107493281364441,0.0,1.0,9.580275234151127e-06,2
11256,graph,nan,0.0,0.15757803618907928,0.0,0.0004289882490411401,9.580102119937194e-06,3
11257,graph,nan,0.0,0.7687407732009888,0.0,1.0,9.579928952491124e-06,3
11258,node,nan,0.0005152007797732949,0.0,3.05672025680542,0.0,9.579755731817188e-06,3
11259,graph,nan,0.0,1.0625063180923462,0.0,1.0,9.579582457919662e-06,3
11260,graph,nan,0.0,0.9448386430740356,0.0,1.0,9.580274935241774e-06,2
11261,graph,nan,0.0,0.16701167821884155,0.0,0.0007799039594829082,9.580101522129797e-06,3
11262,node,nan,0.0002772610168904066,0.0,5.254852294921875,0.0,9.579928055796999e-06,3
11263,graph,nan,0.0,0.89815753698349,0.0,1.0,9.57975453624766e-06,3
11264,graph,nan,0.0,0.7513759136199951,0.0,1.0,9.579580963486062e-06,3
11265,graph,nan,0.0,1.0631637573242188,0.0,1.0,9.580274636275869e-06,2
11266,node,nan,0.0004841950722038746,0.0,6.481249809265137,0.0,9.580100924209317e-06,3
11267,graph,nan,0.0,0.9758478403091431,0.0,1.0,9.579927158933285e-06,3
11268,graph,nan,0.0,0.9190250635147095,0.0,1.0,9.579753340452055e-06,3
11269,graph,nan,0.0,1.0380417108535767,0.0,1.0,9.579579468769918e-06,3
11270,node,nan,0.0004834866849705577,0.0,3.3236522674560547,0.0,9.580274337253303e-06,2
11271,graph,nan,0.0,0.15930894017219543,0.0,0.0005481417174451053,9.580100326175539e-06,3
11272,graph,nan,0.0,1.0082244873046875,0.0,1.0,9.57992626189965e-06,3
11273,graph,nan,0.0,0.8033087253570557,0.0,1.0,9.579752144429934e-06,3
11274,node,nan,0.0019664359278976917,0.0,2.796123504638672,0.0,9.579577973770685e-06,3
11275,graph,nan,0.0,0.8290237784385681,0.0,1.0,9.580274038173968e-06,2
11276,graph,nan,0.0,0.1656855195760727,0.0,0.0007060670759528875,9.580099728028244e-06,3
11277,graph,nan,0.0,0.9739305973052979,0.0,1.0,9.579925364695778e-06,3
11278,node,nan,0.000393361144233495,0.0,3.784986734390259,0.0,9.579750948180873e-06,3
11279,graph,nan,0.0,0.8996191024780273,0.0,1.0,9.579576478487831e-06,3
11280,graph,nan,0.0,1.1672496795654297,0.0,1.0,9.580273739037757e-06,2
11281,graph,nan,0.0,0.16839775443077087,0.0,0.0005597345880232751,9.580099129767217e-06,3
11282,node,nan,0.0002845702110789716,0.0,4.317180156707764,0.0,9.579924467321338e-06,3
11283,graph,nan,0.0,0.6437591910362244,0.0,1.0,9.57974975170443e-06,3
11284,graph,nan,0.0,0.8277900218963623,0.0,1.0,9.579574982920804e-06,3
11285,graph,nan,0.0,1.0513402223587036,0.0,1.0,9.580273439844558e-06,2
11286,node,nan,0.0009070778614841402,0.0,0.32232949137687683,0.0,9.58009853139224e-06,3
11287,graph,nan,0.0,0.7308531999588013,0.0,1.0,9.579923569776006e-06,3
11288,graph,nan,0.0,1.7569677829742432,0.0,1.0,9.579748555000175e-06,3
11289,graph,nan,0.0,1.1293097734451294,0.0,1.0,9.579573487069066e-06,3
11290,node,nan,0.00046607875265181065,0.0,5.500194072723389,0.0,9.580273140594267e-06,2
11291,graph,nan,0.0,0.16399109363555908,0.0,0.0004298764106351882,9.580097932903094e-06,3
11292,graph,nan,0.0,0.8936735391616821,0.0,1.0,9.579922672059454e-06,3
11293,graph,nan,0.0,0.9261226058006287,0.0,1.0,9.579747358067672e-06,3
11294,node,nan,0.0003630419378168881,0.0,4.006589412689209,0.0,9.579571990932072e-06,3
11295,graph,nan,0.0,0.7826472520828247,0.0,1.0,9.580272841286771e-06,2
11296,graph,nan,0.0,0.1456763744354248,0.0,0.0007552334573119879,9.580097334299566e-06,3
11297,graph,nan,0.0,0.999663233757019,0.0,1.0,9.57992177417136e-06,3
11298,node,nan,0.0004178486706223339,0.0,16.26806640625,0.0,9.579746160906487e-06,3
11299,graph,nan,0.0,0.8909361362457275,0.0,1.0,9.579570494509282e-06,3
11300,graph,nan,0.0,1.0418410301208496,0.0,1.0,9.580272541921965e-06,2
11301,graph,nan,0.0,0.1272524893283844,0.0,0.0004495093016885221,9.580096735581434e-06,3
11302,node,nan,0.00032270202063955367,0.0,13.358442306518555,0.0,9.579920876111394e-06,3
11303,graph,nan,0.0,1.103816032409668,0.0,1.0,9.579744963516186e-06,3
11304,graph,nan,0.0,0.9447242021560669,0.0,1.0,9.579568997800148e-06,3
11305,graph,nan,0.0,1.2161667346954346,0.0,1.0,9.580272242499738e-06,2
11306,node,nan,0.0005943041178397834,0.0,0.17925703525543213,0.0,9.580096136748484e-06,3
11307,graph,nan,0.0,1.048579454421997,0.0,1.0,9.579919977879234e-06,3
11308,graph,nan,0.0,0.7645978331565857,0.0,1.0,9.579743765896334e-06,3
11309,graph,nan,0.0,0.938915491104126,0.0,1.0,9.579567500804132e-06,3
11310,node,nan,0.0003921066236216575,0.0,3.790412425994873,0.0,9.580271943019979e-06,2
11311,graph,nan,0.0,0.1310814619064331,0.0,0.0003447841154411435,9.580095537800493e-06,3
11312,graph,nan,0.0,1.0851209163665771,0.0,1.0,9.579919079474547e-06,3
11313,graph,nan,0.0,1.0635769367218018,0.0,1.0,9.57974256804649e-06,3
11314,node,nan,0.00040892348624765873,0.0,2.064683675765991,0.0,9.579566003520681e-06,3
11315,graph,nan,0.0,0.6465390920639038,0.0,1.0,9.580271643482584e-06,2
11316,graph,nan,0.0,0.28177201747894287,0.0,0.00023756502196192741,9.580094938737252e-06,3
11317,graph,nan,0.0,1.6781530380249023,0.0,1.0,9.579918180897014e-06,3
11318,node,nan,0.0003452654927968979,0.0,4.871275901794434,0.0,9.579741369966229e-06,3
11319,graph,nan,0.0,1.0743660926818848,0.0,1.0,9.57956450594926e-06,3
11320,graph,nan,0.0,1.06191885471344,0.0,1.0,9.580271343887443e-06,2
11321,graph,nan,0.0,0.1493883728981018,0.0,0.0005343570373952389,9.580094339558538e-06,3
11322,node,nan,0.0002755533787421882,0.0,4.016236305236816,0.0,9.579917282146301e-06,3
11323,graph,nan,0.0,0.882448136806488,0.0,1.0,9.579740171655106e-06,3
11324,graph,nan,0.0,0.8833702206611633,0.0,1.0,9.579563008089318e-06,3
11325,graph,nan,0.0,0.9343507289886475,0.0,1.0,9.580271044234442e-06,2
11326,node,nan,0.00048624136252328753,0.0,0.17398464679718018,0.0,9.58009374026413e-06,3
11327,graph,nan,0.0,1.0171884298324585,0.0,1.0,9.579916383222086e-06,3
11328,graph,nan,0.0,1.0314195156097412,0.0,1.0,9.579738973112688e-06,3
11329,graph,nan,0.0,1.2260053157806396,0.0,1.0,9.579561509940313e-06,3
11330,node,nan,0.0004045832611154765,0.0,5.002485752105713,0.0,9.580270744523477e-06,2
11331,graph,nan,0.0,0.27785712480545044,0.0,0.0011073326459154487,9.580093140853811e-06,3
11332,graph,nan,0.0,0.8964647650718689,0.0,1.0,9.579915484124036e-06,3
11333,graph,nan,0.0,0.918804943561554,0.0,1.0,9.579737774338537e-06,3
11334,node,nan,0.0004123154212720692,0.0,4.74938440322876,0.0,9.579560011501696e-06,3
11335,graph,nan,0.0,1.0162123441696167,0.0,1.0,9.580270444754434e-06,2
11336,graph,nan,0.0,0.1440432369709015,0.0,0.0003199963248334825,9.580092541327364e-06,3
11337,graph,nan,0.0,1.0895835161209106,0.0,1.0,9.579914584851826e-06,3
11338,node,nan,0.00043374652159400284,0.0,4.722871780395508,0.0,9.579736575332212e-06,3
11339,graph,nan,0.0,0.7825716137886047,0.0,1.0,9.579558512772917e-06,3
11340,graph,nan,0.0,0.9660070538520813,0.0,1.0,9.58027014492721e-06,2
11341,graph,nan,0.0,0.1430153101682663,0.0,0.0005926739540882409,9.580091941684571e-06,3
11342,node,nan,0.0005338104674592614,0.0,3.137022018432617,0.0,9.57991368540513e-06,3
11343,graph,nan,0.0,1.0448603630065918,0.0,1.0,9.579735376093287e-06,3
11344,graph,nan,0.0,0.8234078884124756,0.0,1.0,9.57955701375344e-06,3
11345,graph,nan,0.0,0.8442296981811523,0.0,1.0,9.58026984504169e-06,2
11346,node,nan,0.0004239293048158288,0.0,3.142162561416626,0.0,9.58009134192521e-06,3
11347,graph,nan,0.0,0.9801641702651978,0.0,1.0,9.579912785783618e-06,3
11348,graph,nan,0.0,1.2763144969940186,0.0,1.0,9.579734176621315e-06,3
11349,graph,nan,0.0,0.9681822657585144,0.0,1.0,9.57955551444271e-06,3
11350,node,nan,0.0004223252472002059,0.0,3.430983066558838,0.0,9.580269545097766e-06,2
11351,graph,nan,0.0,0.15933984518051147,0.0,0.0003435756079852581,9.580090742049064e-06,3
11352,graph,nan,0.0,0.8936667442321777,0.0,1.0,9.579911885986957e-06,3
11353,graph,nan,0.0,1.2016067504882812,0.0,1.0,9.579732976915858e-06,3
11354,node,nan,0.00032110133906826377,0.0,4.01884651184082,0.0,9.57955401484018e-06,3
11355,graph,nan,0.0,1.0910742282867432,0.0,1.0,9.580269245095332e-06,2
11356,graph,nan,0.0,0.12716534733772278,0.0,0.00048096326645463705,9.580090142055919e-06,3
11357,graph,nan,0.0,0.7987416386604309,0.0,1.0,9.579910986014828e-06,3
11358,node,nan,0.0005104179144836962,0.0,3.8529281616210938,0.0,9.579731776976484e-06,3
11359,graph,nan,0.0,1.140662670135498,0.0,1.0,9.579552514945306e-06,3
11360,graph,nan,0.0,1.0023066997528076,0.0,1.0,9.58026894503427e-06,2
11361,graph,nan,0.0,0.12325641512870789,0.0,0.00044507585698738694,9.580089541945544e-06,3
11362,node,nan,0.0004954827018082142,0.0,3.906813144683838,0.0,9.579910085866893e-06,3
11363,graph,nan,0.0,1.1617110967636108,0.0,1.0,9.579730576802747e-06,3
11364,graph,nan,0.0,1.413702368736267,0.0,1.0,9.579551014757535e-06,3
11365,graph,nan,0.0,1.0754212141036987,0.0,1.0,9.58026864491448e-06,2
11366,node,nan,0.0004906826070509851,0.0,0.5629975199699402,0.0,9.58008894171773e-06,3
11367,graph,nan,0.0,1.1717623472213745,0.0,1.0,9.579909185542829e-06,3
11368,graph,nan,0.0,1.217107892036438,0.0,1.0,9.579729376394217e-06,3
11369,graph,nan,0.0,0.8956440687179565,0.0,1.0,9.579549514276326e-06,3
11370,node,nan,0.0004941137740388513,0.0,4.193023681640625,0.0,9.580268344735846e-06,2
11371,graph,nan,0.0,0.14908874034881592,0.0,0.0004774188273586333,9.580088341372249e-06,3
11372,graph,nan,0.0,1.058658242225647,0.0,1.0,9.579908285042299e-06,3
11373,graph,nan,0.0,1.0004570484161377,0.0,1.0,9.579728175750442e-06,3
11374,node,nan,0.00040641092346049845,0.0,7.071665287017822,0.0,9.579548013501119e-06,3
11375,graph,nan,0.0,1.3051962852478027,0.0,1.0,9.58026804449826e-06,2
11376,graph,nan,0.0,0.16223478317260742,0.0,0.0007873402209952474,9.580087740908888e-06,3
11377,graph,nan,0.0,0.8176677823066711,0.0,1.0,9.579907384364983e-06,3
11378,node,nan,0.0003308749874122441,0.0,27.994810104370117,0.0,9.579726974870995e-06,3
11379,graph,nan,0.0,0.8281027674674988,0.0,1.0,9.579546512431373e-06,3
11380,graph,nan,0.0,1.222793698310852,0.0,1.0,9.580267744201611e-06,2
11381,graph,nan,0.0,0.21658486127853394,0.0,0.0008056815713644028,9.580087140327424e-06,3
11382,node,nan,0.00028576370095834136,0.0,5.66284704208374,0.0,9.579906483510544e-06,3
11383,graph,nan,0.0,1.0644111633300781,0.0,1.0,9.579725773755428e-06,3
11384,graph,nan,0.0,0.9666397571563721,0.0,1.0,9.579545011066535e-06,3
11385,graph,nan,0.0,1.012748122215271,0.0,1.0,9.58026744384579e-06,2
11386,node,nan,0.0005775560275651515,0.0,0.13018307089805603,0.0,9.580086539627637e-06,3
11387,graph,nan,0.0,0.9504362344741821,0.0,1.0,9.579905582478652e-06,3
11388,graph,nan,0.0,0.8584675192832947,0.0,1.0,9.579724572403302e-06,3
11389,graph,nan,0.0,1.4234477281570435,0.0,1.0,9.579543509406053e-06,3
11390,node,nan,0.0004807475779671222,0.0,2.2299656867980957,0.0,9.580267143430688e-06,2
11391,graph,nan,0.0,0.1485418975353241,0.0,0.000571877637412399,9.580085938809308e-06,3
11392,graph,nan,0.0,0.8561248779296875,0.0,1.0,9.579904681268983e-06,3
11393,graph,nan,0.0,0.9173613786697388,0.0,1.0,9.579723370814184e-06,3
11394,node,nan,0.0002135621034540236,0.0,2.4447739124298096,0.0,9.579542007449384e-06,3
11395,graph,nan,0.0,0.7990345358848572,0.0,1.0,9.58026684295619e-06,2
11396,graph,nan,0.0,0.16389092803001404,0.0,0.00037381870788522065,9.580085337872214e-06,3
11397,graph,nan,0.0,0.8302265405654907,0.0,1.0,9.5799037798812e-06,3
11398,node,nan,0.0004379712918307632,0.0,4.763734817504883,0.0,9.579722168987623e-06,3
11399,graph,nan,0.0,0.936281681060791,0.0,1.0,9.579540505195967e-06,3
11400,graph,nan,0.0,0.8551931381225586,0.0,1.0,9.58026654242219e-06,2
11401,graph,nan,0.0,0.1440293788909912,0.0,0.0005220835446380079,9.580084736816135e-06,3
11402,node,nan,0.00048430540482513607,0.0,4.343484401702881,0.0,9.57990287831497e-06,3
11403,graph,nan,0.0,1.0039401054382324,0.0,1.0,9.57972096692318e-06,3
11404,graph,nan,0.0,1.0956603288650513,0.0,1.0,9.579539002645257e-06,3
11405,graph,nan,0.0,0.8556714057922363,0.0,1.0,9.580266241828578e-06,2
11406,node,nan,0.0003719586238730699,0.0,3.6116557121276855,0.0,9.580084135640854e-06,3
11407,graph,nan,0.0,1.0844461917877197,0.0,1.0,9.57990197656997e-06,3
11408,graph,nan,0.0,0.8967015743255615,0.0,1.0,9.57971976462042e-06,3
11409,graph,nan,0.0,1.1024572849273682,0.0,1.0,9.5795374997967e-06,3
11410,node,nan,0.0004119474906474352,0.0,10.161246299743652,0.0,9.580265941175241e-06,2
11411,graph,nan,0.0,0.1556805968284607,0.0,0.0007307863561436534,9.580083534346147e-06,3
11412,graph,nan,0.0,1.0745505094528198,0.0,1.0,9.579901074645865e-06,3
11413,graph,nan,0.0,0.777673065662384,0.0,1.0,9.579718562078897e-06,3
11414,node,nan,0.00035903745447285473,0.0,8.401336669921875,0.0,9.579535996649748e-06,3
11415,graph,nan,0.0,1.2029163837432861,0.0,1.0,9.58026564046207e-06,2
11416,graph,nan,0.0,0.423073947429657,0.0,0.009999999776482582,9.58008293293179e-06,3
11417,graph,nan,0.0,1.3524655103683472,0.0,1.0,9.579900172542319e-06,3
11418,node,nan,0.0005090924678370357,0.0,2.239617109298706,0.0,9.579717359298165e-06,3
11419,graph,nan,0.0,0.8340535163879395,0.0,1.0,9.579534493203838e-06,3
11420,graph,nan,0.0,1.0415490865707397,0.0,1.0,9.580265339688955e-06,2
11421,graph,nan,0.0,0.12591826915740967,0.0,0.0004156731010880321,9.580082331397569e-06,3
11422,node,nan,0.00041036916081793606,0.0,6.908292770385742,0.0,9.579899270259008e-06,3
11423,graph,nan,0.0,1.0035302639007568,0.0,1.0,9.579716156277788e-06,3
11424,graph,nan,0.0,0.9845543503761292,0.0,1.0,9.57953298945843e-06,3
11425,graph,nan,0.0,1.090299129486084,0.0,1.0,9.580265038855781e-06,2
11426,node,nan,0.0004678041732404381,0.0,0.2510818839073181,0.0,9.580081729743255e-06,3
11427,graph,nan,0.0,0.9220592379570007,0.0,1.0,9.579898367795593e-06,3
11428,graph,nan,0.0,0.7414320707321167,0.0,1.0,9.579714953017319e-06,3
11429,graph,nan,0.0,0.8225498795509338,0.0,1.0,9.57953148541296e-06,3
11430,node,nan,0.0004398387100081891,0.0,1.9506343603134155,0.0,9.580264737962441e-06,2
11431,graph,nan,0.0,0.15190118551254272,0.0,0.0008716237498447299,9.58008112796863e-06,3
11432,graph,nan,0.0,1.081550121307373,0.0,1.0,9.579897465151744e-06,3
11433,graph,nan,0.0,0.9983649849891663,0.0,1.0,9.579713749516315e-06,3
11434,node,nan,0.00037297545350156724,0.0,5.058065414428711,0.0,9.579529981066878e-06,3
11435,graph,nan,0.0,1.0034788846969604,0.0,1.0,9.580264437008826e-06,2
11436,graph,nan,0.0,0.14231985807418823,0.0,0.00036194923450239,9.580080526073473e-06,3
11437,graph,nan,0.0,0.8695480823516846,0.0,1.0,9.57989656232713e-06,3
11438,node,nan,0.0003397780819796026,0.0,6.210664749145508,0.0,9.579712545774338e-06,3
11439,graph,nan,0.0,0.9102417826652527,0.0,1.0,9.579528476419633e-06,3
11440,graph,nan,0.0,1.049846887588501,0.0,1.0,9.580264135994821e-06,2
11441,graph,nan,0.0,0.16628482937812805,0.0,0.0007194458739832044,9.580079924057562e-06,3
11442,node,nan,0.0004928203416056931,0.0,5.830958843231201,0.0,9.57989565932142e-06,3
11443,graph,nan,0.0,0.8645738363265991,0.0,1.0,9.57971134179094e-06,3
11444,graph,nan,0.0,0.7606118321418762,0.0,1.0,9.579526971470669e-06,3
11445,graph,nan,0.0,1.6809043884277344,0.0,1.0,9.580263834920316e-06,2
11446,node,nan,0.0004692865477409214,0.0,2.077820301055908,0.0,9.580079321920675e-06,3
11447,graph,nan,0.0,1.2669436931610107,0.0,1.0,9.579894756134275e-06,3
11448,graph,nan,0.0,0.9361274838447571,0.0,1.0,9.579710137565674e-06,3
11449,graph,nan,0.0,0.8070309162139893,0.0,1.0,9.579525466219425e-06,3
11450,node,nan,0.00039802718674764037,0.0,6.2616682052612305,0.0,9.5802635337852e-06,2
11451,graph,nan,0.0,0.15013840794563293,0.0,0.0004996057250536978,9.580078719662585e-06,3
11452,graph,nan,0.0,0.8006950616836548,0.0,1.0,9.579893852765365e-06,3
11453,graph,nan,0.0,0.9297442436218262,0.0,1.0,9.5797089330981e-06,3
11454,node,nan,0.0005038519739173353,0.0,3.126220703125,0.0,9.579523960665351e-06,3
11455,graph,nan,0.0,0.9740683436393738,0.0,1.0,9.580263232589361e-06,2
11456,graph,nan,0.0,0.14168062806129456,0.0,0.0008144366438500583,9.580078117283075e-06,3
11457,graph,nan,0.0,0.8694700002670288,0.0,1.0,9.579892949214355e-06,3
11458,node,nan,0.00023809504637029022,0.0,12.23064136505127,0.0,9.579707728387768e-06,3
11459,graph,nan,0.0,1.0889334678649902,0.0,1.0,9.579522454807889e-06,3
11460,graph,nan,0.0,0.9276734590530396,0.0,1.0,9.580262931332692e-06,2
11461,graph,nan,0.0,0.21070586144924164,0.0,0.0006772380438633263,9.580077514781921e-06,3
11462,node,nan,0.0004206346638966352,0.0,5.908756256103516,0.0,9.579892045480913e-06,3
11463,graph,nan,0.0,1.054118275642395,0.0,1.0,9.57970652343424e-06,3
11464,graph,nan,0.0,0.9581245183944702,0.0,1.0,9.579520948646484e-06,3
11465,graph,nan,0.0,1.0640935897827148,0.0,1.0,9.580262630015076e-06,2
11466,node,nan,0.0004351784591563046,0.0,1.2294050455093384,0.0,9.5800769121589e-06,3
11467,graph,nan,0.0,0.9671378135681152,0.0,1.0,9.579891141564703e-06,3
11468,graph,nan,0.0,0.9115831255912781,0.0,1.0,9.579705318237068e-06,3
11469,graph,nan,0.0,1.0276026725769043,0.0,1.0,9.57951944218058e-06,3
11470,node,nan,0.0006171613349579275,0.0,2.6758017539978027,0.0,9.580262328636406e-06,2
11471,graph,nan,0.0,0.1319500207901001,0.0,0.0007700964924879372,9.580076309413791e-06,3
11472,graph,nan,0.0,0.9713762998580933,0.0,1.0,9.579890237465394e-06,3
11473,graph,nan,0.0,1.1389777660369873,0.0,1.0,9.579704112795807e-06,3
11474,node,nan,0.0004571536264847964,0.0,3.743396759033203,0.0,9.57951793540962e-06,3
11475,graph,nan,0.0,1.023836612701416,0.0,1.0,9.580262027196568e-06,2
11476,graph,nan,0.0,0.16753166913986206,0.0,0.0006166695966385305,9.580075706546368e-06,3
11477,graph,nan,0.0,1.0757265090942383,0.0,1.0,9.579889333182649e-06,3
11478,node,nan,0.0004002809291705489,0.0,5.893613815307617,0.0,9.579702907110007e-06,3
11479,graph,nan,0.0,1.0974266529083252,0.0,1.0,9.579516428333044e-06,3
11480,graph,nan,0.0,1.3330025672912598,0.0,1.0,9.580261725695447e-06,2
11481,graph,nan,0.0,0.10305853188037872,0.0,0.000314328441163525,9.580075103556407e-06,3
11482,node,nan,0.0003964122442994267,0.0,6.775149345397949,0.0,9.57988842871613e-06,3
11483,graph,nan,0.0,0.9139577150344849,0.0,1.0,9.579701701179222e-06,3
11484,graph,nan,0.0,0.9544845819473267,0.0,1.0,9.579514920950292e-06,3
11485,graph,nan,0.0,0.7969545125961304,0.0,1.0,9.580261424132941e-06,2
11486,node,nan,0.0004279484273865819,0.0,1.1936914920806885,0.0,9.58007450044369e-06,3
11487,graph,nan,0.0,0.9015743732452393,0.0,1.0,9.579887524065509e-06,3
11488,graph,nan,0.0,1.0202491283416748,0.0,1.0,9.579700495003011e-06,3
11489,graph,nan,0.0,1.0032505989074707,0.0,1.0,9.579513413260813e-06,3
11490,node,nan,0.0003344375581946224,0.0,52.05693054199219,0.0,9.580261122508929e-06,2
11491,graph,nan,0.0,0.16363197565078735,0.0,0.0005734933656640351,9.580073897207987e-06,3
11492,graph,nan,0.0,1.1422204971313477,0.0,1.0,9.579886619230444e-06,3
11493,graph,nan,0.0,1.4757424592971802,0.0,1.0,9.579699288580923e-06,3
11494,node,nan,0.00045894147478975356,0.0,3.088743209838867,0.0,9.579511905264044e-06,3
11495,graph,nan,0.0,1.095219612121582,0.0,1.0,9.580260820823303e-06,2
11496,graph,nan,0.0,0.1488596796989441,0.0,0.0004415702715050429,9.580073293849078e-06,3
11497,graph,nan,0.0,1.2671787738800049,0.0,1.0,9.579885714210604e-06,3
11498,node,nan,0.00047738157445564866,0.0,1.9874387979507446,0.0,9.57969808191251e-06,3
11499,graph,nan,0.0,1.0289108753204346,0.0,1.0,9.579510396959424e-06,3
11500,graph,nan,0.0,1.1269996166229248,0.0,1.0,9.58026051907595e-06,2
11501,graph,nan,0.0,0.17256537079811096,0.0,0.0004962649545632303,9.58007269036674e-06,3
11502,node,nan,0.0005901088006794453,0.0,3.0113492012023926,0.0,9.579884809005653e-06,3
11503,graph,nan,0.0,0.8489119410514832,0.0,1.0,9.579696874997326e-06,3
11504,graph,nan,0.0,0.939590573310852,0.0,1.0,9.579508888346397e-06,3
11505,graph,nan,0.0,1.0057017803192139,0.0,1.0,9.580260217266757e-06,2
11506,node,nan,0.0005088173202238977,0.0,0.9957858920097351,0.0,9.580072086760745e-06,3
11507,graph,nan,0.0,1.2257931232452393,0.0,1.0,9.579883903615251e-06,3
11508,graph,nan,0.0,0.8853142261505127,0.0,1.0,9.579695667834922e-06,3
11509,graph,nan,0.0,0.7987233400344849,0.0,1.0,9.5795073794244e-06,3
11510,node,nan,0.000679964548908174,0.0,4.618161201477051,0.0,9.580259915395616e-06,2
11511,graph,nan,0.0,0.12236428260803223,0.0,0.0005000265664421022,9.580071483030873e-06,3
11512,graph,nan,0.0,0.8071680068969727,0.0,1.0,9.579882998039068e-06,3
11513,graph,nan,0.0,0.748963475227356,0.0,1.0,9.579694460424851e-06,3
11514,node,nan,0.00043888663640245795,0.0,4.830540180206299,0.0,9.579505870192877e-06,3
11515,graph,nan,0.0,0.9932579398155212,0.0,1.0,9.580259613462411e-06,2
11516,graph,nan,0.0,0.2695833444595337,0.0,0.0004962015082128346,9.580070879176895e-06,3
11517,graph,nan,0.0,1.1754262447357178,0.0,1.0,9.579882092276759e-06,3
11518,node,nan,0.0003551193804014474,0.0,8.228822708129883,0.0,9.579693252766661e-06,3
11519,graph,nan,0.0,1.058057427406311,0.0,1.0,9.57950436065126e-06,3
11520,graph,nan,0.0,1.1915889978408813,0.0,1.0,9.58025931146703e-06,2
11521,graph,nan,0.0,0.16477550566196442,0.0,0.0006890986696816981,9.58007027519859e-06,3
11522,node,nan,0.0005124711315147579,0.0,3.284428358078003,0.0,9.579881186327995e-06,3
11523,graph,nan,0.0,1.0396769046783447,0.0,1.0,9.579692044859906e-06,3
11524,graph,nan,0.0,0.8474524021148682,0.0,1.0,9.579502850798994e-06,3
11525,graph,nan,0.0,0.8370059132575989,0.0,1.0,9.580259009409362e-06,2
11526,node,nan,0.0003987586824223399,0.0,19.459251403808594,0.0,9.580069671095732e-06,3
11527,graph,nan,0.0,0.924046516418457,0.0,1.0,9.579880280192432e-06,3
11528,graph,nan,0.0,0.741383969783783,0.0,1.0,9.579690836704134e-06,3
11529,graph,nan,0.0,0.7178521156311035,0.0,1.0,9.579501340635512e-06,3
11530,node,nan,0.00045990943908691406,0.0,3.1090469360351562,0.0,9.580258707289295e-06,2
11531,graph,nan,0.0,0.1643458902835846,0.0,0.000506415672134608,9.5800690668681e-06,3
11532,graph,nan,0.0,1.167203426361084,0.0,1.0,9.57987937386974e-06,3
11533,graph,nan,0.0,0.8554643988609314,0.0,1.0,9.579689628298898e-06,3
11534,node,nan,0.0004726972838398069,0.0,3.7703309059143066,0.0,9.579499830160257e-06,3
11535,graph,nan,0.0,1.290541648864746,0.0,1.0,9.580258405106713e-06,2
11536,graph,nan,0.0,0.1584707349538803,0.0,0.004177801311016083,9.58006846251546e-06,3
11537,graph,nan,0.0,0.6735814809799194,0.0,1.0,9.579878467359576e-06,3
11538,node,nan,0.000306231522699818,0.0,3.234731435775757,0.0,9.579688419643747e-06,3
11539,graph,nan,0.0,0.893833577632904,0.0,1.0,9.579498319372665e-06,3
11540,graph,nan,0.0,0.6946375370025635,0.0,1.0,9.580258102861508e-06,2
11541,graph,nan,0.0,0.12750189006328583,0.0,0.0007289518835023046,9.580067858037596e-06,3
11542,node,nan,0.00031272476189769804,0.0,3.975170135498047,0.0,9.579877560661604e-06,3
11543,graph,nan,0.0,1.1167354583740234,0.0,1.0,9.57968721073823e-06,3
11544,graph,nan,0.0,0.8219593167304993,0.0,1.0,9.57949680827217e-06,3
11545,graph,nan,0.0,1.0995428562164307,0.0,1.0,9.580257800553565e-06,2
11546,node,nan,0.00044151616748422384,0.0,2.179778575897217,0.0,9.580067253434277e-06,3
11547,graph,nan,0.0,0.9619824886322021,0.0,1.0,9.579876653775486e-06,3
11548,graph,nan,0.0,0.9004269242286682,0.0,1.0,9.579686001581898e-06,3
11549,graph,nan,0.0,0.8551956415176392,0.0,1.0,9.579495296858212e-06,3
11550,node,nan,0.0004577186773531139,0.0,2.1975159645080566,0.0,9.58025749818277e-06,2
11551,graph,nan,0.0,0.14541581273078918,0.0,0.0004585860588122159,9.580066648705279e-06,3
11552,graph,nan,0.0,1.0524729490280151,0.0,1.0,9.579875746700886e-06,3
11553,graph,nan,0.0,0.9698220491409302,0.0,1.0,9.579684792174298e-06,3
11554,node,nan,0.0006085833883844316,0.0,3.453798770904541,0.0,9.579493785130229e-06,3
11555,graph,nan,0.0,1.166520118713379,0.0,1.0,9.580257195749012e-06,2
11556,graph,nan,0.0,0.15445810556411743,0.0,0.0003170770360156894,9.580066043850378e-06,3
11557,graph,nan,0.0,1.1761146783828735,0.0,1.0,9.57987483943746e-06,3
11558,node,nan,0.00035646234755404294,0.0,4.098258018493652,0.0,9.579683582514979e-06,3
11559,graph,nan,0.0,1.6426692008972168,0.0,1.0,9.579492273087652e-06,3
11560,graph,nan,0.0,1.1168932914733887,0.0,1.0,9.580256893252178e-06,2
11561,graph,nan,0.0,0.1385563462972641,0.0,0.0004039512714371085,9.580065438869343e-06,3
11562,node,nan,0.00047505609109066427,0.0,4.152232646942139,0.0,9.579873931984872e-06,3
11563,graph,nan,0.0,0.9381071329116821,0.0,1.0,9.579682372603486e-06,3
11564,graph,nan,0.0,1.2255568504333496,0.0,1.0,9.579490760729914e-06,3
11565,graph,nan,0.0,0.9198558926582336,0.0,1.0,9.580256590692155e-06,2
11566,node,nan,0.00048447170411236584,0.0,20.831344604492188,0.0,9.580064833761955e-06,3
11567,graph,nan,0.0,1.0064918994903564,0.0,1.0,9.579873024342784e-06,3
11568,graph,nan,0.0,0.77726149559021,0.0,1.0,9.579681162439375e-06,3
11569,graph,nan,0.0,0.780796468257904,0.0,1.0,9.57948924805646e-06,3
11570,node,nan,0.0004439170879777521,0.0,6.276212692260742,0.0,9.580256288068828e-06,2
11571,graph,nan,0.0,0.156642884016037,0.0,0.0004233898944221437,9.580064228527983e-06,3
11572,graph,nan,0.0,0.8926059007644653,0.0,1.0,9.579872116510855e-06,3
11573,graph,nan,0.0,0.9650453329086304,0.0,1.0,9.579679952022185e-06,3
11574,node,nan,0.0004393571871332824,0.0,2.386470317840576,0.0,9.579487735066713e-06,3
11575,graph,nan,0.0,0.9653648734092712,0.0,1.0,9.580255985382085e-06,2
11576,graph,nan,0.0,0.1768561452627182,0.0,0.0004250924976076931,9.580063623167203e-06,3
11577,graph,nan,0.0,0.8957800269126892,0.0,1.0,9.579871208488747e-06,3
11578,node,nan,0.0003307846491225064,0.0,7.636547088623047,0.0,9.579678741351471e-06,3
11579,graph,nan,0.0,0.6941801309585571,0.0,1.0,9.579486221760117e-06,3
11580,graph,nan,0.0,1.208421230316162,0.0,1.0,9.580255682631812e-06,2
11581,graph,nan,0.0,0.14531388878822327,0.0,0.00037361218710429966,9.580063017679382e-06,3
11582,node,nan,0.0004406866792123765,0.0,12.352563858032227,0.0,9.579870300276116e-06,3
11583,graph,nan,0.0,1.0220121145248413,0.0,1.0,9.57967753042677e-06,3
11584,graph,nan,0.0,0.9215770959854126,0.0,1.0,9.579484708136097e-06,3
11585,graph,nan,0.0,0.8814195394515991,0.0,1.0,9.580255379817895e-06,2
11586,node,nan,0.0003642267547547817,0.0,2.347121000289917,0.0,9.5800624120643e-06,3
11587,graph,nan,0.0,1.1018954515457153,0.0,1.0,9.579869391872625e-06,3
11588,graph,nan,0.0,0.7847116589546204,0.0,1.0,9.579676319247633e-06,3
11589,graph,nan,0.0,0.8922023773193359,0.0,1.0,9.57948319419409e-06,3
11590,node,nan,0.00037343677831813693,0.0,2.468663215637207,0.0,9.580255076940225e-06,2
11591,graph,nan,0.0,0.13368850946426392,0.0,0.0003361979906912893,9.580061806321732e-06,3
11592,graph,nan,0.0,0.8744724988937378,0.0,1.0,9.579868483277938e-06,3
11593,graph,nan,0.0,0.9359986782073975,0.0,1.0,9.579675107813614e-06,3
11594,node,nan,0.0004036791215185076,0.0,3.3526103496551514,0.0,9.579481679933532e-06,3
11595,graph,nan,0.0,1.0135207176208496,0.0,1.0,9.580254773998681e-06,2
11596,graph,nan,0.0,0.1579420119524002,0.0,0.0002851138124242425,9.580061200451441e-06,3
11597,graph,nan,0.0,0.7384002208709717,0.0,1.0,9.579867574491703e-06,3
11598,node,nan,0.0004537563363555819,0.0,9.632725715637207,0.0,9.579673896124246e-06,3
11599,graph,nan,0.0,0.7318274974822998,0.0,1.0,9.579480165353847e-06,3
11600,graph,nan,0.0,1.0471595525741577,0.0,1.0,9.580254470993158e-06,2
11601,graph,nan,0.0,0.20435945689678192,0.0,0.0005290877888910472,9.58006059445321e-06,3
11602,node,nan,0.0002651583054102957,0.0,3.0513052940368652,0.0,9.57986666551359e-06,3
11603,graph,nan,0.0,1.0695573091506958,0.0,1.0,9.579672684179083e-06,3
11604,graph,nan,0.0,0.8970441222190857,0.0,1.0,9.579478650454476e-06,3
11605,graph,nan,0.0,0.9301629662513733,0.0,1.0,9.580254167923534e-06,2
11606,node,nan,0.00042217120062559843,0.0,0.8478078842163086,0.0,9.580059988326806e-06,3
11607,graph,nan,0.0,1.2053593397140503,0.0,1.0,9.579865756343253e-06,3
11608,graph,nan,0.0,0.7411011457443237,0.0,1.0,9.579671471977668e-06,3
11609,graph,nan,0.0,0.7723417282104492,0.0,1.0,9.579477135234845e-06,3
11610,node,nan,0.00040398811688646674,0.0,2.374786853790283,0.0,9.580253864789702e-06,2
