step,timestamp,phase,total_loss,node_loss,graph_loss,energy_loss,physics_loss,learning_rate,steps_per_sec,elapsed_time,weight_node,weight_graph,weight_energy,weight_physics
0,1753489288.114244,node,0.20704174041748047,0.0034884533379226923,0.0,2.0669288635253906,0.0,0.00019999999969928548,0.0,1.389758586883545,1.0,1.0,1.0,1.0
1,1753489288.7164605,graph,279.42431640625,0.0,1.3239355087280273,0.0,139.64596557617188,0.00019999999879714197,1.6605324324720225,1.9919750690460205,0.1,0.1,0.1,2.0
2,1753489288.9848065,graph,213.62384033203125,0.0,0.9876962304115295,0.0,106.76253509521484,0.00019999999729356944,3.726531174340863,2.2603211402893066,0.1,0.1,0.1,2.0
3,1753489289.268078,graph,158.2146759033203,0.0,0.9853994846343994,0.0,79.05806732177734,0.00019999999518856791,3.530181537832235,2.543592691421509,0.1,0.1,0.1,2.0
4,1753489289.464059,node,3.649433135986328,0.0033024721778929234,0.0,36.49102783203125,0.0,0.0001999999924821374,5.102534780852648,2.7395737171173096,1.0,1.0,1.0,1.0
5,1753489289.7039144,graph,218.32888793945312,0.0,0.8884763717651367,0.0,109.1200180053711,0.0001999999891742779,4.169180518197343,2.979429006576538,0.1,0.1,0.1,2.0
6,1753489289.9608746,graph,197.64593505859375,0.0,0.9482424855232239,0.0,98.77555847167969,0.00019999998526498946,3.891653962954956,3.23638916015625,0.1,0.1,0.1,2.0
7,1753489290.214793,graph,219.05015563964844,0.0,0.7801473140716553,0.0,109.48606872558594,0.00019999998075427206,3.9382729380259924,3.490307569503784,0.1,0.1,0.1,2.0
8,1753489290.4308076,node,0.20035025477409363,0.004167697858065367,0.0,1.9993348121643066,0.0,0.00019999997564212579,4.629316215449582,3.706322193145752,1.0,1.0,1.0,1.0
9,1753489290.7002795,graph,150.2586212158203,0.0,0.7284906506538391,0.0,75.09288787841797,0.00019999996992855064,3.710962294082621,3.9757940769195557,0.1,0.1,0.1,2.0
10,1753489290.975971,graph,174.4473114013672,0.0,0.8454939723014832,0.0,87.18138122558594,0.00019999996361354667,3.6272426478854727,4.251485586166382,0.1,0.1,0.1,2.0
11,1753489291.2261982,graph,170.9482879638672,0.0,0.8744552135467529,0.0,85.430419921875,0.00019999995669711388,3.9963678945507937,4.501712799072266,0.1,0.1,0.1,2.0
12,1753489291.3938649,node,0.35153281688690186,0.0034171659499406815,0.0,3.511910915374756,0.0,0.00019999994917925236,5.964214462953878,4.669379472732544,1.0,1.0,1.0,1.0
13,1753489291.6608653,graph,268.97998046875,0.0,0.9515405893325806,0.0,134.44241333007812,0.00019999994105996213,3.7453122251382065,4.936379909515381,0.1,0.1,0.1,2.0
14,1753489291.938723,graph,169.54083251953125,0.0,1.320890188217163,0.0,84.7043685913086,0.00019999993233924327,3.59896346381562,5.214237689971924,0.1,0.1,0.1,2.0
15,1753489292.1891577,graph,194.6129150390625,0.0,1.0285208225250244,0.0,97.2550277709961,0.0001999999230170958,3.993057876102319,5.464672327041626,0.1,0.1,0.1,2.0
16,1753489292.3991785,node,0.269804447889328,0.0031028813682496548,0.0,2.694941520690918,0.0,0.0001999999130935198,4.761433593940681,5.6746931076049805,1.0,1.0,1.0,1.0
17,1753489292.6591394,graph,227.66940307617188,0.0,1.2125580310821533,0.0,113.7740707397461,0.00019999990256851528,3.8467324862086203,5.934653997421265,0.1,0.1,0.1,2.0
18,1753489292.953494,graph,148.42039489746094,0.0,1.0075113773345947,0.0,74.15982055664062,0.00019999989144208236,3.3972621380140984,6.229008674621582,0.1,0.1,0.1,2.0
19,1753489293.207948,graph,179.4276123046875,0.0,0.8638634085655212,0.0,89.67061614990234,0.0001999998797142211,3.9299849989271562,6.483462572097778,0.1,0.1,0.1,2.0
20,1753489293.3699784,node,0.3273095488548279,0.003156280145049095,0.0,3.2699391841888428,0.0,0.00019999986738493156,6.171679137145842,6.645493030548096,1.0,1.0,1.0,1.0
21,1753489293.6305406,graph,184.11181640625,0.0,1.005396842956543,0.0,92.0056381225586,0.0001999998544542138,3.837855495174663,6.906055212020874,0.1,0.1,0.1,2.0
22,1753489293.8854315,graph,239.44000244140625,0.0,1.3030933141708374,0.0,119.65484619140625,0.00019999984092206795,3.923246873509246,7.1609461307525635,0.1,0.1,0.1,2.0
23,1753489294.1665888,graph,182.5210418701172,0.0,1.078444004058838,0.0,91.20659637451172,0.00019999982678849403,3.556728420135017,7.442103385925293,0.1,0.1,0.1,2.0
24,1753489294.3777258,node,0.20778749883174896,0.003200278850272298,0.0,2.074674606323242,0.0,0.00019999981205349215,4.736260025994469,7.653240442276001,1.0,1.0,1.0,1.0
25,1753489294.6430528,graph,309.9866027832031,0.0,1.1543434858322144,0.0,154.93557739257812,0.00019999979671706246,3.768934512994423,7.918567419052124,0.1,0.1,0.1,2.0
26,1753489294.8965611,graph,196.62074279785156,0.0,0.9506140947341919,0.0,98.2628402709961,0.00019999978077920498,3.9446435641795143,8.172075748443604,0.1,0.1,0.1,2.0
27,1753489295.1669035,graph,164.83731079101562,0.0,1.1194853782653809,0.0,82.36267852783203,0.00019999976423991985,3.699013491513346,8.442418098449707,0.1,0.1,0.1,2.0
28,1753489295.3537612,node,0.6600597500801086,0.0030987411737442017,0.0,6.597498416900635,0.0,0.00019999974709920717,5.351665990420268,8.629275798797607,1.0,1.0,1.0,1.0
29,1753489295.6237097,graph,206.93252563476562,0.0,1.1314818859100342,0.0,103.4096908569336,0.00019999972935706703,3.704410525627823,8.899224281311035,0.1,0.1,0.1,2.0
30,1753489295.885723,graph,190.22447204589844,0.0,1.4044747352600098,0.0,95.0420150756836,0.0001999997110134995,3.8165981779202958,9.161237716674805,0.1,0.1,0.1,2.0
31,1753489296.1579437,graph,201.19056701660156,0.0,0.9978135824203491,0.0,100.54539489746094,0.00019999969206850477,3.6734911226019813,9.43345832824707,0.1,0.1,0.1,2.0
32,1753489296.3223171,node,0.6710624694824219,0.0035717610735446215,0.0,6.707053184509277,0.0,0.0001999996725220829,6.0837094883904435,9.597831726074219,1.0,1.0,1.0,1.0
33,1753489296.6011834,graph,191.25791931152344,0.0,1.1777509450912476,0.0,95.570068359375,0.00019999965237423403,3.585947933142393,9.876698017120361,0.1,0.1,0.1,2.0
34,1753489296.8574965,graph,173.54627990722656,0.0,0.972499668598175,0.0,86.72451782226562,0.0001999996316249583,3.9014785290054927,10.133011102676392,0.1,0.1,0.1,2.0
35,1753489297.1201334,graph,195.8826141357422,0.0,1.0017772912979126,0.0,97.89122009277344,0.00019999961027425582,3.807538088507497,10.395648002624512,0.1,0.1,0.1,2.0
36,1753489297.3052053,node,0.2417859584093094,0.0033016314264386892,0.0,2.414557933807373,0.0,0.00019999958832212671,5.40330409869011,10.580719947814941,1.0,1.0,1.0,1.0
37,1753489297.573829,graph,172.59596252441406,0.0,0.9793863892555237,0.0,86.24900817871094,0.00019999956576857115,3.722681236792052,10.849343538284302,0.1,0.1,0.1,2.0
38,1753489297.829659,graph,138.83189392089844,0.0,0.7413581609725952,0.0,69.37887573242188,0.00019999954261358923,3.9088449613197778,11.105173587799072,0.1,0.1,0.1,2.0
39,1753489298.100407,graph,161.7747802734375,0.0,1.112710952758789,0.0,80.83175659179688,0.00019999951885718114,3.6934727839668757,11.375921487808228,0.1,0.1,0.1,2.0
40,1753489298.2667391,node,0.3741317689418793,0.003576467279344797,0.0,3.737740993499756,0.0,0.00019999949449934698,6.012063390133706,11.542253732681274,1.0,1.0,1.0,1.0
41,1753489298.5348947,graph,235.88458251953125,0.0,1.7244086265563965,0.0,117.85607147216797,0.00019999946954008693,3.729178484359746,11.810409307479858,0.1,0.1,0.1,2.0
42,1753489298.8078792,graph,249.85104370117188,0.0,1.3311091661453247,0.0,124.85896301269531,0.00019999944397940112,3.663211584481825,12.083393812179565,0.1,0.1,0.1,2.0
43,1753489299.0716362,graph,170.8619842529297,0.0,0.9344593286514282,0.0,85.38426971435547,0.0001999994178172897,3.7913687078371874,12.347150802612305,0.1,0.1,0.1,2.0
44,1753489299.245933,node,0.30270907282829285,0.003406740026548505,0.0,3.023684024810791,0.0,0.0001999993910537529,5.737338144651421,12.521447658538818,1.0,1.0,1.0,1.0
45,1753489299.5061858,graph,161.0151824951172,0.0,0.79777592420578,0.0,80.46770477294922,0.00019999936368879083,3.8424191011369766,12.781700372695923,0.1,0.1,0.1,2.0
46,1753489299.7784886,graph,161.4270477294922,0.0,1.1961302757263184,0.0,80.65371704101562,0.0001999993357224037,3.6723814727161135,13.054003238677979,0.1,0.1,0.1,2.0
47,1753489300.0694978,graph,128.7928924560547,0.0,1.1772162914276123,0.0,64.33758544921875,0.00019999930715459158,3.4363176225092804,13.345012426376343,0.1,0.1,0.1,2.0
48,1753489300.2340384,node,0.6607481241226196,0.003364955773577094,0.0,6.604116439819336,0.0,0.00019999927798535475,6.0775299833510354,13.509552955627441,1.0,1.0,1.0,1.0
49,1753489300.4848952,graph,149.3325958251953,0.0,1.0700498819351196,0.0,74.61279296875,0.00019999924821469334,3.986336808690611,13.760409832000732,0.1,0.1,0.1,2.0
50,1753489300.7516146,graph,182.89492797851562,0.0,0.9690014123916626,0.0,91.39901733398438,0.00019999921784260755,3.749259409565729,14.027129173278809,0.1,0.1,0.1,2.0
51,1753489301.0058875,graph,109.21270751953125,0.0,0.8967750072479248,0.0,54.56151580810547,0.00019999918686909758,3.932781871133373,14.281402111053467,0.1,0.1,0.1,2.0
52,1753489301.2023394,node,5.788961410522461,0.0033640367910265923,0.0,57.88624954223633,0.0,0.0001999991552941636,5.090304485915296,14.477854013442993,1.0,1.0,1.0,1.0
53,1753489301.4674792,graph,143.0498504638672,0.0,1.1346101760864258,0.0,71.46819305419922,0.00019999912311780582,3.771594952507785,14.742993831634521,0.1,0.1,0.1,2.0
54,1753489301.7311044,graph,127.73639678955078,0.0,0.9978160858154297,0.0,63.81830596923828,0.00019999909034002444,3.793264865373276,15.006618976593018,0.1,0.1,0.1,2.0
55,1753489301.9832523,graph,149.90066528320312,0.0,0.8819483518600464,0.0,74.90623474121094,0.00019999905696081965,3.9659261430523314,15.258766889572144,0.1,0.1,0.1,2.0
56,1753489302.1603944,node,0.41145089268684387,0.003349188482388854,0.0,4.111159801483154,0.0,0.00019999902298019164,5.645184040657454,15.435909032821655,1.0,1.0,1.0,1.0
57,1753489302.4107285,graph,137.62437438964844,0.0,0.9171651601791382,0.0,68.76632690429688,0.00019999898839814068,3.9946627402314525,15.686243057250977,0.1,0.1,0.1,2.0
58,1753489302.6763163,graph,129.39459228515625,0.0,0.8072643876075745,0.0,64.65693664550781,0.00019999895321466693,3.7652330971779855,15.951830863952637,0.1,0.1,0.1,2.0
59,1753489302.9250288,graph,146.55166625976562,0.0,0.9755955338478088,0.0,73.22705078125,0.0001999989174297706,4.020705997837373,16.20054340362549,0.1,0.1,0.1,2.0
60,1753489303.0939038,node,4.099390029907227,0.0033135958947241306,0.0,40.99058532714844,0.0,0.00019999888104345193,5.921540335981409,16.369418382644653,1.0,1.0,1.0,1.0
61,1753489303.3629968,graph,118.29058074951172,0.0,0.8312805891036987,0.0,59.10372543334961,0.00019999884405571113,3.7161868342757507,16.638511419296265,0.1,0.1,0.1,2.0
62,1753489303.6436474,graph,124.33940887451172,0.0,1.1477692127227783,0.0,62.1123161315918,0.00019999880646654847,3.563149140199841,16.919162034988403,0.1,0.1,0.1,2.0
63,1753489303.8964212,graph,968.9122314453125,0.0,1.4773128032684326,0.0,484.38226318359375,0.00019999876827596415,3.9561068090284,17.17193579673767,0.1,0.1,0.1,2.0
64,1753489304.0626223,node,0.4358244240283966,0.003206301247701049,0.0,4.355037689208984,0.0,0.0001999987294839584,6.0168068191272965,17.338136911392212,1.0,1.0,1.0,1.0
65,1753489304.342675,graph,155.36541748046875,0.0,0.9546413421630859,0.0,77.63497924804688,0.00019999869009053146,3.57075698988444,17.618189573287964,0.1,0.1,0.1,2.0
66,1753489304.595318,graph,130.3585968017578,0.0,1.2885990142822266,0.0,65.1148681640625,0.00019999865009568362,3.9581526939722287,17.870832681655884,0.1,0.1,0.1,2.0
67,1753489304.8661668,graph,292.8330383300781,0.0,1.4472439289093018,0.0,146.3441619873047,0.00019999860949941506,3.6920975121960664,18.141681432724,0.1,0.1,0.1,2.0
68,1753489305.0425727,node,0.3364502489566803,0.0034896754659712315,0.0,3.3610129356384277,0.0,0.00019999856830172605,5.668744424922287,18.318087339401245,1.0,1.0,1.0,1.0
69,1753489305.3013382,graph,200.92694091796875,0.0,1.0957571268081665,0.0,100.40868377685547,0.00019999852650261687,3.8645034141343597,18.576852798461914,0.1,0.1,0.1,2.0
70,1753489305.5502648,graph,144.63815307617188,0.0,1.0294846296310425,0.0,72.2676010131836,0.00019999848410208777,4.017247819598994,18.8257794380188,0.1,0.1,0.1,2.0
71,1753489305.8193226,graph,127.1735610961914,0.0,0.9707134962081909,0.0,63.538246154785156,0.000199998441100139,3.7166741987222087,19.094837188720703,0.1,0.1,0.1,2.0
72,1753489305.9993246,node,0.4550248384475708,0.0031879362650215626,0.0,4.547060489654541,0.0,0.00019999839749677086,5.5554946270313375,19.274839162826538,1.0,1.0,1.0,1.0
73,1753489306.259044,graph,169.02403259277344,0.0,0.8310223817825317,0.0,84.47046661376953,0.00019999835329198354,3.8503096364594405,19.534558534622192,0.1,0.1,0.1,2.0
74,1753489306.5160124,graph,145.33001708984375,0.0,1.4572235345840454,0.0,72.59214782714844,0.00019999830848577737,3.8915275875762196,19.791527032852173,0.1,0.1,0.1,2.0
75,1753489306.78331,graph,105.4904556274414,0.0,0.944995641708374,0.0,52.69797897338867,0.0001999982630781526,3.74114975377455,20.05882453918457,0.1,0.1,0.1,2.0
76,1753489306.9547415,node,0.3007078766822815,0.0032533081248402596,0.0,3.0038254261016846,0.0,0.00019999821706910957,5.833232272097642,20.23025608062744,1.0,1.0,1.0,1.0
77,1753489307.256595,graph,152.3026885986328,0.0,1.1617040634155273,0.0,76.09326171875,0.00019999817045864848,3.3128662430443936,20.53210949897766,0.1,0.1,0.1,2.0
78,1753489307.5195124,graph,141.8594207763672,0.0,1.3374159336090088,0.0,70.86283874511719,0.00019999812324676967,3.803474204629129,20.795027017593384,0.1,0.1,0.1,2.0
79,1753489307.7784076,graph,118.3554458618164,0.0,0.6580292582511902,0.0,59.14482116699219,0.00019999807543347338,3.8625673989418767,21.053922176361084,0.1,0.1,0.1,2.0
80,1753489307.960109,node,1.167880892753601,0.003313557943329215,0.0,11.675495147705078,0.0,0.00019999802701876,5.5035342620694365,21.235623598098755,1.0,1.0,1.0,1.0
81,1753489308.2102504,graph,165.63941955566406,0.0,0.9010131359100342,0.0,82.774658203125,0.00019999797800262974,3.9977391630900265,21.485764980316162,0.1,0.1,0.1,2.0
82,1753489308.471332,graph,205.7390594482422,0.0,1.049116611480713,0.0,102.81707763671875,0.00019999792838508297,3.83021872853991,21.746846675872803,0.1,0.1,0.1,2.0
83,1753489308.7240136,graph,98.77086639404297,0.0,0.8891888856887817,0.0,49.340972900390625,0.00019999787816611994,3.957551402451164,21.999528169631958,0.1,0.1,0.1,2.0
84,1753489308.9081273,node,0.2998502552509308,0.0032413424924016,0.0,2.9952611923217773,0.0,0.00019999782734574098,5.4314251342542175,22.18364191055298,1.0,1.0,1.0,1.0
85,1753489309.1724663,graph,143.49896240234375,0.0,1.1300175189971924,0.0,71.69297790527344,0.0001999977759239464,3.7830214716456303,22.447980880737305,0.1,0.1,0.1,2.0
86,1753489309.4344087,graph,99.76910400390625,0.0,0.8368637561798096,0.0,49.842708587646484,0.00019999772390073654,3.817633384486277,22.709923267364502,0.1,0.1,0.1,2.0
87,1753489309.6872761,graph,125.24641418457031,0.0,0.8656644821166992,0.0,62.579925537109375,0.00019999767127611167,3.954640897678019,22.962790727615356,0.1,0.1,0.1,2.0
88,1753489309.8646364,node,4.079705715179443,0.003343745833262801,0.0,40.7937126159668,0.0,0.00019999761805007218,5.638240469523581,23.140151023864746,1.0,1.0,1.0,1.0
89,1753489310.1210413,graph,126.23413848876953,0.0,1.5665616989135742,0.0,63.03874206542969,0.00019999756422261835,3.900081826973146,23.39655590057373,0.1,0.1,0.1,2.0
90,1753489310.3936985,graph,96.21066284179688,0.0,0.9182836413383484,0.0,48.059417724609375,0.00019999750979375052,3.6676095896579857,23.66921305656433,0.1,0.1,0.1,2.0
91,1753489310.6413271,graph,124.6996841430664,0.0,0.8775633573532104,0.0,62.305965423583984,0.00019999745476346906,4.038304304709088,23.916841745376587,0.1,0.1,0.1,2.0
92,1753489310.8566248,node,0.33737069368362427,0.0034108792897313833,0.0,3.370296001434326,0.0,0.00019999739913177425,4.644731480004961,24.132139444351196,1.0,1.0,1.0,1.0
93,1753489311.1102645,graph,105.10726928710938,0.0,0.8266000747680664,0.0,52.512306213378906,0.00019999734289866645,3.942600498946272,24.38577914237976,0.1,0.1,0.1,2.0
94,1753489311.3791904,graph,92.73517608642578,0.0,0.8646129965782166,0.0,46.32435607910156,0.00019999728606414607,3.718496361120149,24.654705047607422,0.1,0.1,0.1,2.0
95,1753489311.6302314,graph,113.56127166748047,0.0,0.8723015785217285,0.0,56.737022399902344,0.0001999972286282134,3.9834140911845095,24.90574598312378,0.1,0.1,0.1,2.0
96,1753489311.8090217,node,0.5715200304985046,0.0033716452307999134,0.0,5.711828231811523,0.0,0.0001999971705908688,5.5931436282922675,25.08453631401062,1.0,1.0,1.0,1.0
97,1753489312.0797358,graph,99.4972915649414,0.0,0.9220007658004761,0.0,49.702545166015625,0.00019999711195211266,3.6939346888521536,25.355250358581543,0.1,0.1,0.1,2.0
98,1753489312.3300521,graph,127.26811981201172,0.0,1.0027174949645996,0.0,63.58392333984375,0.00019999705271194529,3.9949442948539056,25.60556674003601,0.1,0.1,0.1,2.0
99,1753489312.5982752,graph,113.2575454711914,0.0,1.1869630813598633,0.0,56.56942367553711,0.00019999699287036711,3.728240396299052,25.87378978729248,0.1,0.1,0.1,2.0
100,1753489312.7570152,node,0.4332241714000702,0.003414703067392111,0.0,4.328826904296875,0.0,0.00019999693242737845,6.299607692353906,26.032529830932617,1.0,1.0,1.0,1.0
101,1753489313.0189917,graph,109.6556625366211,0.0,1.0459272861480713,0.0,54.775535583496094,0.00019999687138297964,3.8171365542146085,26.294506311416626,0.1,0.1,0.1,2.0
102,1753489313.2649581,graph,126.43267822265625,0.0,1.0834906101226807,0.0,63.16216278076172,0.00019999680973717114,4.065595381415159,26.540472745895386,0.1,0.1,0.1,2.0
103,1753489313.5376687,graph,97.12749481201172,0.0,0.9436768293380737,0.0,48.516563415527344,0.00019999674748995332,3.666891350208204,26.813183307647705,0.1,0.1,0.1,2.0
104,1753489313.6989865,node,0.5492862462997437,0.0032535712234675884,0.0,5.4896087646484375,0.0,0.00019999668464132654,6.198942975040496,26.974501132965088,1.0,1.0,1.0,1.0
105,1753489313.9674184,graph,126.79878234863281,0.0,1.1699233055114746,0.0,63.34089660644531,0.0001999966211912912,3.7253396217198027,27.24293303489685,0.1,0.1,0.1,2.0
106,1753489314.2168338,graph,111.29447937011719,0.0,0.9263402819633484,0.0,55.600921630859375,0.00019999655713984766,4.0093755615969044,27.492348432540894,0.1,0.1,0.1,2.0
107,1753489314.5022674,graph,91.25013732910156,0.0,0.8608677387237549,0.0,45.58202362060547,0.00019999649248699636,3.5034426304820854,27.77778196334839,0.1,0.1,0.1,2.0
108,1753489314.6839037,node,0.30731359124183655,0.003288467414677143,0.0,3.069847345352173,0.0,0.0001999964272327377,5.505506420000052,27.959418296813965,1.0,1.0,1.0,1.0
109,1753489314.9593084,graph,112.79489135742188,0.0,1.2391438484191895,0.0,56.335487365722656,0.000199996361377072,3.631020204634799,28.234822988510132,0.1,0.1,0.1,2.0
110,1753489315.2257009,graph,89.3758544921875,0.0,0.7803981304168701,0.0,44.64890670776367,0.00019999629491999975,3.753859867845786,28.50121545791626,0.1,0.1,0.1,2.0
111,1753489315.4933865,graph,108.55770874023438,0.0,1.0040476322174072,0.0,54.22865295410156,0.00019999622786152135,3.7357250691379686,28.768901109695435,0.1,0.1,0.1,2.0
112,1753489315.6783445,node,0.2749437689781189,0.003292341949418187,0.0,2.746145248413086,0.0,0.0001999961602016372,5.406633409386803,28.953859090805054,1.0,1.0,1.0,1.0
113,1753489315.9355948,graph,121.44255065917969,0.0,1.0348156690597534,0.0,60.669532775878906,0.0001999960919403477,3.887264524284838,29.211109399795532,0.1,0.1,0.1,2.0
114,1753489316.1827207,graph,116.15723419189453,0.0,1.1006195545196533,0.0,58.02358627319336,0.00019999602307765331,4.0465210063278985,29.458235263824463,0.1,0.1,0.1,2.0
115,1753489316.445632,graph,87.85198211669922,0.0,0.7903197407722473,0.0,43.886474609375,0.00019999595361355443,3.803563882364677,29.72114658355713,0.1,0.1,0.1,2.0
116,1753489316.6102638,node,0.49417856335639954,0.0033763572573661804,0.0,4.938409328460693,0.0,0.00019999588354805147,6.074159034692896,29.885778427124023,1.0,1.0,1.0,1.0
117,1753489316.8546271,graph,109.69872283935547,0.0,0.9506250023841858,0.0,54.80183029174805,0.0001999958128811449,4.092267404535316,30.130141735076904,0.1,0.1,0.1,2.0
118,1753489317.1105766,graph,117.98627471923828,0.0,1.085160732269287,0.0,58.938880920410156,0.00019999574161283515,3.907020763276294,30.386091232299805,0.1,0.1,0.1,2.0
119,1753489317.355972,graph,97.87157440185547,0.0,0.7125952839851379,0.0,48.9001579284668,0.00019999566974312265,4.075055646613159,30.631486654281616,0.1,0.1,0.1,2.0
120,1753489317.5354073,node,0.2855323851108551,0.003915366716682911,0.0,2.8514084815979004,0.0,0.00019999559727200782,5.573040873976556,30.810921907424927,1.0,1.0,1.0,1.0
121,1753489317.782603,graph,124.20594787597656,0.0,1.302679181098938,0.0,62.037841796875,0.00019999552419949117,4.045377473683804,31.058117628097534,0.1,0.1,0.1,2.0
122,1753489318.0626535,graph,102.22645568847656,0.0,1.0317981243133545,0.0,51.06163787841797,0.00019999545052557305,3.5707843492815106,31.338168144226074,0.1,0.1,0.1,2.0
123,1753489318.314646,graph,100.2903060913086,0.0,0.9160977602005005,0.0,50.09934997558594,0.00019999537625025406,3.9683726404606534,31.590160608291626,0.1,0.1,0.1,2.0
124,1753489318.5040889,node,0.3277544379234314,0.003235527779906988,0.0,3.274308681488037,0.0,0.0001999953013735345,5.278636161700318,31.779603481292725,1.0,1.0,1.0,1.0
125,1753489318.752974,graph,133.43130493164062,0.0,0.8376878499984741,0.0,66.67376708984375,0.00019999522589541493,4.017917425040713,32.028488636016846,0.1,0.1,0.1,2.0
126,1753489319.0168872,graph,76.77041625976562,0.0,0.9260299205780029,0.0,38.338905334472656,0.0001999951498158958,3.789125257920089,32.2924017906189,0.1,0.1,0.1,2.0
127,1753489319.280062,graph,84.71566772460938,0.0,1.243151307106018,0.0,42.295677185058594,0.00019999507313497758,3.799756304157777,32.55557656288147,0.1,0.1,0.1,2.0
128,1753489319.4657292,node,0.2711383104324341,0.003638515481725335,0.0,2.7077443599700928,0.0,0.00019999499585266072,5.385978722174781,32.741243839263916,1.0,1.0,1.0,1.0
129,1753489319.7327857,graph,86.36146545410156,0.0,1.2086396217346191,0.0,43.12030029296875,0.0001999949179689457,3.7445264597595247,33.00830030441284,0.1,0.1,0.1,2.0
130,1753489319.981622,graph,91.13241577148438,0.0,0.9628528356552124,0.0,45.51806640625,0.00019999483948383303,4.018706614480284,33.25713658332825,0.1,0.1,0.1,2.0
131,1753489320.2518597,graph,117.84675598144531,0.0,1.1939623355865479,0.0,58.863677978515625,0.00019999476039732315,3.70044615641148,33.527374267578125,0.1,0.1,0.1,2.0
132,1753489320.4323118,node,0.27669188380241394,0.003225083462893963,0.0,2.7636935710906982,0.0,0.00019999468070941662,5.541636553653133,33.707826375961304,1.0,1.0,1.0,1.0
133,1753489320.691551,graph,85.66385650634766,0.0,0.915409505367279,0.0,42.78615951538086,0.00019999460042011382,3.8574413608405194,33.96706557273865,0.1,0.1,0.1,2.0
134,1753489320.947693,graph,95.57076263427734,0.0,0.9558782577514648,0.0,47.737586975097656,0.00019999451952941536,3.9040823279079766,34.22320771217346,0.1,0.1,0.1,2.0
135,1753489321.215598,graph,107.35957336425781,0.0,1.1671404838562012,0.0,53.621429443359375,0.0001999944380373217,3.7326664738469755,34.49111270904541,0.1,0.1,0.1,2.0
136,1753489321.3951979,node,0.3363521695137024,0.0030860689003020525,0.0,3.3604354858398438,0.0,0.00019999435594383327,5.5679361101081115,34.6707124710083,1.0,1.0,1.0,1.0
137,1753489321.6687126,graph,103.32515716552734,0.0,0.8765431642532349,0.0,51.618751525878906,0.0001999942732489507,3.656109985669506,34.94422721862793,0.1,0.1,0.1,2.0
138,1753489321.923492,graph,98.71671295166016,0.0,1.1408345699310303,0.0,49.30131530761719,0.0001999941899526744,3.9249650484455683,35.1990065574646,0.1,0.1,0.1,2.0
139,1753489322.1887453,graph,118.56945037841797,0.0,0.7889062166213989,0.0,59.24528121948242,0.00019999410605500497,3.769981295273124,35.46425986289978,0.1,0.1,0.1,2.0
140,1753489322.3694794,node,0.40427905321121216,0.0033177805598825216,0.0,4.039472579956055,0.0,0.00019999402155594282,5.532988415073333,35.644994020462036,1.0,1.0,1.0,1.0
141,1753489322.6444318,graph,62.04840850830078,0.0,0.867462158203125,0.0,30.980831146240234,0.00019999393645548855,3.636993012693001,35.91994643211365,0.1,0.1,0.1,2.0
142,1753489322.8985517,graph,92.00840759277344,0.0,0.9646228551864624,0.0,45.955970764160156,0.00019999385075364264,3.935150714543053,36.17406630516052,0.1,0.1,0.1,2.0
143,1753489323.1555643,graph,260.67401123046875,0.0,1.7188552618026733,0.0,130.25106811523438,0.00019999376445040568,3.890859739756157,36.43107891082764,0.1,0.1,0.1,2.0
144,1753489323.314955,node,0.4247744083404541,0.0032563298009335995,0.0,4.244487762451172,0.0,0.00019999367754577814,6.2738922386778215,36.59046959877014,1.0,1.0,1.0,1.0
145,1753489323.5671482,graph,152.8772735595703,0.0,1.0093028545379639,0.0,76.38816833496094,0.0001999935900397606,3.9652137741958358,36.8426628112793,0.1,0.1,0.1,2.0
146,1753489323.8306847,graph,82.18920135498047,0.0,1.0018236637115479,0.0,41.04450988769531,0.00019999350193235357,3.7945414673334827,37.10619926452637,0.1,0.1,0.1,2.0
147,1753489324.082099,graph,73.8068618774414,0.0,0.8649739027023315,0.0,36.86018371582031,0.00019999341322355762,3.9774985111540166,37.3576135635376,0.1,0.1,0.1,2.0
148,1753489324.2677636,node,0.36527910828590393,0.0033032826613634825,0.0,3.6494877338409424,0.0,0.00019999332391337326,5.3860548017679974,37.543278217315674,1.0,1.0,1.0,1.0
149,1753489324.520528,graph,83.71685028076172,0.0,1.110426902770996,0.0,41.80290222167969,0.0001999932340018011,3.956252340424328,37.796042680740356,0.1,0.1,0.1,2.0
150,1753489324.7814083,graph,71.94171142578125,0.0,1.1057249307632446,0.0,35.91556930541992,0.00019999314348884167,3.8331765993944495,38.056922912597656,0.1,0.1,0.1,2.0
151,1753489325.0340912,graph,73.26900482177734,0.0,1.2095052003860474,0.0,36.57402801513672,0.00019999305237449548,3.9575289976024433,38.309605836868286,0.1,0.1,0.1,2.0
152,1753489325.233008,node,0.2819066643714905,0.003493413096293807,0.0,2.815573215484619,0.0,0.00019999296065876312,5.027230656932557,38.508522510528564,1.0,1.0,1.0,1.0
153,1753489325.4870174,graph,59.67294692993164,0.0,1.2260241508483887,0.0,29.77517318725586,0.00019999286834164516,3.936860857918158,38.762531995773315,0.1,0.1,0.1,2.0
154,1753489325.7444005,graph,74.10034942626953,0.0,0.9328458309173584,0.0,37.00353240966797,0.00019999277542314217,3.8852588549043436,39.01991510391235,0.1,0.1,0.1,2.0
155,1753489325.9995801,graph,79.43977355957031,0.0,1.0612900257110596,0.0,39.66682052612305,0.00019999268190325475,3.9188078867533527,39.275094747543335,0.1,0.1,0.1,2.0
156,1753489326.2103076,node,0.4125971794128418,0.003274863352999091,0.0,4.122696876525879,0.0,0.00019999258778198348,4.7454661680931824,39.48582220077515,1.0,1.0,1.0,1.0
157,1753489326.469073,graph,117.84967803955078,0.0,0.8793915510177612,0.0,58.8808708190918,0.00019999249305932887,3.8645034141343597,39.744587659835815,0.1,0.1,0.1,2.0
158,1753489326.73049,graph,81.15032196044922,0.0,0.8843107223510742,0.0,40.53094482421875,0.00019999239773529155,3.825307215389133,40.00600457191467,0.1,0.1,0.1,2.0
159,1753489326.9796603,graph,95.50364685058594,0.0,1.2554672956466675,0.0,47.689048767089844,0.00019999230180987214,4.013319350566838,40.2551748752594,0.1,0.1,0.1,2.0
160,1753489327.160794,node,0.2386917918920517,0.003214452648535371,0.0,2.3837034702301025,0.0,0.00019999220528307116,5.5207823832150895,40.43630862236023,1.0,1.0,1.0,1.0
161,1753489327.4211767,graph,94.39852905273438,0.0,0.9591881632804871,0.0,47.15130615234375,0.00019999210815488928,3.8405016280202613,40.696691274642944,0.1,0.1,0.1,2.0
162,1753489327.671858,graph,64.1161880493164,0.0,0.7916789650917053,0.0,32.01850891113281,0.00019999201042532704,3.9891272300496277,40.94737267494202,0.1,0.1,0.1,2.0
163,1753489327.9424522,graph,81.22481536865234,0.0,1.3010094165802002,0.0,40.54735565185547,0.00019999191209438505,3.6955718029100737,41.21796679496765,0.1,0.1,0.1,2.0
164,1753489328.1248267,node,0.28827419877052307,0.0034160565119236708,0.0,2.879326105117798,0.0,0.00019999181316206397,5.483223389207435,41.400341272354126,1.0,1.0,1.0,1.0
165,1753489328.3903303,graph,97.5562973022461,0.0,1.0230083465576172,0.0,48.72699737548828,0.00019999171362836433,3.7664266349857174,41.66584491729736,0.1,0.1,0.1,2.0
166,1753489328.6597157,graph,69.12832641601562,0.0,0.9318373799324036,0.0,34.51757049560547,0.00019999161349328683,3.7121545220571317,41.93523025512695,0.1,0.1,0.1,2.0
167,1753489328.938463,graph,63.82937240600586,0.0,0.6574878692626953,0.0,31.881811141967773,0.000199991512756832,3.587478435206402,42.213977575302124,0.1,0.1,0.1,2.0
168,1753489329.1183674,node,0.2615968883037567,0.0031991051509976387,0.0,2.612769842147827,0.0,0.00019999141141900052,5.558505858934975,42.393882036209106,1.0,1.0,1.0,1.0
169,1753489329.3784854,graph,71.84220886230469,0.0,0.8563889265060425,0.0,35.8782844543457,0.00019999130947979303,3.844408962671423,42.65400004386902,0.1,0.1,0.1,2.0
170,1753489329.6337726,graph,71.02609252929688,0.0,0.9792928695678711,0.0,35.464080810546875,0.0001999912069392101,3.917157287588536,42.909287214279175,0.1,0.1,0.1,2.0
171,1753489329.8959036,graph,67.88127899169922,0.0,1.0657787322998047,0.0,33.887351989746094,0.00019999110379725243,3.814886803212859,43.17141819000244,0.1,0.1,0.1,2.0
172,1753489330.0724354,node,0.44402801990509033,0.0033514173701405525,0.0,4.436928749084473,0.0,0.00019999100005392058,5.664702037200106,43.34794998168945,1.0,1.0,1.0,1.0
173,1753489330.3340807,graph,58.654937744140625,0.0,0.8797488212585449,0.0,29.28348159790039,0.00019999089570921526,3.8219678883198775,43.60959529876709,0.1,0.1,0.1,2.0
174,1753489330.5820026,graph,86.07489776611328,0.0,1.1393508911132812,0.0,42.9804801940918,0.00019999079076313706,4.033527590252534,43.85751724243164,0.1,0.1,0.1,2.0
175,1753489330.8491821,graph,59.219459533691406,0.0,0.9955488443374634,0.0,29.559951782226562,0.00019999068521568664,3.742802275858623,44.12469673156738,0.1,0.1,0.1,2.0
176,1753489331.021059,node,0.44048961997032166,0.003250519512221217,0.0,4.401645660400391,0.0,0.00019999057906686468,5.818117252782617,44.296573638916016,1.0,1.0,1.0,1.0
177,1753489331.2833207,graph,74.60901641845703,0.0,0.7287673354148865,0.0,37.268070220947266,0.00019999047231667182,3.812986304607706,44.55883526802063,0.1,0.1,0.1,2.0
178,1753489331.5377421,graph,56.74785614013672,0.0,0.7766802310943604,0.0,28.335094451904297,0.0001999903649651087,3.930485858679569,44.81325674057007,0.1,0.1,0.1,2.0
179,1753489331.80189,graph,70.38169860839844,0.0,1.2597157955169678,0.0,35.127864837646484,0.000199990257012176,3.7857599312583265,45.077404499053955,0.1,0.1,0.1,2.0
180,1753489331.9980562,node,0.3763629198074341,0.0031447652727365494,0.0,3.760484457015991,0.0,0.00019999014845787437,5.097716160193296,45.27357077598572,1.0,1.0,1.0,1.0
181,1753489332.2700667,graph,68.82730865478516,0.0,1.0093848705291748,0.0,34.36318588256836,0.0001999900393022045,3.6763277952835276,45.545581340789795,0.1,0.1,0.1,2.0
182,1753489332.5552192,graph,101.32940673828125,0.0,1.246328353881836,0.0,50.602386474609375,0.00019998992954516707,3.5068962288129923,45.83073377609253,0.1,0.1,0.1,2.0
183,1753489332.817929,graph,91.75369262695312,0.0,1.2649269104003906,0.0,45.8135986328125,0.00019998981918676272,3.8064807125970495,46.093443632125854,0.1,0.1,0.1,2.0
184,1753489332.9823022,node,0.3509938716888428,0.0032450745347887278,0.0,3.5066936016082764,0.0,0.00019998970822699216,6.083718312637523,46.257816791534424,1.0,1.0,1.0,1.0
185,1753489333.2356906,graph,59.66284942626953,0.0,1.0218311548233032,0.0,29.780332565307617,0.00019998959666585607,3.946510498801266,46.511205196380615,0.1,0.1,0.1,2.0
186,1753489333.4899926,graph,75.46395111083984,0.0,0.730970561504364,0.0,37.69542694091797,0.00019998948450335516,3.932332039526729,46.765507221221924,0.1,0.1,0.1,2.0
187,1753489333.7480376,graph,61.94093322753906,0.0,1.1577749252319336,0.0,30.912578582763672,0.00019998937173949005,3.875293698068684,47.02355217933655,0.1,0.1,0.1,2.0
188,1753489333.9500453,node,0.2936404347419739,0.0033630449324846268,0.0,2.9330410957336426,0.0,0.00019998925837426152,4.950304621129683,47.22555994987488,1.0,1.0,1.0,1.0
189,1753489334.2126358,graph,53.07874298095703,0.0,1.122551679611206,0.0,26.483243942260742,0.00019998914440767023,3.808212212997465,47.48815035820007,0.1,0.1,0.1,2.0
190,1753489334.4724677,graph,74.97885131835938,0.0,0.8984917402267456,0.0,37.44449996948242,0.00019998902983971685,3.848642061856427,47.74798226356506,0.1,0.1,0.1,2.0
191,1753489334.7168717,graph,64.23135375976562,0.0,0.949731707572937,0.0,32.06819152832031,0.00019998891467040215,4.09158476448754,47.99238634109497,0.1,0.1,0.1,2.0
192,1753489334.926141,node,1.1675868034362793,0.0031712756026536226,0.0,11.672697067260742,0.0,0.00019998879889972682,4.778532114899759,48.201655626297,1.0,1.0,1.0,1.0
193,1753489335.1861677,graph,20906.76953125,0.0,1.081231951713562,0.0,10453.3310546875,0.00019998868252769155,3.8457590147355063,48.46168231964111,0.1,0.1,0.1,2.0
194,1753489335.4560106,graph,52.37466049194336,0.0,0.9392996430397034,0.0,26.140365600585938,0.00019998856555429706,3.705860472184647,48.731525182724,0.1,0.1,0.1,2.0
195,1753489335.7119727,graph,66.39500427246094,0.0,1.2939248085021973,0.0,33.13280487060547,0.0001999884479795441,3.906827883824539,48.98748731613159,0.1,0.1,0.1,2.0
196,1753489335.8892658,node,0.6366215944290161,0.003380104200914502,0.0,6.362835884094238,0.0,0.00019998832980343338,5.640378633739499,49.164780378341675,1.0,1.0,1.0,1.0
197,1753489336.1501312,graph,64.7195816040039,0.0,1.0105350017547607,0.0,32.30926513671875,0.00019998821102596565,3.8333938065108133,49.42564582824707,0.1,0.1,0.1,2.0
198,1753489336.417149,graph,87.76457214355469,0.0,1.0993629693984985,0.0,43.82731628417969,0.0001999880916471416,3.7450681010112916,49.69266366958618,0.1,0.1,0.1,2.0
199,1753489336.6730947,graph,56.555816650390625,0.0,0.832504153251648,0.0,28.236282348632812,0.00019998797166696197,3.9070789947778977,49.948609352111816,0.1,0.1,0.1,2.0
200,1753489336.8612523,node,0.22347669303417206,0.003241764148697257,0.0,2.231525182723999,0.0,0.00019998785108542755,5.314694813669712,50.13676691055298,1.0,1.0,1.0,1.0
201,1753489337.1290522,graph,52.018882751464844,0.0,1.033308744430542,0.0,25.957775115966797,0.00019998772990253904,3.734131979623124,50.40456676483154,0.1,0.1,0.1,2.0
202,1753489337.3793108,graph,68.89849853515625,0.0,1.086902379989624,0.0,34.39490509033203,0.0001999876081182972,3.9958653317594917,50.65482544898987,0.1,0.1,0.1,2.0
203,1753489337.6516616,graph,48.12159729003906,0.0,0.9659329652786255,0.0,24.012502670288086,0.00019998748573270275,3.6717352900495657,50.92717623710632,0.1,0.1,0.1,2.0
204,1753489337.8236637,node,0.7093522548675537,0.0032671350054442883,0.0,7.0902557373046875,0.0,0.00019998736274575652,5.81388327888122,51.099178314208984,1.0,1.0,1.0,1.0
205,1753489338.0798807,graph,53.6512565612793,0.0,1.3340785503387451,0.0,26.75892448425293,0.00019998723915745924,3.902941603421387,51.35539531707764,0.1,0.1,0.1,2.0
206,1753489338.349909,graph,68.93024444580078,0.0,1.37260103225708,0.0,34.39649200439453,0.00019998711496781163,3.70331481810131,51.62542366981506,0.1,0.1,0.1,2.0
207,1753489338.62654,graph,43.98914337158203,0.0,0.917949378490448,0.0,21.94867515563965,0.00019998699017681446,3.6149254400253734,51.90205454826355,0.1,0.1,0.1,2.0
208,1753489338.8086777,node,0.4096834063529968,0.003073000581935048,0.0,4.093760967254639,0.0,0.00019998686478446854,5.490350694621705,52.08419227600098,1.0,1.0,1.0,1.0
209,1753489339.0687647,graph,54.90176773071289,0.0,1.069727897644043,0.0,27.397397994995117,0.00019998673879077463,3.8448670986099347,52.344279289245605,0.1,0.1,0.1,2.0
210,1753489339.3248534,graph,44.51224136352539,0.0,1.3223872184753418,0.0,22.190000534057617,0.00019998661219573348,3.904896500743869,52.6003680229187,0.1,0.1,0.1,2.0
211,1753489339.633691,graph,50.030670166015625,0.0,0.6918895840644836,0.0,24.980741500854492,0.00019998648499934592,3.2379471636820374,52.90920567512512,0.1,0.1,0.1,2.0
212,1753489339.8385897,node,0.25263485312461853,0.0032123797573149204,0.0,2.5231361389160156,0.0,0.00019998635720161272,4.880462923853308,53.11410427093506,1.0,1.0,1.0,1.0
213,1753489340.1015563,graph,47.27822494506836,0.0,0.8821200132369995,0.0,23.595006942749023,0.00019998622880253465,3.802763830485547,53.377070903778076,0.1,0.1,0.1,2.0
214,1753489340.371577,graph,42.023582458496094,0.0,0.8706069588661194,0.0,20.96826171875,0.00019998609980211252,3.70341945469909,53.64709162712097,0.1,0.1,0.1,2.0
215,1753489340.631191,graph,62.76982879638672,0.0,1.332824468612671,0.0,31.318273544311523,0.00019998597020034708,3.8518725319129397,53.90670561790466,0.1,0.1,0.1,2.0
216,1753489340.8102648,node,0.8116201162338257,0.003900861833244562,0.0,8.112299919128418,0.0,0.00019998583999723918,5.584289499261074,54.085779428482056,1.0,1.0,1.0,1.0
217,1753489341.076405,graph,53.84921646118164,0.0,0.9375416040420532,0.0,26.877731323242188,0.00019998570919278964,3.7574177642924265,54.351919651031494,0.1,0.1,0.1,2.0
218,1753489341.3660572,graph,45.90805435180664,0.0,0.7141497135162354,0.0,22.918319702148438,0.00019998557778699922,3.452417463653058,54.64157176017761,0.1,0.1,0.1,2.0
219,1753489341.6204126,graph,50.76757049560547,0.0,0.8016300201416016,0.0,25.343704223632812,0.00019998544577986874,3.9315063870631506,54.89592719078064,0.1,0.1,0.1,2.0
220,1753489341.8047974,node,0.756824791431427,0.003429827746003866,0.0,7.564818382263184,0.0,0.00019998531317139901,5.423439871936444,55.0803120136261,1.0,1.0,1.0,1.0
221,1753489342.0757847,graph,44.3549690246582,0.0,0.7604582905769348,0.0,22.139461517333984,0.00019998517996159087,3.6902102141204978,55.35129928588867,0.1,0.1,0.1,2.0
222,1753489342.3537357,graph,36.5685920715332,0.0,0.7807950973510742,0.0,18.245256423950195,0.0001999850461504451,3.5977564116310448,55.629250288009644,0.1,0.1,0.1,2.0
223,1753489342.6239557,graph,49.18887710571289,0.0,0.7288742065429688,0.0,24.557994842529297,0.00019998491173796258,3.7006877627637564,55.89947032928467,0.1,0.1,0.1,2.0
224,1753489342.7816353,node,0.8971741199493408,0.0033026505261659622,0.0,8.968438148498535,0.0,0.0001999847767241441,6.341976182267946,56.05714988708496,1.0,1.0,1.0,1.0
225,1753489343.0404692,graph,51.8931770324707,0.0,0.9831719994544983,0.0,25.897430419921875,0.00019998464110899052,3.863481781973199,56.31598377227783,0.1,0.1,0.1,2.0
226,1753489343.3193448,graph,45.63405990600586,0.0,0.8086115717887878,0.0,22.776599884033203,0.00019998450489250265,3.5858283697632447,56.59485936164856,0.1,0.1,0.1,2.0
227,1753489343.5842488,graph,38.23527526855469,0.0,0.9240854978561401,0.0,19.071434020996094,0.00019998436807468136,3.7749521190040753,56.859763383865356,0.1,0.1,0.1,2.0
228,1753489343.7654042,node,0.22364291548728943,0.0031968422699719667,0.0,2.233232259750366,0.0,0.00019998423065552748,5.520121186437332,57.040918827056885,1.0,1.0,1.0,1.0
229,1753489344.0132506,graph,48.41638946533203,0.0,1.0845081806182861,0.0,24.153968811035156,0.00019998409263504184,4.034757580975486,57.28876519203186,0.1,0.1,0.1,2.0
230,1753489344.284621,graph,46.27360916137695,0.0,0.8081711530685425,0.0,23.09639549255371,0.00019998395401322534,3.6850001317858743,57.56013560295105,0.1,0.1,0.1,2.0
231,1753489344.53224,graph,41.798370361328125,0.0,0.8140778541564941,0.0,20.85848045349121,0.0001999838147900788,4.038463723378546,57.80775451660156,0.1,0.1,0.1,2.0
232,1753489344.705691,node,0.5480929017066956,0.003388253040611744,0.0,5.477540493011475,0.0,0.00019998367496560306,5.765310849242688,57.981205701828,1.0,1.0,1.0,1.0
233,1753489344.9691386,graph,42.84592819213867,0.0,0.9795769453048706,0.0,21.373985290527344,0.00019998353453979902,3.7958223640449273,58.24465322494507,0.1,0.1,0.1,2.0
234,1753489345.238027,graph,42.7007942199707,0.0,0.9098713994026184,0.0,21.304903030395508,0.0001999833935126675,3.719014009576166,58.51354169845581,0.1,0.1,0.1,2.0
235,1753489345.4925747,graph,56.727725982666016,0.0,1.111849308013916,0.0,28.308271408081055,0.0001999832518842094,3.9285383786821524,58.768089294433594,0.1,0.1,0.1,2.0
236,1753489345.6630836,node,0.5896424055099487,0.0033015564549714327,0.0,5.893122673034668,0.0,0.0001999831096544256,5.864797823162735,58.93859815597534,1.0,1.0,1.0,1.0
237,1753489345.91726,graph,33.579925537109375,0.0,0.9078360199928284,0.0,16.744571685791016,0.000199982966823317,3.9342759027589524,59.192774534225464,0.1,0.1,0.1,2.0
238,1753489346.1789603,graph,59.931678771972656,0.0,1.2316454648971558,0.0,29.90425682067871,0.00019998282339088444,3.821163557451321,59.45447492599487,0.1,0.1,0.1,2.0
239,1753489346.439424,graph,28.65496253967285,0.0,0.6392008662223816,0.0,14.295520782470703,0.0001999826793571288,3.8393063753130536,59.71493864059448,0.1,0.1,0.1,2.0
240,1753489346.6199102,node,0.5929739475250244,0.0031487939413636923,0.0,5.926590442657471,0.0,0.00019998253472205098,5.5405897381025975,59.89542484283447,1.0,1.0,1.0,1.0
241,1753489346.8883748,graph,47.62986755371094,0.0,1.0511128902435303,0.0,23.762378692626953,0.0001999823894856519,3.724886369893306,60.16388940811157,0.1,0.1,0.1,2.0
242,1753489347.1522164,graph,64.22605895996094,0.0,1.293835997581482,0.0,32.048336029052734,0.00019998224364793245,3.7901524626072622,60.42773103713989,0.1,0.1,0.1,2.0
243,1753489347.4128053,graph,32.60617446899414,0.0,1.0634263753890991,0.0,16.249916076660156,0.00019998209720889347,3.837462225145907,60.68831992149353,0.1,0.1,0.1,2.0
244,1753489347.5980825,node,0.38553521037101746,0.00312697421759367,0.0,3.8522253036499023,0.0,0.0001999819501685359,5.397317493427563,60.873597145080566,1.0,1.0,1.0,1.0
245,1753489347.8568711,graph,46.06540298461914,0.0,1.0924999713897705,0.0,22.978076934814453,0.0001999818025268607,3.8641580633808656,61.13238573074341,0.1,0.1,0.1,2.0
246,1753489348.1567063,graph,41.2733154296875,0.0,0.8950754404067993,0.0,20.591903686523438,0.00019998165428386868,3.3351653944020354,61.43222093582153,0.1,0.1,0.1,2.0
247,1753489348.4283497,graph,78.8326416015625,0.0,1.2916452884674072,0.0,39.35173797607422,0.00019998150543956085,3.6812968741085967,61.703864336013794,0.1,0.1,0.1,2.0
248,1753489348.5895705,node,1.3787404298782349,0.0031883642077445984,0.0,13.784214973449707,0.0,0.00019998135599393809,6.20267402533832,61.86508512496948,1.0,1.0,1.0,1.0
249,1753489348.8534274,graph,32.196754455566406,0.0,0.9512388706207275,0.0,16.05081558227539,0.00019998120594700127,3.7899332788769455,62.128942012786865,0.1,0.1,0.1,2.0
250,1753489349.1020772,graph,42.04670333862305,0.0,0.9802747368812561,0.0,20.97433853149414,0.0001999810552987514,4.02171993253512,62.37759184837341,0.1,0.1,0.1,2.0
251,1753489349.36375,graph,47.72383499145508,0.0,1.0846457481384277,0.0,23.80768585205078,0.00019998090404918937,3.8215674215400877,62.63926458358765,0.1,0.1,0.1,2.0
252,1753489349.5474088,node,5.625589847564697,0.0032714013941586018,0.0,56.25262451171875,0.0,0.00019998075219831608,5.444878174163757,62.82292342185974,1.0,1.0,1.0,1.0
253,1753489349.806971,graph,37.27973937988281,0.0,0.8649294376373291,0.0,18.596622467041016,0.00019998059974613252,3.8526403002526908,63.08248567581177,0.1,0.1,0.1,2.0
254,1753489350.0566037,graph,41.96768569946289,0.0,0.7661038041114807,0.0,20.945537567138672,0.00019998044669263963,4.005887100240202,63.33211827278137,0.1,0.1,0.1,2.0
255,1753489350.3293228,graph,45.661651611328125,0.0,1.1604655981063843,0.0,22.772802352905273,0.00019998029303783832,3.666775945105506,63.60483741760254,0.1,0.1,0.1,2.0
256,1753489350.520873,node,0.3051527440547943,0.0032442444935441017,0.0,3.048283100128174,0.0,0.00019998013878172956,5.220562097035175,63.796387672424316,1.0,1.0,1.0,1.0
257,1753489350.7812548,graph,52.21840286254883,0.0,0.9376128315925598,0.0,26.062320709228516,0.0001999799839243143,3.8405156942460534,64.05676937103271,0.1,0.1,0.1,2.0
258,1753489351.041232,graph,33.396541595458984,0.0,0.9184467792510986,0.0,16.652347564697266,0.00019997982846559347,3.8464890721407454,64.31674671173096,0.1,0.1,0.1,2.0
259,1753489351.3020928,graph,37.40925216674805,0.0,0.933333158493042,0.0,18.657958984375,0.00019997967240556805,3.833463878573733,64.57760739326477,0.1,0.1,0.1,2.0
260,1753489351.4915228,node,0.5850920081138611,0.0034726345911622047,0.0,5.847447395324707,0.0,0.00019997951574423901,5.278994924023979,64.7670373916626,1.0,1.0,1.0,1.0
261,1753489351.7547462,graph,37.36370849609375,0.0,0.8753028512001038,0.0,18.63808822631836,0.00019997935848160736,3.799054200078077,65.03026080131531,0.1,0.1,0.1,2.0
262,1753489352.0027905,graph,39.294795989990234,0.0,0.7601840496063232,0.0,19.60938835144043,0.00019997920061767398,4.031538688528057,65.27830505371094,0.1,0.1,0.1,2.0
263,1753489352.2681193,graph,27.02004051208496,0.0,0.9203075766563416,0.0,13.464004516601562,0.00019997904215243988,3.7689074195548447,65.5436339378357,0.1,0.1,0.1,2.0
264,1753489352.4581697,node,0.4855777323246002,0.0031820968724787235,0.0,4.852595329284668,0.0,0.00019997888308590607,5.261763152513583,65.73368430137634,1.0,1.0,1.0,1.0
265,1753489352.708714,graph,27.662891387939453,0.0,1.0350773334503174,0.0,13.779691696166992,0.00019997872341807348,3.9913099664179494,65.98422861099243,0.1,0.1,0.1,2.0
266,1753489352.9804792,graph,30.63901710510254,0.0,0.909300684928894,0.0,15.274043083190918,0.00019997856314894313,3.6796465549459323,66.25599384307861,0.1,0.1,0.1,2.0
267,1753489353.228356,graph,36.7305908203125,0.0,1.1597203016281128,0.0,18.307310104370117,0.00019997840227851596,4.034264718612636,66.50387048721313,0.1,0.1,0.1,2.0
268,1753489353.4275854,node,0.24270041286945343,0.00336045166477561,0.0,2.4236435890197754,0.0,0.00019997824080679303,5.019337528975179,66.7030999660492,1.0,1.0,1.0,1.0
269,1753489353.679507,graph,42.55915832519531,0.0,1.2655822038650513,0.0,21.21630096435547,0.0001999780787337753,3.969488073470902,66.95502161979675,0.1,0.1,0.1,2.0
270,1753489353.969762,graph,56.599609375,0.0,1.265040397644043,0.0,28.236553192138672,0.00019997791605946377,3.445245593543056,67.24527668952942,0.1,0.1,0.1,2.0
271,1753489354.231857,graph,37.471527099609375,0.0,1.2558135986328125,0.0,18.6729736328125,0.00019997775278385944,3.8154108137315723,67.50737166404724,0.1,0.1,0.1,2.0
272,1753489354.4279728,node,0.25383806228637695,0.0031346268951892853,0.0,2.535245895385742,0.0,0.00019997758890696331,5.099029990189273,67.70348739624023,1.0,1.0,1.0,1.0
273,1753489354.680335,graph,34.5827522277832,0.0,1.0693031549453735,0.0,17.237911224365234,0.00019997742442877644,3.962557771303109,67.95584964752197,0.1,0.1,0.1,2.0
274,1753489354.9386637,graph,36.85311508178711,0.0,1.115625262260437,0.0,18.370777130126953,0.0001999772593492998,3.871037527145598,68.21417832374573,0.1,0.1,0.1,2.0
275,1753489355.200689,graph,44.915828704833984,0.0,1.10965895652771,0.0,22.40243148803711,0.0001999770936685344,3.816424540542705,68.47620368003845,0.1,0.1,0.1,2.0
276,1753489355.3778222,node,0.23617218434810638,0.0036233910359442234,0.0,2.3580985069274902,0.0,0.00019997692738648129,5.645472777441281,68.65333676338196,1.0,1.0,1.0,1.0
277,1753489355.6259532,graph,54.212467193603516,0.0,1.1940693855285645,0.0,27.04652976989746,0.00019997676050314148,4.030128649216853,68.90146780014038,0.1,0.1,0.1,2.0
278,1753489355.887216,graph,46.695255279541016,0.0,1.2087154388427734,0.0,23.28719139099121,0.00019997659301851603,3.8275622914795915,69.16273069381714,0.1,0.1,0.1,2.0
279,1753489356.1411743,graph,26.915258407592773,0.0,0.7954390048980713,0.0,13.41785717010498,0.00019997642493260593,3.9376554904438508,69.41668891906738,0.1,0.1,0.1,2.0
280,1753489356.3152049,node,14.568389892578125,0.003429094795137644,0.0,145.6804656982422,0.0,0.00019997625624541222,5.7461178156471036,69.59071946144104,1.0,1.0,1.0,1.0
281,1753489356.5745194,graph,62.77293014526367,0.0,1.4695181846618652,0.0,31.31298828125,0.00019997608695693597,3.856320634325202,69.85003399848938,0.1,0.1,0.1,2.0
282,1753489356.8266234,graph,34.09746551513672,0.0,1.0846021175384521,0.0,16.994503021240234,0.0001999759170671782,3.966616260056497,70.10213804244995,0.1,0.1,0.1,2.0
283,1753489357.0906103,graph,32.98890686035156,0.0,0.8225328922271729,0.0,16.453327178955078,0.00019997574657614,3.78806781902043,70.36612486839294,0.1,0.1,0.1,2.0
284,1753489357.2796223,node,0.3196342885494232,0.0033072165679186583,0.0,3.19303560256958,0.0,0.00019997557548382232,5.290667958333649,70.5551369190216,1.0,1.0,1.0,1.0
285,1753489357.5575864,graph,31.912578582763672,0.0,0.7499357461929321,0.0,15.918792724609375,0.00019997540379022632,3.597586686634656,70.83310103416443,0.1,0.1,0.1,2.0
286,1753489357.8223717,graph,36.32194519042969,0.0,0.8778210282325745,0.0,18.117080688476562,0.00019997523149535302,3.776644846432977,71.09788632392883,0.1,0.1,0.1,2.0
287,1753489358.0927463,graph,34.6966667175293,0.0,0.8850388526916504,0.0,17.304080963134766,0.00019997505859920353,3.698573145578656,71.36826086044312,0.1,0.1,0.1,2.0
288,1753489358.264763,node,0.47353053092956543,0.003318212693557143,0.0,4.731986999511719,0.0,0.00019997488510177885,5.813383673531617,71.54027771949768,1.0,1.0,1.0,1.0
289,1753489358.5416749,graph,32.791988372802734,0.0,1.2624584436416626,0.0,16.332870483398438,0.00019997471100308004,3.6112590102733475,71.81718945503235,0.1,0.1,0.1,2.0
290,1753489358.804197,graph,24.558504104614258,0.0,1.3114532232284546,0.0,12.213679313659668,0.0001999745363031082,3.8092013608234687,72.07971167564392,0.1,0.1,0.1,2.0
291,1753489359.066228,graph,27.6392879486084,0.0,0.7648577094078064,0.0,13.781400680541992,0.00019997436100186448,3.8163446726543326,72.34174251556396,0.1,0.1,0.1,2.0
292,1753489359.2552783,node,0.9892714023590088,0.003208319190889597,0.0,9.889505386352539,0.0,0.00019997418509934986,5.2895937245801985,72.53079295158386,1.0,1.0,1.0,1.0
293,1753489359.5314202,graph,35.381587982177734,0.0,1.5388541221618652,0.0,17.61385154724121,0.00019997400859556546,3.6213268083952745,72.80693483352661,0.1,0.1,0.1,2.0
294,1753489359.785208,graph,28.383609771728516,0.0,0.928266704082489,0.0,14.145391464233398,0.0001999738314905124,3.9403004143873486,73.0607225894928,0.1,0.1,0.1,2.0
295,1753489360.050156,graph,34.57950973510742,0.0,1.0099287033081055,0.0,17.2392578125,0.0001999736537841917,3.7743236810396725,73.32567071914673,0.1,0.1,0.1,2.0
296,1753489360.2453067,node,0.13518883287906647,0.0032135869842022657,0.0,1.3486747741699219,0.0,0.0001999734754766045,5.124247270381579,73.52082133293152,1.0,1.0,1.0,1.0
297,1753489360.507441,graph,28.65045166015625,0.0,0.7312338352203369,0.0,14.288663864135742,0.00019997329656775193,3.8148382267472267,73.78295564651489,0.1,0.1,0.1,2.0
298,1753489360.7588332,graph,22.956787109375,0.0,0.881662130355835,0.0,11.434310913085938,0.00019997311705763503,3.9778493287747234,74.03434777259827,0.1,0.1,0.1,2.0
299,1753489361.018147,graph,37.495506286621094,0.0,0.7930799722671509,0.0,18.708099365234375,0.00019997293694625499,3.8563312710719804,74.29366159439087,0.1,0.1,0.1,2.0
300,1753489361.218054,node,0.9797514081001282,0.003177014645189047,0.0,9.794337272644043,0.0,0.00019997275623361284,5.002324469182596,74.49356865882874,1.0,1.0,1.0,1.0
301,1753489361.4834497,graph,30.245901107788086,0.0,0.8450981378555298,0.0,15.080696105957031,0.00019997257491970974,3.767959394511072,74.75896430015564,0.1,0.1,0.1,2.0
302,1753489361.7438216,graph,31.87632179260254,0.0,0.9098912477493286,0.0,15.89266586303711,0.00019997239300454677,3.8406598790014277,75.0193362236023,0.1,0.1,0.1,2.0
303,1753489362.0111995,graph,25.533666610717773,0.0,0.8500021696090698,0.0,12.724332809448242,0.0001999722104881251,3.7400255380466962,75.28671407699585,0.1,0.1,0.1,2.0
304,1753489362.1852672,node,0.3331230580806732,0.0033366873394697905,0.0,3.3278937339782715,0.0,0.0001999720273704458,5.744890034557241,75.46078181266785,1.0,1.0,1.0,1.0
305,1753489362.4478526,graph,24.413352966308594,0.0,0.9205151796340942,0.0,12.160650253295898,0.00019997184365151008,3.808284825257431,75.72336721420288,0.1,0.1,0.1,2.0
306,1753489362.7132337,graph,101.6632308959961,0.0,1.3423731327056885,0.0,50.764495849609375,0.00019997165933131897,3.768165887902944,75.98874831199646,0.1,0.1,0.1,2.0
307,1753489362.9876275,graph,23.016342163085938,0.0,0.9988621473312378,0.0,11.45822811126709,0.00019997147440987368,3.644397253953676,76.26314210891724,0.1,0.1,0.1,2.0
308,1753489363.1615765,node,0.37272772192955017,0.003139034379273653,0.0,3.724138021469116,0.0,0.00019997128888717534,5.748811326832009,76.43709111213684,1.0,1.0,1.0,1.0
309,1753489363.4216874,graph,22.208728790283203,0.0,0.9049137234687805,0.0,11.059118270874023,0.00019997110276322508,3.8445146766588696,76.69720196723938,0.1,0.1,0.1,2.0
310,1753489363.690642,graph,22.03758430480957,0.0,1.1933485269546509,0.0,10.959124565124512,0.00019997091603802408,3.718097507441861,76.96615672111511,0.1,0.1,0.1,2.0
311,1753489363.9392378,graph,24.053569793701172,0.0,0.741840124130249,0.0,11.989692687988281,0.00019997072871157342,4.022595488958325,77.2147524356842,0.1,0.1,0.1,2.0
312,1753489364.1286173,node,0.858606219291687,0.003212642390280962,0.0,8.582849502563477,0.0,0.00019997054078387433,5.280403870001196,77.40413188934326,1.0,1.0,1.0,1.0
313,1753489364.3841784,graph,34.40153884887695,0.0,0.9820033311843872,0.0,17.151668548583984,0.00019997035225492797,3.912958379551843,77.6596930027008,0.1,0.1,0.1,2.0
314,1753489364.6473205,graph,33.140892028808594,0.0,0.8211555480957031,0.0,16.529388427734375,0.00019997016312473545,3.800227960909597,77.92283511161804,0.1,0.1,0.1,2.0
315,1753489364.9192343,graph,25.59479331970215,0.0,1.0355584621429443,0.0,12.74561882019043,0.00019996997339329797,3.6776365225793497,78.194748878479,0.1,0.1,0.1,2.0
316,1753489365.1164966,node,0.272788405418396,0.0040260907262563705,0.0,2.723858118057251,0.0,0.00019996978306061666,5.0693927080488,78.3920111656189,1.0,1.0,1.0,1.0
317,1753489365.3764634,graph,27.755859375,0.0,1.0167814493179321,0.0,13.8270902633667,0.00019996959212669274,3.846644289146903,78.65197801589966,0.1,0.1,0.1,2.0
318,1753489365.636868,graph,28.623615264892578,0.0,1.0439261198043823,0.0,14.259611129760742,0.0001999694005915274,3.8401781332630174,78.91238260269165,0.1,0.1,0.1,2.0
319,1753489365.886735,graph,27.25577163696289,0.0,0.9076783657073975,0.0,13.582502365112305,0.00019996920845512174,4.002129734412959,79.16224956512451,0.1,0.1,0.1,2.0
320,1753489366.0922856,node,0.2587614953517914,0.0031864007469266653,0.0,2.584428548812866,0.0,0.00019996901571747705,4.864980478853831,79.36780023574829,1.0,1.0,1.0,1.0
321,1753489366.3488636,graph,25.489837646484375,0.0,0.8611490726470947,0.0,12.701861381530762,0.00019996882237859444,3.8974507650306736,79.6243782043457,0.1,0.1,0.1,2.0
322,1753489366.6074965,graph,45.13212585449219,0.0,1.045818567276001,0.0,22.513771057128906,0.00019996862843847513,3.8664841420189253,79.88301110267639,0.1,0.1,0.1,2.0
323,1753489366.8743088,graph,23.18426513671875,0.0,0.886378824710846,0.0,11.547813415527344,0.00019996843389712032,3.747952804595154,80.14982342720032,0.1,0.1,0.1,2.0
324,1753489367.076982,node,0.24554859101772308,0.0032125196885317564,0.0,2.452273368835449,0.0,0.0001999682387545312,4.93405154616133,80.35249662399292,1.0,1.0,1.0,1.0
325,1753489367.3447433,graph,18.79018211364746,0.0,0.59918212890625,0.0,9.365132331848145,0.000199968043010709,3.734670617734215,80.62025785446167,0.1,0.1,0.1,2.0
326,1753489367.610763,graph,22.39434051513672,0.0,0.8185866475105286,0.0,11.156240463256836,0.00019996784666565494,3.759118383033032,80.88627767562866,0.1,0.1,0.1,2.0
327,1753489367.861308,graph,21.6406307220459,0.0,1.187424659729004,0.0,10.760944366455078,0.00019996764971937013,3.9912985720294385,81.13682270050049,0.1,0.1,0.1,2.0
328,1753489368.0370865,node,0.29197415709495544,0.003429534612223506,0.0,2.9163119792938232,0.0,0.0001999674521718559,5.688981482988547,81.31260108947754,1.0,1.0,1.0,1.0
329,1753489368.2997208,graph,29.045249938964844,0.0,1.097573161125183,0.0,14.46774673461914,0.00019996725402311342,3.8075761096909133,81.57523536682129,0.1,0.1,0.1,2.0
330,1753489368.5610733,graph,29.265581130981445,0.0,1.2618422508239746,0.0,14.569698333740234,0.0001999670552731439,3.8262494161606724,81.83658790588379,0.1,0.1,0.1,2.0
331,1753489368.8281186,graph,23.880224227905273,0.0,1.3143255710601807,0.0,11.874395370483398,0.0001999668559219486,3.74468358645762,82.1036331653595,0.1,0.1,0.1,2.0
332,1753489369.0006638,node,0.6565360426902771,0.003398497588932514,0.0,6.561961650848389,0.0,0.0001999666559695287,5.795583019094744,82.27617835998535,1.0,1.0,1.0,1.0
333,1753489369.283476,graph,26.644094467163086,0.0,1.0104902982711792,0.0,13.271522521972656,0.00019996645541588552,3.535913390732262,82.5589907169342,0.1,0.1,0.1,2.0
334,1753489369.545419,graph,16.772859573364258,0.0,0.6710461974143982,0.0,8.352877616882324,0.0001999662542610202,3.817626434919375,82.82093358039856,0.1,0.1,0.1,2.0
335,1753489369.8061903,graph,37.137474060058594,0.0,1.0495139360427856,0.0,18.51626205444336,0.000199966052504934,3.83477820423971,83.08170485496521,0.1,0.1,0.1,2.0
336,1753489369.995016,node,0.6329357624053955,0.0033749875146895647,0.0,6.325982570648193,0.0,0.0001999658501476282,5.295885190904465,83.2705307006836,1.0,1.0,1.0,1.0
337,1753489370.259012,graph,20.24892234802246,0.0,0.6446599960327148,0.0,10.092227935791016,0.00019996564718910407,3.787937818743063,83.53452658653259,0.1,0.1,0.1,2.0
338,1753489370.5162008,graph,20.218643188476562,0.0,1.1157814264297485,0.0,10.053532600402832,0.0001999654436293628,3.888194243590599,83.79171538352966,0.1,0.1,0.1,2.0
339,1753489370.7873166,graph,31.436687469482422,0.0,0.9677190780639648,0.0,15.669958114624023,0.00019996523946840566,3.6884610717043254,84.06283116340637,0.1,0.1,0.1,2.0
340,1753489370.9611158,node,0.3957081437110901,0.0032600020058453083,0.0,3.9538211822509766,0.0,0.00019996503470623395,5.753763887802878,84.2366304397583,1.0,1.0,1.0,1.0
341,1753489371.236149,graph,32.729209899902344,0.0,1.1022255420684814,0.0,16.309494018554688,0.0001999648293428489,3.6359242111249137,84.51166367530823,0.1,0.1,0.1,2.0
342,1753489371.4991148,graph,19.569257736206055,0.0,1.1017348766326904,0.0,9.729541778564453,0.00019996462337825178,3.8027776216320115,84.77462935447693,0.1,0.1,0.1,2.0
343,1753489371.7725606,graph,20.029708862304688,0.0,0.8027722835540771,0.0,9.974716186523438,0.00019996441681244387,3.6570312534058758,85.0480751991272,0.1,0.1,0.1,2.0
344,1753489371.9633079,node,0.16517163813114166,0.0033644174691289663,0.0,1.6483519077301025,0.0,0.0001999642096454264,5.242539234949728,85.23882246017456,1.0,1.0,1.0,1.0
345,1753489372.2295105,graph,23.613353729248047,0.0,0.857816219329834,0.0,11.763786315917969,0.00019996400187720072,3.7565360691783063,85.50502514839172,0.1,0.1,0.1,2.0
346,1753489372.480553,graph,25.00446891784668,0.0,1.1524722576141357,0.0,12.444610595703125,0.0001999637935077681,3.9833913925474,85.75606751441956,0.1,0.1,0.1,2.0
347,1753489372.7423048,graph,21.324634552001953,0.0,1.0815296173095703,0.0,10.608241081237793,0.00019996358453712977,3.8204117620804707,86.01781940460205,0.1,0.1,0.1,2.0
348,1753489372.9377537,node,0.4183555245399475,0.0032226538751274347,0.0,4.180332660675049,0.0,0.00019996337496528706,5.116427494474073,86.2132682800293,1.0,1.0,1.0,1.0
349,1753489373.195356,graph,27.771915435791016,0.0,0.9978995323181152,0.0,13.83606243133545,0.00019996316479224126,3.8819542010732446,86.47087049484253,0.1,0.1,0.1,2.0
350,1753489373.4582183,graph,23.58036994934082,0.0,1.0485514402389526,0.0,11.737757682800293,0.00019996295401799365,3.804271104963606,86.73373293876648,0.1,0.1,0.1,2.0
351,1753489373.7305338,graph,19.029090881347656,0.0,0.7493689656257629,0.0,9.477076530456543,0.00019996274264254556,3.6722110641636037,87.00604844093323,0.1,0.1,0.1,2.0
352,1753489373.9181771,node,0.5420830249786377,0.003307355334982276,0.0,5.417522430419922,0.0,0.00019996253066589825,5.329260653619353,87.19369173049927,1.0,1.0,1.0,1.0
353,1753489374.178962,graph,23.64986228942871,0.0,0.8188827037811279,0.0,11.783987045288086,0.00019996231808805308,3.8345783686578394,87.45447659492493,0.1,0.1,0.1,2.0
354,1753489374.4493232,graph,22.126283645629883,0.0,0.6997910737991333,0.0,11.028152465820312,0.0001999621049090113,3.698755794870619,87.72483777999878,0.1,0.1,0.1,2.0
355,1753489374.6998384,graph,18.507057189941406,0.0,1.1060363054275513,0.0,9.198226928710938,0.00019996189112877428,3.9917733933420068,87.97535300254822,0.1,0.1,0.1,2.0
356,1753489374.8944495,node,0.7828066945075989,0.003103273920714855,0.0,7.824963569641113,0.0,0.0001999616767473433,5.13845377319426,88.1699640750885,1.0,1.0,1.0,1.0
357,1753489375.150545,graph,16.923004150390625,0.0,0.6701937317848206,0.0,8.427992820739746,0.0001999614617647197,3.9047947105689937,88.42605948448181,0.1,0.1,0.1,2.0
358,1753489375.4182055,graph,20.659624099731445,0.0,0.938946008682251,0.0,10.282864570617676,0.00019996124618090478,3.7360744666636974,88.69372010231018,0.1,0.1,0.1,2.0
359,1753489375.686187,graph,15.450054168701172,0.0,1.1186742782592773,0.0,7.669093132019043,0.00019996102999589993,3.7316004683290687,88.96170163154602,0.1,0.1,0.1,2.0
360,1753489375.8821855,node,0.49443182349205017,0.003207708476111293,0.0,4.941110610961914,0.0,0.00019996081320970647,5.10208167848024,89.1577000617981,1.0,1.0,1.0,1.0
361,1753489376.1335037,graph,21.158689498901367,0.0,1.0133851766586304,0.0,10.528675079345703,0.00019996059582232567,3.9790191679197044,89.40901827812195,0.1,0.1,0.1,2.0
362,1753489376.3916943,graph,22.887006759643555,0.0,0.9604067802429199,0.0,11.395483016967773,0.00019996037783375897,3.873107218379766,89.6672089099884,0.1,0.1,0.1,2.0
363,1753489376.6431663,graph,19.605693817138672,0.0,1.1683008670806885,0.0,9.744431495666504,0.0001999601592440076,3.976585920834321,89.91868090629578,0.1,0.1,0.1,2.0
364,1753489376.8428628,node,0.4380035996437073,0.0033576167188584805,0.0,4.376678466796875,0.0,0.000199959940053073,5.0075980076123345,90.1183774471283,1.0,1.0,1.0,1.0
365,1753489377.0947247,graph,19.635704040527344,0.0,0.7762961387634277,0.0,9.779037475585938,0.0001999597202609565,3.970431234824425,90.3702392578125,0.1,0.1,0.1,2.0
366,1753489377.3568845,graph,19.2115421295166,0.0,1.0254310369491577,0.0,9.554499626159668,0.00019995949986765946,3.8144670046144977,90.63239908218384,0.1,0.1,0.1,2.0
367,1753489377.6103659,graph,18.31516456604004,0.0,0.9088017344474792,0.0,9.112142562866211,0.00019995927887318321,3.945062821089225,90.88588047027588,0.1,0.1,0.1,2.0
368,1753489377.795523,node,0.39363300800323486,0.003188016824424267,0.0,3.9331419467926025,0.0,0.00019995905727752914,5.400820236799918,91.07103753089905,1.0,1.0,1.0,1.0
369,1753489378.0508997,graph,24.599239349365234,0.0,0.9679876565933228,0.0,12.251220703125,0.0001999588350806986,3.915782240777946,91.32641434669495,0.1,0.1,0.1,2.0
370,1753489378.2988281,graph,22.664443969726562,0.0,0.9205030202865601,0.0,11.2861967086792,0.00019995861228269297,4.0334228622917685,91.57434272766113,0.1,0.1,0.1,2.0
371,1753489378.5655842,graph,23.718942642211914,0.0,1.0544689893722534,0.0,11.806747436523438,0.0001999583888835136,3.748743359288416,91.84109878540039,0.1,0.1,0.1,2.0
372,1753489378.734177,node,0.2920776307582855,0.003399129491299391,0.0,2.91737699508667,0.0,0.00019995816488316192,5.931446834386888,92.00969171524048,1.0,1.0,1.0,1.0
373,1753489378.9950001,graph,18.749832153320312,0.0,0.8564783334732056,0.0,9.33209228515625,0.00019995794028163926,3.834017537942048,92.2705147266388,0.1,0.1,0.1,2.0
374,1753489379.278973,graph,19.594032287597656,0.0,0.9725168347358704,0.0,9.748390197753906,0.00019995771507894705,3.5214618128756605,92.55448770523071,0.1,0.1,0.1,2.0
375,1753489379.5530632,graph,19.371261596679688,0.0,0.9946779608726501,0.0,9.635896682739258,0.00019995748927508663,3.648435957366671,92.82857775688171,0.1,0.1,0.1,2.0
376,1753489379.738739,node,2.8771653175354004,0.0031198111828416586,0.0,28.768531799316406,0.0,0.00019995726287005944,5.385729749441756,93.01425361633301,1.0,1.0,1.0,1.0
377,1753489380.010394,graph,21.2811279296875,0.0,0.9032652378082275,0.0,10.5954008102417,0.00019995703586386685,3.681138560159522,93.28590869903564,0.1,0.1,0.1,2.0
378,1753489380.2750063,graph,25.18187141418457,0.0,1.052213430404663,0.0,12.538325309753418,0.00019995680825651024,3.7791152789891376,93.55052089691162,0.1,0.1,0.1,2.0
379,1753489380.5429099,graph,16.546876907348633,0.0,0.9135597348213196,0.0,8.227760314941406,0.00019995658004799108,3.73268640498225,93.8184244632721,0.1,0.1,0.1,2.0
380,1753489380.7193298,node,0.6319642663002014,0.0033290237188339233,0.0,6.316313743591309,0.0,0.0001999563512383107,5.668292432418553,93.99484443664551,1.0,1.0,1.0,1.0
381,1753489380.9741964,graph,24.928953170776367,0.0,1.1657819747924805,0.0,12.406187057495117,0.00019995612182747058,3.9236212193214515,94.24971103668213,0.1,0.1,0.1,2.0
382,1753489381.2261345,graph,16.626937866210938,0.0,0.8742081522941589,0.0,8.269758224487305,0.00019995589181547206,3.9692288765549515,94.50164914131165,0.1,0.1,0.1,2.0
383,1753489381.4889028,graph,19.163463592529297,0.0,1.2505379915237427,0.0,9.519205093383789,0.00019995566120231665,3.8056345440193082,94.76441740989685,0.1,0.1,0.1,2.0
384,1753489381.6694186,node,0.2996484339237213,0.003192567965015769,0.0,2.9932918548583984,0.0,0.00019995542998800574,5.539682330037589,94.94493317604065,1.0,1.0,1.0,1.0
385,1753489381.9343014,graph,21.580244064331055,0.0,0.7462842464447021,0.0,10.7528076171875,0.00019995519817254072,3.775254523181389,95.2098159790039,0.1,0.1,0.1,2.0
386,1753489382.1936374,graph,14.945457458496094,0.0,1.157274842262268,0.0,7.414865016937256,0.00019995496575592306,3.856001559204732,95.46915197372437,0.1,0.1,0.1,2.0
387,1753489382.4660103,graph,12.629440307617188,0.0,0.8828190565109253,0.0,6.2705793380737305,0.00019995473273815413,3.671436386952202,95.74152493476868,0.1,0.1,0.1,2.0
388,1753489382.665065,node,0.24564404785633087,0.003224839922040701,0.0,2.4532155990600586,0.0,0.00019995449911923543,5.023744274736015,95.94057965278625,1.0,1.0,1.0,1.0
389,1753489382.9399235,graph,13.994427680969238,0.0,0.8541736602783203,0.0,6.95450496673584,0.0001999542648991684,3.638236008466049,96.2154381275177,0.1,0.1,0.1,2.0
390,1753489383.194535,graph,16.060256958007812,0.0,0.8044814467430115,0.0,7.989904403686523,0.00019995403007795447,3.927552489985186,96.47004961967468,0.1,0.1,0.1,2.0
391,1753489383.4579859,graph,23.384899139404297,0.0,1.0755643844604492,0.0,11.638670921325684,0.0001999537946555951,3.7957742718732157,96.73350048065186,0.1,0.1,0.1,2.0
392,1753489383.6435218,node,1.4620839357376099,0.0030831340700387955,0.0,14.617755889892578,0.0,0.0001999535586320917,5.389792262597759,96.91903638839722,1.0,1.0,1.0,1.0
393,1753489383.90596,graph,18.526123046875,0.0,0.835655689239502,0.0,9.22127914428711,0.00019995332200744575,3.8104194791532287,97.18147468566895,0.1,0.1,0.1,2.0
394,1753489384.1854718,graph,33.90174865722656,0.0,1.7485677003860474,0.0,16.863445281982422,0.00019995308478165872,3.577667894677133,97.46098637580872,0.1,0.1,0.1,2.0
395,1753489384.4377997,graph,17.754289627075195,0.0,0.9020125269889832,0.0,8.83204460144043,0.00019995284695473208,3.9630969253736983,97.71331429481506,0.1,0.1,0.1,2.0
396,1753489384.624605,node,12.380913734436035,0.0034120117779821157,0.0,123.80572509765625,0.0,0.0001999526085266673,5.353168657261224,97.90011954307556,1.0,1.0,1.0,1.0
397,1753489384.8715434,graph,26.12218475341797,0.0,1.168158769607544,0.0,13.002684593200684,0.0001999523694974658,4.049591835749492,98.14705801010132,0.1,0.1,0.1,2.0
398,1753489385.1345828,graph,38.080230712890625,0.0,0.918691098690033,0.0,18.99418067932129,0.00019995212986712913,3.8017125500898694,98.41009736061096,0.1,0.1,0.1,2.0
399,1753489385.3825207,graph,17.21563720703125,0.0,0.9985767602920532,0.0,8.557889938354492,0.00019995188963565873,4.033267719753406,98.65803527832031,0.1,0.1,0.1,2.0
400,1753489385.575329,node,0.3515433967113495,0.0033723022788763046,0.0,3.512061595916748,0.0,0.00019995164880305606,5.186496302076056,98.85084366798401,1.0,1.0,1.0,1.0
401,1753489385.8262587,graph,13.960405349731445,0.0,0.945399284362793,0.0,6.9329328536987305,0.00019995140736932265,3.9851815957623695,99.10177326202393,0.1,0.1,0.1,2.0
402,1753489386.0975318,graph,19.395689010620117,0.0,0.8999447822570801,0.0,9.652847290039062,0.00019995116533445993,3.68632152167073,99.37304639816284,0.1,0.1,0.1,2.0
403,1753489386.3709488,graph,15.51032829284668,0.0,0.898425817489624,0.0,7.710242748260498,0.00019995092269846945,3.657417112402053,99.64646339416504,0.1,0.1,0.1,2.0
404,1753489386.5713282,node,0.25714603066444397,0.0033313643652945757,0.0,2.568128824234009,0.0,0.00019995067946135267,4.99053366521824,99.8468427658081,1.0,1.0,1.0,1.0
405,1753489386.8329813,graph,16.73752784729004,0.0,1.0314055681228638,0.0,8.317193984985352,0.00019995043562311116,3.8218529631792886,100.10849595069885,0.1,0.1,0.1,2.0
406,1753489387.093104,graph,19.413270950317383,0.0,0.9819804430007935,0.0,9.657536506652832,0.0001999501911837463,3.8443420134863016,100.36861848831177,0.1,0.1,0.1,2.0
407,1753489387.3460717,graph,25.745737075805664,0.0,1.2894325256347656,0.0,12.80839729309082,0.0001999499461432597,3.953071749555147,100.62158632278442,0.1,0.1,0.1,2.0
408,1753489387.5410812,node,0.33782634139060974,0.003317279741168022,0.0,3.374946117401123,0.0,0.00019994970050165282,5.127956093988598,100.81659579277039,1.0,1.0,1.0,1.0
409,1753489387.7940784,graph,14.630643844604492,0.0,0.7305905818939209,0.0,7.278792381286621,0.0001999494542589272,3.952613539877133,101.06959295272827,0.1,0.1,0.1,2.0
410,1753489388.065429,graph,15.460768699645996,0.0,0.9305170178413391,0.0,7.683858394622803,0.00019994920741508437,3.6852688671826606,101.3409435749054,0.1,0.1,0.1,2.0
411,1753489388.31545,graph,10.919331550598145,0.0,0.827514111995697,0.0,5.418290138244629,0.00019994895997012586,3.9996643348107686,101.59096455574036,0.1,0.1,0.1,2.0
412,1753489388.4886446,node,0.40750712156295776,0.0035234035458415747,0.0,4.071547508239746,0.0,0.00019994871192405313,5.773850510234283,101.76415920257568,1.0,1.0,1.0,1.0
413,1753489388.7588835,graph,19.174245834350586,0.0,1.0552242994308472,0.0,9.534361839294434,0.0001999484632768678,3.700429832795748,102.03439807891846,0.1,0.1,0.1,2.0
414,1753489389.0075018,graph,18.713769912719727,0.0,0.8474181890487671,0.0,9.31451416015625,0.00019994821402857132,4.022229020283262,102.28301644325256,0.1,0.1,0.1,2.0
415,1753489389.2782822,graph,13.772889137268066,0.0,1.161987543106079,0.0,6.82834529876709,0.00019994796417916526,3.6930305044750757,102.55379676818848,0.1,0.1,0.1,2.0
416,1753489389.456863,node,0.9088910222053528,0.0033892421051859856,0.0,9.08552074432373,0.0,0.00019994771372865117,5.599707351719976,102.73237752914429,1.0,1.0,1.0,1.0
417,1753489389.7185051,graph,12.828235626220703,0.0,0.7903681993484497,0.0,6.374599456787109,0.0001999474626770306,3.8220131637578403,102.9940197467804,0.1,0.1,0.1,2.0
418,1753489389.9886403,graph,16.446992874145508,0.0,1.0325144529342651,0.0,8.171871185302734,0.00019994721102430506,3.701850526332512,103.26415491104126,0.1,0.1,0.1,2.0
419,1753489390.2576075,graph,17.639501571655273,0.0,0.8612844347953796,0.0,8.776686668395996,0.00019994695877047615,3.7179261255351777,103.5331220626831,0.1,0.1,0.1,2.0
420,1753489390.427807,node,0.36148977279663086,0.0037201952654868364,0.0,3.611177444458008,0.0,0.00019994670591554542,5.875453339478252,103.70332169532776,1.0,1.0,1.0,1.0
421,1753489390.689877,graph,18.00905990600586,0.0,1.013345718383789,0.0,8.953863143920898,0.0001999464524595144,3.815775276769217,103.96539163589478,0.1,0.1,0.1,2.0
422,1753489390.9497416,graph,13.769356727600098,0.0,1.362163782119751,0.0,6.816570281982422,0.0001999461984023847,3.8481583117039206,104.2252562046051,0.1,0.1,0.1,2.0
423,1753489391.2245374,graph,16.571510314941406,0.0,0.7636638283729553,0.0,8.24757194519043,0.00019994594374415784,3.63906619687882,104.50005197525024,0.1,0.1,0.1,2.0
424,1753489391.4030802,node,0.36447614431381226,0.003181948559358716,0.0,3.6415793895721436,0.0,0.00019994568848483537,5.600896292112175,104.67859482765198,1.0,1.0,1.0,1.0
425,1753489391.6667306,graph,21.4196834564209,0.0,1.2542911767959595,0.0,10.647127151489258,0.00019994543262441894,3.7929012596872935,104.94224524497986,0.1,0.1,0.1,2.0
426,1753489391.9222195,graph,15.218489646911621,0.0,0.8861961960792542,0.0,7.564935207366943,0.0001999451761629101,3.914064789221331,105.19773411750793,0.1,0.1,0.1,2.0
427,1753489392.195473,graph,18.44354248046875,0.0,0.9111405611038208,0.0,9.176214218139648,0.0001999449191003104,3.659606250021813,105.47098755836487,0.1,0.1,0.1,2.0
428,1753489392.3804164,node,0.647215723991394,0.0031509059481322765,0.0,6.469006538391113,0.0,0.00019994466143662148,5.407058574800602,105.65593099594116,1.0,1.0,1.0,1.0
429,1753489392.6341236,graph,11.489174842834473,0.0,0.9060045480728149,0.0,5.699287414550781,0.00019994440317184486,3.941551979325737,105.90963816642761,0.1,0.1,0.1,2.0
430,1753489392.8986037,graph,28.937301635742188,0.0,1.0605103969573975,0.0,14.41562557220459,0.00019994414430598223,3.7810026052230667,106.17411828041077,0.1,0.1,0.1,2.0
431,1753489393.1753104,graph,10.636273384094238,0.0,1.047395944595337,0.0,5.2657670974731445,0.00019994388483903506,3.6139349573321202,106.45082497596741,0.1,0.1,0.1,2.0
432,1753489393.357284,node,0.5735158324241638,0.003278573276475072,0.0,5.731879234313965,0.0,0.00019994362477100507,5.49529972368271,106.63279867172241,1.0,1.0,1.0,1.0
433,1753489393.626572,graph,11.707901000976562,0.0,0.8135401010513306,0.0,5.8132734298706055,0.00019994336410189377,3.713498749418978,106.90208649635315,0.1,0.1,0.1,2.0
434,1753489393.9017725,graph,10.990219116210938,0.0,1.0212397575378418,0.0,5.444047451019287,0.00019994310283170282,3.633712936691863,107.1772871017456,0.1,0.1,0.1,2.0
435,1753489394.163532,graph,11.628579139709473,0.0,1.3972028493881226,0.0,5.744429588317871,0.00019994284096043385,3.8203004101470173,107.43904662132263,0.1,0.1,0.1,2.0
436,1753489394.3553681,node,0.29142630100250244,0.003351409686729312,0.0,2.9109115600585938,0.0,0.00019994257848808842,5.2127826959094925,107.63088274002075,1.0,1.0,1.0,1.0
437,1753489394.6185656,graph,13.34457015991211,0.0,0.873112678527832,0.0,6.628629207611084,0.00019994231541466817,3.799429311641137,107.89408016204834,0.1,0.1,0.1,2.0
438,1753489394.896457,graph,14.68579387664795,0.0,0.9901379346847534,0.0,7.293390274047852,0.00019994205174017474,3.5985280907648765,108.17197155952454,0.1,0.1,0.1,2.0
439,1753489395.1434667,graph,13.778860092163086,0.0,0.8801069259643555,0.0,6.845424652099609,0.00019994178746460977,4.048423121248916,108.41898131370544,0.1,0.1,0.1,2.0
440,1753489395.32472,node,0.3845643103122711,0.0033574076369404793,0.0,3.842285633087158,0.0,0.00019994152258797485,5.517144131191704,108.6002345085144,1.0,1.0,1.0,1.0
441,1753489395.5842812,graph,13.41714859008789,0.0,0.9699766635894775,0.0,6.660075664520264,0.00019994125711027163,3.852654455537399,108.85979580879211,0.1,0.1,0.1,2.0
442,1753489395.8404078,graph,16.203861236572266,0.0,1.046278476715088,0.0,8.049616813659668,0.00019994099103150175,3.904318548450906,109.11592245101929,0.1,0.1,0.1,2.0
443,1753489396.0919693,graph,9.21513843536377,0.0,0.9065082669258118,0.0,4.562243938446045,0.00019994072435166682,3.975172609880346,109.36748385429382,0.1,0.1,0.1,2.0
444,1753489396.2811553,node,0.39804449677467346,0.0034208481665700674,0.0,3.9770243167877197,0.0,0.00019994045707076856,5.285800701697786,109.55666995048523,1.0,1.0,1.0,1.0
445,1753489396.5388343,graph,13.947064399719238,0.0,1.2617383003234863,0.0,6.910445213317871,0.00019994018918880854,3.8807976431923494,109.81434893608093,0.1,0.1,0.1,2.0
446,1753489396.8079565,graph,26.571889877319336,0.0,1.105219841003418,0.0,13.230684280395508,0.00019993992070578846,3.715785184003969,110.0834710597992,0.1,0.1,0.1,2.0
447,1753489397.085121,graph,12.881159782409668,0.0,1.1694326400756836,0.0,6.382108211517334,0.00019993965162170998,3.607966197338178,110.36063551902771,0.1,0.1,0.1,2.0
448,1753489397.278015,node,0.25549620389938354,0.003593964036554098,0.0,2.551368236541748,0.0,0.0001999393819365747,5.184194913578294,110.5535295009613,1.0,1.0,1.0,1.0
449,1753489397.52859,graph,11.729108810424805,0.0,0.8911674618721008,0.0,5.819995880126953,0.00019993911165038436,3.9908200664517577,110.8041045665741,0.1,0.1,0.1,2.0
450,1753489397.7941003,graph,10.261064529418945,0.0,0.7174609899520874,0.0,5.094659328460693,0.0001999388407631406,3.7663319358027927,111.06961488723755,0.1,0.1,0.1,2.0
451,1753489398.0482156,graph,20.009841918945312,0.0,1.1878843307495117,0.0,9.945527076721191,0.00019993856927484505,3.935220863978263,111.32373023033142,0.1,0.1,0.1,2.0
452,1753489398.2323062,node,5.421337127685547,0.0033796336501836777,0.0,54.209991455078125,0.0,0.00019993829718549944,5.4321074634906985,111.50782084465027,1.0,1.0,1.0,1.0
453,1753489398.5104046,graph,17.480037689208984,0.0,0.8650684356689453,0.0,8.696765899658203,0.00019993802449510542,3.5958502403489625,111.78591918945312,0.1,0.1,0.1,2.0
454,1753489398.7655027,graph,12.670843124389648,0.0,0.9779962301254272,0.0,6.286521911621094,0.00019993775120366467,3.920060488299084,112.04101729393005,0.1,0.1,0.1,2.0
455,1753489399.0300941,graph,11.460983276367188,0.0,1.0418345928192139,0.0,5.678400039672852,0.00019993747731117888,3.7794115394354,112.30560874938965,0.1,0.1,0.1,2.0
456,1753489399.1990843,node,0.36530598998069763,0.0033232364803552628,0.0,3.6497366428375244,0.0,0.00019993720281764977,5.917505177794457,112.47459888458252,1.0,1.0,1.0,1.0
457,1753489399.4711616,graph,12.92989444732666,0.0,0.8907160758972168,0.0,6.420411586761475,0.000199936927723079,3.6754257673012467,112.74667620658875,0.1,0.1,0.1,2.0
458,1753489399.7232363,graph,16.140687942504883,0.0,1.297262191772461,0.0,8.005480766296387,0.00019993665202746826,3.9670777222263207,112.99875092506409,0.1,0.1,0.1,2.0
459,1753489399.9938307,graph,10.205121994018555,0.0,1.1511759757995605,0.0,5.045001983642578,0.00019993637573081927,3.695568546770577,113.2693452835083,0.1,0.1,0.1,2.0
460,1753489400.1804564,node,0.2296125590801239,0.0033726426772773266,0.0,2.292752981185913,0.0,0.00019993609883313374,5.358318269212344,113.45597100257874,1.0,1.0,1.0,1.0
461,1753489400.443817,graph,8.825987815856934,0.0,1.1204771995544434,0.0,4.356969833374023,0.0001999358213344133,3.797076625862066,113.71933150291443,0.1,0.1,0.1,2.0
462,1753489400.7221901,graph,11.538647651672363,0.0,1.0491878986358643,0.0,5.716864585876465,0.0001999355432346598,3.5922992988929257,113.99770474433899,0.1,0.1,0.1,2.0
463,1753489400.9835136,graph,14.11047077178955,0.0,1.1751790046691895,0.0,6.996476650238037,0.00019993526453387486,3.8266753035846253,114.25902819633484,0.1,0.1,0.1,2.0
464,1753489401.171652,node,0.3618934452533722,0.0032772840932011604,0.0,3.615657091140747,0.0,0.00019993498523206022,5.3152336176198505,114.44716668128967,1.0,1.0,1.0,1.0
465,1753489401.4404445,graph,12.98476791381836,0.0,1.1087779998779297,0.0,6.436944961547852,0.00019993470532921759,3.7203434105288555,114.71595907211304,0.1,0.1,0.1,2.0
466,1753489401.6985173,graph,14.595833778381348,0.0,1.0058717727661133,0.0,7.247623443603516,0.00019993442482534873,3.87487481938886,114.97403192520142,0.1,0.1,0.1,2.0
467,1753489401.9650226,graph,18.096651077270508,0.0,1.1846449375152588,0.0,8.989092826843262,0.00019993414372045535,3.7522714178872145,115.24053716659546,0.1,0.1,0.1,2.0
468,1753489402.146432,node,0.6236274242401123,0.003119018627330661,0.0,6.233155250549316,0.0,0.00019993386201453916,5.512394760844594,115.42194652557373,1.0,1.0,1.0,1.0
469,1753489402.425136,graph,12.108691215515137,0.0,0.8508283495903015,0.0,6.011804103851318,0.00019993357970760198,3.5880339101944445,115.70065069198608,0.1,0.1,0.1,2.0
470,1753489402.688325,graph,11.895975112915039,0.0,0.9132792353630066,0.0,5.9023237228393555,0.00019993329679964545,3.7995532179720155,115.96383953094482,0.1,0.1,0.1,2.0
471,1753489402.951648,graph,9.322306632995605,0.0,0.8068829774856567,0.0,4.620809078216553,0.0001999330132906714,3.7976163852463247,116.2271625995636,0.1,0.1,0.1,2.0
472,1753489403.135331,node,0.316330224275589,0.003396197222173214,0.0,3.1599059104919434,0.0,0.0001999327291806815,5.444164367061169,116.41084551811218,1.0,1.0,1.0,1.0
473,1753489403.3881853,graph,15.481751441955566,0.0,0.9358534812927246,0.0,7.694083213806152,0.00019993244446967756,3.95484598528308,116.66369986534119,0.1,0.1,0.1,2.0
474,1753489403.6620152,graph,11.946121215820312,0.0,1.3909180164337158,0.0,5.903514862060547,0.0001999321591576613,3.6519016548166956,116.93752980232239,0.1,0.1,0.1,2.0
475,1753489403.9211829,graph,14.1852388381958,0.0,1.1464124917984009,0.0,7.035298824310303,0.00019993187324463454,3.85850594464908,117.196697473526,0.1,0.1,0.1,2.0
476,1753489404.1047144,node,0.3155999481678009,0.003240508958697319,0.0,3.152759075164795,0.0,0.00019993158673059898,5.4486552773689345,117.38022899627686,1.0,1.0,1.0,1.0
477,1753489404.3709836,graph,8.544519424438477,0.0,0.9274688959121704,0.0,4.225886344909668,0.0001999312996155564,3.7555976196573466,117.64649820327759,0.1,0.1,0.1,2.0
478,1753489404.633246,graph,12.004916191101074,0.0,1.0043213367462158,0.0,5.952241897583008,0.00019993101189950862,3.812975905629777,117.90876054763794,0.1,0.1,0.1,2.0
479,1753489404.8856282,graph,21.107452392578125,0.0,1.243354320526123,0.0,10.491558074951172,0.00019993072358245734,3.9622433325020214,118.16114282608032,0.1,0.1,0.1,2.0
480,1753489405.0832288,node,0.17134207487106323,0.003320158226415515,0.0,1.710100531578064,0.0,0.00019993043466440437,5.060713298913968,118.35874342918396,1.0,1.0,1.0,1.0
481,1753489405.343912,graph,14.350459098815918,0.0,1.521268367767334,0.0,7.099165916442871,0.0001999301451453515,3.836075889166112,118.61942648887634,0.1,0.1,0.1,2.0
482,1753489405.6134684,graph,10.227616310119629,0.0,0.8136559724807739,0.0,5.07312536239624,0.00019992985502530056,3.7097970815547825,118.88898301124573,0.1,0.1,0.1,2.0
483,1753489405.8632956,graph,19.49665641784668,0.0,1.4040608406066895,0.0,9.678125381469727,0.00019992956430425326,4.002767569053233,119.13881015777588,0.1,0.1,0.1,2.0
484,1753489406.0667298,node,0.3951164186000824,0.003259403631091118,0.0,3.947904586791992,0.0,0.0001999292729822114,4.915593631521274,119.34224438667297,1.0,1.0,1.0,1.0
485,1753489406.3181717,graph,21195.57421875,0.0,1.4033143520355225,0.0,10597.716796875,0.00019992898105917684,3.9770610189034197,119.59368634223938,0.1,0.1,0.1,2.0
486,1753489406.5799558,graph,11.762024879455566,0.0,0.7013067007064819,0.0,5.845947265625,0.00019992868853515133,3.819942040178433,119.85547041893005,0.1,0.1,0.1,2.0
487,1753489406.8218262,graph,13.618206024169922,0.0,0.9662737250328064,0.0,6.760789394378662,0.00019992839541013667,4.134445498078815,120.09734082221985,0.1,0.1,0.1,2.0
488,1753489407.022033,node,0.15232495963573456,0.0032055769115686417,0.0,1.5200440883636475,0.0,0.0001999281016841347,4.994836423222758,120.29754757881165,1.0,1.0,1.0,1.0
489,1753489407.2860224,graph,9.114052772521973,0.0,0.7901567220687866,0.0,4.517518520355225,0.0001999278073571472,3.7880301864435557,120.56153702735901,0.1,0.1,0.1,2.0
490,1753489407.543727,graph,9.602960586547852,0.0,0.9451847672462463,0.0,4.754220962524414,0.00019992751242917602,3.8804134736990132,120.81924152374268,0.1,0.1,0.1,2.0
491,1753489407.8015034,graph,13.029181480407715,0.0,0.989580512046814,0.0,6.46511173248291,0.00019992721690022296,3.8793295924039466,121.07701802253723,0.1,0.1,0.1,2.0
492,1753489408.0189216,node,0.24619121849536896,0.003287763334810734,0.0,2.4586243629455566,0.0,0.00019992692077028986,4.599431089198809,121.29443621635437,1.0,1.0,1.0,1.0
493,1753489408.2964003,graph,7.127522945404053,0.0,0.8149583339691162,0.0,3.5230135917663574,0.0001999266240393785,3.6038802917951935,121.57191491127014,0.1,0.1,0.1,2.0
494,1753489408.5776556,graph,11.664985656738281,0.0,1.132214903831482,0.0,5.775882244110107,0.00019992632670749074,3.555489246992803,121.85317015647888,0.1,0.1,0.1,2.0
495,1753489408.833965,graph,9.895849227905273,0.0,1.0238991975784302,0.0,4.896729469299316,0.00019992602877462844,3.9015329662152105,122.10947966575623,0.1,0.1,0.1,2.0
496,1753489409.0055246,node,14.482084274291992,0.0033885897137224674,0.0,144.8174591064453,0.0,0.00019992573024079342,5.82887907133814,122.28103923797607,1.0,1.0,1.0,1.0
497,1753489409.269846,graph,14.508678436279297,0.0,1.275650978088379,0.0,7.190556526184082,0.0001999254311059875,3.7832739815486307,122.54536056518555,0.1,0.1,0.1,2.0
498,1753489409.517044,graph,11.10511302947998,0.0,0.9835503101348877,0.0,5.503378868103027,0.00019992513137021253,4.045338456671527,122.79255867004395,0.1,0.1,0.1,2.0
499,1753489409.7830946,graph,9.837154388427734,0.0,0.9613161683082581,0.0,4.870511531829834,0.00019992483103347037,3.758683821177044,123.05860924720764,0.1,0.1,0.1,2.0
500,1753489409.976289,node,0.26634424924850464,0.003160992870107293,0.0,2.660281181335449,0.0,0.00019992453009576286,5.176133755226356,123.2518036365509,1.0,1.0,1.0,1.0
501,1753489421.6812701,graph,11.114100456237793,0.0,1.0196388959884644,0.0,5.506068229675293,0.0001999242285570919,0.08543371342741184,134.9567847251892,0.1,0.1,0.1,2.0
502,1753489421.9551294,graph,11.911933898925781,0.0,1.0945327281951904,0.0,5.901240348815918,0.0001999239264174593,3.6515106007144045,135.23064398765564,0.1,0.1,0.1,2.0
503,1753489422.2416542,graph,11.241724014282227,0.0,1.469365119934082,0.0,5.547393798828125,0.00019992362367686698,3.4900996195617804,135.51716876029968,0.1,0.1,0.1,2.0
504,1753489422.4496374,node,0.3846472501754761,0.0035309658851474524,0.0,3.8429415225982666,0.0,0.00019992332033531672,4.808079372266707,135.72515201568604,1.0,1.0,1.0,1.0
505,1753489422.7036064,graph,5.913887023925781,0.0,1.005598545074463,0.0,2.906663656234741,0.00019992301639281047,3.9374891454653156,135.97912096977234,0.1,0.1,0.1,2.0
506,1753489422.9644592,graph,9.437088966369629,0.0,1.0120112895965576,0.0,4.667943954467773,0.00019992271184935006,3.8335795030783406,136.23997378349304,0.1,0.1,0.1,2.0
507,1753489423.2288299,graph,11.241636276245117,0.0,0.9067038297653198,0.0,5.5754828453063965,0.00019992240670493742,3.7825677210012887,136.5043444633484,0.1,0.1,0.1,2.0
508,1753489423.4310203,node,0.6733213067054749,0.003419717540964484,0.0,6.729793548583984,0.0,0.00019992210095957436,4.945833254721431,136.7065348625183,1.0,1.0,1.0,1.0
509,1753489423.6891851,graph,11.010136604309082,0.0,1.1553425788879395,0.0,5.447301387786865,0.00019992179461326282,3.873493519710534,136.96469974517822,0.1,0.1,0.1,2.0
510,1753489423.953747,graph,7.176141738891602,0.0,0.8354979157447815,0.0,3.5462958812713623,0.00019992148766600465,3.779833875995469,137.229261636734,0.1,0.1,0.1,2.0
511,1753489424.2042375,graph,9.989961624145508,0.0,0.8004340529441833,0.0,4.954958915710449,0.0001999211801178018,3.992168530780967,137.47975206375122,0.1,0.1,0.1,2.0
512,1753489424.377995,node,0.7449659109115601,0.003340428229421377,0.0,7.446318626403809,0.0,0.0001999208719686561,5.75514550104831,137.6535096168518,1.0,1.0,1.0,1.0
513,1753489424.6444645,graph,9.125332832336426,0.0,1.2052586078643799,0.0,4.502403259277344,0.00019992056321856952,3.7527750090815224,137.91997909545898,0.1,0.1,0.1,2.0
514,1753489424.9139037,graph,10.587125778198242,0.0,1.1921160221099854,0.0,5.233957290649414,0.0001999202538675439,3.7114121634177204,138.18941831588745,0.1,0.1,0.1,2.0
515,1753489425.16923,graph,6.958286762237549,0.0,0.8068568706512451,0.0,3.438800573348999,0.00019991994391558118,3.9165574144003825,138.44474458694458,0.1,0.1,0.1,2.0
516,1753489425.341265,node,5.203163146972656,0.003532049246132374,0.0,52.028099060058594,0.0,0.00019991963336268324,5.812771371196299,138.61677956581116,1.0,1.0,1.0,1.0
517,1753489425.6060438,graph,10.229564666748047,0.0,0.9827518463134766,0.0,5.06564474105835,0.00019991932220885206,3.776736664196448,138.88155841827393,0.1,0.1,0.1,2.0
518,1753489425.8891943,graph,10.296782493591309,0.0,0.7607570886611938,0.0,5.110353469848633,0.0001999190104540895,3.5316915610140964,139.16470885276794,0.1,0.1,0.1,2.0
519,1753489426.164361,graph,7.090214729309082,0.0,0.8854177594184875,0.0,3.5008363723754883,0.00019991869809839752,3.6341600144870654,139.43987560272217,0.1,0.1,0.1,2.0
520,1753489426.3544893,node,0.30665457248687744,0.003394848434254527,0.0,3.0631508827209473,0.0,0.00019991838514177805,5.25960554563512,139.63000392913818,1.0,1.0,1.0,1.0
521,1753489426.6228251,graph,8.147448539733887,0.0,1.0010160207748413,0.0,4.0236735343933105,0.000199918071584233,3.7266735496436194,139.89833974838257,0.1,0.1,0.1,2.0
522,1753489426.8837268,graph,6.514108657836914,0.0,0.7553917765617371,0.0,3.219284772872925,0.00019991775742576428,3.8328613425373823,140.159241437912,0.1,0.1,0.1,2.0
523,1753489427.16264,graph,10.152193069458008,0.0,1.1315311193466187,0.0,5.019519805908203,0.00019991744266637386,3.5853440663608147,140.4381546974182,0.1,0.1,0.1,2.0
524,1753489427.3426344,node,0.34355297684669495,0.0031976362224668264,0.0,3.4323322772979736,0.0,0.0001999171273060637,5.555730106987076,140.61814904212952,1.0,1.0,1.0,1.0
525,1753489427.6017914,graph,7.971870422363281,0.0,0.8205305337905884,0.0,3.944908618927002,0.0001999168113448357,3.8586656829039643,140.87730598449707,0.1,0.1,0.1,2.0
526,1753489427.8625631,graph,8.581087112426758,0.0,0.753291130065918,0.0,4.2528791427612305,0.00019991649478269186,3.8347711921123175,141.13807773590088,0.1,0.1,0.1,2.0
527,1753489428.1523361,graph,9.568890571594238,0.0,0.9606438279151917,0.0,4.73641300201416,0.00019991617761963408,3.450977294643063,141.4278507232666,0.1,0.1,0.1,2.0
528,1753489428.3440213,node,0.5675827264785767,0.003412110498175025,0.0,5.672414779663086,0.0,0.00019991585985566434,5.216886861214001,141.61953592300415,1.0,1.0,1.0,1.0
529,1753489428.6081269,graph,8.26637077331543,0.0,1.2113800048828125,0.0,4.0726165771484375,0.0001999155414907846,3.786364838648815,141.88364148139954,0.1,0.1,0.1,2.0
530,1753489428.863234,graph,10.99733829498291,0.0,0.8807497024536133,0.0,5.454631805419922,0.00019991522252499686,3.9199212708073015,142.13874864578247,0.1,0.1,0.1,2.0
531,1753489429.1314487,graph,11.727031707763672,0.0,1.0228534936904907,0.0,5.812373161315918,0.00019991490295830303,3.7283563886809827,142.40696334838867,0.1,0.1,0.1,2.0
532,1753489429.3012922,node,0.7703365683555603,0.003580167656764388,0.0,7.699785232543945,0.0,0.00019991458279070508,5.887775399192841,142.57680678367615,1.0,1.0,1.0,1.0
533,1753489429.5847642,graph,11.170550346374512,0.0,0.9534189105033875,0.0,5.537604331970215,0.00019991426202220502,3.5276845129557732,142.86027884483337,0.1,0.1,0.1,2.0
534,1753489429.8374043,graph,11.298025131225586,0.0,0.9642776250839233,0.0,5.600798606872559,0.00019991394065280483,3.95820125343392,143.11291885375977,0.1,0.1,0.1,2.0
535,1753489430.1043491,graph,8.570714950561523,0.0,0.8929328918457031,0.0,4.240710735321045,0.00019991361868250645,3.7460916287976223,143.37986373901367,0.1,0.1,0.1,2.0
536,1753489430.2913888,node,0.27236923575401306,0.003260329831391573,0.0,2.7204318046569824,0.0,0.00019991329611131192,5.346460998775018,143.56690335273743,1.0,1.0,1.0,1.0
537,1753489430.559255,graph,8.160340309143066,0.0,0.6755161285400391,0.0,4.046394348144531,0.0001999129729392232,3.7332080120194533,143.83476948738098,0.1,0.1,0.1,2.0
538,1753489430.821503,graph,9.288262367248535,0.0,1.048278570175171,0.0,4.59171724319458,0.00019991264916624228,3.813183895965991,144.0970175266266,0.1,0.1,0.1,2.0
539,1753489431.0901353,graph,7.485153675079346,0.0,0.8703384399414062,0.0,3.6990599632263184,0.0001999123247923712,3.722558989497003,144.36564993858337,0.1,0.1,0.1,2.0
540,1753489431.2748024,node,0.789365291595459,0.0030537531711161137,0.0,7.890599250793457,0.0,0.0001999119998176119,5.415149441611258,144.5503170490265,1.0,1.0,1.0,1.0
541,1753489431.5270758,graph,8.823390007019043,0.0,1.2473790645599365,0.0,4.349326133728027,0.00019991167424196642,3.9639546323589867,144.80259037017822,0.1,0.1,0.1,2.0
542,1753489431.7894666,graph,12.628585815429688,0.0,0.9498797655105591,0.0,6.266798973083496,0.00019991134806543676,3.811108476057815,145.0649812221527,0.1,0.1,0.1,2.0
543,1753489432.055496,graph,8.959707260131836,0.0,0.9533101320266724,0.0,4.432188034057617,0.00019991102128802496,3.75898362442284,145.33101058006287,0.1,0.1,0.1,2.0
544,1753489432.2536547,node,0.2939890921115875,0.0032188796903938055,0.0,2.9366719722747803,0.0,0.00019991069390973298,5.046459192095657,145.52916932106018,1.0,1.0,1.0,1.0
545,1753489432.499289,graph,14.915306091308594,0.0,1.0766310691833496,0.0,7.4038214683532715,0.0001999103659305629,4.071092388851412,145.77480363845825,0.1,0.1,0.1,2.0
546,1753489432.7720246,graph,5.7393083572387695,0.0,0.9664847254753113,0.0,2.8213298320770264,0.00019991003735051667,3.6665547722949534,146.04753923416138,0.1,0.1,0.1,2.0
547,1753489433.0463476,graph,12.153000831604004,0.0,0.9018581509590149,0.0,6.031407356262207,0.00019990970816959638,3.645337973255553,146.32186222076416,0.1,0.1,0.1,2.0
548,1753489433.259794,node,0.2113082855939865,0.0032600730191916227,0.0,2.1098227500915527,0.0,0.00019990937838780404,4.685017408370092,146.53530859947205,1.0,1.0,1.0,1.0
549,1753489433.5172882,graph,5.764425277709961,0.0,0.7812545299530029,0.0,2.8431499004364014,0.00019990904800514168,3.883582451627718,146.79280281066895,0.1,0.1,0.1,2.0
550,1753489433.7812855,graph,6.492608070373535,0.0,1.0565139055252075,0.0,3.1934783458709717,0.00019990871702161133,3.7879172931991314,147.05680012702942,0.1,0.1,0.1,2.0
551,1753489434.0311208,graph,10.090770721435547,0.0,0.9935927987098694,0.0,4.995705604553223,0.00019990838543721505,4.002637694021768,147.30663537979126,0.1,0.1,0.1,2.0
552,1753489434.2130058,node,0.3562442362308502,0.003186082001775503,0.0,3.559256076812744,0.0,0.00019990805325195485,5.497979370308082,147.48852038383484,1.0,1.0,1.0,1.0
553,1753489434.4626634,graph,6.988327503204346,0.0,0.6381534337997437,0.0,3.4622561931610107,0.0001999077204658328,4.005485417422694,147.73817801475525,0.1,0.1,0.1,2.0
554,1753489434.7248814,graph,5.861151218414307,0.0,1.0104289054870605,0.0,2.880054235458374,0.000199907387078851,3.8136207495394707,148.0003960132599,0.1,0.1,0.1,2.0
555,1753489434.9841778,graph,7.236358165740967,0.0,0.9847848415374756,0.0,3.5689399242401123,0.00019990705309101141,3.8565901166639693,148.25969243049622,0.1,0.1,0.1,2.0
556,1753489435.1692834,node,0.4186123311519623,0.0032181437127292156,0.0,4.182905197143555,0.0,0.00019990671850231618,5.402322804676522,148.4447979927063,1.0,1.0,1.0,1.0
557,1753489435.4280865,graph,7.632589817047119,0.0,0.8187795877456665,0.0,3.775355815887451,0.00019990638331276734,3.8639409156526168,148.70360112190247,0.1,0.1,0.1,2.0
558,1753489435.697202,graph,10.06270694732666,0.0,1.183849811553955,0.0,4.972160816192627,0.00019990604752236698,3.71587735835684,148.9727165699005,0.1,0.1,0.1,2.0
559,1753489435.9509284,graph,11.251641273498535,0.0,1.111737608909607,0.0,5.5702338218688965,0.00019990571113111713,3.9412519756513307,149.22644305229187,0.1,0.1,0.1,2.0
560,1753489436.142628,node,0.7550510764122009,0.003559824312105775,0.0,7.5469512939453125,0.0,0.00019990537413901987,5.216497563572234,149.41814255714417,1.0,1.0,1.0,1.0
561,1753489436.4091353,graph,6.7444353103637695,0.0,0.7655354142189026,0.0,3.3339409828186035,0.0001999050365460773,3.7522412067134665,149.68464994430542,0.1,0.1,0.1,2.0
562,1753489436.6833797,graph,9.2715425491333,0.0,1.0526585578918457,0.0,4.583138465881348,0.0001999046983522915,3.6463837866785362,149.9588942527771,0.1,0.1,0.1,2.0
563,1753489436.947355,graph,5.578849792480469,0.0,0.9250887036323547,0.0,2.7431704998016357,0.00019990435955766456,3.788232042652004,150.2228696346283,0.1,0.1,0.1,2.0
564,1753489437.137349,node,0.5753864049911499,0.003294059308245778,0.0,5.750569820404053,0.0,0.00019990402016219853,5.263328029394197,150.4128634929657,1.0,1.0,1.0,1.0
565,1753489437.4163523,graph,6.158105850219727,0.0,0.8468728065490723,0.0,3.0367093086242676,0.00019990368016589553,3.584185947146916,150.69186687469482,0.1,0.1,0.1,2.0
566,1753489437.6831303,graph,4.416046142578125,0.0,0.7580022811889648,0.0,2.1701228618621826,0.0001999033395687577,3.7484351372896687,150.95864486694336,0.1,0.1,0.1,2.0
567,1753489437.9495387,graph,10.049043655395508,0.0,1.352250576019287,0.0,4.9569091796875,0.00019990299837078707,3.753634783667055,151.2250533103943,0.1,0.1,0.1,2.0
568,1753489438.133489,node,0.33029818534851074,0.003416658379137516,0.0,3.299565315246582,0.0,0.00019990265657198576,5.436254363010227,151.40900349617004,1.0,1.0,1.0,1.0
569,1753489438.4086287,graph,6.875284194946289,0.0,0.7814600467681885,0.0,3.398569107055664,0.00019990231417235592,3.6345158662761476,151.68414330482483,0.1,0.1,0.1,2.0
570,1753489438.6697876,graph,6.8372626304626465,0.0,0.9422867298126221,0.0,3.3715169429779053,0.00019990197117189968,3.8290857967098177,151.9453022480011,0.1,0.1,0.1,2.0
571,1753489438.9420848,graph,6.626463890075684,0.0,0.826391339302063,0.0,3.2719123363494873,0.00019990162757061903,3.6724586440556277,152.21759939193726,0.1,0.1,0.1,2.0
572,1753489439.1098635,node,0.34691452980041504,0.0032964155543595552,0.0,3.465848922729492,0.0,0.00019990128336851623,5.960231059448782,152.3853781223297,1.0,1.0,1.0,1.0
573,1753489439.382335,graph,8.312529563903809,0.0,0.785650372505188,0.0,4.116982460021973,0.00019990093856559333,3.6701095877944887,152.6578495502472,0.1,0.1,0.1,2.0
574,1753489439.631288,graph,7.124477863311768,0.0,0.7887775897979736,0.0,3.5227999687194824,0.00019990059316185246,4.016820774096544,152.90680265426636,0.1,0.1,0.1,2.0
575,1753489439.899546,graph,7.215132236480713,0.0,1.0037074089050293,0.0,3.5573806762695312,0.00019990024715729578,3.7277566201989947,153.17506051063538,0.1,0.1,0.1,2.0
576,1753489440.0657732,node,0.3436877727508545,0.0034240134991705418,0.0,3.4334537982940674,0.0,0.00019989990055192542,6.015857534623814,153.34128785133362,1.0,1.0,1.0,1.0
577,1753489440.3534813,graph,4.917971134185791,0.0,0.8745067119598389,0.0,2.4152603149414062,0.00019989955334574348,3.475745710532967,153.62899589538574,0.1,0.1,0.1,2.0
578,1753489440.620093,graph,6.363832473754883,0.0,1.2184754610061646,0.0,3.120992422103882,0.00019989920553875213,3.750771517306937,153.89560770988464,0.1,0.1,0.1,2.0
579,1753489440.8907545,graph,8.048948287963867,0.0,1.2686190605163574,0.0,3.961043119430542,0.00019989885713095354,3.6946537988576824,154.16626906394958,0.1,0.1,0.1,2.0
580,1753489441.06107,node,0.2037484049797058,0.0032967820297926664,0.0,2.0341873168945312,0.0,0.00019989850812234978,5.87145606876133,154.33658456802368,1.0,1.0,1.0,1.0
581,1753489441.3479455,graph,3.9502806663513184,0.0,0.9932971596717834,0.0,1.9254754781723022,0.0001998981585129431,3.4858328700021524,154.62346005439758,0.1,0.1,0.1,2.0
582,1753489441.6029139,graph,5.9634199142456055,0.0,0.9079521894454956,0.0,2.936312437057495,0.00019989780830273558,3.922054581243016,154.87842845916748,0.1,0.1,0.1,2.0
583,1753489441.8635602,graph,7.451233863830566,0.0,2.3893749713897705,0.0,3.6061482429504395,0.0001998974574917294,3.836616265561684,155.13907480239868,0.1,0.1,0.1,2.0
584,1753489442.0455134,node,0.30977800488471985,0.00317211402580142,0.0,3.0946078300476074,0.0,0.00019989710607992678,5.4959189797252765,155.32102799415588,1.0,1.0,1.0,1.0
585,1753489442.321442,graph,7.268275737762451,0.0,0.926719069480896,0.0,3.587801933288574,0.00019989675406732982,3.624127300125807,155.59695649147034,0.1,0.1,0.1,2.0
586,1753489442.5705702,graph,7.772704601287842,0.0,1.1548577547073364,0.0,3.8286094665527344,0.0001998964014539407,4.013995329786012,155.84608483314514,0.1,0.1,0.1,2.0
587,1753489442.8423223,graph,7.955637454986572,0.0,1.0065183639526367,0.0,3.92749285697937,0.00019989604823976166,3.679824111190364,156.11783695220947,0.1,0.1,0.1,2.0
588,1753489443.0137086,node,0.7809009552001953,0.0034519110340625048,0.0,7.805557727813721,0.0,0.0001998956944247948,5.834774068437468,156.28922319412231,1.0,1.0,1.0,1.0
589,1753489443.2706432,graph,6.335975170135498,0.0,1.0451676845550537,0.0,3.1157290935516357,0.00019989534000904233,3.892040361449137,156.54615783691406,0.1,0.1,0.1,2.0
590,1753489443.5414522,graph,5.712841987609863,0.0,0.716943621635437,0.0,2.8205738067626953,0.00019989498499250647,3.6926403458187886,156.81696677207947,0.1,0.1,0.1,2.0
591,1753489443.812656,graph,5.7303667068481445,0.0,0.9560219645500183,0.0,2.817382335662842,0.00019989462937518933,3.6872645627163165,157.08817052841187,0.1,0.1,0.1,2.0
592,1753489444.0156958,node,0.9855771660804749,0.0031904885545372963,0.0,9.852581024169922,0.0,0.00019989427315709318,4.925140703912937,157.29121041297913,1.0,1.0,1.0,1.0
593,1753489444.274946,graph,8.543733596801758,0.0,0.937447190284729,0.0,4.224994659423828,0.00019989391633822018,3.8572781765979323,157.5504605770111,0.1,0.1,0.1,2.0
594,1753489444.5430486,graph,7.152270317077637,0.0,1.080159068107605,0.0,3.522127151489258,0.00019989355891857254,3.7299147001700304,157.81856322288513,0.1,0.1,0.1,2.0
595,1753489444.8028777,graph,6.45749568939209,0.0,1.3445792198181152,0.0,3.1615188121795654,0.00019989320089815245,3.8486844399257847,158.07839226722717,0.1,0.1,0.1,2.0
596,1753489444.993169,node,14.464441299438477,0.0032771029509603977,0.0,144.64112854003906,0.0,0.00019989284227696214,5.255098103089684,158.2686836719513,1.0,1.0,1.0,1.0
597,1753489445.238719,graph,6.1441779136657715,0.0,0.8852514028549194,0.0,3.0278263092041016,0.00019989248305500384,4.07249170073919,158.51423358917236,0.1,0.1,0.1,2.0
598,1753489445.5196748,graph,5.372781276702881,0.0,0.8264353275299072,0.0,2.645068883895874,0.00019989212323227973,3.5592788273051745,158.79518938064575,0.1,0.1,0.1,2.0
599,1753489445.7680767,graph,5.257205486297607,0.0,0.7044117450714111,0.0,2.5933821201324463,0.00019989176280879204,4.025734422525586,159.04359126091003,0.1,0.1,0.1,2.0
600,1753489445.9702318,node,0.45809611678123474,0.0031719612888991833,0.0,4.577789306640625,0.0,0.00019989140178454297,4.946696544403821,159.24574637413025,1.0,1.0,1.0,1.0
601,1753489446.2229846,graph,4.497679710388184,0.0,1.0402617454528809,0.0,2.196826696395874,0.0001998910401595348,3.9564352027408165,159.49849915504456,0.1,0.1,0.1,2.0
602,1753489446.4815912,graph,5.648745536804199,0.0,0.814186155796051,0.0,2.783663511276245,0.00019989067793376974,3.8668762532555836,159.75710582733154,0.1,0.1,0.1,2.0
603,1753489446.7339847,graph,6.5149922370910645,0.0,1.0236992835998535,0.0,3.2063112258911133,0.00019989031510725,3.9620674182776554,160.00949931144714,0.1,0.1,0.1,2.0
604,1753489446.9074457,node,0.24994494020938873,0.0034019772429019213,0.0,2.4960474967956543,0.0,0.00019988995167997782,5.7649859528168585,160.18296027183533,1.0,1.0,1.0,1.0
605,1753489447.175166,graph,7.232203483581543,0.0,1.4342777729034424,0.0,3.5443878173828125,0.00019988958765195547,3.7352426752159587,160.45068049430847,0.1,0.1,0.1,2.0
606,1753489447.4599788,graph,6.035145282745361,0.0,0.9079223871231079,0.0,2.9721765518188477,0.00019988922302318518,3.5110765851437145,160.73549342155457,0.1,0.1,0.1,2.0
607,1753489447.7146044,graph,5.4518327713012695,0.0,0.6439355611801147,0.0,2.6937196254730225,0.0001998888577936692,3.927335513779791,160.99011898040771,0.1,0.1,0.1,2.0
608,1753489447.9130082,node,0.23079131543636322,0.003126818686723709,0.0,2.304786205291748,0.0,0.00019988849196340977,5.040225147386459,161.18852281570435,1.0,1.0,1.0,1.0
609,1753489448.1921349,graph,5.902863502502441,0.0,0.9610253572463989,0.0,2.9033803939819336,0.00019988812553240916,3.5826031696138005,161.46764945983887,0.1,0.1,0.1,2.0
610,1753489448.4489932,graph,3.6290323734283447,0.0,0.7956711649894714,0.0,1.7747325897216797,0.00019988775850066963,3.8931964037418014,161.7245078086853,0.1,0.1,0.1,2.0
611,1753489448.7140508,graph,9.282251358032227,0.0,1.2551517486572266,0.0,4.578368186950684,0.00019988739086819346,3.772765378706379,161.98956537246704,0.1,0.1,0.1,2.0
612,1753489448.9086761,node,2.333193302154541,0.0032464226242154837,0.0,23.328685760498047,0.0,0.0001998870226349829,5.1380760928951705,162.18419075012207,1.0,1.0,1.0,1.0
613,1753489449.17063,graph,7.239542484283447,0.0,1.1157201528549194,0.0,3.5639853477478027,0.0001998866538010402,3.817466601863633,162.44614458084106,0.1,0.1,0.1,2.0
614,1753489449.426782,graph,6.059229373931885,0.0,1.0220470428466797,0.0,2.9785122871398926,0.00019988628436636767,3.9039333419584707,162.70229649543762,0.1,0.1,0.1,2.0
615,1753489449.6834977,graph,6.13010835647583,0.0,0.8349654674530029,0.0,3.023305892944336,0.0001998859143309676,3.8953585996299958,162.95901226997375,0.1,0.1,0.1,2.0
616,1753489449.8718793,node,0.2728084325790405,0.003265068866312504,0.0,2.7248191833496094,0.0,0.00019988554369484223,5.308372040044043,163.14739394187927,1.0,1.0,1.0,1.0
617,1753489450.135947,graph,3.584556818008423,0.0,0.6604831218719482,0.0,1.7592542171478271,0.00019988517245799386,3.786908394878925,163.41146159172058,0.1,0.1,0.1,2.0
618,1753489450.3806667,graph,8.270410537719727,0.0,1.0117031335830688,0.0,4.084619998931885,0.0001998848006204248,4.086306992495341,163.65618133544922,0.1,0.1,0.1,2.0
619,1753489450.6503866,graph,6.5005621910095215,0.0,0.9783024787902832,0.0,3.2013659477233887,0.00019988442818213732,3.70755078065955,163.9259011745453,0.1,0.1,0.1,2.0
620,1753489450.845047,node,0.23965385556221008,0.0031874862033873796,0.0,2.3933510780334473,0.0,0.00019988405514313374,5.1371510107597995,164.12056159973145,1.0,1.0,1.0,1.0
621,1753489451.1319644,graph,4.861685752868652,0.0,0.8674393892288208,0.0,2.3874709606170654,0.00019988368150341635,3.485323067028192,164.40747904777527,0.1,0.1,0.1,2.0
622,1753489451.381785,graph,6.1949920654296875,0.0,1.0633196830749512,0.0,3.04433012008667,0.00019988330726298744,4.002874531290113,164.6572995185852,0.1,0.1,0.1,2.0
623,1753489451.6399794,graph,5.241879940032959,0.0,0.9525033235549927,0.0,2.573314905166626,0.00019988293242184933,3.8730499951059425,164.91549396514893,0.1,0.1,0.1,2.0
624,1753489451.8239253,node,0.8966403007507324,0.0033511666115373373,0.0,8.963051795959473,0.0,0.00019988255698000432,5.436381193091604,165.09943985939026,1.0,1.0,1.0,1.0
625,1753489452.0900102,graph,7.623851299285889,0.0,1.0107001066207886,0.0,3.7613906860351562,0.00019988218093745477,3.758198847533379,165.36552476882935,0.1,0.1,0.1,2.0
626,1753489452.3478959,graph,4.649852752685547,0.0,1.1013398170471191,0.0,2.2698593139648438,0.00019988180429420297,3.8776869803661254,165.62341046333313,0.1,0.1,0.1,2.0
627,1753489452.6224508,graph,5.257584095001221,0.0,0.9510712027549744,0.0,2.5812385082244873,0.00019988142705025123,3.6422578972825725,165.89796543121338,0.1,0.1,0.1,2.0
628,1753489452.809657,node,0.27349063754081726,0.003357737325131893,0.0,2.731548547744751,0.0,0.0001998810492056019,5.341701477330616,166.08517169952393,1.0,1.0,1.0,1.0
629,1753489453.086557,graph,5.365445613861084,0.0,1.2705975770950317,0.0,2.6191928386688232,0.00019988067076025725,3.6114144800852763,166.36207151412964,0.1,0.1,0.1,2.0
630,1753489453.344298,graph,6.980700492858887,0.0,0.966067910194397,0.0,3.442046880722046,0.0001998802917142197,3.8798642793447815,166.6198124885559,0.1,0.1,0.1,2.0
631,1753489453.605427,graph,6.788639545440674,0.0,1.0088571310043335,0.0,3.343876838684082,0.00019987991206749157,3.829522805191485,166.8809416294098,0.1,0.1,0.1,2.0
632,1753489453.7885907,node,0.40886789560317993,0.003562669735401869,0.0,4.085116386413574,0.0,0.00019987953182007518,5.459598773306397,167.0641052722931,1.0,1.0,1.0,1.0
633,1753489454.0489087,graph,6.3459038734436035,0.0,0.9888622164726257,0.0,3.123508930206299,0.00019987915097197285,3.841454847859556,167.32442331314087,0.1,0.1,0.1,2.0
634,1753489454.311382,graph,8.629063606262207,0.0,0.9861541986465454,0.0,4.265223979949951,0.000199878769523187,3.809910681601209,167.58689665794373,0.1,0.1,0.1,2.0
635,1753489454.6099086,graph,6.159057140350342,0.0,0.9192830324172974,0.0,3.033564329147339,0.0001998783874737199,3.349786081265958,167.88542318344116,0.1,0.1,0.1,2.0
636,1753489454.793554,node,0.23720777034759521,0.0031773895025253296,0.0,2.3689002990722656,0.0,0.00019987800482357395,5.445274029067918,168.06906867027283,1.0,1.0,1.0,1.0
637,1753489455.0484695,graph,5.295121192932129,0.0,0.9262635707855225,0.0,2.6012473106384277,0.00019987762157275155,3.922868930118323,168.32398414611816,0.1,0.1,0.1,2.0
638,1753489455.3186562,graph,20705.35546875,0.0,1.564949631690979,0.0,10352.599609375,0.00019987723772125498,3.701144942179317,168.59417080879211,0.1,0.1,0.1,2.0
639,1753489455.5682392,graph,9.591668128967285,0.0,1.3915729522705078,0.0,4.726255416870117,0.0001998768532690867,4.00668305269161,168.84375381469727,0.1,0.1,0.1,2.0
640,1753489455.7510908,node,3.6806154251098633,0.0033855894580483437,0.0,36.80276870727539,0.0,0.000199876468216249,5.46891718333366,169.02660536766052,1.0,1.0,1.0,1.0
641,1753489455.9993238,graph,6.1422319412231445,0.0,1.015681266784668,0.0,3.020331859588623,0.0001998760825627443,4.0284719520921275,169.2748384475708,0.1,0.1,0.1,2.0
642,1753489456.2647896,graph,4.941468715667725,0.0,1.0293370485305786,0.0,2.419267416000366,0.000199875696308575,3.766964481374905,169.54030418395996,0.1,0.1,0.1,2.0
643,1753489456.5397317,graph,6.347479820251465,0.0,0.8010485172271729,0.0,3.1336874961853027,0.00019987530945374338,3.6371286283018165,169.81524634361267,0.1,0.1,0.1,2.0
644,1753489456.7322264,node,0.2639777660369873,0.003225252963602543,0.0,2.636552333831787,0.0,0.00019987492199825192,5.1949500917163025,170.00774097442627,1.0,1.0,1.0,1.0
645,1753489456.982915,graph,5.82725191116333,0.0,0.8010741472244263,0.0,2.87357234954834,0.00019987453394210302,3.9890134136784523,170.25842952728271,0.1,0.1,0.1,2.0
646,1753489457.2460368,graph,5.252999782562256,0.0,0.939102053642273,0.0,2.57954478263855,0.00019987414528529901,3.8005206535261906,170.52155137062073,0.1,0.1,0.1,2.0
647,1753489457.4929326,graph,3.7773914337158203,0.0,0.7331588864326477,0.0,1.852037787437439,0.00019987375602784232,4.050291823909088,170.76844716072083,0.1,0.1,0.1,2.0
648,1753489457.6827826,node,0.403522253036499,0.004830798599869013,0.0,4.030391693115234,0.0,0.00019987336616973536,5.267313751665538,170.95829725265503,1.0,1.0,1.0,1.0
649,1753489457.9315329,graph,5.601424694061279,0.0,0.8895471692085266,0.0,2.756234884262085,0.00019987297571098052,4.020097111759034,171.20704746246338,0.1,0.1,0.1,2.0
650,1753489458.219635,graph,3.55788254737854,0.0,0.8777748346328735,0.0,1.7350525856018066,0.00019987258465158024,3.4709911055058473,171.49514961242676,0.1,0.1,0.1,2.0
651,1753489458.4727304,graph,5.4760918617248535,0.0,1.1880968809127808,0.0,2.6786410808563232,0.00019987219299153684,3.951079497230017,171.74824500083923,0.1,0.1,0.1,2.0
652,1753489458.6564403,node,0.21548712253570557,0.0033130322117358446,0.0,2.1515581607818604,0.0,0.00019987180073085284,5.44336597299279,171.93195486068726,1.0,1.0,1.0,1.0
653,1753489458.931203,graph,9.159703254699707,0.0,1.189587116241455,0.0,4.52037239074707,0.00019987140786953061,3.6395051187135445,172.2067174911499,0.1,0.1,0.1,2.0
654,1753489459.1818247,graph,4.585790157318115,0.0,1.15164053440094,0.0,2.2353129386901855,0.00019987101440757259,3.990075952449809,172.4573392868042,0.1,0.1,0.1,2.0
655,1753489459.4504986,graph,5.149747371673584,0.0,0.7067455649375916,0.0,2.539536476135254,0.00019987062034498122,3.721984204454699,172.72601318359375,0.1,0.1,0.1,2.0
656,1753489459.632794,node,0.3572757840156555,0.0032863265369087458,0.0,3.569471597671509,0.0,0.0001998702256817589,5.48560427516538,172.90830850601196,1.0,1.0,1.0,1.0
657,1753489459.9019341,graph,5.69367790222168,0.0,0.9810824394226074,0.0,2.7977848052978516,0.00019986983041790806,3.7155350195241907,173.17744874954224,0.1,0.1,0.1,2.0
658,1753489460.1581857,graph,7.230068206787109,0.0,1.1772534847259521,0.0,3.556171417236328,0.00019986943455343117,3.9024150607044867,173.43370032310486,0.1,0.1,0.1,2.0
659,1753489460.4090238,graph,5.537876129150391,0.0,1.4092652797698975,0.0,2.698474884033203,0.00019986903808833062,3.9866361369881504,173.6845383644104,0.1,0.1,0.1,2.0
660,1753489460.5916016,node,0.3974616229534149,0.003549840534105897,0.0,3.971066474914551,0.0,0.0001998686410226089,5.47711569927408,173.86711621284485,1.0,1.0,1.0,1.0
661,1753489460.8590572,graph,432.6214294433594,0.0,2.4393460750579834,0.0,216.18875122070312,0.00019986824335626848,3.7389386605336115,174.1345717906952,0.1,0.1,0.1,2.0
662,1753489461.109639,graph,4.882437705993652,0.0,0.8319275379180908,0.0,2.3996224403381348,0.00019986784508931176,3.990713747459601,174.3851535320282,0.1,0.1,0.1,2.0
663,1753489461.375566,graph,4.986823558807373,0.0,1.0397484302520752,0.0,2.4414243698120117,0.00019986744622174125,3.7604294145756736,174.65108060836792,0.1,0.1,0.1,2.0
664,1753489461.5545394,node,0.360434353351593,0.003398910630494356,0.0,3.6009445190429688,0.0,0.00019986704675355936,5.5874213534860235,174.8300540447235,1.0,1.0,1.0,1.0
665,1753489461.8381996,graph,4.233097076416016,0.0,0.7589758634567261,0.0,2.078599691390991,0.00019986664668476855,3.525345091476663,175.11371421813965,0.1,0.1,0.1,2.0
666,1753489462.100266,graph,6.404170989990234,0.0,1.3262947797775269,0.0,3.135770797729492,0.00019986624601537134,3.8158273486016014,175.37578058242798,0.1,0.1,0.1,2.0
667,1753489462.361472,graph,3.951254367828369,0.0,1.251962661743164,0.0,1.9130290746688843,0.0001998658447453702,3.828397273765331,175.63698649406433,0.1,0.1,0.1,2.0
668,1753489462.5343688,node,3.7235360145568848,0.0032156261149793863,0.0,37.23214340209961,0.0,0.00019986544287476754,5.78379496457441,175.80988335609436,1.0,1.0,1.0,1.0
669,1753489462.7991092,graph,4.329039573669434,0.0,0.8396742343902588,0.0,2.1225361824035645,0.00019986504040356585,3.7772842628165293,176.0746238231659,0.1,0.1,0.1,2.0
670,1753489463.0752409,graph,3.60398268699646,0.0,1.0530107021331787,0.0,1.7493407726287842,0.0001998646373317677,3.621461258180939,176.35075545310974,0.1,0.1,0.1,2.0
671,1753489463.35167,graph,4.353242874145508,0.0,0.9432936906814575,0.0,2.1294567584991455,0.00019986423365937547,3.6175631432050976,176.6271846294403,0.1,0.1,0.1,2.0
672,1753489463.527404,node,0.6222967505455017,0.0032964986748993397,0.0,6.21967077255249,0.0,0.00019986382938639173,5.690417077068766,176.80291867256165,1.0,1.0,1.0,1.0
673,1753489463.7868996,graph,3.5881404876708984,0.0,0.8985952734947205,0.0,1.7491405010223389,0.00019986342451281893,3.8536314214495917,177.06241416931152,0.1,0.1,0.1,2.0
674,1753489464.060606,graph,4.259047508239746,0.0,1.0903515815734863,0.0,2.0750062465667725,0.00019986301903865959,3.653549452617055,177.33612060546875,0.1,0.1,0.1,2.0
675,1753489464.3052115,graph,6.09006929397583,0.0,0.8293308615684509,0.0,3.003568172454834,0.00019986261296391617,4.088214825283883,177.580726146698,0.1,0.1,0.1,2.0
676,1753489464.482325,node,0.5469222068786621,0.003526905318722129,0.0,5.465694904327393,0.0,0.00019986220628859122,5.646095941674699,177.75783967971802,1.0,1.0,1.0,1.0
677,1753489464.7404368,graph,4.108923435211182,0.0,0.7831292748451233,0.0,2.015305280685425,0.00019986179901268725,3.874291404296512,178.0159513950348,0.1,0.1,0.1,2.0
678,1753489465.0025694,graph,4.508076190948486,0.0,0.9351596236228943,0.0,2.207280158996582,0.00019986139113620672,3.8148625148254056,178.2780840396881,0.1,0.1,0.1,2.0
679,1753489465.275136,graph,4.727067947387695,0.0,0.8339551687240601,0.0,2.321836233139038,0.0001998609826591522,3.6688286753199497,178.55065059661865,0.1,0.1,0.1,2.0
680,1753489465.4897301,node,0.37672725319862366,0.0032232203520834446,0.0,3.7640492916107178,0.0,0.00019986057358152622,4.659959803260402,178.76524472236633,1.0,1.0,1.0,1.0
681,1753489465.7450612,graph,4.085119247436523,0.0,0.9463990926742554,0.0,1.9952396154403687,0.00019986016390333123,3.916484271702511,179.02057576179504,0.1,0.1,0.1,2.0
682,1753489466.0113552,graph,4.3128533363342285,0.0,0.86814284324646,0.0,2.1130194664001465,0.00019985975362456983,3.7552479233032328,179.286869764328,0.1,0.1,0.1,2.0
683,1753489466.2746506,graph,5.915342807769775,0.0,1.138578176498413,0.0,2.900742530822754,0.0001998593427452445,3.7980152869448838,179.5501651763916,0.1,0.1,0.1,2.0
684,1753489466.464036,node,0.36824724078178406,0.0033985695336014032,0.0,3.6790735721588135,0.0,0.00019985893126535782,5.280237681597301,179.73955059051514,1.0,1.0,1.0,1.0
685,1753489466.720326,graph,5.078805923461914,0.0,1.6151933670043945,0.0,2.4586431980133057,0.0001998585191849123,3.901830583148365,179.995840549469,0.1,0.1,0.1,2.0
686,1753489466.9873753,graph,5.136562347412109,0.0,0.8312301635742188,0.0,2.526719570159912,0.00019985810650391045,3.7446267518744096,180.26288986206055,0.1,0.1,0.1,2.0
687,1753489467.2471783,graph,3.856431245803833,0.0,1.2809736728668213,0.0,1.8641669750213623,0.00019985769322235488,3.8490694167990434,180.52269291877747,0.1,0.1,0.1,2.0
688,1753489467.4343116,node,0.4500490427017212,0.0034440632443875074,0.0,4.49704647064209,0.0,0.00019985727934024812,5.34378400140656,180.7098262310028,1.0,1.0,1.0,1.0
689,1753489467.6905649,graph,4.930767059326172,0.0,1.1571513414382935,0.0,2.4075260162353516,0.0001998568648575927,3.902389644995739,180.96607947349548,0.1,0.1,0.1,2.0
690,1753489467.964368,graph,4.73501443862915,0.0,0.9897104501724243,0.0,2.318021774291992,0.0001998564497743912,3.652257809465924,181.23988270759583,0.1,0.1,0.1,2.0
691,1753489468.2440677,graph,5.130713939666748,0.0,0.9982277154922485,0.0,2.5154454708099365,0.00019985603409064618,3.575264779716062,181.51958227157593,0.1,0.1,0.1,2.0
692,1753489468.447776,node,1.5092582702636719,0.0031391759403049946,0.0,15.08944320678711,0.0,0.0001998556178063602,4.908977487520701,181.723290681839,1.0,1.0,1.0,1.0
693,1753489468.7001116,graph,4.188694477081299,0.0,1.0911850929260254,0.0,2.039788007736206,0.0001998552009215358,3.962977100679156,181.97562623023987,0.1,0.1,0.1,2.0
694,1753489468.9808016,graph,3.211714506149292,0.0,0.90459144115448,0.0,1.5606276988983154,0.00019985478343617557,3.562649760171375,182.25631618499756,0.1,0.1,0.1,2.0
695,1753489469.2361126,graph,4.403430938720703,0.0,0.8898868560791016,0.0,2.1572210788726807,0.0001998543653502821,3.9167914893934923,182.51162719726562,0.1,0.1,0.1,2.0
696,1753489469.4013865,node,0.5253778696060181,0.003236610908061266,0.0,5.250542163848877,0.0,0.00019985394666385795,6.050561951734614,182.67690110206604,1.0,1.0,1.0,1.0
697,1753489469.6743352,graph,3.4798309803009033,0.0,1.0967397689819336,0.0,1.685078501701355,0.00019985352737690576,3.66369155245757,182.94984984397888,0.1,0.1,0.1,2.0
698,1753489469.9269145,graph,3.968262195587158,0.0,0.8672122955322266,0.0,1.9407705068588257,0.00019985310748942803,3.959154006913386,183.2024290561676,0.1,0.1,0.1,2.0
699,1753489470.1998134,graph,4.076333522796631,0.0,1.0877642631530762,0.0,1.983778476715088,0.0001998526870014274,3.6643605175861707,183.4753279685974,0.1,0.1,0.1,2.0
700,1753489470.381668,node,0.54314124584198,0.0031916445586830378,0.0,5.428220748901367,0.0,0.00019985226591290645,5.498894794389804,183.65718269348145,1.0,1.0,1.0,1.0
701,1753489470.6606257,graph,5.100711345672607,0.0,1.010102391242981,0.0,2.4998505115509033,0.0001998518442238678,3.584774104662005,183.93614029884338,0.1,0.1,0.1,2.0
702,1753489470.9334555,graph,3.9325225353240967,0.0,0.9019721746444702,0.0,1.9211626052856445,0.000199851421934314,3.6652891514780253,184.20897006988525,0.1,0.1,0.1,2.0
703,1753489471.1953518,graph,5.413190841674805,0.0,1.1589748859405518,0.0,2.648646593093872,0.0001998509990442477,3.818304136742551,184.47086644172668,0.1,0.1,0.1,2.0
704,1753489471.3698936,node,0.36671650409698486,0.0032748100347816944,0.0,3.6638903617858887,0.0,0.00019985057555367151,5.729289518509564,184.64540815353394,1.0,1.0,1.0,1.0
705,1753489471.6482038,graph,4.347124099731445,0.0,0.7079752683639526,0.0,2.1381633281707764,0.000199850151462588,3.593111731336277,184.9237184524536,0.1,0.1,0.1,2.0
706,1753489471.8996153,graph,6.482418060302734,0.0,1.2239938974380493,0.0,3.180009365081787,0.00019984972677099984,3.977543774466665,185.1751298904419,0.1,0.1,0.1,2.0
707,1753489472.1623383,graph,4.794597625732422,0.0,1.09755277633667,0.0,2.342421054840088,0.0001998493014789096,3.806290723632866,185.43785285949707,0.1,0.1,0.1,2.0
708,1753489472.3399928,node,0.551785409450531,0.0031307258177548647,0.0,5.514723777770996,0.0,0.0001998488755863199,5.6289031413015325,185.61550736427307,1.0,1.0,1.0,1.0
709,1753489472.6145947,graph,3.772270917892456,0.0,0.8701484203338623,0.0,1.842628002166748,0.00019984844909323344,3.6416349182645056,185.8901093006134,0.1,0.1,0.1,2.0
710,1753489472.865436,graph,3.8700106143951416,0.0,0.8537534475326538,0.0,1.8923176527023315,0.0001998480219996528,3.986583088189867,186.14095067977905,0.1,0.1,0.1,2.0
711,1753489473.1276047,graph,4.877960205078125,0.0,1.009942650794983,0.0,2.3884830474853516,0.00019984759430558062,3.814338654892849,186.40311932563782,0.1,0.1,0.1,2.0
712,1753489473.3117087,node,0.2649868428707123,0.0032657887786626816,0.0,2.6466026306152344,0.0,0.00019984716601101953,5.43171352054163,186.5872232913971,1.0,1.0,1.0,1.0
713,1753489473.5794215,graph,2.4985952377319336,0.0,0.9139735698699951,0.0,1.203598976135254,0.00019984673711597218,3.7353457972390367,186.8549361228943,0.1,0.1,0.1,2.0
714,1753489473.825078,graph,5.4198899269104,0.0,1.1419098377227783,0.0,2.6528494358062744,0.00019984630762044122,4.070724932499189,187.10059261322021,0.1,0.1,0.1,2.0
715,1753489474.0800636,graph,5.777489185333252,0.0,1.0494939088821411,0.0,2.8362698554992676,0.00019984587752442927,3.9217905406984843,187.3555781841278,0.1,0.1,0.1,2.0
716,1753489474.2565644,node,0.4515174627304077,0.003295524977147579,0.0,4.511878967285156,0.0,0.00019984544682793902,5.665696786969572,187.53207898139954,1.0,1.0,1.0,1.0
717,1753489474.5051467,graph,4.876909255981445,0.0,0.9143804311752319,0.0,2.392735719680786,0.00019984501553097314,4.022811543884216,187.7806613445282,0.1,0.1,0.1,2.0
718,1753489474.7614229,graph,4.251713275909424,0.0,0.9739782810211182,0.0,2.077157735824585,0.0001998445836335342,3.9020411201041956,188.03693747520447,0.1,0.1,0.1,2.0
719,1753489475.0080755,graph,3.010439872741699,0.0,0.8852062821388245,0.0,1.4609596729278564,0.000199844151135625,4.054285206121391,188.28359007835388,0.1,0.1,0.1,2.0
720,1753489475.198621,node,0.2676527500152588,0.003445737762376666,0.0,2.673081636428833,0.0,0.00019984371803724813,5.248088728062602,188.47413563728333,1.0,1.0,1.0,1.0
721,1753489475.4514966,graph,5.153154373168945,0.0,1.119163155555725,0.0,2.5206189155578613,0.00019984328433840623,3.9545141268878985,188.72701120376587,0.1,0.1,0.1,2.0
722,1753489475.7098498,graph,4.619665145874023,0.0,0.8838088512420654,0.0,2.2656421661376953,0.00019984285003910203,3.870669575456898,188.98536443710327,0.1,0.1,0.1,2.0
723,1753489475.988052,graph,3.661134719848633,0.0,0.758432149887085,0.0,1.792645812034607,0.0001998424151393382,3.594509728640184,189.26356649398804,0.1,0.1,0.1,2.0
724,1753489476.1852195,node,0.43662482500076294,0.003508506342768669,0.0,4.362739562988281,0.0,0.0001998419796391174,5.071826317654215,189.46073412895203,1.0,1.0,1.0,1.0
725,1753489476.4350648,graph,4.629554271697998,0.0,0.9111466407775879,0.0,2.2692198753356934,0.00019984154353844236,4.002477271794696,189.7105793952942,0.1,0.1,0.1,2.0
726,1753489476.7022343,graph,4.443496227264404,0.0,0.9698959589004517,0.0,2.173253297805786,0.00019984110683731571,3.742942557045842,189.9777488708496,0.1,0.1,0.1,2.0
727,1753489476.9496715,graph,5.037156105041504,0.0,1.2304472923278809,0.0,2.4570555686950684,0.00019984066953574017,4.041428870129607,190.22518610954285,0.1,0.1,0.1,2.0
728,1753489477.1395073,node,0.39190784096717834,0.003383822273463011,0.0,3.91569447517395,0.0,0.00019984023163371846,5.267710671176257,190.4150218963623,1.0,1.0,1.0,1.0
729,1753489477.3911798,graph,5.481020450592041,0.0,1.425709843635559,0.0,2.669224739074707,0.00019983979313125324,3.9734177347097503,190.6666944026947,0.1,0.1,0.1,2.0
730,1753489477.6609359,graph,3.531301498413086,0.0,0.8675199747085571,0.0,1.7222747802734375,0.00019983935402834727,3.707052700145567,190.9364504814148,0.1,0.1,0.1,2.0
731,1753489477.9112444,graph,5.0869059562683105,0.0,0.8500362634658813,0.0,2.500951051712036,0.00019983891432500322,3.9950698657929076,191.18675899505615,0.1,0.1,0.1,2.0
732,1753489478.0973291,node,17.934885025024414,0.003165803849697113,0.0,179.34568786621094,0.0,0.0001998384740212238,5.373895574096472,191.3728437423706,1.0,1.0,1.0,1.0
733,1753489478.3599608,graph,4.745652675628662,0.0,1.4913256168365479,0.0,2.298259973526001,0.00019983803311701177,3.8076141316336787,191.63547539710999,0.1,0.1,0.1,2.0
734,1753489478.612173,graph,4.143789291381836,0.0,0.9724413156509399,0.0,2.0232725143432617,0.0001998375916123698,3.9649139059701,191.88768768310547,0.1,0.1,0.1,2.0
735,1753489478.8797097,graph,2.85290265083313,0.0,0.8141251802444458,0.0,1.3857450485229492,0.0001998371495073006,3.737805780078957,192.1552243232727,0.1,0.1,0.1,2.0
736,1753489479.066209,node,0.6418318748474121,0.003162073902785778,0.0,6.415156364440918,0.0,0.00019983670680180697,5.3619487749845,192.34172368049622,1.0,1.0,1.0,1.0
737,1753489479.3277347,graph,3.057001829147339,0.0,0.6882070899009705,0.0,1.4940905570983887,0.00019983626349589153,3.8237169961656203,192.60324931144714,0.1,0.1,0.1,2.0
738,1753489479.5878468,graph,5.914361476898193,0.0,1.0193507671356201,0.0,2.9062132835388184,0.00019983581958955712,3.8444970572572226,192.86336135864258,0.1,0.1,0.1,2.0
739,1753489479.8706374,graph,4.290647983551025,0.0,1.1702399253845215,0.0,2.0868120193481445,0.0001998353750828064,3.5361846708989892,193.14615201950073,0.1,0.1,0.1,2.0
740,1753489480.040753,node,0.4915234446525574,0.0033014819491654634,0.0,4.911932945251465,0.0,0.0001998349299756422,5.878360120866246,193.31626749038696,1.0,1.0,1.0,1.0
741,1753489480.3053708,graph,3.92893385887146,0.0,1.4143104553222656,0.0,1.8937513828277588,0.00019983448426806721,3.7790335601430054,193.58088541030884,0.1,0.1,0.1,2.0
742,1753489480.5508425,graph,5.195035457611084,0.0,1.014981985092163,0.0,2.5467686653137207,0.00019983403796008418,4.073789097139327,193.82635712623596,0.1,0.1,0.1,2.0
743,1753489480.816544,graph,3.8002383708953857,0.0,0.9770575761795044,0.0,1.8512662649154663,0.00019983359105169588,3.763621500799061,194.09205865859985,0.1,0.1,0.1,2.0
744,1753489480.9937358,node,0.6707075834274292,0.003302911762148142,0.0,6.703773021697998,0.0,0.00019983314354290503,5.643604109817598,194.26925039291382,1.0,1.0,1.0,1.0
745,1753489481.2634184,graph,4.282954216003418,0.0,0.892829179763794,0.0,2.0968356132507324,0.0001998326954337144,3.708062107748793,194.53893303871155,0.1,0.1,0.1,2.0
746,1753489481.5219674,graph,3.29707932472229,0.0,0.8987106084823608,0.0,1.6036040782928467,0.00019983224672412683,3.8677391779851775,194.7974820137024,0.1,0.1,0.1,2.0
747,1753489481.7865674,graph,3.6190531253814697,0.0,1.1313472986221313,0.0,1.7529592514038086,0.00019983179741414497,3.7792889432724253,195.06208205223083,0.1,0.1,0.1,2.0
748,1753489481.9439452,node,0.37674155831336975,0.003446547780185938,0.0,3.7639689445495605,0.0,0.0001998313475037717,6.354139587026012,195.21945977210999,1.0,1.0,1.0,1.0
749,1753489482.202225,graph,3.598560333251953,0.0,1.2493834495544434,0.0,1.7368110418319702,0.00019983089699300972,3.87177006638949,195.47773957252502,0.1,0.1,0.1,2.0
750,1753489482.4780293,graph,2.8925883769989014,0.0,0.7276645302772522,0.0,1.4099109172821045,0.00019983044588186183,3.6257595260056346,195.75354385375977,0.1,0.1,0.1,2.0
751,1753489482.7282386,graph,4.774692058563232,0.0,0.8436853289604187,0.0,2.3451616764068604,0.00019982999417033086,3.9966534979141533,196.00375318527222,0.1,0.1,0.1,2.0
752,1753489482.9069252,node,0.621827244758606,0.0034567995462566614,0.0,6.214815139770508,0.0,0.00019982954185841952,5.59638996298698,196.18243980407715,1.0,1.0,1.0,1.0
753,1753489483.1621885,graph,3.8684182167053223,0.0,1.0140974521636963,0.0,1.8835042715072632,0.0001998290889461306,3.917523154115436,196.4377031326294,0.1,0.1,0.1,2.0
754,1753489483.4489923,graph,4.047675132751465,0.0,1.1465082168579102,0.0,1.9665122032165527,0.00019982863543346698,3.4867050946762186,196.724506855011,0.1,0.1,0.1,2.0
755,1753489483.7031925,graph,2.976776599884033,0.0,1.145596981048584,0.0,1.4311084747314453,0.00019982818132043136,3.933906900533018,196.97870707511902,0.1,0.1,0.1,2.0
756,1753489483.8914878,node,0.4962322413921356,0.0031810461077839136,0.0,4.959141254425049,0.0,0.00019982772660702663,5.31080519848867,197.1670024394989,1.0,1.0,1.0,1.0
757,1753489484.1400301,graph,4.489814281463623,0.0,0.949901282787323,0.0,2.1974120140075684,0.00019982727129325554,4.023459847936903,197.41554474830627,0.1,0.1,0.1,2.0
758,1753489484.3979356,graph,4.031302452087402,0.0,0.9716939926147461,0.0,1.9670666456222534,0.0001998268153791209,3.877389450641285,197.67345023155212,0.1,0.1,0.1,2.0
759,1753489484.6605644,graph,2.202507972717285,0.0,0.7827802300453186,0.0,1.062114953994751,0.00019982635886462555,3.807655610982756,197.93607902526855,0.1,0.1,0.1,2.0
760,1753489484.8402205,node,0.37358027696609497,0.003422127803787589,0.0,3.7323803901672363,0.0,0.00019982590174977226,5.566192278496468,198.1157350540161,1.0,1.0,1.0,1.0
761,1753489485.110055,graph,3.237346649169922,0.0,1.0859804153442383,0.0,1.564374327659607,0.00019982544403456388,3.7059750761640196,198.38556957244873,0.1,0.1,0.1,2.0
762,1753489485.383576,graph,3.313598871231079,0.0,0.972895622253418,0.0,1.6081546545028687,0.00019982498571900322,3.6560271262083455,198.65909051895142,0.1,0.1,0.1,2.0
763,1753489485.6418493,graph,2.5104517936706543,0.0,0.7152090072631836,0.0,1.2194654941558838,0.00019982452680309318,3.8718665678307578,198.91736388206482,0.1,0.1,0.1,2.0
764,1753489485.8097315,node,0.4756108224391937,0.0034216211643069983,0.0,4.752686500549316,0.0,0.0001998240672868365,5.956557489963062,199.0852460861206,1.0,1.0,1.0,1.0
765,1753489486.0749922,graph,3.2882189750671387,0.0,1.0004758834838867,0.0,1.594085693359375,0.00019982360717023606,3.7698762520402953,199.35050678253174,0.1,0.1,0.1,2.0
766,1753489486.3300467,graph,2.9149646759033203,0.0,0.9283817410469055,0.0,1.4110631942749023,0.00019982314645329466,3.920731068934057,199.6055612564087,0.1,0.1,0.1,2.0
767,1753489486.6038694,graph,9.445831298828125,0.0,1.2805696725845337,0.0,4.6588873863220215,0.00019982268513601517,3.651997046572213,199.87938404083252,0.1,0.1,0.1,2.0
768,1753489486.7950323,node,0.31288468837738037,0.0032382274512201548,0.0,3.125608444213867,0.0,0.00019982222321840041,5.231142623737988,200.07054686546326,1.0,1.0,1.0,1.0
769,1753489487.088155,graph,6.178071022033691,0.0,1.307827353477478,0.0,3.023644208908081,0.00019982176070045327,3.4115398317616226,200.36366963386536,0.1,0.1,0.1,2.0
770,1753489487.3602152,graph,2.3777289390563965,0.0,0.8107218742370605,0.0,1.148328423500061,0.00019982129758217658,3.6756576750740293,200.6357297897339,0.1,0.1,0.1,2.0
771,1753489487.6180332,graph,4.026999473571777,0.0,1.2330830097198486,0.0,1.9518455266952515,0.00019982083386357316,3.8787053793947845,200.8935477733612,0.1,0.1,0.1,2.0
772,1753489487.8073232,node,0.4870535433292389,0.003264565020799637,0.0,4.8672709465026855,0.0,0.00019982036954464594,5.282897951986296,201.0828378200531,1.0,1.0,1.0,1.0
773,1753489488.0700212,graph,3.547004461288452,0.0,1.4902327060699463,0.0,1.6989905834197998,0.00019981990462539776,3.8066534462964055,201.34553575515747,0.1,0.1,0.1,2.0
774,1753489488.3166618,graph,5.616230010986328,0.0,1.3383960723876953,0.0,2.7411952018737793,0.00019981943910583148,4.054481162625691,201.59217643737793,0.1,0.1,0.1,2.0
775,1753489488.5759327,graph,3.4221088886260986,0.0,1.1306705474853516,0.0,1.654520869255066,0.00019981897298594994,3.8569695832770097,201.8514473438263,0.1,0.1,0.1,2.0
776,1753489488.755285,node,0.7021374106407166,0.0032617419492453337,0.0,7.018112659454346,0.0,0.00019981850626575606,5.575619003054803,202.03079962730408,1.0,1.0,1.0,1.0
777,1753489489.0246942,graph,3.5826470851898193,0.0,1.1570072174072266,0.0,1.7334731817245483,0.0001998180389452527,3.711826008155868,202.30020880699158,0.1,0.1,0.1,2.0
778,1753489489.273917,graph,5.6135640144348145,0.0,1.1518381834030151,0.0,2.749190092086792,0.0001998175710244428,4.0124746966467555,202.5494315624237,0.1,0.1,0.1,2.0
779,1753489489.5371528,graph,2.9510645866394043,0.0,0.7038185596466064,0.0,1.4403413534164429,0.00019981710250332915,3.798875273867824,202.81266736984253,0.1,0.1,0.1,2.0
780,1753489489.7290776,node,0.22605323791503906,0.0032341796904802322,0.0,2.257298231124878,0.0,0.0001998166333819147,5.210373780576429,203.00459218025208,1.0,1.0,1.0,1.0
781,1753489489.9947035,graph,3.0153279304504395,0.0,0.8855417966842651,0.0,1.4633868932724,0.00019981616366020232,3.764692365965483,203.2702181339264,0.1,0.1,0.1,2.0
782,1753489490.24158,graph,3.8820090293884277,0.0,0.9390891790390015,0.0,1.8940500020980835,0.00019981569333819493,4.050608657862334,203.51709461212158,0.1,0.1,0.1,2.0
783,1753489490.528742,graph,4.348312854766846,0.0,1.1926182508468628,0.0,2.114525556564331,0.0001998152224158954,3.4823541133052984,203.80425667762756,0.1,0.1,0.1,2.0
784,1753489490.7081788,node,0.5796754956245422,0.0032039026264101267,0.0,5.793550968170166,0.0,0.00019981475089330672,5.572996444383029,203.98369336128235,1.0,1.0,1.0,1.0
785,1753489491.2788393,graph,3.7071421146392822,0.0,1.1636121273040771,0.0,1.7953904867172241,0.00019981427877043166,1.7523551048579418,204.55435395240784,0.1,0.1,0.1,2.0
786,1753489491.5340893,graph,3.2139599323272705,0.0,0.9185482263565063,0.0,1.5610525608062744,0.00019981380604727325,3.9177280692249923,204.80960392951965,0.1,0.1,0.1,2.0
787,1753489491.7925491,graph,2.892286539077759,0.0,1.1858599185943604,0.0,1.3868502378463745,0.00019981333272383432,3.8690735467350024,205.0680637359619,0.1,0.1,0.1,2.0
788,1753489491.965473,node,0.2883211374282837,0.0034887767396867275,0.0,2.8797225952148438,0.0,0.00019981285880011786,5.782893856982331,205.24098753929138,1.0,1.0,1.0,1.0
789,1753489492.2177289,graph,2.8761730194091797,0.0,0.9872918128967285,0.0,1.3887219429016113,0.00019981238427612674,3.96422812791223,205.49324345588684,0.1,0.1,0.1,2.0
790,1753489492.4775019,graph,5.677851676940918,0.0,1.0421643257141113,0.0,2.7868175506591797,0.00019981190915186392,3.8495145319195605,205.7530164718628,0.1,0.1,0.1,2.0
791,1753489492.7313132,graph,2.85211181640625,0.0,0.7470794916152954,0.0,1.3887019157409668,0.00019981143342733232,3.939933982238705,206.0068278312683,0.1,0.1,0.1,2.0
792,1753489492.9454348,node,0.16642823815345764,0.0030735989566892385,0.0,1.6612086296081543,0.0,0.00019981095710253484,4.6702438839716685,206.2209494113922,1.0,1.0,1.0,1.0
793,1753489493.2051742,graph,1.8699719905853271,0.0,1.1547353267669678,0.0,0.8772492408752441,0.0001998104801774745,3.8500127590125444,206.4806888103485,0.1,0.1,0.1,2.0
794,1753489493.4793882,graph,3.939384698867798,0.0,1.0159454345703125,0.0,1.9188951253890991,0.00019981000265215416,3.6467864263126915,206.75490283966064,0.1,0.1,0.1,2.0
795,1753489493.7297592,graph,2.802353858947754,0.0,0.9933557510375977,0.0,1.3515090942382812,0.00019980952452657683,3.9940731260451066,207.00527381896973,0.1,0.1,0.1,2.0
796,1753489493.9214535,node,0.3197411298751831,0.0033647017553448677,0.0,3.1940464973449707,0.0,0.00019980904580074542,5.216640299294548,207.19696807861328,1.0,1.0,1.0,1.0
797,1753489494.193816,graph,2.809115409851074,0.0,1.1460647583007812,0.0,1.3472545146942139,0.0001998085664746629,3.6715777974055714,207.4693305492401,0.1,0.1,0.1,2.0
798,1753489494.4585845,graph,3.0336720943450928,0.0,0.8362403512001038,0.0,1.4750239849090576,0.00019980808654833222,3.7768829017037064,207.73409914970398,0.1,0.1,0.1,2.0
799,1753489494.713394,graph,2.4769272804260254,0.0,1.0133600234985352,0.0,1.187795639038086,0.00019980760602175633,3.9245023148581333,207.98890852928162,0.1,0.1,0.1,2.0
800,1753489494.911372,node,0.30532851815223694,0.0033009934704750776,0.0,3.0499842166900635,0.0,0.00019980712489493823,5.0510657771140925,208.18688654899597,1.0,1.0,1.0,1.0
801,1753489495.1657846,graph,2.1268503665924072,0.0,1.0388675928115845,0.0,1.011481761932373,0.00019980664316788084,3.930622144086126,208.44129920005798,0.1,0.1,0.1,2.0
802,1753489495.4448943,graph,1.8813037872314453,0.0,0.7751939296722412,0.0,0.9018921852111816,0.00019980616084058715,3.582820450835461,208.7204089164734,0.1,0.1,0.1,2.0
803,1753489495.6887875,graph,2.9910902976989746,0.0,0.8210316896438599,0.0,1.454493522644043,0.00019980567791306016,4.100156213036262,208.96430206298828,0.1,0.1,0.1,2.0
804,1753489495.8700447,node,0.2680748403072357,0.003491355339065194,0.0,2.6772570610046387,0.0,0.00019980519438530283,5.5170207616462,209.1455593109131,1.0,1.0,1.0,1.0
805,1753489496.1219325,graph,3.5101044178009033,0.0,0.8073598146438599,0.0,1.714684247970581,0.00019980471025731814,3.9700215997440593,209.3974471092224,0.1,0.1,0.1,2.0
806,1753489496.3847399,graph,3.209343433380127,0.0,1.2693126201629639,0.0,1.5412061214447021,0.00019980422552910907,3.8050683392996785,209.6602544784546,0.1,0.1,0.1,2.0
807,1753489496.6374602,graph,3.134706974029541,0.0,0.9756575226783752,0.0,1.5185706615447998,0.0001998037402006786,3.956942827546779,209.91297483444214,0.1,0.1,0.1,2.0
808,1753489496.8334503,node,0.2505236268043518,0.0031206689309328794,0.0,2.5021157264709473,0.0,0.00019980325427202978,5.102298909301471,210.10896492004395,1.0,1.0,1.0,1.0
809,1753489497.093778,graph,3.8057260513305664,0.0,0.752105176448822,0.0,1.865257740020752,0.00019980276774316555,3.8413141214386393,210.3692924976349,0.1,0.1,0.1,2.0
810,1753489497.3457954,graph,3.8036835193634033,0.0,1.0838253498077393,0.0,1.8476505279541016,0.00019980228061408894,3.967978445429587,210.62130999565125,0.1,0.1,0.1,2.0
811,1753489497.6330912,graph,2.3661277294158936,0.0,1.285353183746338,0.0,1.1187962293624878,0.00019980179288480292,3.4807328760188745,210.9086058139801,0.1,0.1,0.1,2.0
812,1753489497.884459,node,0.34690117835998535,0.003482809755951166,0.0,3.465528964996338,0.0,0.00019980130455531054,3.9782341676523005,211.1599736213684,1.0,1.0,1.0,1.0
813,1753489498.2125814,graph,2.967954397201538,0.0,0.860185980796814,0.0,1.4409679174423218,0.0001998008156256148,3.047643406515555,211.48809599876404,0.1,0.1,0.1,2.0
814,1753489498.4820018,graph,3.6000759601593018,0.0,1.161875605583191,0.0,1.7419441938400269,0.00019980032609571868,3.7116716267075858,211.75751638412476,0.1,0.1,0.1,2.0
815,1753489498.743494,graph,3.3139126300811768,0.0,1.3033266067504883,0.0,1.591789960861206,0.00019979983596562524,3.824205080700014,212.0190086364746,0.1,0.1,0.1,2.0
816,1753489498.9061933,node,0.5469639301300049,0.0032545675057917833,0.0,5.4663848876953125,0.0,0.0001997993452353375,6.14631086883252,212.1817078590393,1.0,1.0,1.0,1.0
817,1753489499.1735375,graph,2.913593053817749,0.0,1.217106819152832,0.0,1.395941138267517,0.00019979885390485847,3.7404958250209797,212.4490520954132,0.1,0.1,0.1,2.0
818,1753489499.430703,graph,2.634063720703125,0.0,0.8507336974143982,0.0,1.2744951248168945,0.00019979836197419124,3.8885475093405524,212.70621752738953,0.1,0.1,0.1,2.0
819,1753489499.6961665,graph,2.408735990524292,0.0,0.8974254727363586,0.0,1.1594966650009155,0.00019979786944333873,3.7669949301036882,212.97168111801147,0.1,0.1,0.1,2.0
820,1753489499.8744783,node,0.7748305201530457,0.003389222314581275,0.0,7.744915962219238,0.0,0.00019979737631230408,5.608153027033243,213.14999294281006,1.0,1.0,1.0,1.0
821,1753489500.1387992,graph,3.245371103286743,0.0,1.2545047998428345,0.0,1.5599603652954102,0.0001997968825810903,3.7832808066084453,213.41431379318237,0.1,0.1,0.1,2.0
822,1753489500.3831816,graph,2.7666919231414795,0.0,1.0940147638320923,0.0,1.3286452293395996,0.00019979638824970042,4.091948012417391,213.65869617462158,0.1,0.1,0.1,2.0
823,1753489500.640431,graph,2.333266258239746,0.0,1.0142323970794678,0.0,1.1159214973449707,0.00019979589331813754,3.887278935144423,213.91594552993774,0.1,0.1,0.1,2.0
824,1753489500.8220215,node,0.947525680065155,0.0033220939803868532,0.0,9.47193431854248,0.0,0.00019979539778640465,5.506894278969495,214.09753608703613,1.0,1.0,1.0,1.0
825,1753489501.0896251,graph,2.735409736633301,0.0,0.8563235998153687,0.0,1.3248887062072754,0.00019979490165450485,3.7368700057287394,214.3651397228241,0.1,0.1,0.1,2.0
826,1753489501.361471,graph,3.394313335418701,0.0,1.259047269821167,0.0,1.6342042684555054,0.00019979440492244116,3.6785557672135862,214.63698554039001,0.1,0.1,0.1,2.0
827,1753489501.6198888,graph,4.601801872253418,0.0,1.225121021270752,0.0,2.239644765853882,0.00019979390759021666,3.869701803607954,214.89540338516235,0.1,0.1,0.1,2.0
828,1753489501.8054252,node,0.5378928780555725,0.0032192401122301817,0.0,5.375709533691406,0.0,0.00019979340965783443,5.389778410580368,215.08093976974487,1.0,1.0,1.0,1.0
829,1753489502.0793493,graph,3.9672579765319824,0.0,1.0663681030273438,0.0,1.930310606956482,0.00019979291112529754,3.650646127975727,215.35486388206482,0.1,0.1,0.1,2.0
830,1753489502.333599,graph,2.1143856048583984,0.0,0.9594021439552307,0.0,1.0092227458953857,0.00019979241199260904,3.9331395975810226,215.6091136932373,0.1,0.1,0.1,2.0
831,1753489502.6028693,graph,2.7623586654663086,0.0,1.0961873531341553,0.0,1.3263700008392334,0.00019979191225977204,3.713742063270707,215.8783838748932,0.1,0.1,0.1,2.0
832,1753489502.772285,node,0.4016876220703125,0.003066502744331956,0.0,4.013809680938721,0.0,0.0001997914119267896,5.902640233836818,216.04779958724976,1.0,1.0,1.0,1.0
833,1753489503.0276308,graph,2.6321969032287598,0.0,1.1085209846496582,0.0,1.2606724500656128,0.00019979091099366485,3.9162575466994336,216.30314540863037,0.1,0.1,0.1,2.0
834,1753489503.2996185,graph,3.1055731773376465,0.0,1.1174201965332031,0.0,1.496915578842163,0.00019979040946040087,3.676637163952633,216.57513308525085,0.1,0.1,0.1,2.0
835,1753489503.5652819,graph,3.0537264347076416,0.0,0.8859390616416931,0.0,1.482566237449646,0.0001997899073270007,3.7641619244117015,216.8407964706421,0.1,0.1,0.1,2.0
836,1753489503.7534583,node,0.2725279927253723,0.0032806850504130125,0.0,2.721999168395996,0.0,0.00019978940459346745,5.314162851955417,217.028972864151,1.0,1.0,1.0,1.0
837,1753489504.0154474,graph,2.4416441917419434,0.0,0.996965765953064,0.0,1.170973777770996,0.00019978890125980426,3.8169524471680703,217.2909619808197,0.1,0.1,0.1,2.0
838,1753489504.2894874,graph,2.3774774074554443,0.0,0.9253600835800171,0.0,1.1424707174301147,0.0001997883973260142,3.649102537221367,217.5650019645691,0.1,0.1,0.1,2.0
839,1753489504.5423417,graph,2.6713740825653076,0.0,1.2998358011245728,0.0,1.2706952095031738,0.0001997878927921004,3.95484598528308,217.8178563117981,0.1,0.1,0.1,2.0
840,1753489504.72878,node,0.5127583742141724,0.0034280673135071993,0.0,5.124155521392822,0.0,0.00019978738765806598,5.3637041403925165,218.00429463386536,1.0,1.0,1.0,1.0
841,1753489505.0063646,graph,2.3435347080230713,0.0,1.5575388669967651,0.0,1.0938904285430908,0.00019978688192391403,3.6025059393235614,218.28187918663025,0.1,0.1,0.1,2.0
842,1753489505.281407,graph,3.4023807048797607,0.0,1.1518661975860596,0.0,1.6435970067977905,0.00019978637558964768,3.6358012919421783,218.55692172050476,0.1,0.1,0.1,2.0
843,1753489505.5381203,graph,3.2266156673431396,0.0,1.1975455284118652,0.0,1.5534305572509766,0.00019978586865527007,3.8953983949595674,218.81363487243652,0.1,0.1,0.1,2.0
844,1753489505.7328174,node,0.19546592235565186,0.003311850130558014,0.0,1.9513473510742188,0.0,0.0001997853611207843,5.136182234310002,219.00833201408386,1.0,1.0,1.0,1.0
845,1753489505.9981787,graph,3.1127161979675293,0.0,1.1803289651870728,0.0,1.4973416328430176,0.0001997848529861935,3.7684468906726467,219.27369332313538,0.1,0.1,0.1,2.0
846,1753489506.2684484,graph,1.8467038869857788,0.0,0.9310144782066345,0.0,0.8768011927604675,0.0001997843442515008,3.700008733293166,219.54396295547485,0.1,0.1,0.1,2.0
847,1753489506.522986,graph,2.667699098587036,0.0,0.9969898462295532,0.0,1.284000039100647,0.0001997838349167094,3.928692928490607,219.79850053787231,0.1,0.1,0.1,2.0
848,1753489506.72444,node,0.32272350788116455,0.0030598980374634266,0.0,3.224175214767456,0.0,0.00019978332498182239,4.963908350691157,219.99995470046997,1.0,1.0,1.0,1.0
849,1753489506.9941554,graph,1.6409406661987305,0.0,1.2053930759429932,0.0,0.7602006793022156,0.0001997828144468429,3.707613050134893,220.26967000961304,0.1,0.1,0.1,2.0
850,1753489507.2652,graph,2.2218329906463623,0.0,0.8257796764373779,0.0,1.0696275234222412,0.00019978230331177413,3.6894311703550975,220.5407145023346,0.1,0.1,0.1,2.0
851,1753489507.525026,graph,3.078327178955078,0.0,1.1765882968902588,0.0,1.4803341627120972,0.00019978179157661917,3.8487268189284176,220.8005406856537,0.1,0.1,0.1,2.0
852,1753489507.7158725,node,0.2630176246166229,0.003159698797389865,0.0,2.627016544342041,0.0,0.00019978127924138124,5.239814708395588,220.99138712882996,1.0,1.0,1.0,1.0
853,1753489507.9737272,graph,3.214536190032959,0.0,0.7713897824287415,0.0,1.5686986446380615,0.00019978076630606346,3.8781530825568806,221.24924182891846,0.1,0.1,0.1,2.0
854,1753489508.2439399,graph,2.0334928035736084,0.0,1.1715482473373413,0.0,0.9581689834594727,0.000199780252770669,3.7007889856126153,221.51945447921753,0.1,0.1,0.1,2.0
855,1753489508.5118437,graph,2.22670316696167,0.0,0.9034243226051331,0.0,1.0681803226470947,0.00019977973863520104,3.73268308311159,221.78735828399658,0.1,0.1,0.1,2.0
856,1753489508.7122095,node,9.780287742614746,0.0034964398946613073,0.0,97.79937744140625,0.0,0.00019977922389966275,4.990872149405934,221.98772406578064,1.0,1.0,1.0,1.0
857,1753489508.9667656,graph,2.6205646991729736,0.0,0.7719110250473022,0.0,1.2716867923736572,0.0001997787085640573,3.9284059170954757,222.24228024482727,0.1,0.1,0.1,2.0
858,1753489509.2490404,graph,2.715465545654297,0.0,0.9540998935699463,0.0,1.310027837753296,0.00019977819262838786,3.542648059962194,222.52455496788025,0.1,0.1,0.1,2.0
859,1753489509.5339153,graph,2.467949390411377,0.0,0.8985984325408936,0.0,1.189044713973999,0.00019977767609265763,3.5103125742769814,222.8094298839569,0.1,0.1,0.1,2.0
860,1753489509.7291229,node,0.7161043286323547,0.0030851331539452076,0.0,7.157958030700684,0.0,0.00019977715895686977,5.122751477844545,223.0046374797821,1.0,1.0,1.0,1.0
861,1753489509.9896774,graph,2.114314556121826,0.0,1.0504803657531738,0.0,1.0046333074569702,0.00019977664122102748,3.837967872845646,223.26519203186035,0.1,0.1,0.1,2.0
862,1753489510.2544038,graph,1.6633542776107788,0.0,0.9482511281967163,0.0,0.7842645645141602,0.000199776122885134,3.777484975363469,223.52991843223572,0.1,0.1,0.1,2.0
863,1753489510.5177777,graph,2.6723415851593018,0.0,0.7590559720993042,0.0,1.298218011856079,0.00019977560394919243,3.7968841373441844,223.79329228401184,0.1,0.1,0.1,2.0
864,1753489510.6989849,node,0.30161094665527344,0.0031671044416725636,0.0,3.012942314147949,0.0,0.00019977508441320612,5.518545125375311,223.97449946403503,1.0,1.0,1.0,1.0
865,1753489510.9667716,graph,2.360025644302368,0.0,0.7408525347709656,0.0,1.1429702043533325,0.00019977456427717813,3.7343148331655063,224.24228620529175,0.1,0.1,0.1,2.0
866,1753489511.2398453,graph,3.3018836975097656,0.0,0.9306707382202148,0.0,1.6044082641601562,0.00019977404354111174,3.6620154118290067,224.51535987854004,0.1,0.1,0.1,2.0
867,1753489511.4980145,graph,2.5981178283691406,0.0,1.0673716068267822,0.0,1.2456903457641602,0.00019977352220501015,3.8734291308041815,224.77352905273438,0.1,0.1,0.1,2.0
868,1753489511.669582,node,0.3398793637752533,0.0032651301007717848,0.0,3.3955283164978027,0.0,0.00019977300026887657,5.828611768106436,224.94509649276733,1.0,1.0,1.0,1.0
869,1753489511.9404283,graph,2.8028883934020996,0.0,0.8781884908676147,0.0,1.3575347661972046,0.0001997724777327142,3.692130012711133,225.21594285964966,0.1,0.1,0.1,2.0
870,1753489512.2143989,graph,2.5453147888183594,0.0,1.0376150608062744,0.0,1.2207766771316528,0.0001997719545965263,3.650026629165376,225.48991346359253,0.1,0.1,0.1,2.0
871,1753489512.4913533,graph,2.9836230278015137,0.0,0.9163574576377869,0.0,1.4459936618804932,0.00019977143086031608,3.610702538069318,225.76686787605286,0.1,0.1,0.1,2.0
872,1753489512.6797414,node,0.5387507677078247,0.003179663559421897,0.0,5.384327411651611,0.0,0.00019977090652408675,5.308190650718781,225.95525598526,1.0,1.0,1.0,1.0
873,1753489512.9415522,graph,2.997360944747925,0.0,1.0133562088012695,0.0,1.4480127096176147,0.00019977038158784156,3.8195524326253922,226.21706676483154,0.1,0.1,0.1,2.0
874,1753489513.2051826,graph,2.642716407775879,0.0,0.8851453065872192,0.0,1.277100920677185,0.00019976985605158382,3.793189394309362,226.48069715499878,0.1,0.1,0.1,2.0
875,1753489513.4699054,graph,2.827969551086426,0.0,1.0124428272247314,0.0,1.3633626699447632,0.00019976932991531664,3.777536007378,226.74541997909546,0.1,0.1,0.1,2.0
876,1753489513.6489825,node,0.3441588282585144,0.0032720628660172224,0.0,3.4383163452148438,0.0,0.00019976880317904334,5.5841854124062715,226.92449712753296,1.0,1.0,1.0,1.0
877,1753489513.9117844,graph,1.4360167980194092,0.0,0.7341896295547485,0.0,0.6812989115715027,0.00019976827584276718,3.8051477359016066,227.18729901313782,0.1,0.1,0.1,2.0
878,1753489514.16886,graph,2.1967971324920654,0.0,0.9152837991714478,0.0,1.052634358406067,0.0001997677479064914,3.8899070997252037,227.44437456130981,0.1,0.1,0.1,2.0
879,1753489514.4445808,graph,2.6574740409851074,0.0,0.941447377204895,0.0,1.2816646099090576,0.00019976721937021923,3.6268568567616435,227.72009539604187,0.1,0.1,0.1,2.0
880,1753489514.6188664,node,0.2887965142726898,0.003392305690795183,0.0,2.884572744369507,0.0,0.00019976669023395396,5.73770702606131,227.89438104629517,1.0,1.0,1.0,1.0
881,1753489514.8914447,graph,2.3652701377868652,0.0,1.1641449928283691,0.0,1.1244277954101562,0.00019976616049769883,3.668671431920201,228.16695928573608,0.1,0.1,0.1,2.0
882,1753489515.143998,graph,1.7559480667114258,0.0,0.7267251014709473,0.0,0.8416377902030945,0.00019976563016145714,3.9595614022666235,228.41951251029968,0.1,0.1,0.1,2.0
883,1753489515.413517,graph,2.8571536540985107,0.0,0.8540077209472656,0.0,1.3858764171600342,0.0001997650992252321,3.710312310638731,228.68903160095215,0.1,0.1,0.1,2.0
884,1753489515.616443,node,0.2390056848526001,0.0032910839654505253,0.0,2.386765718460083,0.0,0.00019976456768902711,4.927906684384227,228.8919575214386,1.0,1.0,1.0,1.0
885,1753489515.889664,graph,2.6232073307037354,0.0,1.1923061609268188,0.0,1.251988410949707,0.0001997640355528453,3.660040559455205,229.16517853736877,0.1,0.1,0.1,2.0
886,1753489516.1477232,graph,2.280207395553589,0.0,1.1329874992370605,0.0,1.0834543704986572,0.00019976350281669002,3.875078877177033,229.42323780059814,0.1,0.1,0.1,2.0
887,1753489516.414781,graph,1.4259135723114014,0.0,1.0504889488220215,0.0,0.6604323387145996,0.00019976296948056457,3.7445064019812127,229.69029569625854,0.1,0.1,0.1,2.0
888,1753489516.591535,node,0.5563893914222717,0.0032269188668578863,0.0,5.560667037963867,0.0,0.00019976243554447224,5.657580662566095,229.86704969406128,1.0,1.0,1.0,1.0
889,1753489516.8593655,graph,2.0645458698272705,0.0,0.9116085767745972,0.0,0.9866925477981567,0.00019976190100841627,3.7337064988845983,230.13488006591797,0.1,0.1,0.1,2.0
890,1753489517.1114795,graph,2.807196855545044,0.0,1.1840894222259521,0.0,1.3443939685821533,0.00019976136587240004,3.9664587121953616,230.38699412345886,0.1,0.1,0.1,2.0
891,1753489517.370066,graph,2.5558953285217285,0.0,0.832318902015686,0.0,1.2363317012786865,0.0001997608301364268,3.867179302778008,230.64558053016663,0.1,0.1,0.1,2.0
892,1753489517.5423663,node,1.1829752922058105,0.003334797453135252,0.0,11.826417922973633,0.0,0.00019976029380049985,5.803819117728455,230.81788086891174,1.0,1.0,1.0,1.0
893,1753489517.7900128,graph,1.9610530138015747,0.0,1.1950056552886963,0.0,0.9207762479782104,0.00019975975686462253,4.038012717759133,231.06552743911743,0.1,0.1,0.1,2.0
894,1753489518.0585566,graph,1.482448935508728,0.0,1.071189284324646,0.0,0.6876649856567383,0.00019975921932879808,3.723788435962406,231.3340711593628,0.1,0.1,0.1,2.0
895,1753489518.313687,graph,1.9258697032928467,0.0,1.054842472076416,0.0,0.9101927280426025,0.00019975868119302993,3.91956228185348,231.58920168876648,0.1,0.1,0.1,2.0
896,1753489518.495213,node,2.597963333129883,0.0033488431945443153,0.0,25.976282119750977,0.0,0.00019975814245732132,5.508854375307831,231.77072763442993,1.0,1.0,1.0,1.0
897,1753489518.7390554,graph,3.088019847869873,0.0,1.1834973096847534,0.0,1.4848350286483765,0.00019975760312167557,4.101010120762767,232.01456999778748,0.1,0.1,0.1,2.0
898,1753489518.9960904,graph,2.8437914848327637,0.0,0.8503528833389282,0.0,1.379378080368042,0.00019975706318609606,3.8905204886822258,232.27160501480103,0.1,0.1,0.1,2.0
899,1753489519.2893856,graph,2.391538143157959,0.0,0.7469055652618408,0.0,1.1584237813949585,0.00019975652265058608,3.4095347874966775,232.56490015983582,0.1,0.1,0.1,2.0
900,1753489519.4864533,node,0.3545723259449005,0.0031334301456809044,0.0,3.5425899028778076,0.0,0.00019975598151514897,5.074397322886849,232.76196789741516,1.0,1.0,1.0,1.0
901,1753489519.7341003,graph,2.777923822402954,0.0,0.9953641891479492,0.0,1.3391937017440796,0.00019975543977978805,4.038004942683548,233.009614944458,0.1,0.1,0.1,2.0
902,1753489519.9960063,graph,1.9042037725448608,0.0,0.85007643699646,0.0,0.9095980525016785,0.00019975489744450671,3.8181651013688502,233.2715208530426,0.1,0.1,0.1,2.0
903,1753489520.2455487,graph,1.6028175354003906,0.0,0.8769948482513428,0.0,0.7575590014457703,0.00019975435450930826,4.007333825694569,233.5210633277893,0.1,0.1,0.1,2.0
904,1753489520.4245908,node,0.3928602933883667,0.00330951064825058,0.0,3.925293445587158,0.0,0.00019975381097419605,5.585278517944436,233.70010542869568,1.0,1.0,1.0,1.0
905,1753489520.6899707,graph,2.693530321121216,0.0,0.7744948863983154,0.0,1.3080403804779053,0.00019975326683917345,3.768182814594406,233.96548533439636,0.1,0.1,0.1,2.0
906,1753489520.9527357,graph,2.1753108501434326,0.0,0.9880448579788208,0.0,1.0382531881332397,0.0001997527221042438,3.805682886374937,234.22825026512146,0.1,0.1,0.1,2.0
907,1753489521.204239,graph,1.6078816652297974,0.0,1.1334106922149658,0.0,0.7472702860832214,0.00019975217676941048,3.976092090008257,234.4797534942627,0.1,0.1,0.1,2.0
908,1753489521.3871107,node,0.4293482303619385,0.003261052304878831,0.0,4.290221214294434,0.0,0.00019975163083467683,5.468311126176632,234.66262531280518,1.0,1.0,1.0,1.0
909,1753489521.6686,graph,2.0475516319274902,0.0,0.7501112818717957,0.0,0.9862703084945679,0.0001997510843000462,3.552531990798305,234.9441146850586,0.1,0.1,0.1,2.0
910,1753489521.9279954,graph,2.187830686569214,0.0,1.1863869428634644,0.0,1.0345959663391113,0.00019975053716552205,3.8551190597647205,235.20351004600525,0.1,0.1,0.1,2.0
911,1753489522.2004209,graph,1.7244946956634521,0.0,0.8209680318832397,0.0,0.8211989402770996,0.00019974998943110764,3.6707294980461826,235.47593545913696,0.1,0.1,0.1,2.0
912,1753489522.3907714,node,0.4163978695869446,0.003424681955948472,0.0,4.160553932189941,0.0,0.00019974944109680642,5.253465733452908,235.6662859916687,1.0,1.0,1.0,1.0
913,1753489522.6625988,graph,2.072007894515991,0.0,0.6710689067840576,0.0,1.0024504661560059,0.00019974889216262175,3.6788042033913766,235.93811345100403,0.1,0.1,0.1,2.0
914,1753489522.9362621,graph,1.6142882108688354,0.0,0.7771457433700562,0.0,0.7682868242263794,0.00019974834262855704,3.654125578157684,236.21177673339844,0.1,0.1,0.1,2.0
915,1753489523.2021325,graph,2.0774340629577637,0.0,1.2065863609313965,0.0,0.978387713432312,0.00019974779249461565,3.761231987703797,236.47764706611633,0.1,0.1,0.1,2.0
916,1753489523.391601,node,0.3337169587612152,0.0033240674529224634,0.0,3.333845376968384,0.0,0.00019974724176080098,5.277918783322784,236.66711568832397,1.0,1.0,1.0,1.0
917,1753489523.6505203,graph,2.3958988189697266,0.0,1.3211085796356201,0.0,1.1318939924240112,0.00019974669042711643,3.862208168429427,236.92603492736816,0.1,0.1,0.1,2.0
918,1753489523.9090462,graph,1.549920916557312,0.0,1.0250861644744873,0.0,0.7237061262130737,0.00019974613849356543,3.8680851691726548,237.18456077575684,0.1,0.1,0.1,2.0
919,1753489524.1868584,graph,1.7792072296142578,0.0,1.3058947324752808,0.0,0.8243088722229004,0.00019974558596015134,3.599553392509112,237.46237301826477,0.1,0.1,0.1,2.0
920,1753489524.3659708,node,0.46416953206062317,0.003258471842855215,0.0,4.638436794281006,0.0,0.00019974503282687756,5.583085302934301,237.64148545265198,1.0,1.0,1.0,1.0
921,1753489524.6276844,graph,1.9842662811279297,0.0,0.8669922351837158,0.0,0.9487835168838501,0.00019974447909374757,3.8209720999976313,237.90319895744324,0.1,0.1,0.1,2.0
922,1753489524.8867354,graph,3.486541986465454,0.0,1.1151522397994995,0.0,1.6875133514404297,0.0001997439247607647,3.860242476340012,238.16225004196167,0.1,0.1,0.1,2.0
923,1753489525.1574638,graph,1.902937650680542,0.0,0.9418398141860962,0.0,0.9043768644332886,0.00019974336982793247,3.6937395036798217,238.43297839164734,0.1,0.1,0.1,2.0
924,1753489525.341698,node,0.4953213334083557,0.0032504478003829718,0.0,4.949962615966797,0.0,0.0001997428142952542,5.427875569083281,238.6172125339508,1.0,1.0,1.0,1.0
925,1753489525.603961,graph,2.7011055946350098,0.0,1.081972599029541,0.0,1.2964541912078857,0.0001997422581627334,3.8129655067085695,238.8794755935669,0.1,0.1,0.1,2.0
926,1753489525.8628793,graph,1.870010256767273,0.0,0.9328553080558777,0.0,0.8883623480796814,0.00019974170143037342,3.862222394109663,239.13839387893677,0.1,0.1,0.1,2.0
927,1753489526.1290457,graph,1.7285053730010986,0.0,0.754132866859436,0.0,0.8265460729598999,0.00019974114409817775,3.7570475365533156,239.4045603275299,0.1,0.1,0.1,2.0
928,1753489526.308002,node,0.3132734000682831,0.0033761318773031235,0.0,3.1293580532073975,0.0,0.00019974058616614983,5.587957319307165,239.5835165977478,1.0,1.0,1.0,1.0
929,1753489526.5926347,graph,2.0943048000335693,0.0,0.8929759860038757,0.0,1.0025036334991455,0.0001997400276342931,3.5132999842524435,239.8681492805481,0.1,0.1,0.1,2.0
930,1753489526.8574686,graph,1.4930881261825562,0.0,0.771833598613739,0.0,0.7079523801803589,0.00019973946850261097,3.775951256488602,240.13298320770264,0.1,0.1,0.1,2.0
931,1753489527.1296759,graph,2.172930955886841,0.0,0.9044409394264221,0.0,1.0412434339523315,0.0001997389087711069,3.6736713029464316,240.40519046783447,0.1,0.1,0.1,2.0
932,1753489527.316013,node,0.4136800467967987,0.0032447793055325747,0.0,4.1335554122924805,0.0,0.00019973834843978435,5.366613993896783,240.5915277004242,1.0,1.0,1.0,1.0
933,1753489527.5695603,graph,1.522581934928894,0.0,1.06648588180542,0.0,0.707966685295105,0.0001997377875086468,3.9440389523195174,240.84507489204407,0.1,0.1,0.1,2.0
934,1753489527.8343406,graph,2.1104576587677,0.0,1.0251942873001099,0.0,1.0039690732955933,0.0001997372259776977,3.7767162598631874,241.1098551750183,0.1,0.1,0.1,2.0
935,1753489528.0965753,graph,1.4475557804107666,0.0,0.9826745390892029,0.0,0.6746441721916199,0.00019973666384694047,3.813378040753092,241.3720898628235,0.1,0.1,0.1,2.0
936,1753489528.2680664,node,0.2694583237171173,0.003176226047798991,0.0,2.691406726837158,0.0,0.00019973610111637864,5.831204833682291,241.54358100891113,1.0,1.0,1.0,1.0
937,1753489528.5178413,graph,2.407778263092041,0.0,0.9575429558753967,0.0,1.156011939048767,0.00019973553778601566,4.003604319073873,241.79335594177246,0.1,0.1,0.1,2.0
938,1753489528.7993546,graph,1.652389407157898,0.0,0.9650406837463379,0.0,0.7779426574707031,0.00019973497385585495,3.552231120506254,242.0748691558838,0.1,0.1,0.1,2.0
939,1753489529.0582535,graph,2.017782688140869,0.0,1.0344693660736084,0.0,0.9571678638458252,0.00019973440932590007,3.8625104866834086,242.33376812934875,0.1,0.1,0.1,2.0
940,1753489529.2499595,node,1.4987359046936035,0.003387145232409239,0.0,14.983972549438477,0.0,0.0001997338441961545,5.216322398588188,242.52547407150269,1.0,1.0,1.0,1.0
941,1753489529.5032089,graph,1.5853513479232788,0.0,1.137462854385376,0.0,0.7358025312423706,0.00019973327846662168,3.9486765737310594,242.77872347831726,0.1,0.1,0.1,2.0
942,1753489529.773857,graph,1.7265164852142334,0.0,0.8779752254486084,0.0,0.8193594813346863,0.00019973271213730512,3.6948328063982747,243.04937171936035,0.1,0.1,0.1,2.0
943,1753489530.0610712,graph,1.5648033618927002,0.0,0.8247555494308472,0.0,0.7411639094352722,0.00019973214520820827,3.4817239344115327,243.33658576011658,0.1,0.1,0.1,2.0
944,1753489530.2438722,node,0.7318288087844849,0.0032895703334361315,0.0,7.314998149871826,0.0,0.0001997315776793347,5.47042934671322,243.51938676834106,1.0,1.0,1.0,1.0
945,1753489530.5049648,graph,1.8620213270187378,0.0,1.0526173114776611,0.0,0.8783798217773438,0.00019973100955068788,3.8300578393610825,243.78047943115234,0.1,0.1,0.1,2.0
946,1753489530.7935684,graph,1.5926352739334106,0.0,0.8395364284515381,0.0,0.7543408274650574,0.00019973044082227128,3.4649609125553185,244.06908297538757,0.1,0.1,0.1,2.0
947,1753489531.041621,graph,2.438894748687744,0.0,1.31864595413208,0.0,1.153515100479126,0.00019972987149408845,4.0314030649514425,244.31713557243347,0.1,0.1,0.1,2.0
948,1753489531.2190166,node,0.4629596769809723,0.003371373051777482,0.0,4.626225471496582,0.0,0.00019972930156614288,5.637118960931441,244.49453115463257,1.0,1.0,1.0,1.0
949,1753489531.4713435,graph,1.4454150199890137,0.0,1.187872290611267,0.0,0.6633139252662659,0.00019972873103843813,3.9631119039700056,244.7468581199646,0.1,0.1,0.1,2.0
950,1753489531.7326162,graph,1.4550386667251587,0.0,0.9488638043403625,0.0,0.6800761222839355,0.00019972815991097762,3.8274190884394588,245.0081307888031,0.1,0.1,0.1,2.0
951,1753489531.9834683,graph,1.7767488956451416,0.0,1.0245342254638672,0.0,0.8371477127075195,0.000199727588183765,3.986412583757069,245.2589828968048,0.1,0.1,0.1,2.0
952,1753489532.1661751,node,2.2686054706573486,0.003418279578909278,0.0,22.682636260986328,0.0,0.00019972701585680374,5.473249052624985,245.44168972969055,1.0,1.0,1.0,1.0
953,1753489532.4436553,graph,1.3678079843521118,0.0,0.8078873157501221,0.0,0.6435096263885498,0.00019972644293009734,3.6038617124749535,245.7191698551178,0.1,0.1,0.1,2.0
954,1753489532.701108,graph,1.3564319610595703,0.0,1.009617805480957,0.0,0.6277350783348083,0.00019972586940364935,3.8842082355174634,245.97662258148193,0.1,0.1,0.1,2.0
955,1753489532.9643028,graph,1.900280475616455,0.0,0.8407807350158691,0.0,0.9081012010574341,0.00019972529527746336,3.799467171051499,246.23981738090515,0.1,0.1,0.1,2.0
956,1753489533.1456845,node,0.260385662317276,0.003332944819703698,0.0,2.6005234718322754,0.0,0.00019972472055154283,5.5132352747873865,246.42119908332825,1.0,1.0,1.0,1.0
957,1753489533.406997,graph,1.956993579864502,0.0,0.7403340339660645,0.0,0.9414801001548767,0.00019972414522589134,3.826835908702729,246.68251156806946,0.1,0.1,0.1,2.0
958,1753489533.6886983,graph,1.9466112852096558,0.0,1.0986621379852295,0.0,0.9183725118637085,0.00019972356930051248,3.5498590400163854,246.9642128944397,0.1,0.1,0.1,2.0
959,1753489533.9561899,graph,1.4755576848983765,0.0,1.1088809967041016,0.0,0.6823347806930542,0.00019972299277540973,3.7384354435750184,247.23170447349548,0.1,0.1,0.1,2.0
960,1753489534.125487,node,0.5726328492164612,0.003307715756818652,0.0,5.723021030426025,0.0,0.0001997224156505867,5.906771593219957,247.40100169181824,1.0,1.0,1.0,1.0
961,1753489534.4030852,graph,1.6154364347457886,0.0,1.1501507759094238,0.0,0.750210702419281,0.00019972183792604692,3.6023295781010725,247.67859983444214,0.1,0.1,0.1,2.0
962,1753489534.6543171,graph,1.5664384365081787,0.0,0.7795085310935974,0.0,0.7442438006401062,0.00019972125960179395,3.9803861093264676,247.92983174324036,0.1,0.1,0.1,2.0
963,1753489534.9301898,graph,1.4694690704345703,0.0,1.1824955940246582,0.0,0.6756097674369812,0.0001997206806778314,3.6248602101471445,248.2057044506073,0.1,0.1,0.1,2.0
964,1753489535.112628,node,0.9128238558769226,0.0032383042853325605,0.0,9.125,0.0,0.00019972010115416278,5.481310139427419,248.3881425857544,1.0,1.0,1.0,1.0
965,1753489535.3754947,graph,1.5619796514511108,0.0,1.3113923072814941,0.0,0.7154201865196228,0.00019971952103079176,3.8042089968373114,248.65100932121277,0.1,0.1,0.1,2.0
966,1753489535.6375918,graph,1.300553560256958,0.0,0.8662700653076172,0.0,0.6069632768630981,0.0001997189403077218,3.8153795772822168,248.9131064414978,0.1,0.1,0.1,2.0
967,1753489535.9066086,graph,1.893767237663269,0.0,0.9405858516693115,0.0,0.899854302406311,0.00019971835898495658,3.717240755872797,249.1821231842041,0.1,0.1,0.1,2.0
968,1753489536.100095,node,0.6996649503707886,0.0031988522969186306,0.0,6.99345064163208,0.0,0.00019971777706249966,5.168320516153836,249.37560963630676,1.0,1.0,1.0,1.0
969,1753489536.381481,graph,1.5273023843765259,0.0,0.7683168649673462,0.0,0.7252353429794312,0.00019971719454035455,3.553838358676109,249.65699553489685,0.1,0.1,0.1,2.0
970,1753489536.6376355,graph,1.6457042694091797,0.0,1.03961181640625,0.0,0.7708715200424194,0.00019971661141852495,3.9038933720529787,249.91315007209778,0.1,0.1,0.1,2.0
971,1753489536.9007177,graph,1.844604730606079,0.0,0.833751916885376,0.0,0.8806147575378418,0.0001997160276970144,3.801092395013082,250.17623233795166,0.1,0.1,0.1,2.0
972,1753489537.0931973,node,0.1305137425661087,0.0033268032129853964,0.0,1.3018105030059814,0.0,0.00019971544337582653,5.195355485694608,250.36871194839478,1.0,1.0,1.0,1.0
973,1753489537.383898,graph,1.665907382965088,0.0,1.0729929208755493,0.0,0.779304027557373,0.00019971485845496492,3.43996450384528,250.65941262245178,0.1,0.1,0.1,2.0
974,1753489537.638499,graph,2.3634419441223145,0.0,1.0382179021835327,0.0,1.129810094833374,0.00019971427293443323,3.927714318355911,250.91401362419128,0.1,0.1,0.1,2.0
975,1753489537.9128077,graph,1.9325305223464966,0.0,1.6118509769439697,0.0,0.8856726884841919,0.00019971368681423495,3.6455280765279428,251.18832230567932,0.1,0.1,0.1,2.0
976,1753489538.1017737,node,0.3971438407897949,0.0031826384365558624,0.0,3.9682557582855225,0.0,0.0001997131000943738,5.2919562795474535,251.37728834152222,1.0,1.0,1.0,1.0
977,1753489538.372706,graph,1.5547432899475098,0.0,1.0412471294403076,0.0,0.7253093123435974,0.00019971251277485342,3.6909603545317906,251.64822053909302,0.1,0.1,0.1,2.0
978,1753489538.632576,graph,1.7572201490402222,0.0,1.0348069667816162,0.0,0.8268697261810303,0.00019971192485567733,3.848077110096204,251.90809059143066,0.1,0.1,0.1,2.0
979,1753489538.8919303,graph,1.8755124807357788,0.0,1.0233972072601318,0.0,0.8865863680839539,0.00019971133633684925,3.8557286146214738,252.1674449443817,0.1,0.1,0.1,2.0
980,1753489539.0600705,node,0.3424730598926544,0.0033420659601688385,0.0,3.421388626098633,0.0,0.00019971074721837276,5.947418647223392,252.3355851173401,1.0,1.0,1.0,1.0
981,1753489539.3252864,graph,1.9813135862350464,0.0,1.162468671798706,0.0,0.9325333833694458,0.00019971015750025153,3.7705133783293,252.60080099105835,0.1,0.1,0.1,2.0
982,1753489539.5973887,graph,1.7442376613616943,0.0,0.9316099882125854,0.0,0.8255383372306824,0.00019970956718248913,3.6750876209168655,252.87290334701538,0.1,0.1,0.1,2.0
983,1753489539.8725023,graph,1.0468732118606567,0.0,0.85394287109375,0.0,0.48073944449424744,0.0001997089762650893,3.6348623376173186,253.14801692962646,0.1,0.1,0.1,2.0
984,1753489540.064296,node,0.522048830986023,0.0031791911460459232,0.0,5.21730899810791,0.0,0.00019970838474805562,5.213936137019371,253.3398106098175,1.0,1.0,1.0,1.0
985,1753489540.3120797,graph,1.8883607387542725,0.0,1.0096479654312134,0.0,0.89369797706604,0.00019970779263139173,4.035778615964899,253.58759427070618,0.1,0.1,0.1,2.0
986,1753489540.5744064,graph,1.9303221702575684,0.0,1.1448984146118164,0.0,0.9079161882400513,0.00019970719991510132,3.812040229832824,253.84992098808289,0.1,0.1,0.1,2.0
987,1753489540.840599,graph,2.731199264526367,0.0,1.1166315078735352,0.0,1.3097680807113647,0.00019970660659918805,3.7566773817659405,254.11611366271973,0.1,0.1,0.1,2.0
988,1753489541.0284483,node,0.40557876229286194,0.003087616292759776,0.0,4.052700042724609,0.0,0.00019970601268365552,5.323416639484603,254.3039629459381,1.0,1.0,1.0,1.0
989,1753489541.2919345,graph,1.7506389617919922,0.0,1.3803869485855103,0.0,0.806300163269043,0.00019970541816850747,3.7952659434407012,254.567449092865,0.1,0.1,0.1,2.0
990,1753489541.5595927,graph,1.531620740890503,0.0,0.8900810480117798,0.0,0.721306324005127,0.0001997048230537475,3.7361077460272214,254.83510732650757,0.1,0.1,0.1,2.0
991,1753489541.8218255,graph,1.62297523021698,0.0,0.8860682249069214,0.0,0.7671841979026794,0.00019970422733937932,3.813405777336519,255.0973401069641,0.1,0.1,0.1,2.0
992,1753489542.023261,node,0.36885231733322144,0.0032706947531551123,0.0,3.6852521896362305,0.0,0.00019970363102540662,4.964366621611065,255.2987756729126,1.0,1.0,1.0,1.0
993,1753489542.279488,graph,1.9390789270401,0.0,1.2383618354797363,0.0,0.9076213836669922,0.00019970303411183304,3.902789072982635,255.55500268936157,0.1,0.1,0.1,2.0
994,1753489542.555496,graph,1.3879692554473877,0.0,0.6781145334243774,0.0,0.6600788831710815,0.0001997024365986623,3.623084823622805,255.83101058006287,0.1,0.1,0.1,2.0
995,1753489542.8073654,graph,1.4533439874649048,0.0,0.9896013736724854,0.0,0.6771919131278992,0.000199701838485898,3.970310966218832,256.0828800201416,0.1,0.1,0.1,2.0
996,1753489543.0056021,node,0.24318550527095795,0.00321417348459363,0.0,2.428640842437744,0.0,0.00019970123977354395,5.04447451185558,256.2811167240143,1.0,1.0,1.0,1.0
997,1753489543.2637765,graph,1.8366713523864746,0.0,0.9071828126907349,0.0,0.872976541519165,0.00019970064046160376,3.8733504361589937,256.53929114341736,0.1,0.1,0.1,2.0
998,1753489543.531118,graph,2.3118724822998047,0.0,1.166793704032898,0.0,1.097596526145935,0.00019970004055008117,3.7405358549055525,256.8066325187683,0.1,0.1,0.1,2.0
999,1753489543.7849202,graph,1.2879828214645386,0.0,0.981375515460968,0.0,0.594922661781311,0.00019969944003897988,3.9400746249027736,257.0604348182678,0.1,0.1,0.1,2.0
1000,1753489543.9572072,node,0.3694402575492859,0.0033923976588994265,0.0,3.6910102367401123,0.0,0.00019969883892830353,5.804268886723939,257.2327218055725,1.0,1.0,1.0,1.0
1001,1753489556.0778475,graph,1.747743844985962,0.0,0.9290646910667419,0.0,0.8274186849594116,0.0001996982372180559,0.08250389229242501,269.35336208343506,0.1,0.1,0.1,2.0
1002,1753489556.3547752,graph,1.4493496417999268,0.0,1.161373496055603,0.0,0.6666061282157898,0.00019969763490824068,3.6110507017104325,269.6302897930145,0.1,0.1,0.1,2.0
1003,1753489556.6242323,graph,1.2844257354736328,0.0,0.9638379812240601,0.0,0.5940209627151489,0.00019969703199886158,3.7111658710742046,269.8997468948364,0.1,0.1,0.1,2.0
1004,1753489556.7803571,node,0.6241806745529175,0.0034033837728202343,0.0,6.2384033203125,0.0,0.00019969642848992233,6.40513106355036,270.0558717250824,1.0,1.0,1.0,1.0
1005,1753489557.0603652,graph,1.505575180053711,0.0,0.9039311408996582,0.0,0.7075910568237305,0.0001996958243814266,3.5713255435148183,270.33587980270386,0.1,0.1,0.1,2.0
1006,1753489557.3136528,graph,1.4075208902359009,0.0,0.9161682724952698,0.0,0.6579520106315613,0.00019969521967337818,3.9480818739322174,270.5891673564911,0.1,0.1,0.1,2.0
1007,1753489557.585711,graph,2.0928311347961426,0.0,1.2877421379089355,0.0,0.9820284247398376,0.00019969461436578079,3.675683444410851,270.861225605011,0.1,0.1,0.1,2.0
1008,1753489557.7606227,node,0.5208138227462769,0.00338563765399158,0.0,5.204752445220947,0.0,0.00019969400845863818,5.717169211308652,271.036137342453,1.0,1.0,1.0,1.0
1009,1753489558.0213795,graph,1.7615231275558472,0.0,1.19352388381958,0.0,0.8210853934288025,0.00019969340195195403,3.8349920864447338,271.2968940734863,0.1,0.1,0.1,2.0
1010,1753489558.2774606,graph,1.4465471506118774,0.0,1.2230952978134155,0.0,0.6621187925338745,0.0001996927948457321,3.905012838870775,271.5529751777649,0.1,0.1,0.1,2.0
1011,1753489558.5441973,graph,1.3920660018920898,0.0,1.075211524963379,0.0,0.642272412776947,0.0001996921871399762,3.749014770619651,271.81971192359924,0.1,0.1,0.1,2.0
1012,1753489558.7313998,node,0.4530799984931946,0.008954892866313457,0.0,4.521844863891602,0.0,0.00019969157883469,5.3418103272608715,272.0069143772125,1.0,1.0,1.0,1.0
1013,1753489559.014341,graph,5.29744815826416,0.0,1.5167195796966553,0.0,2.572888135910034,0.00019969096992987725,3.5343014741199013,272.28985571861267,0.1,0.1,0.1,2.0
1014,1753489559.2705133,graph,1.5403639078140259,0.0,0.8284362554550171,0.0,0.7287601232528687,0.00019969036042554177,3.9036245048694047,272.54602789878845,0.1,0.1,0.1,2.0
1015,1753489559.5459313,graph,1.5192278623580933,0.0,0.7595072388648987,0.0,0.721638560295105,0.00019968975032168726,3.630844183668964,272.82144594192505,0.1,0.1,0.1,2.0
1016,1753489559.7342632,node,0.34049007296562195,0.003091499675065279,0.0,3.4018092155456543,0.0,0.00019968913961831752,5.30977654727498,273.00977778434753,1.0,1.0,1.0,1.0
1017,1753489559.999476,graph,1.204699993133545,0.0,0.7667196393013,0.0,0.5640140175819397,0.0001996885283154363,3.770557442895118,273.27499055862427,0.1,0.1,0.1,2.0
1018,1753489560.2661357,graph,1.8241379261016846,0.0,1.057428002357483,0.0,0.8591975569725037,0.00019968791641304738,3.750097456126861,273.54165029525757,0.1,0.1,0.1,2.0
1019,1753489560.529079,graph,1.6067712306976318,0.0,0.929231584072113,0.0,0.756924033164978,0.0001996873039111545,3.8031017423725864,273.80459356307983,0.1,0.1,0.1,2.0
1020,1753489560.6985157,node,0.42286065220832825,0.0031442989129573107,0.0,4.225461959838867,0.0,0.0001996866908097615,5.9019093276898245,273.97403025627136,1.0,1.0,1.0,1.0
1021,1753489560.9675894,graph,1.9123159646987915,0.0,0.8369798064231873,0.0,0.9143089652061462,0.00019968607710887213,3.716453551684998,274.24310398101807,0.1,0.1,0.1,2.0
1022,1753489561.2358181,graph,1.1134090423583984,0.0,1.1459364891052246,0.0,0.49940770864486694,0.0001996854628084902,3.7281608628369125,274.51133275032043,0.1,0.1,0.1,2.0
1023,1753489561.4986925,graph,1.5038995742797852,0.0,1.0465235710144043,0.0,0.6996235847473145,0.00019968484790861942,3.8040985873976827,274.77420711517334,0.1,0.1,0.1,2.0
1024,1753489561.678255,node,0.22834058105945587,0.0035194423981010914,0.0,2.279886245727539,0.0,0.00019968423240926368,5.569089412327058,274.9537696838379,1.0,1.0,1.0,1.0
1025,1753489561.9369588,graph,1.7108651399612427,0.0,1.245156168937683,0.0,0.7931747436523438,0.00019968361631042672,3.8654258387845344,275.2124733924866,0.1,0.1,0.1,2.0
1026,1753489562.2104483,graph,1.9232360124588013,0.0,1.0399510860443115,0.0,0.909620463848114,0.00019968299961211234,3.656447836191851,275.4859628677368,0.1,0.1,0.1,2.0
1027,1753489562.4935226,graph,1.5840733051300049,0.0,0.6719485521316528,0.0,0.7584392428398132,0.0001996823823143244,3.5326404447064768,275.7690372467041,0.1,0.1,0.1,2.0
1028,1753489562.6661959,node,0.4733726382255554,0.0034357954282313585,0.0,4.730290412902832,0.0,0.00019968176441706665,5.791285809754724,275.94171047210693,1.0,1.0,1.0,1.0
1029,1753489562.9278328,graph,1.0199724435806274,0.0,0.8598011136054993,0.0,0.4669961631298065,0.00019968114592034292,3.8220897861734944,276.2033474445343,0.1,0.1,0.1,2.0
1030,1753489563.2072368,graph,1.8296209573745728,0.0,1.3335003852844238,0.0,0.8481354713439941,0.00019968052682415704,3.5790477897099167,276.4827513694763,0.1,0.1,0.1,2.0
1031,1753489563.4715889,graph,1.1602058410644531,0.0,0.8003044128417969,0.0,0.5400876998901367,0.0001996799071285128,3.782833817201537,276.7471034526825,0.1,0.1,0.1,2.0
1032,1753489563.6634324,node,15.630143165588379,0.003413780126720667,0.0,156.2980194091797,0.0,0.000199679286833414,5.212581867892872,276.93894696235657,1.0,1.0,1.0,1.0
1033,1753489563.9174104,graph,1.8996739387512207,0.0,0.8611965179443359,0.0,0.9067771434783936,0.00019967866593886455,3.937348687317005,277.1929249763489,0.1,0.1,0.1,2.0
1034,1753489564.1879368,graph,1.759790301322937,0.0,1.084499478340149,0.0,0.8256701827049255,0.0001996780444448682,3.6964967787991223,277.46345138549805,0.1,0.1,0.1,2.0
1035,1753489564.4437592,graph,1.4061567783355713,0.0,1.0095880031585693,0.0,0.6525989770889282,0.00019967742235142883,3.9089615348411972,277.7192738056183,0.1,0.1,0.1,2.0
1036,1753489564.6234767,node,1.0429658889770508,0.0033688507974147797,0.0,10.426289558410645,0.0,0.00019967679965855026,5.564287135674392,277.89899134635925,1.0,1.0,1.0,1.0
1037,1753489564.88884,graph,1.2618211507797241,0.0,1.0571792125701904,0.0,0.5780516266822815,0.00019967617636623632,3.768419804243253,278.1643545627594,0.1,0.1,0.1,2.0
1038,1753489565.1693287,graph,1.8609203100204468,0.0,1.023956298828125,0.0,0.8792623281478882,0.0001996755524744909,3.5652056389747164,278.4448432922363,0.1,0.1,0.1,2.0
1039,1753489565.4425344,graph,1.3282440900802612,0.0,0.8904760479927063,0.0,0.6195982694625854,0.0001996749279833178,3.660244976036471,278.71804904937744,0.1,0.1,0.1,2.0
1040,1753489565.6490939,node,0.21007488667964935,0.0031473541166633368,0.0,2.0976014137268066,0.0,0.00019967430289272091,4.841221967905279,278.9246084690094,1.0,1.0,1.0,1.0
1041,1753489565.9182305,graph,1.177592158317566,0.0,0.8868237137794495,0.0,0.5444548726081848,0.00019967367720270403,3.715584391424479,279.193745136261,0.1,0.1,0.1,2.0
1042,1753489566.2105453,graph,1.6805092096328735,0.0,0.8532110452651978,0.0,0.7975940704345703,0.00019967305091327106,3.420969824404575,279.4860599040985,0.1,0.1,0.1,2.0
1043,1753489566.467308,graph,1.5117963552474976,0.0,0.9568821787834167,0.0,0.7080540657043457,0.0001996724240244259,3.8946460391052065,279.7428226470947,0.1,0.1,0.1,2.0
1044,1753489566.6664007,node,0.2760505974292755,0.003262152662500739,0.0,2.7572436332702637,0.0,0.00019967179653617234,5.022787720569304,279.9419152736664,1.0,1.0,1.0,1.0
1045,1753489566.9171598,graph,1.0803577899932861,0.0,0.9872899055480957,0.0,0.4908144176006317,0.0001996711684485143,3.9878907735605083,280.19267439842224,0.1,0.1,0.1,2.0
1046,1753489567.184079,graph,1.0429635047912598,0.0,0.7332550883293152,0.0,0.4848189949989319,0.00019967053976145563,3.746453007485217,280.4595935344696,0.1,0.1,0.1,2.0
1047,1753489567.4502494,graph,1.3467726707458496,0.0,0.8529571294784546,0.0,0.6307384967803955,0.00019966991047500022,3.7569903260480113,280.7257640361786,0.1,0.1,0.1,2.0
1048,1753489567.6210704,node,0.3282923996448517,0.003381266724318266,0.0,3.2795426845550537,0.0,0.00019966928058915199,5.854082836107331,280.8965849876404,1.0,1.0,1.0,1.0
1049,1753489567.8718822,graph,1.2602900266647339,0.0,0.84036785364151,0.0,0.5881265997886658,0.00019966865010391475,3.987052998105479,281.1473968029022,0.1,0.1,0.1,2.0
1050,1753489568.1323063,graph,2.2293126583099365,0.0,1.1139471530914307,0.0,1.0589590072631836,0.00019966801901929245,3.839889846909909,281.4078209400177,0.1,0.1,0.1,2.0
1051,1753489568.3989003,graph,1.3642526865005493,0.0,1.1179163455963135,0.0,0.6262305378913879,0.00019966738733528892,3.751023094754314,281.67441487312317,0.1,0.1,0.1,2.0
1052,1753489568.5946121,node,0.5414971113204956,0.003540947800502181,0.0,5.4114298820495605,0.0,0.00019966675505190813,5.109552611542561,281.87012672424316,1.0,1.0,1.0,1.0
1053,1753489568.8677468,graph,0.9230697154998779,0.0,0.8402420282363892,0.0,0.419522762298584,0.00019966612216915393,3.6611970915058354,282.1432614326477,0.1,0.1,0.1,2.0
1054,1753489569.1332922,graph,1.3476009368896484,0.0,0.9071657657623291,0.0,0.6284421682357788,0.00019966548868703023,3.765834843209329,282.4088068008423,0.1,0.1,0.1,2.0
1055,1753489569.3880327,graph,1.9202243089675903,0.0,0.866997480392456,0.0,0.9167622923851013,0.00019966485460554093,3.925563826033568,282.66354727745056,0.1,0.1,0.1,2.0
1056,1753489569.567352,node,0.2837688624858856,0.003399059409275651,0.0,2.83428955078125,0.0,0.00019966421992468998,5.576642025208743,282.84286665916443,1.0,1.0,1.0,1.0
1057,1753489569.867368,graph,1.7950581312179565,0.0,1.0960421562194824,0.0,0.8427269458770752,0.00019966358464448125,3.3331563831596416,283.1428825855255,0.1,0.1,0.1,2.0
1058,1753489570.1245077,graph,0.7668635249137878,0.0,0.959522008895874,0.0,0.33545565605163574,0.0001996629487649187,3.888936896975676,283.4000222682953,0.1,0.1,0.1,2.0
1059,1753489570.39716,graph,1.1854827404022217,0.0,1.0262709856033325,0.0,0.5414278507232666,0.00019966231228600625,3.667673731862989,283.6726746559143,0.1,0.1,0.1,2.0
1060,1753489570.5734062,node,0.25573697686195374,0.00324355810880661,0.0,2.554126024246216,0.0,0.00019966167520774777,5.673882282916007,283.84892082214355,1.0,1.0,1.0,1.0
1061,1753489570.8392594,graph,1.054107427597046,0.0,1.1639690399169922,0.0,0.46885523200035095,0.00019966103753014724,3.7614748504352646,284.11477398872375,0.1,0.1,0.1,2.0
1062,1753489571.0926306,graph,1.4407426118850708,0.0,0.7948914170265198,0.0,0.6806267499923706,0.00019966039925320861,3.946777878567745,284.36814522743225,0.1,0.1,0.1,2.0
1063,1753489571.353173,graph,1.9947224855422974,0.0,1.385644555091858,0.0,0.9280790090560913,0.0001996597603769358,3.838146988361942,284.62868762016296,0.1,0.1,0.1,2.0
1064,1753489571.5313482,node,0.6194097399711609,0.003273311071097851,0.0,6.190823554992676,0.0,0.0001996591209013327,5.612453015504716,284.8068628311157,1.0,1.0,1.0,1.0
1065,1753489571.7938848,graph,1.1308430433273315,0.0,0.7841635942459106,0.0,0.5262133479118347,0.00019965848082640332,3.8089938047037757,285.06939935684204,0.1,0.1,0.1,2.0
1066,1753489572.0435193,graph,1.3528072834014893,0.0,0.6837124824523926,0.0,0.6422179937362671,0.0001996578401521516,4.0058564929998095,285.3190338611603,0.1,0.1,0.1,2.0
1067,1753489572.3061912,graph,1.0915225744247437,0.0,0.7921936511993408,0.0,0.5061516165733337,0.00019965719887858147,3.8070300601056886,285.5817058086395,0.1,0.1,0.1,2.0
1068,1753489572.4722629,node,0.43298131227493286,0.0033942661248147488,0.0,4.326418876647949,0.0,0.00019965655700569687,6.02149722563186,285.7477774620056,1.0,1.0,1.0,1.0
1069,1753489572.7367392,graph,1.7327252626419067,0.0,1.02958083152771,0.0,0.8148835897445679,0.0001996559145335018,3.781057140848143,286.0122537612915,0.1,0.1,0.1,2.0
1070,1753489572.9886796,graph,1.681717872619629,0.0,1.0028421878814697,0.0,0.790716826915741,0.0001996552714620002,3.9691913145928654,286.2641942501068,0.1,0.1,0.1,2.0
1071,1753489573.2853427,graph,1.090250849723816,0.0,1.0842578411102295,0.0,0.490912526845932,0.00019965462779119602,3.370827657428504,286.56085729599,0.1,0.1,0.1,2.0
1072,1753489573.461491,node,12.249640464782715,0.003445736598223448,0.0,122.49295806884766,0.0,0.00019965398352109326,5.677030941230611,286.7370057106018,1.0,1.0,1.0,1.0
1073,1753489573.7114115,graph,2.084703207015991,0.0,1.5147907733917236,0.0,0.9666120409965515,0.0001996533386516959,4.001274514854394,286.9869260787964,0.1,0.1,0.1,2.0
1074,1753489573.9835184,graph,0.690536379814148,0.0,0.8211323022842407,0.0,0.3042115867137909,0.00019965269318300788,3.6750264391715053,287.2590329647064,0.1,0.1,0.1,2.0
1075,1753489574.2363794,graph,1.1797109842300415,0.0,1.2464524507522583,0.0,0.5275328755378723,0.0001996520471150332,3.9547415743897654,287.51189398765564,0.1,0.1,0.1,2.0
1076,1753489574.426296,node,0.2909253239631653,0.00345333619043231,0.0,2.9058001041412354,0.0,0.00019965140044777587,5.2654688614154725,287.7018105983734,1.0,1.0,1.0,1.0
1077,1753489574.6821918,graph,1.1926761865615845,0.0,0.7262600660324097,0.0,0.5600250959396362,0.00019965075318123984,3.9078398032246193,287.957706451416,0.1,0.1,0.1,2.0
1078,1753489574.9491663,graph,1.294313907623291,0.0,0.8679301142692566,0.0,0.6037604212760925,0.00019965010531542912,3.7456767984911212,288.22468090057373,0.1,0.1,0.1,2.0
1079,1753489575.2093046,graph,1.5890752077102661,0.0,0.9324368834495544,0.0,0.7479157447814941,0.0001996494568503477,3.8441094712762087,288.48481917381287,0.1,0.1,0.1,2.0
1080,1753489575.4029117,node,0.34185439348220825,0.003112305188551545,0.0,3.415431499481201,0.0,0.00019964880778599965,5.16510004962767,288.67842626571655,1.0,1.0,1.0,1.0
1081,1753489575.664321,graph,1.6650320291519165,0.0,1.1598761081695557,0.0,0.7745221853256226,0.00019964815812238888,3.8254188593891083,288.9398355484009,0.1,0.1,0.1,2.0
1082,1753489575.929242,graph,1.6425641775131226,0.0,1.1511070728302002,0.0,0.7637267112731934,0.00019964750785951942,3.7747109099597806,289.2047564983368,0.1,0.1,0.1,2.0
1083,1753489576.1884313,graph,1.2265383005142212,0.0,0.981604278087616,0.0,0.5641889572143555,0.0001996468569973953,3.858182958811317,289.4639458656311,0.1,0.1,0.1,2.0
1084,1753489576.3907604,node,0.2564500868320465,0.003286041785031557,0.0,2.5612149238586426,0.0,0.00019964620553602051,4.942441346641057,289.66627502441406,1.0,1.0,1.0,1.0
1085,1753489576.6427615,graph,1.2176827192306519,0.0,0.8751142024993896,0.0,0.5650856494903564,0.00019964555347539911,3.968237479055677,289.91827607154846,0.1,0.1,0.1,2.0
1086,1753489576.9262886,graph,1.0881462097167969,0.0,0.8565092086791992,0.0,0.5012476444244385,0.00019964490081553505,3.52699926589242,290.20180320739746,0.1,0.1,0.1,2.0
1087,1753489577.17819,graph,1.5005111694335938,0.0,1.2156131267547607,0.0,0.6894749402999878,0.00019964424755643245,3.969807420559916,290.4537045955658,0.1,0.1,0.1,2.0
1088,1753489577.3610945,node,1.4282885789871216,0.0031060525216162205,0.0,14.279779434204102,0.0,0.0001996435936980953,5.46733458731394,290.6366090774536,1.0,1.0,1.0,1.0
1089,1753489577.6176736,graph,1.8358025550842285,0.0,1.0570666790008545,0.0,0.8650479316711426,0.00019964293924052757,3.897432657077732,290.8931882381439,0.1,0.1,0.1,2.0
1090,1753489577.8849924,graph,1.3080828189849854,0.0,0.864938497543335,0.0,0.6107944846153259,0.0001996422841837334,3.7408527884011646,291.16050696372986,0.1,0.1,0.1,2.0
1091,1753489578.1435282,graph,1.4280524253845215,0.0,1.2713693380355835,0.0,0.6504577398300171,0.00019964162852771677,3.8679353509569543,291.41904282569885,0.1,0.1,0.1,2.0
1092,1753489578.3504794,node,0.3542689383029938,0.0032058763317763805,0.0,3.5394835472106934,0.0,0.00019964097227248174,4.832058395236954,291.6259939670563,1.0,1.0,1.0,1.0
1093,1753489578.6049597,graph,2.5456595420837402,0.0,1.25489342212677,0.0,1.210085153579712,0.00019964031541803236,3.929576303580396,291.88047432899475,0.1,0.1,0.1,2.0
1094,1753489578.8714654,graph,1.181652545928955,0.0,0.7078653573989868,0.0,0.5554330348968506,0.00019963965796437267,3.752264704251006,292.14698004722595,0.1,0.1,0.1,2.0
1095,1753489579.1263604,graph,1.7453076839447021,0.0,1.209354043006897,0.0,0.8121861219406128,0.00019963899991150673,3.9231844894851498,292.4018750190735,0.1,0.1,0.1,2.0
1096,1753489579.2914329,node,0.9492804408073425,0.0034053500276058912,0.0,9.489398956298828,0.0,0.00019963834125943862,6.057946398137396,292.56694746017456,1.0,1.0,1.0,1.0
1097,1753489579.5535133,graph,1.5980244874954224,0.0,0.8480278253555298,0.0,0.7566108703613281,0.00019963768200817234,3.8156225409258173,292.82902789115906,0.1,0.1,0.1,2.0
1098,1753489579.8236418,graph,1.1533236503601074,0.0,0.8874114155769348,0.0,0.5322912335395813,0.00019963702215771204,3.7019420106425325,293.0991563796997,0.1,0.1,0.1,2.0
1099,1753489580.1059754,graph,1.3177247047424316,0.0,1.2131356000900269,0.0,0.59820556640625,0.00019963636170806172,3.541909131366255,293.3814899921417,0.1,0.1,0.1,2.0
1100,1753489580.2868261,node,0.389072060585022,0.0033163256011903286,0.0,3.887404203414917,0.0,0.00019963570065922553,5.529421535760003,293.56234073638916,1.0,1.0,1.0,1.0
1101,1753489580.5803835,graph,1.5954148769378662,0.0,1.1865801811218262,0.0,0.7383784055709839,0.0001996350390112075,3.4064887526608727,293.85589814186096,0.1,0.1,0.1,2.0
1102,1753489580.8331153,graph,1.2835053205490112,0.0,0.8884921073913574,0.0,0.5973280668258667,0.0001996343767640117,3.9567636509772326,294.1086299419403,0.1,0.1,0.1,2.0
1103,1753489581.105691,graph,1.5017476081848145,0.0,1.2215855121612549,0.0,0.6897945404052734,0.00019963371391764224,3.668706730285629,294.38120555877686,0.1,0.1,0.1,2.0
1104,1753489581.3001397,node,0.6762790083885193,0.0032299519516527653,0.0,6.7595601081848145,0.0,0.0001996330504721032,5.1427443392837215,294.57565426826477,1.0,1.0,1.0,1.0
1105,1753489581.5761976,graph,1.4056042432785034,0.0,1.1305949687957764,0.0,0.6462723612785339,0.00019963238642739864,3.622427714313598,294.8517122268677,0.1,0.1,0.1,2.0
1106,1753489581.8259554,graph,1.205108642578125,0.0,0.8733134865760803,0.0,0.5588886737823486,0.0001996317217835327,4.003879491389514,295.1014699935913,0.1,0.1,0.1,2.0
1107,1753489582.0887325,graph,1.4931950569152832,0.0,1.0847289562225342,0.0,0.692361056804657,0.00019963105654050947,3.8055067879912934,295.36424708366394,0.1,0.1,0.1,2.0
1108,1753489582.2756872,node,4.354344367980957,0.0032444254029542208,0.0,43.540199279785156,0.0,0.00019963039069833307,5.348888279591147,295.55120182037354,1.0,1.0,1.0,1.0
1109,1753489582.5415964,graph,1.0685721635818481,0.0,0.9788920879364014,0.0,0.48534148931503296,0.00019962972425700758,3.7606822893130483,295.8171110153198,0.1,0.1,0.1,2.0
1110,1753489582.788792,graph,1.1549152135849,0.0,1.1043775081634521,0.0,0.5222387313842773,0.0001996290572165371,4.045381375426427,296.06430649757385,0.1,0.1,0.1,2.0
1111,1753489583.0514557,graph,2.966723918914795,0.0,1.452605962753296,0.0,1.4107316732406616,0.00019962838957692577,3.8071475512212123,296.3269703388214,0.1,0.1,0.1,2.0
1112,1753489583.2199602,node,0.6953476071357727,0.0033097814302891493,0.0,6.95016622543335,0.0,0.00019962772133817768,5.934560437150429,296.49547481536865,1.0,1.0,1.0,1.0
1113,1753489583.494824,graph,1.2791850566864014,0.0,1.1541723012924194,0.0,0.5818839073181152,0.00019962705250029702,3.6381665802151515,296.77033853530884,0.1,0.1,0.1,2.0
1114,1753489583.745787,graph,1.5978500843048096,0.0,0.9927698969841003,0.0,0.7492865324020386,0.00019962638306328785,3.9846515582620428,297.02130150794983,0.1,0.1,0.1,2.0
1115,1753489584.0318923,graph,19563.572265625,0.0,1.9959056377410889,0.0,9781.6865234375,0.00019962571302715432,3.495215468499091,297.30740690231323,0.1,0.1,0.1,2.0
1116,1753489584.2201135,node,0.6969864964485168,0.00349327246658504,0.0,6.966371536254883,0.0,0.00019962504239190055,5.312897345897244,297.495628118515,1.0,1.0,1.0,1.0
1117,1753489584.4803019,graph,1.1477694511413574,0.0,1.0578501224517822,0.0,0.5209922194480896,0.0001996243711575307,3.8433697513719762,297.75581645965576,0.1,0.1,0.1,2.0
1118,1753489584.7574086,graph,1.0825177431106567,0.0,1.3348362445831299,0.0,0.4745170772075653,0.0001996236993240489,3.608717423662316,298.03292322158813,0.1,0.1,0.1,2.0
1119,1753489585.0193067,graph,1.7807828187942505,0.0,1.1943166255950928,0.0,0.8306756019592285,0.0001996230268914593,3.8182798048212074,298.2948212623596,0.1,0.1,0.1,2.0
1120,1753489585.2124538,node,0.285916268825531,0.0033638423774391413,0.0,2.8557989597320557,0.0,0.00019962235385976603,5.177398848069047,298.4879684448242,1.0,1.0,1.0,1.0
1121,1753489585.492828,graph,1.0406309366226196,0.0,1.0238803625106812,0.0,0.46912142634391785,0.00019962168022897328,3.566663888827474,298.7683424949646,0.1,0.1,0.1,2.0
1122,1753489585.755945,graph,0.9300816059112549,0.0,0.7486698627471924,0.0,0.42760729789733887,0.00019962100599908516,3.800589528929596,299.03145956993103,0.1,0.1,0.1,2.0
1123,1753489586.0134413,graph,1.4478610754013062,0.0,1.0537430047988892,0.0,0.6712433695793152,0.00019962033117010584,3.8835500889799985,299.28895592689514,0.1,0.1,0.1,2.0
1124,1753489586.2208412,node,0.20277705788612366,0.003203923348337412,0.0,2.024566650390625,0.0,0.0001996196557420395,4.821604372006833,299.49635577201843,1.0,1.0,1.0,1.0
1125,1753489586.4755337,graph,1.1897660493850708,0.0,1.0577893257141113,0.0,0.5419935584068298,0.00019961897971489028,3.926302447536082,299.7510483264923,0.1,0.1,0.1,2.0
1126,1753489586.7382457,graph,1.2107774019241333,0.0,0.9503770470619202,0.0,0.5578698515892029,0.0001996183030886624,3.8064496221959643,300.01376032829285,0.1,0.1,0.1,2.0
1127,1753489587.0067477,graph,1.0291118621826172,0.0,1.086970329284668,0.0,0.46020743250846863,0.00019961762586335997,3.724367085516601,300.28226232528687,0.1,0.1,0.1,2.0
1128,1753489587.1995444,node,0.6014854907989502,0.003276951378211379,0.0,6.011577606201172,0.0,0.0001996169480389872,5.186810577655543,300.4750590324402,1.0,1.0,1.0,1.0
1129,1753489587.4468875,graph,1.6587011814117432,0.0,0.9412117600440979,0.0,0.782289981842041,0.00019961626961554827,4.04296763546912,300.7224020957947,0.1,0.1,0.1,2.0
1130,1753489587.7230253,graph,1.098886251449585,0.0,0.8865083456039429,0.0,0.5051177144050598,0.00019961559059304736,3.621379961768459,300.9985399246216,0.1,0.1,0.1,2.0
1131,1753489587.9761336,graph,1.163280963897705,0.0,1.0549564361572266,0.0,0.5288926362991333,0.00019961491097148865,3.9508785216458353,301.25164818763733,0.1,0.1,0.1,2.0
1132,1753489588.1763852,node,0.28814199566841125,0.0032134568318724632,0.0,2.878206253051758,0.0,0.00019961423075087636,4.993718419460993,301.451899766922,1.0,1.0,1.0,1.0
1133,1753489588.4529939,graph,1.3684988021850586,0.0,0.9583364129066467,0.0,0.6363325715065002,0.00019961354993121468,3.615215212109145,301.7285084724426,0.1,0.1,0.1,2.0
1134,1753489588.7330627,graph,1.0355380773544312,0.0,0.9431744813919067,0.0,0.4706103205680847,0.00019961286851250782,3.5705502879898936,302.00857734680176,0.1,0.1,0.1,2.0
1135,1753489588.984656,graph,1.162784218788147,0.0,0.9772242307662964,0.0,0.5325309038162231,0.00019961218649475993,3.974667830362025,302.2601706981659,0.1,0.1,0.1,2.0
1136,1753489589.1671922,node,0.38665708899497986,0.003085522213950753,0.0,3.863485336303711,0.0,0.00019961150387797527,5.478367632691232,302.442706823349,1.0,1.0,1.0,1.0
1137,1753489589.4171698,graph,1.3891453742980957,0.0,0.8065441250801086,0.0,0.6542454957962036,0.00019961082066215802,4.000358613691032,302.69268441200256,0.1,0.1,0.1,2.0
1138,1753489589.676728,graph,1.0131696462631226,0.0,0.8993974924087524,0.0,0.4616149365901947,0.0001996101368473124,3.8527004609310844,302.95224261283875,0.1,0.1,0.1,2.0
1139,1753489589.9224555,graph,1.2896201610565186,0.0,0.998151957988739,0.0,0.5949024558067322,0.00019960945243344266,4.069547938400397,303.19797015190125,0.1,0.1,0.1,2.0
1140,1753489590.1103714,node,0.276505708694458,0.003364491742104292,0.0,2.761692762374878,0.0,0.00019960876742055299,5.32153224660482,303.3858859539032,1.0,1.0,1.0,1.0
1141,1753489590.3840847,graph,1.3696171045303345,0.0,1.1214861869812012,0.0,0.6287342309951782,0.00019960808180864757,3.65345716209495,303.6595993041992,0.1,0.1,0.1,2.0
1142,1753489590.6466522,graph,1.567761778831482,0.0,1.762934923171997,0.0,0.6957341432571411,0.00019960739559773076,3.808544177363233,303.9221668243408,0.1,0.1,0.1,2.0
1143,1753489590.9026296,graph,1.3392376899719238,0.0,1.270439624786377,0.0,0.6060968637466431,0.00019960670878780667,3.9065949981697896,304.1781442165375,0.1,0.1,0.1,2.0
1144,1753489591.0706577,node,2.303236484527588,0.0032037326600402594,0.0,23.029159545898438,0.0,0.00019960602137887958,5.951384937588771,304.3461723327637,1.0,1.0,1.0,1.0
1145,1753489591.3516579,graph,1.2704517841339111,0.0,0.7822320461273193,0.0,0.5961142778396606,0.00019960533337095372,3.5587171220091633,304.6271724700928,0.1,0.1,0.1,2.0
1146,1753489591.6075976,graph,0.6973505020141602,0.0,0.9084907174110413,0.0,0.3032507300376892,0.00019960464476403335,3.907169984974229,304.88311219215393,0.1,0.1,0.1,2.0
1147,1753489591.870515,graph,1.0091201066970825,0.0,0.9647186994552612,0.0,0.45632410049438477,0.00019960395555812272,3.803474204629129,305.14602971076965,0.1,0.1,0.1,2.0
1148,1753489592.0555093,node,0.33246856927871704,0.003260537749156356,0.0,3.321424961090088,0.0,0.00019960326575322609,5.405574271640706,305.3310239315033,1.0,1.0,1.0,1.0
1149,1753489592.3267136,graph,0.7928393483161926,0.0,1.176725149154663,0.0,0.33758342266082764,0.00019960257534934768,3.6872580796878807,305.60222816467285,0.1,0.1,0.1,2.0
1150,1753489592.580852,graph,1.3300974369049072,0.0,0.9083942770957947,0.0,0.6196290254592896,0.00019960188434649178,3.93486275885749,305.8563666343689,0.1,0.1,0.1,2.0
1151,1753489592.8433936,graph,1.0199854373931885,0.0,0.7074576616287231,0.0,0.47461986541748047,0.00019960119274466264,3.808921165405443,306.1189081668854,0.1,0.1,0.1,2.0
1152,1753489593.0243185,node,0.7711566686630249,0.0036508901976048946,0.0,7.707915782928467,0.0,0.00019960050054386452,5.527155421200916,306.2998330593109,1.0,1.0,1.0,1.0
1153,1753489593.292664,graph,1.2929744720458984,0.0,1.1843889951705933,0.0,0.5872678160667419,0.0001995998077441017,3.7265377962067414,306.56817865371704,0.1,0.1,0.1,2.0
1154,1753489593.5474932,graph,1.060128927230835,0.0,0.9077105522155762,0.0,0.4846789240837097,0.00019959911434537842,3.9241975578926884,306.82300782203674,0.1,0.1,0.1,2.0
1155,1753489593.8110237,graph,1.06157648563385,0.0,1.0814061164855957,0.0,0.4767179489135742,0.000199598420347699,3.79462729129027,307.08653831481934,0.1,0.1,0.1,2.0
1156,1753489593.992081,node,0.2439381331205368,0.0032656711991876364,0.0,2.4361155033111572,0.0,0.00019959772575106773,5.523116002048962,307.2675955295563,1.0,1.0,1.0,1.0
1157,1753489594.2582502,graph,1.131026268005371,0.0,0.829159677028656,0.0,0.5240551233291626,0.00019959703055548886,3.7570071524863513,307.53376483917236,0.1,0.1,0.1,2.0
1158,1753489594.5126262,graph,0.9939353466033936,0.0,0.8593787550926208,0.0,0.45399874448776245,0.0001995963347609667,3.9311894875952498,307.7881407737732,0.1,0.1,0.1,2.0
1159,1753489594.7874684,graph,0.8991371393203735,0.0,0.8566844463348389,0.0,0.4067343473434448,0.00019959563836750548,3.6384506216320314,308.06298303604126,0.1,0.1,0.1,2.0
1160,1753489594.989682,node,0.37523534893989563,0.0031969754491001368,0.0,3.7491564750671387,0.0,0.0001995949413751096,4.94526761343874,308.26519656181335,1.0,1.0,1.0,1.0
1161,1753489595.2527854,graph,0.9547434449195862,0.0,0.973360002040863,0.0,0.4287037253379822,0.0001995942437837833,3.8007858375259165,308.5283000469208,0.1,0.1,0.1,2.0
1162,1753489595.5173285,graph,0.9075042009353638,0.0,0.8935664892196655,0.0,0.40907377004623413,0.00019959354559353088,3.7801029944825673,308.7928431034088,0.1,0.1,0.1,2.0
1163,1753489595.7865062,graph,1.0699375867843628,0.0,0.9218493700027466,0.0,0.4888763427734375,0.00019959284680435665,3.715018339027097,309.062020778656,0.1,0.1,0.1,2.0
1164,1753489595.9658089,node,0.5509639978408813,0.0033690566197037697,0.0,5.506270885467529,0.0,0.00019959214741626497,5.577161093012433,309.24132347106934,1.0,1.0,1.0,1.0
1165,1753489596.215373,graph,0.8037636280059814,0.0,1.1486537456512451,0.0,0.34444913268089294,0.00019959144742926009,4.0069854444431705,309.49088764190674,0.1,0.1,0.1,2.0
1166,1753489596.4840264,graph,1.4384145736694336,0.0,1.2840584516525269,0.0,0.6550043821334839,0.00019959074684334634,3.7222682714272275,309.7595410346985,0.1,0.1,0.1,2.0
1167,1753489596.7337725,graph,1.2302404642105103,0.0,0.8958030343055725,0.0,0.5703300833702087,0.00019959004565852804,4.0040667830695815,310.00928711891174,0.1,0.1,0.1,2.0
1168,1753489596.9348652,node,1.6794018745422363,0.0035637528635561466,0.0,16.790454864501953,0.0,0.00019958934387480956,4.972830442803553,310.2103798389435,1.0,1.0,1.0,1.0
1169,1753489597.1996603,graph,0.8948564529418945,0.0,1.1655216217041016,0.0,0.3891521394252777,0.00019958864149219517,3.7765054279954366,310.47517490386963,0.1,0.1,0.1,2.0
1170,1753489597.483752,graph,1.0640450716018677,0.0,1.169959306716919,0.0,0.4735245704650879,0.00019958793851068923,3.519990063504612,310.75926661491394,0.1,0.1,0.1,2.0
1171,1753489597.7349849,graph,1.2997963428497314,0.0,0.7597858905792236,0.0,0.6119088530540466,0.0001995872349302961,3.980370999869988,311.0104994773865,0.1,0.1,0.1,2.0
1172,1753489597.9299192,node,0.35156935453414917,0.003184395609423518,0.0,3.5125091075897217,0.0,0.00019958653075102003,5.129931728174909,311.20543384552,1.0,1.0,1.0,1.0
1173,1753489598.1878328,graph,1.1833312511444092,0.0,1.013115406036377,0.0,0.5410098433494568,0.0001995858259728655,3.877267584177014,311.46334743499756,0.1,0.1,0.1,2.0
1174,1753489598.4842837,graph,0.8539116978645325,0.0,0.8928973078727722,0.0,0.38231098651885986,0.00019958512059583676,3.373240416437122,311.75979828834534,0.1,0.1,0.1,2.0
1175,1753489598.8715153,graph,0.9099981784820557,0.0,0.8397601842880249,0.0,0.4130110740661621,0.0001995844146199382,2.5824339492182764,312.147029876709,0.1,0.1,0.1,2.0
1176,1753489599.0943882,node,0.23897893726825714,0.0032298825681209564,0.0,2.38655948638916,0.0,0.00019958370804517414,4.486860783678168,312.3699028491974,1.0,1.0,1.0,1.0
1177,1753489599.3692145,graph,1.2871001958847046,0.0,1.0581791400909424,0.0,0.5906411409378052,0.00019958300087154898,3.6386621034870155,312.64472913742065,0.1,0.1,0.1,2.0
1178,1753489599.6298153,graph,1.5043447017669678,0.0,1.164820909500122,0.0,0.6939312815666199,0.00019958229309906703,3.8372866841896767,312.90532994270325,0.1,0.1,0.1,2.0
1179,1753489599.8938198,graph,1.5225228071212769,0.0,1.6809226274490356,0.0,0.6772152781486511,0.0001995815847277327,3.7878146688160097,313.1693344116211,0.1,0.1,0.1,2.0
1180,1753489600.073268,node,0.49178385734558105,0.003366724820807576,0.0,4.914471626281738,0.0,0.00019958087575755034,5.572641033135811,313.3487825393677,1.0,1.0,1.0,1.0
1181,1753489600.376567,graph,1.1064167022705078,0.0,1.1389024257659912,0.0,0.49626320600509644,0.00019958016618852435,3.2970770236957287,313.652081489563,0.1,0.1,0.1,2.0
1182,1753489600.6527212,graph,1.1017521619796753,0.0,1.3258785009384155,0.0,0.48458215594291687,0.00019957945602065908,3.6211642312922234,313.92823576927185,0.1,0.1,0.1,2.0
1183,1753489600.9401927,graph,2.0937623977661133,0.0,1.3548564910888672,0.0,0.9791383147239685,0.00019957874525395895,3.4786053080963355,314.2157073020935,0.1,0.1,0.1,2.0
1184,1753489601.114512,node,0.40287071466445923,0.003450502874329686,0.0,4.025256633758545,0.0,0.00019957803388842828,5.736600524107295,314.39002656936646,1.0,1.0,1.0,1.0
1185,1753489601.3938198,graph,1.1857737302780151,0.0,1.3071587085723877,0.0,0.5275289416313171,0.00019957732192407148,3.580278992268046,314.6693344116211,0.1,0.1,0.1,2.0
1186,1753489601.6504593,graph,0.7991499900817871,0.0,0.7868670225143433,0.0,0.3602316379547119,0.000199576609360893,3.8965166142709564,314.9259738922119,0.1,0.1,0.1,2.0
1187,1753489601.9155064,graph,1.1909558773040771,0.0,0.8840544819831848,0.0,0.5512751936912537,0.00019957589619889712,3.772914702686365,315.1910209655762,0.1,0.1,0.1,2.0
1188,1753489602.1341074,node,0.29076147079467773,0.003271302906796336,0.0,2.9043431282043457,0.0,0.00019957518243808833,4.574544732729183,315.40962195396423,1.0,1.0,1.0,1.0
1189,1753489602.409276,graph,1.6000075340270996,0.0,1.4391396045684814,0.0,0.7280467748641968,0.00019957446807847105,3.6341348240812863,315.6847906112671,0.1,0.1,0.1,2.0
1190,1753489602.7184708,graph,0.7985358834266663,0.0,0.9620066285133362,0.0,0.35116761922836304,0.00019957375312004965,3.2342070097165685,315.993985414505,0.1,0.1,0.1,2.0
1191,1753489602.9962337,graph,1.4069055318832397,0.0,0.7543008923530579,0.0,0.6657377481460571,0.00019957303756282848,3.6001929577295537,316.27174830436707,0.1,0.1,0.1,2.0
1192,1753489603.18683,node,0.2560143768787384,0.0032193181104958057,0.0,2.55692458152771,0.0,0.00019957232140681205,5.246690408909471,316.46234464645386,1.0,1.0,1.0,1.0
1193,1753489603.4566884,graph,1.3971633911132812,0.0,1.1885192394256592,0.0,0.6391557455062866,0.0001995716046520047,3.7056476550269113,316.7322030067444,0.1,0.1,0.1,2.0
1194,1753489603.7162828,graph,1.3863555192947388,0.0,0.8249934911727905,0.0,0.6519280672073364,0.00019957088729841095,3.852162620382837,316.9917974472046,0.1,0.1,0.1,2.0
1195,1753489603.9866285,graph,0.9315244555473328,0.0,0.9852385520935059,0.0,0.4165003001689911,0.00019957016934603515,3.6989678211360317,317.2621431350708,0.1,0.1,0.1,2.0
1196,1753489604.1602187,node,0.4284094274044037,0.0034025870263576508,0.0,4.280691623687744,0.0,0.00019956945079488176,5.760694419645923,317.43573331832886,1.0,1.0,1.0,1.0
1197,1753489604.4247005,graph,0.8330860137939453,0.0,0.9098872542381287,0.0,0.3710486590862274,0.00019956873164495514,3.7809787463817828,317.70021510124207,0.1,0.1,0.1,2.0
1198,1753489604.694963,graph,0.9183380007743835,0.0,0.8277672529220581,0.0,0.41778063774108887,0.00019956801189625979,3.700106654857295,317.97047758102417,0.1,0.1,0.1,2.0
1199,1753489604.9450178,graph,0.8252360820770264,0.0,0.9278353452682495,0.0,0.36622628569602966,0.00019956729154880015,3.9991228120357816,318.22053241729736,0.1,0.1,0.1,2.0
1200,1753489605.1212192,node,0.45132333040237427,0.003397054970264435,0.0,4.509836196899414,0.0,0.00019956657060258068,5.675325624254102,318.39673376083374,1.0,1.0,1.0,1.0
1201,1753489605.3880103,graph,1.0007981061935425,0.0,0.9476355314254761,0.0,0.45301729440689087,0.0001995658490576058,3.7482508983443297,318.6635248661041,0.1,0.1,0.1,2.0
1202,1753489605.6517694,graph,1.2960838079452515,0.0,0.9223887920379639,0.0,0.6019224524497986,0.00019956512691387995,3.79133786380737,318.9272840023041,0.1,0.1,0.1,2.0
1203,1753489605.9140592,graph,1.1401503086090088,0.0,1.14809250831604,0.0,0.5126705169677734,0.00019956440417140758,3.8125773208995724,319.189573764801,0.1,0.1,0.1,2.0
1204,1753489606.0892165,node,0.5482248663902283,0.0032797222957015038,0.0,5.478969097137451,0.0,0.0001995636808301932,5.709153720821655,319.3647310733795,1.0,1.0,1.0,1.0
1205,1753489606.37453,graph,1.3262678384780884,0.0,1.1574114561080933,0.0,0.605263352394104,0.00019956295689024122,3.504915216279544,319.6500446796417,0.1,0.1,0.1,2.0
1206,1753489606.649431,graph,0.9979614615440369,0.0,1.179325819015503,0.0,0.44001445174217224,0.00019956223235155615,3.6376743468011776,319.92494559288025,0.1,0.1,0.1,2.0
1207,1753489606.901066,graph,0.7565776109695435,0.0,0.9057559967041016,0.0,0.3330010175704956,0.00019956150721414241,3.9740087963813937,320.1765806674957,0.1,0.1,0.1,2.0
1208,1753489607.0761693,node,2.396141529083252,0.0033205337822437286,0.0,23.958093643188477,0.0,0.0001995607814780045,5.710918310104624,320.35168385505676,1.0,1.0,1.0,1.0
1209,1753489607.329914,graph,1.3609156608581543,0.0,1.4220670461654663,0.0,0.6093544960021973,0.00019956005514314688,3.940966829311377,320.6054286956787,0.1,0.1,0.1,2.0
1210,1753489607.5941098,graph,0.919873058795929,0.0,0.875032365322113,0.0,0.4161849021911621,0.00019955932820957405,3.785073236851343,320.869624376297,0.1,0.1,0.1,2.0
1211,1753489607.8453782,graph,0.773652195930481,0.0,0.7726730108261108,0.0,0.3481924533843994,0.0001995586006772905,3.979808254324905,321.1208927631378,0.1,0.1,0.1,2.0
1212,1753489608.0306594,node,0.39492103457450867,0.003257107688114047,0.0,3.945953130722046,0.0,0.0001995578725463007,5.397199424546341,321.3061740398407,1.0,1.0,1.0,1.0
1213,1753489608.2980573,graph,1.1686975955963135,0.0,1.0963231325149536,0.0,0.5295326709747314,0.00019955714381660912,3.739745423289953,321.5735719203949,0.1,0.1,0.1,2.0
1214,1753489608.5485356,graph,1.7351301908493042,0.0,1.212512493133545,0.0,0.8069394826889038,0.00019955641448822031,3.992362328690193,321.8240501880646,0.1,0.1,0.1,2.0
1215,1753489608.8171914,graph,0.9943386316299438,0.0,0.7467377781867981,0.0,0.45983242988586426,0.00019955568456113873,3.7222352381560917,322.0927059650421,0.1,0.1,0.1,2.0
1216,1753489608.9908636,node,0.3057652413845062,0.003269273554906249,0.0,3.0543830394744873,0.0,0.0001995549540353689,5.757973955087214,322.2663781642914,1.0,1.0,1.0,1.0
1217,1753489609.2530487,graph,1.1073377132415771,0.0,1.0659246444702148,0.0,0.5003726482391357,0.00019955422291091532,3.814099323078266,322.5285632610321,0.1,0.1,0.1,2.0
1218,1753489609.502475,graph,0.9882489442825317,0.0,1.1630640029907227,0.0,0.4359712600708008,0.0001995534911877825,4.009199269717159,322.7779896259308,0.1,0.1,0.1,2.0
1219,1753489609.793887,graph,1.0513370037078857,0.0,0.9766805171966553,0.0,0.4768345057964325,0.00019955275886597494,3.4315691295703896,323.06940150260925,0.1,0.1,0.1,2.0
1220,1753489609.9982264,node,0.36049512028694153,0.0033712645526975393,0.0,3.6015799045562744,0.0,0.00019955202594549716,4.893816316672539,323.2737410068512,1.0,1.0,1.0,1.0
1221,1753489610.263643,graph,0.9003278613090515,0.0,1.0035041570663452,0.0,0.39998871088027954,0.00019955129242635374,3.7676615422757758,323.53915762901306,0.1,0.1,0.1,2.0
1222,1753489610.5251389,graph,0.9588236808776855,0.0,1.0416724681854248,0.0,0.4273282289505005,0.0001995505583085491,3.824152779968508,323.8006534576416,0.1,0.1,0.1,2.0
1223,1753489610.7935932,graph,1.0317301750183105,0.0,0.759543240070343,0.0,0.47788792848587036,0.00019954982359208785,3.7250286195390854,324.0691077709198,0.1,0.1,0.1,2.0
1224,1753489610.9658842,node,2.378040075302124,0.0034449035301804543,0.0,23.776954650878906,0.0,0.0001995490882769745,5.804132342338727,324.24139881134033,1.0,1.0,1.0,1.0
1225,1753489611.2323093,graph,0.9769235253334045,0.0,0.7251219749450684,0.0,0.4522056579589844,0.00019954835236321358,3.7533996499228612,324.5078239440918,0.1,0.1,0.1,2.0
1226,1753489611.4890497,graph,0.7542372345924377,0.0,1.241652250289917,0.0,0.31503599882125854,0.00019954761585080962,3.894986010083141,324.7645642757416,0.1,0.1,0.1,2.0
1227,1753489611.7638476,graph,0.7976717948913574,0.0,0.9528483152389526,0.0,0.35119348764419556,0.00019954687873976722,3.6390377811286965,325.03936219215393,0.1,0.1,0.1,2.0
1228,1753489611.926568,node,0.36035001277923584,0.0032452833838760853,0.0,3.600254774093628,0.0,0.00019954614103009083,6.145509370709701,325.20208263397217,1.0,1.0,1.0,1.0
1229,1753489612.2039828,graph,0.9089038968086243,0.0,1.1292204856872559,0.0,0.3979909121990204,0.0001995454027217851,3.6047103635216686,325.47949743270874,0.1,0.1,0.1,2.0
1230,1753489612.4513907,graph,0.9189371466636658,0.0,0.8136199712753296,0.0,0.41878756880760193,0.0001995446638148545,4.041907904373502,325.72690534591675,0.1,0.1,0.1,2.0
1231,1753489612.719588,graph,1.0892984867095947,0.0,1.0094189643859863,0.0,0.49417829513549805,0.0001995439243093036,3.7285983388760435,325.9951026439667,0.1,0.1,0.1,2.0
1232,1753489612.8877573,node,0.30255329608917236,0.0033747137058526278,0.0,3.022158145904541,0.0,0.00019954318420513703,5.946389963606875,326.1632719039917,1.0,1.0,1.0,1.0
1233,1753489613.1456378,graph,0.8279417753219604,0.0,0.7608535289764404,0.0,0.37592822313308716,0.0001995424435023593,3.8777658513224034,326.42115235328674,0.1,0.1,0.1,2.0
1234,1753489613.4296472,graph,0.9277068376541138,0.0,0.8036872744560242,0.0,0.42366907000541687,0.00019954170220097499,3.5210095179571903,326.70516180992126,0.1,0.1,0.1,2.0
1235,1753489613.689355,graph,0.8007880449295044,0.0,0.9467769861221313,0.0,0.3530551791191101,0.00019954096030098866,3.850482836114801,326.96486949920654,0.1,0.1,0.1,2.0
1236,1753489613.8812273,node,0.3147757947444916,0.003172351513057947,0.0,3.144585371017456,0.0,0.0001995402178024049,5.211798138849437,327.1567418575287,1.0,1.0,1.0,1.0
1237,1753489614.1354501,graph,1.684022068977356,0.0,1.2103091478347778,0.0,0.7814955711364746,0.0001995394747052283,3.933556412526447,327.41096472740173,0.1,0.1,0.1,2.0
1238,1753489614.4035287,graph,0.8472379446029663,0.0,1.0512299537658691,0.0,0.3710574805736542,0.00019953873100946344,3.730249741418335,327.67904329299927,0.1,0.1,0.1,2.0
1239,1753489614.65616,graph,1.0044907331466675,0.0,1.2788171768188477,0.0,0.43830451369285583,0.00019953798671511493,3.958335732007818,327.9316747188568,0.1,0.1,0.1,2.0
1240,1753489614.8650823,node,0.286732017993927,0.003059901064261794,0.0,2.864260196685791,0.0,0.00019953724182218726,4.786471950271773,328.14059686660767,1.0,1.0,1.0,1.0
1241,1753489615.1175067,graph,0.9310265183448792,0.0,0.8988184332847595,0.0,0.42057234048843384,0.00019953649633068515,3.961580928363298,328.39302134513855,0.1,0.1,0.1,2.0
1242,1753489615.4040828,graph,0.8340030908584595,0.0,1.2326829433441162,0.0,0.35536739230155945,0.00019953575024061316,3.4894753437433184,328.6795973777771,0.1,0.1,0.1,2.0
1243,1753489615.6709065,graph,0.7697831392288208,0.0,0.6683073043823242,0.0,0.35147619247436523,0.00019953500355197583,3.7477920546133636,328.9464211463928,0.1,0.1,0.1,2.0
1244,1753489615.8988984,node,0.315502792596817,0.0033611345570534468,0.0,3.1516666412353516,0.0,0.00019953425626477783,4.386122285930603,329.17441296577454,1.0,1.0,1.0,1.0
1245,1753489616.3067935,graph,0.5903608798980713,0.0,1.0500380992889404,0.0,0.24267852306365967,0.00019953350837902378,2.4516107914493266,329.58230805397034,0.1,0.1,0.1,2.0
1246,1753489616.5850952,graph,0.8738574385643005,0.0,0.8162731528282166,0.0,0.3961150646209717,0.0001995327598947182,3.5932225460514253,329.86060976982117,0.1,0.1,0.1,2.0
1247,1753489616.8700008,graph,0.8600544929504395,0.0,1.1870577335357666,0.0,0.37067437171936035,0.00019953201081186582,3.50993363074392,330.14551544189453,0.1,0.1,0.1,2.0
1248,1753489617.0624444,node,0.6745260953903198,0.0032510943710803986,0.0,6.742010116577148,0.0,0.0001995312611304712,5.1963274018883325,330.3379590511322,1.0,1.0,1.0,1.0
1249,1753489617.3433776,graph,1.0927696228027344,0.0,1.1533887386322021,0.0,0.48871538043022156,0.000199530510850539,3.559565788211851,330.6188921928406,0.1,0.1,0.1,2.0
1250,1753489617.6361558,graph,0.8047198057174683,0.0,0.8336234092712402,0.0,0.3606787323951721,0.00019952975997207382,3.415554221861383,330.9116704463959,0.1,0.1,0.1,2.0
1251,1753489617.9161835,graph,0.9033370614051819,0.0,1.094444751739502,0.0,0.3969462811946869,0.00019952900849508034,3.5710762089396444,331.1916980743408,0.1,0.1,0.1,2.0
1252,1753489618.1344688,node,0.2752864360809326,0.0031519175972789526,0.0,2.7497124671936035,0.0,0.0001995282564195631,4.581160061383533,331.40998339653015,1.0,1.0,1.0,1.0
1253,1753489618.4041703,graph,1.1068183183670044,0.0,1.01254141330719,0.0,0.5027821063995361,0.0001995275037455268,3.707803148840622,331.67968487739563,0.1,0.1,0.1,2.0
1254,1753489618.671453,graph,0.8747907876968384,0.0,1.065388798713684,0.0,0.3841259479522705,0.00019952675047297605,3.741356656393697,331.9469676017761,0.1,0.1,0.1,2.0
1255,1753489618.9594398,graph,0.9582170248031616,0.0,1.1668719053268433,0.0,0.4207649230957031,0.00019952599660191556,3.4723819111452565,332.2349543571472,0.1,0.1,0.1,2.0
1256,1753489619.1539502,node,0.2597644031047821,0.0032655068207532167,0.0,2.5943784713745117,0.0,0.00019952524213234993,5.141111694016935,332.4294648170471,1.0,1.0,1.0,1.0
1257,1753489619.4208553,graph,0.8420926928520203,0.0,0.931313693523407,0.0,0.374480664730072,0.00019952448706428384,3.746650456774166,332.6963698863983,0.1,0.1,0.1,2.0
1258,1753489619.6714149,graph,0.8435541987419128,0.0,0.8068366050720215,0.0,0.3814352750778198,0.00019952373139772194,3.9910669002391232,332.94692945480347,0.1,0.1,0.1,2.0
1259,1753489619.935429,graph,0.6894217729568481,0.0,0.7544383406639099,0.0,0.3069889545440674,0.00019952297513266889,3.7876744244849894,333.21094369888306,0.1,0.1,0.1,2.0
1260,1753489620.114555,node,0.3164058029651642,0.003381372895091772,0.0,3.1606764793395996,0.0,0.00019952221826912932,5.582669158321221,333.3900694847107,1.0,1.0,1.0,1.0
1261,1753489620.3823783,graph,0.8207021951675415,0.0,0.887302041053772,0.0,0.3659859895706177,0.00019952146080710794,3.7338028883688095,333.6578929424286,0.1,0.1,0.1,2.0
1262,1753489620.6517289,graph,0.8460149168968201,0.0,1.0425622463226318,0.0,0.3708793520927429,0.00019952070274660943,3.712634256792283,333.92724347114563,0.1,0.1,0.1,2.0
1263,1753489620.9094331,graph,1.3900731801986694,0.0,1.1439759731292725,0.0,0.6378377676010132,0.00019951994408763844,3.8804170637160116,334.1849477291107,0.1,0.1,0.1,2.0
1264,1753489621.0817592,node,0.3732026219367981,0.0034147908445447683,0.0,3.728611469268799,0.0,0.00019951918483019967,5.80295190290929,334.3572738170624,1.0,1.0,1.0,1.0
1265,1753489621.3298898,graph,0.83796626329422,0.0,0.9793262481689453,0.0,0.37001681327819824,0.0001995184249742978,4.0301363939907855,334.60540437698364,0.1,0.1,0.1,2.0
1266,1753489621.5929751,graph,0.9059097766876221,0.0,1.1182355880737305,0.0,0.3970431089401245,0.00019951766451993747,3.8010476138691027,334.86848974227905,0.1,0.1,0.1,2.0
1267,1753489621.8515716,graph,0.920295000076294,0.0,1.050949215888977,0.0,0.4076000452041626,0.0001995169034671234,3.8670295547245517,335.12708616256714,0.1,0.1,0.1,2.0
1268,1753489622.0441883,node,0.31847164034843445,0.0032264019828289747,0.0,3.181489944458008,0.0,0.00019951614181586033,5.191657806169877,335.31970286369324,1.0,1.0,1.0,1.0
1269,1753489622.2945304,graph,0.9572638869285583,0.0,0.9780697822570801,0.0,0.4297284483909607,0.0001995153795661529,3.994533390602575,335.57004499435425,0.1,0.1,0.1,2.0
1270,1753489622.5596914,graph,0.8005739450454712,0.0,0.7734991908073425,0.0,0.3616120219230652,0.00019951461671800587,3.7712931342982974,335.8352060317993,0.1,0.1,0.1,2.0
1271,1753489622.8127391,graph,0.9433945417404175,0.0,0.7324996590614319,0.0,0.43507230281829834,0.0001995138532714239,3.951824029381199,336.088253736496,0.1,0.1,0.1,2.0
1272,1753489623.00704,node,0.347596138715744,0.0032107827719300985,0.0,3.472750425338745,0.0,0.0001995130892264117,5.146656817476259,336.28255462646484,1.0,1.0,1.0,1.0
1273,1753489623.2651892,graph,1.0358302593231201,0.0,0.9644879698753357,0.0,0.46969074010849,0.000199512324582974,3.8737296306831825,336.54070377349854,0.1,0.1,0.1,2.0
1274,1753489623.5364058,graph,1.0894384384155273,0.0,1.0543088912963867,0.0,0.49200376868247986,0.0001995115593411155,3.687089528949994,336.8119204044342,0.1,0.1,0.1,2.0
1275,1753489623.7895234,graph,1.8757840394973755,0.0,1.4680461883544922,0.0,0.864489734172821,0.00019951079350084093,3.9507333853277724,337.06503796577454,0.1,0.1,0.1,2.0
1276,1753489623.9763765,node,0.5779390335083008,0.0031855234410613775,0.0,5.776205062866211,0.0,0.00019951002706215505,5.3517957329093715,337.25189113616943,1.0,1.0,1.0,1.0
1277,1753489624.2363613,graph,0.8355754613876343,0.0,1.2923575639724731,0.0,0.35316985845565796,0.0001995092600250625,3.846379722226043,337.5118758678436,0.1,0.1,0.1,2.0
1278,1753489624.5047004,graph,0.8400553464889526,0.0,0.775314450263977,0.0,0.381261944770813,0.0001995084923895681,3.726627193699489,337.7802150249481,0.1,0.1,0.1,2.0
1279,1753489624.759686,graph,1.1124919652938843,0.0,1.145005464553833,0.0,0.49899572134017944,0.00019950772415567653,3.9217905406984843,338.0352005958557,0.1,0.1,0.1,2.0
1280,1753489624.9309568,node,1.0143439769744873,0.00333254667930305,0.0,10.140106201171875,0.0,0.00019950695532339253,5.838705276726776,338.20647144317627,1.0,1.0,1.0,1.0
1281,1753489625.2106383,graph,1.1454254388809204,0.0,0.885590136051178,0.0,0.5284332036972046,0.00019950618589272088,3.575496411549534,338.48615288734436,0.1,0.1,0.1,2.0
1282,1753489625.4714298,graph,0.8828092813491821,0.0,1.0745407342910767,0.0,0.3876776099205017,0.00019950541586366628,3.834480211438795,338.74694442749023,0.1,0.1,0.1,2.0
1283,1753489625.7352505,graph,0.7932268977165222,0.0,0.7982774972915649,0.0,0.3566995859146118,0.0001995046452362335,3.790453881635073,339.0107650756836,0.1,0.1,0.1,2.0
1284,1753489625.9058409,node,0.44295400381088257,0.0032983843702822924,0.0,4.426241397857666,0.0,0.00019950387401042734,5.861994554917625,339.1813554763794,1.0,1.0,1.0,1.0
1285,1753489626.1797464,graph,1.3989068269729614,0.0,1.3635896444320679,0.0,0.6312739253044128,0.0001995031021862525,3.6508939863845624,339.45526099205017,0.1,0.1,0.1,2.0
1286,1753489626.4557238,graph,0.8999127149581909,0.0,1.288801908493042,0.0,0.3855162560939789,0.00019950232976371376,3.623485464345293,339.73123836517334,0.1,0.1,0.1,2.0
1287,1753489626.7242272,graph,0.8513356447219849,0.0,1.0439532995224,0.0,0.37347015738487244,0.00019950155674281587,3.7243472431261293,339.99974179267883,0.1,0.1,0.1,2.0
1288,1753489626.8823488,node,0.3771374523639679,0.0033746580593287945,0.0,3.7679998874664307,0.0,0.00019950078312356363,6.324247221845268,340.1578633785248,1.0,1.0,1.0,1.0
1289,1753489627.146921,graph,0.5415953993797302,0.0,0.6633391380310059,0.0,0.23763075470924377,0.0001995000089059618,3.7796874098852298,340.42243552207947,0.1,0.1,0.1,2.0
1290,1753489627.402348,graph,1.0811853408813477,0.0,0.8883684873580933,0.0,0.49617427587509155,0.00019949923409001512,3.9150110282552957,340.67786264419556,0.1,0.1,0.1,2.0
1291,1753489627.666233,graph,1.040938138961792,0.0,0.8567548990249634,0.0,0.4776313304901123,0.00019949845867572841,3.7895292253260258,340.9417476654053,0.1,0.1,0.1,2.0
1292,1753489627.8386474,node,0.2862643003463745,0.003371755126863718,0.0,2.8592710494995117,0.0,0.00019949768266310647,5.799982852986484,341.1141619682312,1.0,1.0,1.0,1.0
1293,1753489628.1102633,graph,0.6408060193061829,0.0,0.8056100606918335,0.0,0.2801225185394287,0.00019949690605215403,3.681668480741547,341.38577795028687,0.1,0.1,0.1,2.0
1294,1753489628.3661914,graph,0.6236943006515503,0.0,0.7044118046760559,0.0,0.2766265571117401,0.00019949612884287592,3.907348338053361,341.64170598983765,0.1,0.1,0.1,2.0
1295,1753489628.6316686,graph,0.5938230156898499,0.0,0.8678762316703796,0.0,0.25351768732070923,0.0001994953510352769,3.766802096467689,341.9071831703186,0.1,0.1,0.1,2.0
1296,1753489628.8140488,node,0.7846928834915161,0.0033884320873767138,0.0,7.843540191650391,0.0,0.00019949457262936183,5.4830513570679695,342.089563369751,1.0,1.0,1.0,1.0
1297,1753489629.0843883,graph,1.0864627361297607,0.0,0.999651312828064,0.0,0.4932487905025482,0.00019949379362513544,3.6990526384486624,342.35990285873413,0.1,0.1,0.1,2.0
1298,1753489629.3608818,graph,0.8803695440292358,0.0,0.9155487418174744,0.0,0.39440733194351196,0.0001994930140226026,3.6167209049252476,342.63639640808105,0.1,0.1,0.1,2.0
1299,1753489629.6266396,graph,0.8053985834121704,0.0,0.761664092540741,0.0,0.3646160960197449,0.00019949223382176805,3.762824659158907,342.9021542072296,0.1,0.1,0.1,2.0
1300,1753489629.8184488,node,0.3325968384742737,0.0033354233019053936,0.0,3.3226327896118164,0.0,0.00019949145302263665,5.213514877452748,343.0939633846283,1.0,1.0,1.0,1.0
1301,1753489630.0966737,graph,0.9264618754386902,0.0,0.7083845734596252,0.0,0.42781171202659607,0.0001994906716252132,3.5942140261877014,343.37218832969666,0.1,0.1,0.1,2.0
1302,1753489630.3600318,graph,1.2516052722930908,0.0,1.0403763055801392,0.0,0.573783814907074,0.00019948988962950254,3.7971110008654687,343.63554644584656,0.1,0.1,0.1,2.0
1303,1753489630.6298711,graph,0.560818076133728,0.0,0.8637901544570923,0.0,0.23721954226493835,0.00019948910703550946,3.7059095873078705,343.90538573265076,0.1,0.1,0.1,2.0
1304,1753489630.8170147,node,0.4599725902080536,0.0032812056597322226,0.0,4.596444606781006,0.0,0.00019948832384323882,5.343491261082099,344.092529296875,1.0,1.0,1.0,1.0
1305,1753489631.080279,graph,0.7047215104103088,0.0,0.9840390682220459,0.0,0.30315878987312317,0.00019948754005269542,3.798462431546145,344.3557937145233,0.1,0.1,0.1,2.0
1306,1753489631.3655503,graph,0.5206834673881531,0.0,0.7286405563354492,0.0,0.22390970587730408,0.00019948675566388414,3.505436626733996,344.64106488227844,0.1,0.1,0.1,2.0
1307,1753489631.6383243,graph,1.1888293027877808,0.0,1.1764036417007446,0.0,0.5355944633483887,0.00019948597067680977,3.6660388061501776,344.9138388633728,0.1,0.1,0.1,2.0
1308,1753489631.8175337,node,0.6529577374458313,0.003355952212586999,0.0,6.526221752166748,0.0,0.00019948518509147717,5.580062235668036,345.0930483341217,1.0,1.0,1.0,1.0
1309,1753489632.0645728,graph,0.8351993560791016,0.0,1.0241363048553467,0.0,0.3663928508758545,0.0001994843989078912,4.047942541526043,345.34008741378784,0.1,0.1,0.1,2.0
1310,1753489632.3415964,graph,0.9178617000579834,0.0,1.0105929374694824,0.0,0.4084011912345886,0.00019948361212605668,3.6098013548253283,345.6171109676361,0.1,0.1,0.1,2.0
1311,1753489632.600434,graph,1.317241907119751,0.0,0.9746379256248474,0.0,0.609889030456543,0.0001994828247459785,3.863424842766137,345.87594866752625,0.1,0.1,0.1,2.0
1312,1753489632.8046155,node,0.7610469460487366,0.003174146404489875,0.0,7.607295513153076,0.0,0.0001994820367676615,4.897604971514446,346.08013010025024,1.0,1.0,1.0,1.0
1313,1753489633.0745535,graph,0.8719832301139832,0.0,1.0008666515350342,0.0,0.3859482705593109,0.00019948124819111054,3.7045544876267664,346.3500680923462,0.1,0.1,0.1,2.0
1314,1753489633.3564422,graph,0.6962277889251709,0.0,0.9231142401695251,0.0,0.3019581735134125,0.0001994804590163305,3.5474991267221334,346.6319568157196,0.1,0.1,0.1,2.0
1315,1753489633.6108165,graph,0.9075474739074707,0.0,0.9123945236206055,0.0,0.4081540107727051,0.00019947966924332622,3.9312152798280664,346.8863310813904,0.1,0.1,0.1,2.0
1316,1753489633.8170252,node,0.2910880148410797,0.0031014999840408564,0.0,2.90777850151062,0.0,0.00019947887887210257,4.849455776492597,347.0925397872925,1.0,1.0,1.0,1.0
1317,1753489634.069387,graph,0.6881381273269653,0.0,1.1522722244262695,0.0,0.2864554524421692,0.00019947808790266445,3.9625652585495077,347.34490156173706,0.1,0.1,0.1,2.0
1318,1753489634.3361616,graph,0.8079261183738708,0.0,0.7463487386703491,0.0,0.3666456341743469,0.00019947729633501676,3.748482037367709,347.6116762161255,0.1,0.1,0.1,2.0
1319,1753489634.5872989,graph,0.7473375797271729,0.0,1.1984739303588867,0.0,0.31374508142471313,0.0001994765041691643,3.981886293772417,347.8628134727478,0.1,0.1,0.1,2.0
1320,1753489634.7598171,node,0.7034879326820374,0.0032390672713518143,0.0,7.03164005279541,0.0,0.00019947571140511202,5.796488085860303,348.0353317260742,1.0,1.0,1.0,1.0
1321,1753489635.0496392,graph,1.2016571760177612,0.0,1.432640552520752,0.0,0.529196560382843,0.00019947491804286479,3.450392480433563,348.32515382766724,0.1,0.1,0.1,2.0
1322,1753489635.3244007,graph,0.9619831442832947,0.0,1.2249176502227783,0.0,0.41974568367004395,0.00019947412408242751,3.6395209092415786,348.599915266037,0.1,0.1,0.1,2.0
1323,1753489635.5933664,graph,0.8828150033950806,0.0,0.8281580805778503,0.0,0.39999958872795105,0.00019947332952380514,3.7179458995642323,348.86888098716736,0.1,0.1,0.1,2.0
1324,1753489635.7888927,node,0.4539288580417633,0.0033956277184188366,0.0,4.535892963409424,0.0,0.00019947253436700246,5.114399881965182,349.0644073486328,1.0,1.0,1.0,1.0
1325,1753489636.051617,graph,1.3170630931854248,0.0,0.8739098906517029,0.0,0.6148360371589661,0.00019947173861202446,3.8062734528492803,349.3271315097809,0.1,0.1,0.1,2.0
1326,1753489636.3144565,graph,0.9301203489303589,0.0,0.8270919322967529,0.0,0.4237055778503418,0.00019947094225887603,3.8046023825570625,349.58997106552124,0.1,0.1,0.1,2.0
1327,1753489636.5782597,graph,0.5570807456970215,0.0,0.7268880009651184,0.0,0.2421959638595581,0.00019947014530756206,3.7907039588023546,349.8537743091583,0.1,0.1,0.1,2.0
1328,1753489636.778121,node,0.3192919194698334,0.0032799693290144205,0.0,3.189639091491699,0.0,0.0001994693477580875,5.003470205027204,350.053635597229,1.0,1.0,1.0,1.0
1329,1753489637.0267527,graph,0.7618551254272461,0.0,0.9584124088287354,0.0,0.33300694823265076,0.00019946854961045722,4.022013027922868,350.30226731300354,0.1,0.1,0.1,2.0
1330,1753489637.3061926,graph,1.16631281375885,0.0,1.1104949712753296,0.0,0.5276316404342651,0.0001994677508646762,3.578586688690643,350.581707239151,0.1,0.1,0.1,2.0
1331,1753489637.5593266,graph,0.7226006388664246,0.0,1.1250641345977783,0.0,0.3050471246242523,0.00019946695152074932,3.950476631808168,350.8348412513733,0.1,0.1,0.1,2.0
1332,1753489637.7362642,node,0.4235714077949524,0.003170840675011277,0.0,4.232542991638184,0.0,0.00019946615157868155,5.651710616738307,351.01177883148193,1.0,1.0,1.0,1.0
1333,1753489637.9947588,graph,0.9080257415771484,0.0,1.079709768295288,0.0,0.40002739429473877,0.0001994653510384778,3.868552533884275,351.27027344703674,0.1,0.1,0.1,2.0
1334,1753489638.2816894,graph,1.501886248588562,0.0,0.8601377606391907,0.0,0.7079362273216248,0.000199464549900143,3.4851637841781375,351.5572040081024,0.1,0.1,0.1,2.0
1335,1753489638.5760434,graph,0.664848804473877,0.0,0.8703683614730835,0.0,0.2889059782028198,0.00019946374816368214,3.3972703930795958,351.851557970047,0.1,0.1,0.1,2.0
1336,1753489638.758,node,0.264377623796463,0.003178422339260578,0.0,2.6405978202819824,0.0,0.00019946294582910012,5.495818161091536,352.0335144996643,1.0,1.0,1.0,1.0
1337,1753489639.0283463,graph,0.9346820116043091,0.0,1.1183557510375977,0.0,0.4114232063293457,0.00019946214289640187,3.6989580347733297,352.30386090278625,0.1,0.1,0.1,2.0
1338,1753489639.301793,graph,0.8193121552467346,0.0,1.2452620267868042,0.0,0.3473929762840271,0.0001994613393655924,3.657018499126791,352.57730770111084,0.1,0.1,0.1,2.0
1339,1753489639.5562153,graph,0.6885286569595337,0.0,0.9015510082244873,0.0,0.2991867661476135,0.00019946053523667667,3.930474808925673,352.831729888916,0.1,0.1,0.1,2.0
1340,1753489639.7364635,node,0.48729437589645386,0.003081191098317504,0.0,4.8698625564575195,0.0,0.00019945973050965957,5.547903748068824,353.01197814941406,1.0,1.0,1.0,1.0
1341,1753489640.015463,graph,1.069798469543457,0.0,0.9739329218864441,0.0,0.48620256781578064,0.00019945892518454615,3.584234952901576,353.2909777164459,0.1,0.1,0.1,2.0
1342,1753489640.2659009,graph,0.8488845229148865,0.0,0.9728686213493347,0.0,0.3757988214492798,0.00019945811926134132,3.9930084576337666,353.54141545295715,0.1,0.1,0.1,2.0
1343,1753489640.5346258,graph,0.7671414017677307,0.0,0.8763916492462158,0.0,0.33975112438201904,0.00019945731274005005,3.7212775282713193,353.81014037132263,0.1,0.1,0.1,2.0
1344,1753489640.711658,node,0.29436227679252625,0.00341159594245255,0.0,2.940211296081543,0.0,0.00019945650562067733,5.648688869226304,353.9871726036072,1.0,1.0,1.0,1.0
1345,1753489641.0055802,graph,0.8677006959915161,0.0,1.130664587020874,0.0,0.3773171305656433,0.00019945569790322815,3.4022610336315977,354.281094789505,0.1,0.1,0.1,2.0
1346,1753489641.2620966,graph,0.6283897757530212,0.0,0.7962163686752319,0.0,0.274384081363678,0.00019945488958770746,3.89838536380434,354.537611246109,0.1,0.1,0.1,2.0
1347,1753489641.5408938,graph,1.1653821468353271,0.0,1.0600965023040771,0.0,0.5296862721443176,0.00019945408067412028,3.586837244304577,354.8164083957672,0.1,0.1,0.1,2.0
1348,1753489641.7558305,node,0.31578099727630615,0.0035297812428325415,0.0,3.154280185699463,0.0,0.0001994532711624716,4.652531863207286,355.03134512901306,1.0,1.0,1.0,1.0
1349,1753489642.0425305,graph,0.7017836570739746,0.0,0.7765728831291199,0.0,0.31206318736076355,0.00019945246105276641,3.4879663902164393,355.31804513931274,0.1,0.1,0.1,2.0
1350,1753489642.3324096,graph,0.7903279066085815,0.0,1.0615144968032837,0.0,0.3420882225036621,0.00019945165034500966,3.449714230725893,355.60792422294617,0.1,0.1,0.1,2.0
1351,1753489642.6100984,graph,0.8565484285354614,0.0,0.8940908908843994,0.0,0.3835696578025818,0.0001994508390392064,3.6011542777564562,355.8856129646301,0.1,0.1,0.1,2.0
1352,1753489642.798749,node,0.2614843547344208,0.0030869687907397747,0.0,2.6117565631866455,0.0,0.00019945002713536164,5.300804541628647,356.07426357269287,1.0,1.0,1.0,1.0
1353,1753489643.0969944,graph,0.7485434412956238,0.0,1.0944533348083496,0.0,0.3195490539073944,0.00019944921463348035,3.352943245516143,356.37250900268555,0.1,0.1,0.1,2.0
1354,1753489643.39003,graph,0.7185299396514893,0.0,1.1192622184753418,0.0,0.3033018708229065,0.00019944840153356754,3.41255573274319,356.6655445098877,0.1,0.1,0.1,2.0
1355,1753489643.7005324,graph,0.5276567339897156,0.0,0.9778614640235901,0.0,0.2149352878332138,0.0001994475878356283,3.2205856833304924,356.976047039032,0.1,0.1,0.1,2.0
1356,1753489643.8917856,node,0.33472856879234314,0.0033472965005785227,0.0,3.3439383506774902,0.0,0.00019944677353966758,5.228671086322917,357.1673002243042,1.0,1.0,1.0,1.0
1357,1753489644.1697297,graph,0.7576344609260559,0.0,0.8534202575683594,0.0,0.33614620566368103,0.00019944595864569042,3.5978459094410447,357.4452443122864,0.1,0.1,0.1,2.0
1358,1753489644.4277248,graph,0.9922195672988892,0.0,0.8612001538276672,0.0,0.45304977893829346,0.00019944514315370184,3.876042176858175,357.70323944091797,0.1,0.1,0.1,2.0
1359,1753489644.728735,graph,0.5645166635513306,0.0,0.7638194561004639,0.0,0.24406735599040985,0.00019944432706370688,3.322147310792315,358.0042495727539,0.1,0.1,0.1,2.0
1360,1753489644.9208126,node,0.46894314885139465,0.003381286282092333,0.0,4.686049938201904,0.0,0.00019944351037571057,5.206228153797268,358.19632720947266,1.0,1.0,1.0,1.0
1361,1753489645.1947858,graph,0.8537245392799377,0.0,1.2321127653121948,0.0,0.3652566373348236,0.00019944269308971798,3.6499916893433015,358.4703004360199,0.1,0.1,0.1,2.0
1362,1753489645.4774199,graph,0.6554429531097412,0.0,1.0430887937545776,0.0,0.27556702494621277,0.0001994418752057341,3.538144489912295,358.7529344558716,0.1,0.1,0.1,2.0
1363,1753489645.7467241,graph,0.7018517851829529,0.0,0.9146374464035034,0.0,0.30519402027130127,0.000199441056723764,3.713271904414525,359.0222387313843,0.1,0.1,0.1,2.0
1364,1753489645.9440222,node,0.27917975187301636,0.0033891689963638783,0.0,2.7884082794189453,0.0,0.00019944023764381275,5.068473815991725,359.21953678131104,1.0,1.0,1.0,1.0
1365,1753489646.2189326,graph,0.7083869576454163,0.0,1.0213578939437866,0.0,0.3031255900859833,0.00019943941796588536,3.637548154559441,359.4944472312927,0.1,0.1,0.1,2.0
1366,1753489646.4739876,graph,0.8676051497459412,0.0,1.1526148319244385,0.0,0.3761718273162842,0.00019943859768998688,3.920723738943968,359.74950218200684,0.1,0.1,0.1,2.0
1367,1753489646.7530518,graph,0.6499953269958496,0.0,1.031888723373413,0.0,0.27340322732925415,0.00019943777681612242,3.5834050987629005,360.02856636047363,0.1,0.1,0.1,2.0
1368,1753489646.9502733,node,0.19283874332904816,0.0033684885129332542,0.0,1.9250187873840332,0.0,0.000199436955344297,5.07044065149352,360.2257878780365,1.0,1.0,1.0,1.0
1369,1753489647.2316897,graph,0.5495337247848511,0.0,1.0251948833465576,0.0,0.2235071063041687,0.00019943613327451574,3.5534529705696465,360.5072042942047,0.1,0.1,0.1,2.0
1370,1753489647.5174792,graph,0.6269530653953552,0.0,0.7547097206115723,0.0,0.2757410407066345,0.00019943531060678365,3.499078993032382,360.7929937839508,0.1,0.1,0.1,2.0
1371,1753489647.7953484,graph,0.7009105086326599,0.0,0.9510215520858765,0.0,0.3029041886329651,0.00019943448734110583,3.5988152398864663,361.07086300849915,0.1,0.1,0.1,2.0
1372,1753489647.9762678,node,0.3332265615463257,0.003398759523406625,0.0,3.328866958618164,0.0,0.00019943366347748733,5.527322948060899,361.25178241729736,1.0,1.0,1.0,1.0
1373,1753489648.268695,graph,0.960145890712738,0.0,1.2158067226409912,0.0,0.41928261518478394,0.0001994328390159333,3.419653346965298,361.5442097187042,0.1,0.1,0.1,2.0
1374,1753489648.5315278,graph,0.767569363117218,0.0,1.0478012561798096,0.0,0.33139461278915405,0.00019943201395644875,3.8047024673439767,361.8070423603058,0.1,0.1,0.1,2.0
1375,1753489648.8088565,graph,0.8701688647270203,0.0,1.0835915803909302,0.0,0.3809048533439636,0.00019943118829903882,3.605829087148309,362.0843710899353,0.1,0.1,0.1,2.0
1376,1753489649.0027504,node,0.40461796522140503,0.0032274508848786354,0.0,4.042952060699463,0.0,0.0001994303620437086,5.1574595757762065,362.27826499938965,1.0,1.0,1.0,1.0
1377,1753489649.285504,graph,1.083290696144104,0.0,1.1509695053100586,0.0,0.48409685492515564,0.0001994295351904632,3.5366468373589215,362.56101870536804,0.1,0.1,0.1,2.0
1378,1753489649.6103754,graph,1.1775680780410767,0.0,0.942398726940155,0.0,0.5416641235351562,0.00019942870773930767,3.0781420055202924,362.88589000701904,0.1,0.1,0.1,2.0
1379,1753489650.0224931,graph,0.9613509178161621,0.0,1.0138987302780151,0.0,0.4299805164337158,0.00019942787969024715,2.426491151238584,363.2980077266693,0.1,0.1,0.1,2.0
1380,1753489650.2935002,node,0.35441020131111145,0.0036274725571274757,0.0,3.5404744148254395,0.0,0.00019942705104328672,3.6899407576058825,363.56901478767395,1.0,1.0,1.0,1.0
1381,1753489650.6652875,graph,0.581525444984436,0.0,1.193002700805664,0.0,0.23111258447170258,0.00019942622179843153,2.6897098799593944,363.94080209732056,0.1,0.1,0.1,2.0
1382,1753489650.9681888,graph,0.7570376992225647,0.0,0.8724198341369629,0.0,0.33489784598350525,0.00019942539195568664,3.3014057900288085,364.2437033653259,0.1,0.1,0.1,2.0
1383,1753489651.253964,graph,0.96549391746521,0.0,1.2323529720306396,0.0,0.4211293160915375,0.00019942456151505724,3.49925414724168,364.5294785499573,0.1,0.1,0.1,2.0
1384,1753489651.4520886,node,0.8429759740829468,0.0031109768897295,0.0,8.42664909362793,0.0,0.0001994237304765484,5.047327601249105,364.7276031970978,1.0,1.0,1.0,1.0
1385,1753489651.7761297,graph,0.6806154847145081,0.0,0.7263903617858887,0.0,0.3039882183074951,0.00019942289884016524,3.0860280165135414,365.05164432525635,0.1,0.1,0.1,2.0
1386,1753489652.1605575,graph,0.9118087291717529,0.0,1.1452374458312988,0.0,0.39864248037338257,0.00019942206660591294,2.60126878635481,365.43607211112976,0.1,0.1,0.1,2.0
1387,1753489652.6269274,graph,0.7876943349838257,0.0,1.0180184841156006,0.0,0.34294623136520386,0.0001994212337737966,2.1442208643027416,365.9024419784546,0.1,0.1,0.1,2.0
1388,1753489652.9407964,node,0.7802747488021851,0.003198011312633753,0.0,7.799549579620361,0.0,0.00019942040034382137,3.1860425899114446,366.2163109779358,1.0,1.0,1.0,1.0
1389,1753489653.3955288,graph,0.7939521074295044,0.0,0.9432861804962158,0.0,0.34981173276901245,0.00019941956631599236,2.199095468639732,366.6710433959961,0.1,0.1,0.1,2.0
1390,1753489653.8547873,graph,1.058203101158142,0.0,1.122383713722229,0.0,0.47298234701156616,0.00019941873169031476,2.177422687369891,367.13030195236206,0.1,0.1,0.1,2.0
1391,1753489654.2772436,graph,0.8203104734420776,0.0,1.0579009056091309,0.0,0.35726019740104675,0.0001994178964667937,2.3671089389415942,367.5527582168579,0.1,0.1,0.1,2.0
1392,1753489654.6120472,node,1.4223873615264893,0.003165443195030093,0.0,14.220708847045898,0.0,0.0001994170606454343,2.9868258765420848,367.8875617980957,1.0,1.0,1.0,1.0
1393,1753489655.0386608,graph,0.6651332378387451,0.0,0.8912373781204224,0.0,0.2880047559738159,0.0001994162242262418,2.344041709070404,368.31417536735535,0.1,0.1,0.1,2.0
1394,1753489655.4713652,graph,0.7183685302734375,0.0,0.9310689568519592,0.0,0.3126308023929596,0.00019941538720922127,2.311046264960929,368.7468798160553,0.1,0.1,0.1,2.0
1395,1753489655.939741,graph,0.760358452796936,0.0,0.788432240486145,0.0,0.3407576084136963,0.0001994145495943779,2.1350382538139283,369.2152554988861,0.1,0.1,0.1,2.0
1396,1753489656.244615,node,0.361674427986145,0.0031890475656837225,0.0,3.6135549545288086,0.0,0.0001994137113817169,3.2800416036160738,369.52012968063354,1.0,1.0,1.0,1.0
1397,1753489656.6579645,graph,0.8104196786880493,0.0,0.8937980532646179,0.0,0.3605199456214905,0.00019941287257124336,2.419260858054361,369.93347907066345,0.1,0.1,0.1,2.0
1398,1753489657.096255,graph,1.092525601387024,0.0,1.139950156211853,0.0,0.4892652928829193,0.0001994120331629625,2.281591275531408,370.37176966667175,0.1,0.1,0.1,2.0
1399,1753489657.4035847,graph,0.7717134952545166,0.0,1.0068587064743042,0.0,0.33551380038261414,0.00019941119315687952,3.2538350423650577,370.67909932136536,0.1,0.1,0.1,2.0
1400,1753489657.6748412,node,5.1929144859313965,0.0034747603349387646,0.0,51.92566680908203,0.0,0.00019941035255299956,3.6865483259678027,370.95035576820374,1.0,1.0,1.0,1.0
1401,1753489658.1209269,graph,0.6757144927978516,0.0,1.1694636344909668,0.0,0.2793840765953064,0.00019940951135132785,2.2417217569677272,371.39644145965576,0.1,0.1,0.1,2.0
1402,1753489658.5783534,graph,0.6927485466003418,0.0,1.2323973178863525,0.0,0.2847543954849243,0.00019940866955186955,2.1861433368115892,371.8538680076599,0.1,0.1,0.1,2.0
1403,1753489658.983678,graph,0.829994797706604,0.0,0.907428503036499,0.0,0.369625985622406,0.00019940782715462986,2.4671578272467656,372.2591927051544,0.1,0.1,0.1,2.0
1404,1753489659.212168,node,0.40891191363334656,0.0031626776326447725,0.0,4.085956573486328,0.0,0.00019940698415961395,4.376561528283853,372.4876825809479,1.0,1.0,1.0,1.0
1405,1753489659.6348817,graph,0.621071457862854,0.0,1.0160290002822876,0.0,0.25973427295684814,0.00019940614056682704,2.365667037039126,372.91039633750916,0.1,0.1,0.1,2.0
1406,1753489660.0173564,graph,0.8915377259254456,0.0,1.066999912261963,0.0,0.39241886138916016,0.00019940529637627434,2.614552288814155,373.29287099838257,0.1,0.1,0.1,2.0
1407,1753489660.431689,graph,0.7461774945259094,0.0,0.8988462686538696,0.0,0.32814642786979675,0.0001994044515879611,2.4135197950095435,373.7072036266327,0.1,0.1,0.1,2.0
1408,1753489660.754553,node,0.37021321058273315,0.003218330442905426,0.0,3.698913812637329,0.0,0.0001994036062018924,3.0972788161188607,374.03006768226624,1.0,1.0,1.0,1.0
1409,1753489661.1918597,graph,0.6942794919013977,0.0,0.8847026824951172,0.0,0.3029046058654785,0.0001994027602180736,2.286724926493719,374.4673743247986,0.1,0.1,0.1,2.0
1410,1753489661.6054637,graph,0.7166239023208618,0.0,1.157768726348877,0.0,0.3004235029220581,0.00019940191363650983,2.4177714651013584,374.880978345871,0.1,0.1,0.1,2.0
1411,1753489662.0381417,graph,0.7467800378799438,0.0,1.4231994152069092,0.0,0.3022300601005554,0.00019940106645720637,2.311187618574783,375.31365633010864,0.1,0.1,0.1,2.0
1412,1753489662.2154498,node,0.4740784168243408,0.0034593241289258003,0.0,4.7373247146606445,0.0,0.0001994002186801684,5.639900818089403,375.4909644126892,1.0,1.0,1.0,1.0
1413,1753489662.6307058,graph,0.6811494827270508,0.0,1.186356782913208,0.0,0.28125691413879395,0.00019939937030540115,2.408152907200395,375.9062204360962,0.1,0.1,0.1,2.0
1414,1753489663.022682,graph,0.5837910175323486,0.0,0.9803702235221863,0.0,0.24287700653076172,0.00019939852133290986,2.5511758340748885,376.29819655418396,0.1,0.1,0.1,2.0
1415,1753489663.4574058,graph,0.5568015575408936,0.0,0.6990697979927063,0.0,0.24344730377197266,0.0001993976717626998,2.300310854003918,376.7329204082489,0.1,0.1,0.1,2.0
1416,1753489663.7617946,node,0.9319193959236145,0.0031377128325402737,0.0,9.316056251525879,0.0,0.0001993968215947762,3.285272409549941,377.0373091697693,1.0,1.0,1.0,1.0
1417,1753489664.1217265,graph,0.7624322175979614,0.0,1.0073366165161133,0.0,0.330849289894104,0.00019939597082914423,2.7783029866248383,377.39724111557007,0.1,0.1,0.1,2.0
1418,1753489664.4557939,graph,0.7402583956718445,0.0,0.7873058319091797,0.0,0.33076390624046326,0.00019939511946580926,2.9934084129091194,377.7313084602356,0.1,0.1,0.1,2.0
1419,1753489664.9163165,graph,0.5889437198638916,0.0,1.2134933471679688,0.0,0.23379717767238617,0.00019939426750477645,2.1714458482520973,378.19183111190796,0.1,0.1,0.1,2.0
1420,1753489665.1672142,node,0.244195356965065,0.0031421282328665257,0.0,2.4388115406036377,0.0,0.0001993934149460511,3.985689049462104,378.4427287578583,1.0,1.0,1.0,1.0
1421,1753489665.4609745,graph,0.7137390971183777,0.0,0.8010887503623962,0.0,0.3168151080608368,0.00019939256178963844,3.404135960783041,378.7364890575409,0.1,0.1,0.1,2.0
1422,1753489665.7394557,graph,0.807604968547821,0.0,1.1548418998718262,0.0,0.3460603952407837,0.00019939170803554376,3.5909060944235405,379.0149703025818,0.1,0.1,0.1,2.0
1423,1753489666.0416768,graph,0.5878885984420776,0.0,0.8325177431106567,0.0,0.252318412065506,0.0001993908536837723,3.308836256032035,379.317191362381,0.1,0.1,0.1,2.0
1424,1753489666.3363638,node,0.7958282232284546,0.003256347728893161,0.0,7.955025672912598,0.0,0.00019938999873432933,3.3934306197295,379.61187839508057,1.0,1.0,1.0,1.0
1425,1753489666.7686064,graph,0.6690734624862671,0.0,0.8273311257362366,0.0,0.29317018389701843,0.00019938914318722015,2.313515433625839,380.0441210269928,0.1,0.1,0.1,2.0
1426,1753489667.2082484,graph,0.9434350728988647,0.0,0.871056318283081,0.0,0.4281647205352783,0.00019938828704245005,2.274578197736216,380.48376297950745,0.1,0.1,0.1,2.0
1427,1753489667.6664755,graph,0.8092160820960999,0.0,1.158083438873291,0.0,0.3467038571834564,0.00019938743030002424,2.182323730556145,380.9419901371002,0.1,0.1,0.1,2.0
1428,1753489667.9394794,node,0.9526845812797546,0.003645562566816807,0.0,9.523200035095215,0.0,0.0001993865729599481,3.6629524540613994,381.21499395370483,1.0,1.0,1.0,1.0
1429,1753489668.4116418,graph,0.6755478978157043,0.0,0.6219228506088257,0.0,0.30667781829833984,0.00019938571502222681,2.1179149795015433,381.6871564388275,0.1,0.1,0.1,2.0
1430,1753489668.7981973,graph,0.7677015662193298,0.0,0.8299134373664856,0.0,0.3423551023006439,0.00019938485648686574,2.5869510914181,382.07371187210083,0.1,0.1,0.1,2.0
1431,1753489669.2562544,graph,0.8508224487304688,0.0,1.2345408201217651,0.0,0.36368417739868164,0.0001993839973538702,2.1831336263052177,382.5317690372467,0.1,0.1,0.1,2.0
1432,1753489669.5510168,node,0.38565054535865784,0.0032966365106403828,0.0,3.853208541870117,0.0,0.0001993831376232454,3.3925632702780746,382.8265314102173,1.0,1.0,1.0,1.0
1433,1753489670.0007076,graph,0.47620826959609985,0.0,0.780145525932312,0.0,0.19909685850143433,0.00019938227729499673,2.223750092782084,383.2762222290039,0.1,0.1,0.1,2.0
1434,1753489670.4574604,graph,0.5197123289108276,0.0,0.8428019285202026,0.0,0.2177160680294037,0.00019938141636912946,2.1893681880820144,383.7329750061035,0.1,0.1,0.1,2.0
1435,1753489670.9090476,graph,1.2646232843399048,0.0,0.9793822169303894,0.0,0.5833425521850586,0.00019938055484564892,2.2144117451404206,384.1845622062683,0.1,0.1,0.1,2.0
1436,1753489671.2289858,node,5.0615973472595215,0.0033073066733777523,0.0,50.61266326904297,0.0,0.0001993796927245604,3.125603799934124,384.5045003890991,1.0,1.0,1.0,1.0
1437,1753489671.6400423,graph,0.6205375790596008,0.0,0.9375061988830566,0.0,0.26339349150657654,0.00019937883000586924,2.4327554846133856,384.9155569076538,0.1,0.1,0.1,2.0
1438,1753489672.0699883,graph,0.9824294447898865,0.0,1.2917298078536987,0.0,0.4266282320022583,0.00019937796668958075,2.325873775317137,385.34550285339355,0.1,0.1,0.1,2.0
1439,1753489672.4097564,graph,0.7660958170890808,0.0,1.1110937595367432,0.0,0.32749322056770325,0.00019937710277570023,2.9431832774187754,385.685271024704,0.1,0.1,0.1,2.0
1440,1753489672.603439,node,5.528643608093262,0.003410420613363385,0.0,55.28302764892578,0.0,0.00019937623826423305,5.1630845286103275,385.87895369529724,1.0,1.0,1.0,1.0
1441,1753489672.9106188,graph,1.086596131324768,0.0,1.2631007432937622,0.0,0.4801430106163025,0.00019937537315518455,3.255423566347538,386.1861333847046,0.1,0.1,0.1,2.0
1442,1753489673.1886423,graph,1.0198472738265991,0.0,1.0168304443359375,0.0,0.45908212661743164,0.00019937450744856003,3.5968184956029208,386.4641568660736,0.1,0.1,0.1,2.0
1443,1753489673.481919,graph,0.719273030757904,0.0,1.3999247550964355,0.0,0.28964027762413025,0.00019937364114436484,3.4097482139547286,386.7574336528778,0.1,0.1,0.1,2.0
1444,1753489673.8004472,node,0.9914206862449646,0.0034450856037437916,0.0,9.910761833190918,0.0,0.00019937277424260434,3.1394397022763405,387.0759618282318,1.0,1.0,1.0,1.0
1445,1753489674.2016451,graph,0.7639093995094299,0.0,0.8253248929977417,0.0,0.34068846702575684,0.00019937190674328386,2.49253541532709,387.47715973854065,0.1,0.1,0.1,2.0
1446,1753489674.6263103,graph,0.7852516770362854,0.0,0.693326473236084,0.0,0.357959508895874,0.00019937103864640877,2.3547961317669515,387.9018249511719,0.1,0.1,0.1,2.0
1447,1753489674.9701552,graph,0.9130843281745911,0.0,1.1118640899658203,0.0,0.40094897150993347,0.0001993701699519844,2.9082880896414482,388.24566984176636,0.1,0.1,0.1,2.0
1448,1753489675.1682625,node,0.6648725867271423,0.003552714828401804,0.0,6.6451735496521,0.0,0.00019936930066001614,5.0477710302531404,388.4437770843506,1.0,1.0,1.0,1.0
1449,1753489675.4615543,graph,0.7572054862976074,0.0,0.9000681638717651,0.0,0.333599328994751,0.0001993684307705093,3.409573590319919,388.73706889152527,0.1,0.1,0.1,2.0
1450,1753489675.7785358,graph,1.0898720026016235,0.0,1.3458850383758545,0.0,0.477641761302948,0.00019936756028346932,3.1547577052418285,389.05405044555664,0.1,0.1,0.1,2.0
1451,1753489676.1326206,graph,0.5965316891670227,0.0,0.8034927248954773,0.0,0.2580912113189697,0.0001993666891989015,2.824182786931055,389.40813517570496,0.1,0.1,0.1,2.0
1452,1753489676.3233216,node,0.3336120545864105,0.003364105010405183,0.0,3.332756280899048,0.0,0.00019936581751681126,5.243810776412813,389.598836183548,1.0,1.0,1.0,1.0
1453,1753489676.6264682,graph,0.7092432975769043,0.0,0.8787602782249451,0.0,0.31068363785743713,0.00019936494523720396,3.298734003990597,389.90198278427124,0.1,0.1,0.1,2.0
1454,1753489676.9257498,graph,0.745843768119812,0.0,0.8751862049102783,0.0,0.3291625678539276,0.00019936407236008496,3.341334748159372,390.2012643814087,0.1,0.1,0.1,2.0
1455,1753489677.2101007,graph,0.8635818362236023,0.0,1.0503820180892944,0.0,0.37927180528640747,0.00019936319888545968,3.5167818998636653,390.4856152534485,0.1,0.1,0.1,2.0
1456,1753489677.3946836,node,0.3941335678100586,0.003294391790404916,0.0,3.9380412101745605,0.0,0.00019936232481333348,5.417618513117462,390.6701982021332,1.0,1.0,1.0,1.0
1457,1753489677.6960003,graph,0.8824814558029175,0.0,0.954845130443573,0.0,0.3934984803199768,0.00019936145014371175,3.3187668438551876,390.97151494026184,0.1,0.1,0.1,2.0
1458,1753489677.9924273,graph,0.48393714427948,0.0,0.7756783962249756,0.0,0.20318464934825897,0.0001993605748765999,3.3735117288195577,391.2679419517517,0.1,0.1,0.1,2.0
1459,1753489678.2817078,graph,0.6629145741462708,0.0,0.9956873655319214,0.0,0.2816729247570038,0.00019935969901200334,3.4568534528941015,391.557222366333,0.1,0.1,0.1,2.0
1460,1753489678.4997034,node,0.40366628766059875,0.0032324998173862696,0.0,4.033430576324463,0.0,0.00019935882254992746,4.58724763217184,391.77521800994873,1.0,1.0,1.0,1.0
1461,1753489678.7835958,graph,0.6574884057044983,0.0,1.380442500114441,0.0,0.2597220838069916,0.00019935794549037766,3.5224614123592985,392.0591104030609,0.1,0.1,0.1,2.0
1462,1753489679.0848908,graph,1.1072819232940674,0.0,1.405900478363037,0.0,0.4833459258079529,0.00019935706783335937,3.3190058264350655,392.3604054450989,0.1,0.1,0.1,2.0
1463,1753489679.385904,graph,0.6214824914932251,0.0,0.7559666633605957,0.0,0.2729429006576538,0.00019935618957887794,3.3221131036536637,392.66141867637634,0.1,0.1,0.1,2.0
1464,1753489679.6384149,node,0.33961138129234314,0.0031871129758656025,0.0,3.3929266929626465,0.0,0.00019935531072693888,3.9602268703728707,392.91392946243286,1.0,1.0,1.0,1.0
1465,1753489679.940979,graph,0.6747416257858276,0.0,1.1446986198425293,0.0,0.2801358699798584,0.00019935443127754756,3.3050842916647625,393.2164936065674,0.1,0.1,0.1,2.0
1466,1753489680.2389798,graph,0.79108726978302,0.0,0.8043625354766846,0.0,0.35532552003860474,0.00019935355123070945,3.3556955483052326,393.5144944190979,0.1,0.1,0.1,2.0
1467,1753489680.519915,graph,0.637913167476654,0.0,0.7857563495635986,0.0,0.27966877818107605,0.00019935267058642992,3.5595386004575977,393.7954297065735,0.1,0.1,0.1,2.0
1468,1753489680.7181628,node,0.844286322593689,0.0032395191956311464,0.0,8.439623832702637,0.0,0.00019935178934471444,5.044195446602631,393.9936773777008,1.0,1.0,1.0,1.0
1469,1753489681.0001442,graph,0.5562597513198853,0.0,1.0010161399841309,0.0,0.22807908058166504,0.0001993509075055684,3.5463323401391373,394.2756588459015,0.1,0.1,0.1,2.0
1470,1753489681.2947571,graph,0.6950185894966125,0.0,1.3184798955917358,0.0,0.28158530592918396,0.0001993500250689973,3.3942846784322356,394.570271730423,0.1,0.1,0.1,2.0
1471,1753489681.5903783,graph,0.7525060176849365,0.0,1.0708949565887451,0.0,0.32270824909210205,0.00019934914203500654,3.3827078250700646,394.8658928871155,0.1,0.1,0.1,2.0
1472,1753489681.7866943,node,14.888596534729004,0.0032584615983068943,0.0,148.88270568847656,0.0,0.00019934825840360157,5.093828219026025,395.0622088909149,1.0,1.0,1.0,1.0
1473,1753489682.0677917,graph,0.8241302371025085,0.0,0.9879034757614136,0.0,0.3626699447631836,0.00019934737417478786,3.557485615025513,395.3433063030243,0.1,0.1,0.1,2.0
1474,1753489682.3815265,graph,0.5702944993972778,0.0,1.2655596733093262,0.0,0.22186927497386932,0.0001993464893485709,3.1874057203478383,395.65704107284546,0.1,0.1,0.1,2.0
1475,1753489682.674579,graph,0.6580681204795837,0.0,0.9765108823776245,0.0,0.2802085280418396,0.00019934560392495605,3.412358611757221,395.9500935077667,0.1,0.1,0.1,2.0
1476,1753489682.8877141,node,0.29368671774864197,0.0034110958222299814,0.0,2.9334559440612793,0.0,0.00019934471790394883,4.691856627969671,396.1632287502289,1.0,1.0,1.0,1.0
1477,1753489683.2115006,graph,0.7002133727073669,0.0,0.9127682447433472,0.0,0.3044682741165161,0.0001993438312855547,3.088454919852525,396.48701524734497,0.1,0.1,0.1,2.0
1478,1753489683.5381477,graph,0.6897093653678894,0.0,1.0903767347335815,0.0,0.29033583402633667,0.00019934294406977914,3.0614083939573318,396.8136622905731,0.1,0.1,0.1,2.0
1479,1753489683.824627,graph,0.6778838634490967,0.0,1.2000761032104492,0.0,0.2789381146430969,0.0001993420562566276,3.4906543961663843,397.10014152526855,0.1,0.1,0.1,2.0
1480,1753489684.014858,node,0.4923114776611328,0.003326052101328969,0.0,4.919788837432861,0.0,0.00019934116784610557,5.256764429048224,397.29037261009216,1.0,1.0,1.0,1.0
1481,1753489684.3105786,graph,0.7168903350830078,0.0,1.1106197834014893,0.0,0.30291417241096497,0.00019934027883821852,3.3815705668275364,397.58609318733215,0.1,0.1,0.1,2.0
1482,1753489684.7301304,graph,0.6971547603607178,0.0,1.059789776802063,0.0,0.2955878973007202,0.00019933938923297195,2.3834956311429947,398.0056450366974,0.1,0.1,0.1,2.0
1483,1753489685.0695372,graph,0.6119111180305481,0.0,0.8409273624420166,0.0,0.2639091908931732,0.00019933849903037136,2.9463175456157913,398.3450517654419,0.1,0.1,0.1,2.0
1484,1753489685.2971988,node,0.40269988775253296,0.0032608762849122286,0.0,4.023737907409668,0.0,0.00019933760823042222,4.392484097511525,398.57271337509155,1.0,1.0,1.0,1.0
1485,1753489685.6151652,graph,0.8957041501998901,0.0,0.8854793310165405,0.0,0.40357810258865356,0.00019933671683313004,3.144985783355128,398.8906798362732,0.1,0.1,0.1,2.0
1486,1753489686.0617092,graph,0.6255218386650085,0.0,0.8661741018295288,0.0,0.26945221424102783,0.0001993358248385003,2.2394213165283903,399.33722376823425,0.1,0.1,0.1,2.0
1487,1753489686.498119,graph,0.7361587285995483,0.0,0.7335621118545532,0.0,0.3314012587070465,0.0001993349322465385,2.2914234641364133,399.7736337184906,0.1,0.1,0.1,2.0
1488,1753489686.800874,node,0.6803944110870361,0.0032377862371504307,0.0,6.800706386566162,0.0,0.00019933403905725015,3.3030020963171913,400.0763885974884,1.0,1.0,1.0,1.0
1489,1753489687.2414556,graph,0.5934794545173645,0.0,0.7416800856590271,0.0,0.2596557140350342,0.00019933314527064076,2.2697273115421392,400.5169701576233,0.1,0.1,0.1,2.0
1490,1753489687.5721252,graph,0.5788881182670593,0.0,0.8858078718185425,0.0,0.24515366554260254,0.00019933225088671587,3.02416634160797,400.84763979911804,0.1,0.1,0.1,2.0
1491,1753489688.016166,graph,0.7774782180786133,0.0,1.0659310817718506,0.0,0.33544254302978516,0.00019933135590548097,2.2520454328242168,401.2916805744171,0.1,0.1,0.1,2.0
1492,1753489688.3004444,node,0.23644492030143738,0.003379987785592675,0.0,2.3610692024230957,0.0,0.00019933046032694158,3.5176785339875036,401.57595896720886,1.0,1.0,1.0,1.0
1493,1753489688.639916,graph,1.0802726745605469,0.0,1.1173701286315918,0.0,0.48426780104637146,0.0001993295641511032,2.945754705386183,401.9154305458069,0.1,0.1,0.1,2.0
1494,1753489689.0543807,graph,0.9509904384613037,0.0,1.0448559522628784,0.0,0.4232524335384369,0.00019932866737797144,2.4127506412538953,402.32989525794983,0.1,0.1,0.1,2.0
1495,1753489689.489821,graph,0.5600886344909668,0.0,1.0479249954223633,0.0,0.227648064494133,0.00019932777000755174,2.2965260579871867,402.76533555984497,0.1,0.1,0.1,2.0
1496,1753489689.7033346,node,0.5769031643867493,0.0031659998930990696,0.0,5.765865325927734,0.0,0.0001993268720398497,4.683542127049459,402.97884917259216,1.0,1.0,1.0,1.0
1497,1753489690.0989366,graph,0.844050943851471,0.0,0.9930248260498047,0.0,0.3723742365837097,0.00019932597347487082,2.52779316267647,403.3744511604309,0.1,0.1,0.1,2.0
1498,1753489690.5647712,graph,0.692618727684021,0.0,0.9861958026885986,0.0,0.29699957370758057,0.00019932507431262068,2.146684600471274,403.84028577804565,0.1,0.1,0.1,2.0
1499,1753489690.989159,graph,0.9505231976509094,0.0,1.0090728998184204,0.0,0.42480796575546265,0.0001993241745531048,2.35633467639544,404.2646737098694,0.1,0.1,0.1,2.0
1500,1753489691.2939403,node,0.8356781601905823,0.0031698669772595167,0.0,8.353611946105957,0.0,0.0001993232741963287,3.2810422851421173,404.569454908371,1.0,1.0,1.0,1.0
1501,1753489709.2436936,graph,0.7543012499809265,0.0,0.9125375747680664,0.0,0.33152374625205994,0.00019932237324229798,0.05571107213301171,422.5192081928253,0.1,0.1,0.1,2.0
1502,1753489709.7129948,graph,0.7730766534805298,0.0,0.8141846656799316,0.0,0.3458290994167328,0.0001993214716910182,2.1308275993806114,422.9885094165802,0.1,0.1,0.1,2.0
1503,1753489710.070594,graph,1.171983003616333,0.0,1.1777108907699585,0.0,0.527105987071991,0.00019932056954249488,2.796426380777129,423.34610867500305,0.1,0.1,0.1,2.0
1504,1753489710.2977483,node,1.0636351108551025,0.0032482286915183067,0.0,10.633102416992188,0.0,0.00019931966679673363,4.402294821118568,423.5732629299164,1.0,1.0,1.0,1.0
1505,1753489710.6727395,graph,0.6499687433242798,0.0,0.9349682331085205,0.0,0.2782359719276428,0.00019931876345373998,2.6667293987196303,423.94825410842896,0.1,0.1,0.1,2.0
1506,1753489710.9753995,graph,0.7811427712440491,0.0,0.9958618879318237,0.0,0.34077829122543335,0.00019931785951351954,3.3040376604634454,424.2509140968323,0.1,0.1,0.1,2.0
1507,1753489711.3441222,graph,0.7573964595794678,0.0,1.3072750568389893,0.0,0.31333446502685547,0.00019931695497607784,2.7120653590122434,424.6196367740631,0.1,0.1,0.1,2.0
1508,1753489711.5522707,node,0.21115919947624207,0.0031620764639228582,0.0,2.1084299087524414,0.0,0.00019931604984142051,4.804262815593365,424.8277852535248,1.0,1.0,1.0,1.0
1509,1753489711.8328075,graph,0.5437589287757874,0.0,0.7918050289154053,0.0,0.23228922486305237,0.0001993151441095531,3.5645935901456416,425.1083221435547,0.1,0.1,0.1,2.0
1510,1753489712.2251508,graph,0.8562121391296387,0.0,0.9696234464645386,0.0,0.3796249032020569,0.00019931423778048123,2.548788380214717,425.5006654262543,0.1,0.1,0.1,2.0
1511,1753489712.519052,graph,0.6307445764541626,0.0,0.7616091966629028,0.0,0.27729183435440063,0.00019931333085421046,3.4025039121091645,425.79456663131714,0.1,0.1,0.1,2.0
1512,1753489712.7819667,node,0.7610853910446167,0.00343915238045156,0.0,7.607414722442627,0.0,0.0001993124233307464,3.8035155938277607,426.0574812889099,1.0,1.0,1.0,1.0
1513,1753489713.1209667,graph,0.9858101010322571,0.0,0.7748942971229553,0.0,0.45416033267974854,0.00019931151521009467,2.949852623553928,426.3964812755585,0.1,0.1,0.1,2.0
1514,1753489713.4325304,graph,0.7019953727722168,0.0,0.9296694993972778,0.0,0.30451419949531555,0.00019931060649226078,3.209616213126333,426.70804500579834,0.1,0.1,0.1,2.0
1515,1753489713.862605,graph,1.025113821029663,0.0,0.985645055770874,0.0,0.46327465772628784,0.00019930969717725042,2.3251775078387285,427.1381196975708,0.1,0.1,0.1,2.0
1516,1753489714.182395,node,0.33432433009147644,0.0031711915507912636,0.0,3.3400719165802,0.0,0.0001993087872650692,3.127053238062292,427.4579095840454,1.0,1.0,1.0,1.0
1517,1753489714.6404924,graph,0.5775018930435181,0.0,0.7935631275177002,0.0,0.24907279014587402,0.00019930787675572268,2.1829416050796295,427.91600704193115,0.1,0.1,0.1,2.0
1518,1753489715.053906,graph,0.7484982013702393,0.0,0.7793528437614441,0.0,0.33528146147727966,0.00019930696564921652,2.418885547831523,428.32942056655884,0.1,0.1,0.1,2.0
1519,1753489715.5328276,graph,0.7805814743041992,0.0,0.9289560914039612,0.0,0.34384292364120483,0.0001993060539455563,2.0880242022000823,428.80834221839905,0.1,0.1,0.1,2.0
1520,1753489715.8715124,node,0.16669781506061554,0.003296084236353636,0.0,1.663681983947754,0.0,0.0001993051416447477,2.952597837311965,429.14702701568604,1.0,1.0,1.0,1.0
1521,1753489716.324333,graph,0.6714881658554077,0.0,1.023262858390808,0.0,0.28458094596862793,0.0001993042287467963,2.2083803909613553,429.5998475551605,0.1,0.1,0.1,2.0
1522,1753489716.7801251,graph,0.6953539252281189,0.0,1.0204449892044067,0.0,0.29665470123291016,0.00019930331525170778,2.1939823123650766,430.05563974380493,0.1,0.1,0.1,2.0
1523,1753489717.2286587,graph,0.5963956713676453,0.0,0.6558685302734375,0.0,0.2654044032096863,0.0001993024011594877,2.2294877014978054,430.5041732788086,0.1,0.1,0.1,2.0
1524,1753489717.5080447,node,0.15711848437786102,0.0032367107924073935,0.0,1.5679481029510498,0.0,0.00019930148647014177,3.579276857564664,430.7835593223572,1.0,1.0,1.0,1.0
1525,1753489717.958634,graph,0.730767011642456,0.0,0.9016396999359131,0.0,0.32030153274536133,0.0001993005711836756,2.2193164958294265,431.23414850234985,0.1,0.1,0.1,2.0
1526,1753489718.4164312,graph,0.6606786847114563,0.0,0.7762203812599182,0.0,0.2915283143520355,0.00019929965530009482,2.184372918447135,431.6919457912445,0.1,0.1,0.1,2.0
1527,1753489718.7431612,graph,0.7142543792724609,0.0,0.8983887434005737,0.0,0.31220775842666626,0.0001992987388194051,3.060630981352228,432.0186758041382,0.1,0.1,0.1,2.0
1528,1753489719.0722811,node,1.5253671407699585,0.00323355570435524,0.0,15.250436782836914,0.0,0.00019929782174161215,3.0384061766305983,432.3477957248688,1.0,1.0,1.0,1.0
1529,1753489719.5614607,graph,0.7459092140197754,0.0,0.8247807025909424,0.0,0.33171558380126953,0.00019929690406672153,2.0442389197998994,432.83697533607483,0.1,0.1,0.1,2.0
1530,1753489720.017331,graph,0.8810060024261475,0.0,1.2229751348495483,0.0,0.37935423851013184,0.00019929598579473897,2.1936070976926434,433.2928454875946,0.1,0.1,0.1,2.0
1531,1753489720.459743,graph,0.592400074005127,0.0,0.8704689741134644,0.0,0.2526765763759613,0.00019929506692567008,2.2603358139178953,433.73525762557983,0.1,0.1,0.1,2.0
1532,1753489720.7716682,node,0.45378851890563965,0.0032095308415591717,0.0,4.534675598144531,0.0,0.00019929414745952057,3.205897077831002,434.0471827983856,1.0,1.0,1.0,1.0
1533,1753489721.0740826,graph,1.6715353727340698,0.0,1.2730255126953125,0.0,0.7721164226531982,0.00019929322739629607,3.3067206551783404,434.34959721565247,0.1,0.1,0.1,2.0
1534,1753489721.3553827,graph,0.8429194688796997,0.0,0.7917395830154419,0.0,0.3818727433681488,0.0001992923067360023,3.554922711038108,434.6308972835541,0.1,0.1,0.1,2.0
1535,1753489721.7858062,graph,0.8188653588294983,0.0,1.1721217632293701,0.0,0.35082659125328064,0.00019929138547864492,2.3232932316416917,435.06132078170776,0.1,0.1,0.1,2.0
1536,1753489722.1108243,node,0.2997875511646271,0.003006592160090804,0.0,2.9948689937591553,0.0,0.00019929046362422958,3.0767510865777843,435.3863389492035,1.0,1.0,1.0,1.0
1537,1753489722.5611286,graph,0.45607611536979675,0.0,0.7482183575630188,0.0,0.19062714278697968,0.00019928954117276205,2.220720670636566,435.83664321899414,0.1,0.1,0.1,2.0
1538,1753489722.9957893,graph,0.7498458623886108,0.0,1.057766079902649,0.0,0.322034627199173,0.00019928861812424793,2.3006452200346774,436.2713038921356,0.1,0.1,0.1,2.0
1539,1753489723.4576676,graph,0.5759352445602417,0.0,0.7858135104179382,0.0,0.24867694079875946,0.00019928769447869296,2.1650724890541166,436.73318219184875,0.1,0.1,0.1,2.0
1540,1753489723.7506094,node,0.33192893862724304,0.0032826538663357496,0.0,3.316006660461426,0.0,0.00019928677023610286,3.4136472510899845,437.0261240005493,1.0,1.0,1.0,1.0
1541,1753489724.1902916,graph,0.9523508548736572,0.0,1.0216082334518433,0.0,0.4250950217247009,0.00019928584539648326,2.274369754050758,437.46580624580383,0.1,0.1,0.1,2.0
1542,1753489724.6206617,graph,0.5739486813545227,0.0,1.0709620714187622,0.0,0.23342624306678772,0.00019928491995983993,2.3235815352364932,437.8961763381958,0.1,0.1,0.1,2.0
1543,1753489725.0230358,graph,0.5711144804954529,0.0,1.0410065650939941,0.0,0.2335069179534912,0.00019928399392617855,2.4852498609036435,438.29855036735535,0.1,0.1,0.1,2.0
1544,1753489725.3426118,node,0.2786068618297577,0.003236199729144573,0.0,2.782832384109497,0.0,0.00019928306729550486,3.1291458737286435,438.6181263923645,1.0,1.0,1.0,1.0
1545,1753489725.7448595,graph,0.4952562749385834,0.0,0.7323983311653137,0.0,0.211008220911026,0.0001992821400678245,2.4860305758412564,439.0203740596771,0.1,0.1,0.1,2.0
1546,1753489726.0278656,graph,0.5999862551689148,0.0,1.1105387210845947,0.0,0.24446618556976318,0.00019928121224314333,3.533491601615482,439.3033802509308,0.1,0.1,0.1,2.0
1547,1753489726.3175905,graph,0.49914535880088806,0.0,0.869263768196106,0.0,0.20610949397087097,0.0001992802838214669,3.451550945774913,439.59310507774353,0.1,0.1,0.1,2.0
1548,1753489726.5443082,node,0.47911638021469116,0.0032378945033997297,0.0,4.787925720214844,0.0,0.00019927935480280109,4.410771429442763,439.8198227882385,1.0,1.0,1.0,1.0
1549,1753489726.8308985,graph,1.094233512878418,0.0,1.1347250938415527,0.0,0.49038052558898926,0.00019927842518715152,3.489301167092468,440.1064131259918,0.1,0.1,0.1,2.0
1550,1753489727.1130505,graph,0.8017131686210632,0.0,0.9755634069442749,0.0,0.3520784080028534,0.000199277494974524,3.544189733072735,440.38856506347656,0.1,0.1,0.1,2.0
1551,1753489727.4173846,graph,0.7470127940177917,0.0,1.0302149057388306,0.0,0.32199564576148987,0.0001992765641649242,3.285861790719719,440.69289922714233,0.1,0.1,0.1,2.0
1552,1753489727.6987042,node,0.6991696953773499,0.003389162477105856,0.0,6.988307952880859,0.0,0.00019927563275835792,3.5546756614743122,440.97421884536743,1.0,1.0,1.0,1.0
1553,1753489728.1357372,graph,0.7234769463539124,0.0,1.300283670425415,0.0,0.2967242896556854,0.00019927470075483086,2.2881570541758567,441.411251783371,0.1,0.1,0.1,2.0
1554,1753489728.5964603,graph,0.9459620118141174,0.0,1.2159502506256104,0.0,0.4121834933757782,0.0001992737681543488,2.1705008194418065,441.87197494506836,0.1,0.1,0.1,2.0
1555,1753489728.8958282,graph,0.8012377023696899,0.0,1.0572530031204224,0.0,0.34775620698928833,0.0001992728349569175,3.340371444044471,442.17134284973145,0.1,0.1,0.1,2.0
1556,1753489729.173897,node,0.3486006557941437,0.003172405995428562,0.0,3.4828341007232666,0.0,0.00019927190116254272,3.5962325463750906,442.4494116306305,1.0,1.0,1.0,1.0
1557,1753489729.6187384,graph,0.7059990167617798,0.0,1.0562779903411865,0.0,0.3001856207847595,0.0001992709667712302,2.2479922821309892,442.8942530155182,0.1,0.1,0.1,2.0
1558,1753489730.0605855,graph,0.8317122459411621,0.0,0.7298000454902649,0.0,0.3793661296367645,0.00019927003178298565,2.263226423330803,443.33610010147095,0.1,0.1,0.1,2.0
1559,1753489730.5200896,graph,0.6124476790428162,0.0,0.7758386135101318,0.0,0.26743191480636597,0.00019926909619781495,2.176259015202615,443.7956042289734,0.1,0.1,0.1,2.0
1560,1753489730.8158004,node,0.504227876663208,0.003166106529533863,0.0,5.039112567901611,0.0,0.00019926816001572377,3.3816823496876967,444.09131503105164,1.0,1.0,1.0,1.0
1561,1753489731.284269,graph,0.9554573893547058,0.0,1.2145522832870483,0.0,0.41700106859207153,0.00019926722323671794,2.134614484197669,444.5597836971283,0.1,0.1,0.1,2.0
1562,1753489731.7287445,graph,0.7592188715934753,0.0,1.2077566385269165,0.0,0.3192216157913208,0.00019926628586080324,2.2498432358060683,445.00425910949707,0.1,0.1,0.1,2.0
1563,1753489732.171265,graph,0.5893795490264893,0.0,1.104491949081421,0.0,0.23946517705917358,0.00019926534788798547,2.2597829278608237,445.4467794895172,0.1,0.1,0.1,2.0
1564,1753489732.4543545,node,0.40590211749076843,0.0034568801056593657,0.0,4.0555644035339355,0.0,0.00019926440931827033,3.5324500321721057,445.72986912727356,1.0,1.0,1.0,1.0
1565,1753489732.8125947,graph,0.6494396924972534,0.0,0.9129729866981506,0.0,0.27907121181488037,0.00019926347015166367,2.7914237492080227,446.08810925483704,0.1,0.1,0.1,2.0
1566,1753489733.26556,graph,0.5608927607536316,0.0,0.7127591371536255,0.0,0.24480843544006348,0.00019926253038817128,2.2076748247515363,446.54107451438904,0.1,0.1,0.1,2.0
1567,1753489733.5790167,graph,0.673129677772522,0.0,1.1661831140518188,0.0,0.2782556712627411,0.000199261590027799,3.190232541512231,446.854531288147,0.1,0.1,0.1,2.0
1568,1753489733.7630556,node,0.2658206522464752,0.0034084832295775414,0.0,2.6547980308532715,0.0,0.00019926064907055255,5.433634532299541,447.03857016563416,1.0,1.0,1.0,1.0
1569,1753489734.0573716,graph,0.6167124509811401,0.0,0.7542810440063477,0.0,0.27064216136932373,0.00019925970751643777,3.3977079689675818,447.33288621902466,0.1,0.1,0.1,2.0
1570,1753489734.3528194,graph,0.4814819395542145,0.0,0.904715359210968,0.0,0.19550520181655884,0.00019925876536546047,3.384692357476368,447.62833404541016,0.1,0.1,0.1,2.0
1571,1753489734.7550967,graph,0.94577556848526,0.0,0.9537216424942017,0.0,0.4252017140388489,0.00019925782261762646,2.4858478740547616,448.0306112766266,0.1,0.1,0.1,2.0
1572,1753489735.0463734,node,0.3793911039829254,0.0031407217029482126,0.0,3.7907700538635254,0.0,0.00019925687927294154,3.4331617422565057,448.3218879699707,1.0,1.0,1.0,1.0
1573,1753489735.406651,graph,0.7966562509536743,0.0,1.1938636302947998,0.0,0.3386349380016327,0.00019925593533141157,2.7756370465762346,448.6821656227112,0.1,0.1,0.1,2.0
1574,1753489735.8025587,graph,0.3666224181652069,0.0,0.7482730150222778,0.0,0.14589755237102509,0.00019925499079304236,2.5258416302481637,449.07807326316833,0.1,0.1,0.1,2.0
1575,1753489736.1135275,graph,0.7372643947601318,0.0,1.1045970916748047,0.0,0.31340235471725464,0.0001992540456578397,3.215755908542373,449.38904213905334,0.1,0.1,0.1,2.0
1576,1753489736.3407066,node,0.6737467050552368,0.003223368199542165,0.0,6.734243392944336,0.0,0.00019925309992580942,4.401814331201501,449.6162211894989,1.0,1.0,1.0,1.0
1577,1753489736.6194115,graph,0.6033634543418884,0.0,1.0165152549743652,0.0,0.250855952501297,0.00019925215359695744,3.588024702024769,449.894926071167,0.1,0.1,0.1,2.0
1578,1753489737.0413601,graph,0.5230591297149658,0.0,0.7116808295249939,0.0,0.22594551742076874,0.0001992512066712895,2.369956508743172,450.31687474250793,0.1,0.1,0.1,2.0
1579,1753489737.4957411,graph,0.7601485848426819,0.0,0.9381818771362305,0.0,0.3331651985645294,0.00019925025914881148,2.2007963009992593,450.77125573158264,0.1,0.1,0.1,2.0
1580,1753489737.688773,node,0.3822614252567291,0.0038670888170599937,0.0,3.818747043609619,0.0,0.0001992493110295292,5.1804939021829615,450.96428751945496,1.0,1.0,1.0,1.0
1581,1753489738.114959,graph,0.8165416121482849,0.0,1.085831880569458,0.0,0.3539792001247406,0.00019924836231344854,2.3463928921867536,451.39047360420227,0.1,0.1,0.1,2.0
1582,1753489738.5561588,graph,0.48413121700286865,0.0,0.9751617312431335,0.0,0.1933075189590454,0.00019924741300057533,2.2665469169306456,451.83167338371277,0.1,0.1,0.1,2.0
1583,1753489738.9993136,graph,0.9862928986549377,0.0,1.2801532745361328,0.0,0.42913877964019775,0.00019924646309091548,2.256547764436501,452.2748281955719,0.1,0.1,0.1,2.0
1584,1753489739.3254611,node,0.3758546710014343,0.003261622739955783,0.0,3.7552850246429443,0.0,0.00019924551258447478,3.066096865263801,452.60097575187683,1.0,1.0,1.0,1.0
1585,1753489739.7481353,graph,0.7103199362754822,0.0,0.9658282399177551,0.0,0.3068685531616211,0.0001992445614812591,2.365888548440229,453.023649930954,0.1,0.1,0.1,2.0
1586,1753489740.2180183,graph,1.0413000583648682,0.0,1.003042221069336,0.0,0.4704979360103607,0.00019924360978127435,2.128189515899884,453.49353289604187,0.1,0.1,0.1,2.0
1587,1753489740.677192,graph,0.673511803150177,0.0,1.0947823524475098,0.0,0.282016783952713,0.00019924265748452635,2.177825178071295,453.9527065753937,0.1,0.1,0.1,2.0
1588,1753489740.967649,node,0.31854310631752014,0.0032886466942727566,0.0,3.1821422576904297,0.0,0.00019924170459102104,3.4428502829844083,454.24316358566284,1.0,1.0,1.0,1.0
1589,1753489741.3846996,graph,0.7077024579048157,0.0,0.7573662996292114,0.0,0.3159829080104828,0.00019924075110076424,2.3977905795498264,454.6602141857147,0.1,0.1,0.1,2.0
1590,1753489741.84128,graph,0.4752184748649597,0.0,1.0092395544052124,0.0,0.18714725971221924,0.00019923979701376183,2.190194758639128,455.11679458618164,0.1,0.1,0.1,2.0
1591,1753489742.2819078,graph,0.47339850664138794,0.0,1.0128341913223267,0.0,0.18605753779411316,0.00019923884233001975,2.2694890556763685,455.5574223995209,0.1,0.1,0.1,2.0
1592,1753489742.5898435,node,0.2931578457355499,0.0032665329053997993,0.0,2.928311824798584,0.0,0.00019923788704954385,3.2474310454824185,455.86535811424255,1.0,1.0,1.0,1.0
1593,1753489743.0231524,graph,0.5395695567131042,0.0,1.0562595129013062,0.0,0.21697179973125458,0.00019923693117234002,2.3078227540112985,456.2986669540405,0.1,0.1,0.1,2.0
1594,1753489743.5054445,graph,0.661036491394043,0.0,0.9099326133728027,0.0,0.2850216031074524,0.00019923597469841416,2.0734319386221625,456.7809591293335,0.1,0.1,0.1,2.0
1595,1753489743.9365237,graph,0.7624915838241577,0.0,1.0647485256195068,0.0,0.32800835371017456,0.00019923501762777218,2.3197596120076747,457.2120382785797,0.1,0.1,0.1,2.0
1596,1753489744.2377563,node,1.6023868322372437,0.003293747780844569,0.0,16.02057456970215,0.0,0.00019923405996041997,3.3196940784084354,457.51327085494995,1.0,1.0,1.0,1.0
1597,1753489744.6772676,graph,0.48897701501846313,0.0,0.8359532952308655,0.0,0.20269083976745605,0.00019923310169636346,2.275254360859348,457.95278215408325,0.1,0.1,0.1,2.0
1598,1753489745.0952332,graph,0.6968072652816772,0.0,0.9811367988586426,0.0,0.29934680461883545,0.00019923214283560855,2.3925411063417137,458.3707478046417,0.1,0.1,0.1,2.0
1599,1753489745.5387163,graph,0.47799593210220337,0.0,0.7788650989532471,0.0,0.20005470514297485,0.00019923118337816117,2.2548772836773017,458.8142309188843,0.1,0.1,0.1,2.0
1600,1753489745.8365235,node,0.30008402466773987,0.0032584434375166893,0.0,2.997581720352173,0.0,0.0001992302233240272,3.3578769892418023,459.11203813552856,1.0,1.0,1.0,1.0
1601,1753489746.2327757,graph,0.5177790522575378,0.0,0.7939821481704712,0.0,0.21919041872024536,0.00019922926267321257,2.523645579247197,459.5082902908325,0.1,0.1,0.1,2.0
1602,1753489746.6641111,graph,0.6123339533805847,0.0,0.9000200033187866,0.0,0.261165976524353,0.0001992283014257232,2.3183812084335647,459.93962574005127,0.1,0.1,0.1,2.0
1603,1753489747.1240728,graph,0.5296590924263,0.0,1.0987672805786133,0.0,0.2098911702632904,0.00019922733958156508,2.1740942837490196,460.399587392807,0.1,0.1,0.1,2.0
1604,1753489747.4181623,node,2.4189605712890625,0.0031820149160921574,0.0,24.18642234802246,0.0,0.00019922637714074406,3.4003247666601,460.69367694854736,1.0,1.0,1.0,1.0
1605,1753489747.8626719,graph,0.7339597940444946,0.0,0.7837892770767212,0.0,0.32779043912887573,0.0001992254141032661,2.249670672942832,461.13818645477295,0.1,0.1,0.1,2.0
1606,1753489748.2940004,graph,0.7709834575653076,0.0,1.2711052894592285,0.0,0.3219364583492279,0.00019922445046913721,2.3184183717746114,461.5695149898529,0.1,0.1,0.1,2.0
1607,1753489748.7266824,graph,2.751883029937744,0.0,1.3969447612762451,0.0,1.3060942888259888,0.00019922348623836327,2.3111659687017854,462.0021970272064,0.1,0.1,0.1,2.0
1608,1753489749.025672,node,0.7835240960121155,0.0031151925213634968,0.0,7.832126140594482,0.0,0.00019922252141095023,3.344598673261816,462.3011865615845,1.0,1.0,1.0,1.0
1609,1753489749.459276,graph,0.6169809103012085,0.0,0.9091469645500183,0.0,0.2630331218242645,0.00019922155598690408,2.306251776713384,462.7347905635834,0.1,0.1,0.1,2.0
1610,1753489749.8915231,graph,0.7875300049781799,0.0,0.8859638571739197,0.0,0.34946680068969727,0.00019922058996623071,2.313491187969394,463.1670377254486,0.1,0.1,0.1,2.0
1611,1753489750.356093,graph,0.7439888119697571,0.0,1.2221636772155762,0.0,0.3108862340450287,0.00019921962334893613,2.152529038303926,463.6316075325012,0.1,0.1,0.1,2.0
1612,1753489750.5748692,node,0.5809471607208252,0.0033290651626884937,0.0,5.806142807006836,0.0,0.0001992186561350263,4.570880566338351,463.8503837585449,1.0,1.0,1.0,1.0
1613,1753489750.878993,graph,0.7114983201026917,0.0,0.9657005667686462,0.0,0.3074641227722168,0.00019921768832450716,3.2881337861441153,464.1545076370239,0.1,0.1,0.1,2.0
1614,1753489751.3219333,graph,0.6665329337120056,0.0,1.092501163482666,0.0,0.27864140272140503,0.00019921671991738468,2.2576409200861653,464.59744787216187,0.1,0.1,0.1,2.0
1615,1753489751.7531805,graph,0.6496394872665405,0.0,1.0641074180603027,0.0,0.2716143727302551,0.0001992157509136649,2.3188554507950654,465.02869510650635,0.1,0.1,0.1,2.0
1616,1753489751.972824,node,0.31176894903182983,0.0031787825282663107,0.0,3.1145107746124268,0.0,0.00019921478131335372,4.55283027879451,465.2483386993408,1.0,1.0,1.0,1.0
1617,1753489752.2877264,graph,0.8632605075836182,0.0,1.1903276443481445,0.0,0.3721138834953308,0.0001992138111164571,3.1755880544762403,465.56324100494385,0.1,0.1,0.1,2.0
1618,1753489752.7275488,graph,0.6171613931655884,0.0,0.9982562065124512,0.0,0.25866788625717163,0.0001992128403229811,2.2736448156361653,466.0030634403229,0.1,0.1,0.1,2.0
1619,1753489753.0367749,graph,0.6675926446914673,0.0,1.217099666595459,0.0,0.27294135093688965,0.0001992118689329317,3.2338803443054216,466.31228947639465,0.1,0.1,0.1,2.0
1620,1753489753.2401814,node,0.3543638586997986,0.003242621198296547,0.0,3.540395975112915,0.0,0.00019921089694631487,4.916261989406306,466.5156960487366,1.0,1.0,1.0,1.0
1621,1753489753.5178301,graph,0.8783616423606873,0.0,1.1664888858795166,0.0,0.38085636496543884,0.00019920992436313654,3.6016737896324997,466.79334473609924,0.1,0.1,0.1,2.0
1622,1753489753.979601,graph,0.7203783988952637,0.0,0.8750886917114258,0.0,0.316434770822525,0.00019920895118340283,2.165576642380991,467.2551155090332,0.1,0.1,0.1,2.0
1623,1753489754.387638,graph,0.6425039768218994,0.0,0.9899631142616272,0.0,0.27175384759902954,0.00019920797740711967,2.450757026864053,467.66315269470215,0.1,0.1,0.1,2.0
1624,1753489754.686848,node,0.7221839427947998,0.003345430362969637,0.0,7.218493938446045,0.0,0.0001992070030342931,3.3421361507023635,467.9623625278473,1.0,1.0,1.0,1.0
1625,1753489754.9976518,graph,0.7845479249954224,0.0,1.3324308395385742,0.0,0.32565242052078247,0.0001992060280649291,3.2174629450923056,468.27316641807556,0.1,0.1,0.1,2.0
1626,1753489755.447589,graph,0.5955843329429626,0.0,1.0952328443527222,0.0,0.24303053319454193,0.00019920505249903373,2.2225328573480017,468.7231035232544,0.1,0.1,0.1,2.0
1627,1753489755.8820992,graph,1.086531162261963,0.0,1.1981488466262817,0.0,0.48335814476013184,0.00019920407633661295,2.3014417811451287,469.15761375427246,0.1,0.1,0.1,2.0
1628,1753489756.181695,node,0.49845612049102783,0.0032540292013436556,0.0,4.981307029724121,0.0,0.0001992030995776728,3.3378301379281807,469.45720958709717,1.0,1.0,1.0,1.0
1629,1753489756.6246521,graph,0.4348047077655792,0.0,1.0490312576293945,0.0,0.16495078802108765,0.00019920212222221935,2.2575546437719636,469.9001667499542,0.1,0.1,0.1,2.0
1630,1753489757.065879,graph,0.5459377765655518,0.0,0.8659451007843018,0.0,0.2296716421842575,0.00019920114427025856,2.2664072969351143,470.34139370918274,0.1,0.1,0.1,2.0
1631,1753489757.5228667,graph,0.4159671366214752,0.0,0.7632694244384766,0.0,0.16982010006904602,0.00019920016572179652,2.188243089195485,470.79838132858276,0.1,0.1,0.1,2.0
1632,1753489757.7374368,node,0.38610315322875977,0.0031684390269219875,0.0,3.857862949371338,0.0,0.0001991991865768392,4.660482770575085,471.01295137405396,1.0,1.0,1.0,1.0
1633,1753489758.0775294,graph,0.522252082824707,0.0,0.850396454334259,0.0,0.21860621869564056,0.0001991982068353927,2.9403751405585328,471.35304403305054,0.1,0.1,0.1,2.0
1634,1753489758.526452,graph,0.6898053884506226,0.0,0.9446395635604858,0.0,0.29767072200775146,0.0001991972264974631,2.2275553157386567,471.8019666671753,0.1,0.1,0.1,2.0
1635,1753489758.9583826,graph,0.6698553562164307,0.0,1.3310723304748535,0.0,0.2683740556240082,0.00019919624556305636,2.315187056205179,472.2338972091675,0.1,0.1,0.1,2.0
1636,1753489759.2325532,node,0.5850306153297424,0.0033963434398174286,0.0,5.846909523010254,0.0,0.00019919526403217857,3.647363592488402,472.5080678462982,1.0,1.0,1.0,1.0
1637,1753489759.6976364,graph,0.6227954626083374,0.0,1.194234848022461,0.0,0.2516859769821167,0.00019919428190483574,2.1501532783103503,472.97315096855164,0.1,0.1,0.1,2.0
1638,1753489760.155644,graph,0.5646899342536926,0.0,0.7498906254768372,0.0,0.24485044181346893,0.00019919329918103402,2.183370006501744,473.43115854263306,0.1,0.1,0.1,2.0
1639,1753489760.5910516,graph,1.1843000650405884,0.0,1.463829755783081,0.0,0.518958568572998,0.00019919231586077943,2.2966983384367374,473.86656618118286,0.1,0.1,0.1,2.0
1640,1753489760.7950213,node,0.3121681809425354,0.0033531319350004196,0.0,3.11832857131958,0.0,0.00019919133194407795,4.902688568586494,474.0705358982086,1.0,1.0,1.0,1.0
1641,1753489761.1353598,graph,0.6009044647216797,0.0,0.9211621284484863,0.0,0.2543941140174866,0.00019919034743093577,2.938251453782637,474.41087436676025,0.1,0.1,0.1,2.0
1642,1753489761.5793083,graph,0.42648836970329285,0.0,0.7159610986709595,0.0,0.1774461269378662,0.0001991893623213589,2.252513486443741,474.8548228740692,0.1,0.1,0.1,2.0
1643,1753489762.0298393,graph,0.5519347190856934,0.0,0.8709673881530762,0.0,0.2324189841747284,0.00019918837661535345,2.219603061708325,475.3053538799286,0.1,0.1,0.1,2.0
1644,1753489762.3032627,node,0.4335293471813202,0.003364609321579337,0.0,4.331928730010986,0.0,0.00019918739031292546,3.657331004577,475.5787773132324,1.0,1.0,1.0,1.0
1645,1753489762.7491047,graph,0.7966229915618896,0.0,1.3081821203231812,0.0,0.33290237188339233,0.00019918640341408107,2.2429469138185785,476.0246193408966,0.1,0.1,0.1,2.0
1646,1753489763.2060497,graph,0.6801511645317078,0.0,1.0390291213989258,0.0,0.28812411427497864,0.0001991854159188263,2.1884474628058728,476.481564283371,0.1,0.1,0.1,2.0
1647,1753489763.5011241,graph,0.7769187688827515,0.0,1.147985577583313,0.0,0.33106011152267456,0.0001991844278271673,3.388975074981901,476.7766387462616,0.1,0.1,0.1,2.0
1648,1753489763.772708,node,0.855225682258606,0.003237174591049552,0.0,8.549019813537598,0.0,0.00019918343913911016,3.6821048103554985,477.0482225418091,1.0,1.0,1.0,1.0
1649,1753489764.046269,graph,0.7860676646232605,0.0,1.241936206817627,0.0,0.3309370279312134,0.0001991824498546609,3.655491817137558,477.32178354263306,0.1,0.1,0.1,2.0
1650,1753489764.4744105,graph,0.35312342643737793,0.0,0.7148683071136475,0.0,0.1408182978630066,0.00019918145997382573,2.3356758936069264,477.74992513656616,0.1,0.1,0.1,2.0
1651,1753489764.9074795,graph,0.6040406823158264,0.0,1.109486699104309,0.0,0.24654600024223328,0.0001991804694966107,2.309100908764093,478.18299412727356,0.1,0.1,0.1,2.0
1652,1753489765.2065365,node,0.3915875554084778,0.0034580377396196127,0.0,3.9124176502227783,0.0,0.0001991794784230219,3.3438440736772286,478.4820511341095,1.0,1.0,1.0,1.0
1653,1753489765.631586,graph,0.6077204942703247,0.0,1.19268000125885,0.0,0.24422624707221985,0.0001991784867530655,2.3526669198283363,478.90710067749023,0.1,0.1,0.1,2.0
1654,1753489766.0767817,graph,0.4368319511413574,0.0,0.9494043588638306,0.0,0.17094576358795166,0.0001991774944867476,2.246203313257851,479.3522963523865,0.1,0.1,0.1,2.0
1655,1753489766.398617,graph,0.5956857204437256,0.0,0.9253737926483154,0.0,0.25157415866851807,0.00019917650162407427,3.1071795536623763,479.6741316318512,0.1,0.1,0.1,2.0
1656,1753489766.6799943,node,0.8006484508514404,0.0031988809350878,0.0,8.00328540802002,0.0,0.00019917550816505168,3.5539467641431575,479.95550894737244,1.0,1.0,1.0,1.0
1657,1753489767.1257157,graph,0.5282307267189026,0.0,0.9273977279663086,0.0,0.21774546802043915,0.000199174514109686,2.2435539941085567,480.4012303352356,0.1,0.1,0.1,2.0
1658,1753489767.580549,graph,0.5485683083534241,0.0,0.9738237857818604,0.0,0.2255929559469223,0.00019917351945798327,2.1986078589554277,480.85606360435486,0.1,0.1,0.1,2.0
1659,1753489768.0270026,graph,0.7810021042823792,0.0,1.0721688270568848,0.0,0.33689260482788086,0.00019917252420994966,2.2398745675710603,481.30251717567444,0.1,0.1,0.1,2.0
1660,1753489768.2705305,node,0.29626914858818054,0.003344512078911066,0.0,2.9593470096588135,0.0,0.00019917152836559137,4.106305865306482,481.54604506492615,1.0,1.0,1.0,1.0
1661,1753489768.6148078,graph,0.6730911135673523,0.0,1.4796645641326904,0.0,0.2625623345375061,0.00019917053192491444,2.9046346132005176,481.8903224468231,0.1,0.1,0.1,2.0
1662,1753489769.0493088,graph,0.4909251630306244,0.0,0.8508730530738831,0.0,0.20291893184185028,0.00019916953488792512,2.301491032023744,482.3248233795166,0.1,0.1,0.1,2.0
1663,1753489769.5022786,graph,0.6199436187744141,0.0,0.8533441424369812,0.0,0.26730459928512573,0.00019916853725462946,2.207652746759949,482.7777931690216,0.1,0.1,0.1,2.0
1664,1753489769.781285,node,0.2492096871137619,0.003369370475411415,0.0,2.488727569580078,0.0,0.00019916753902503369,3.584146130957976,483.05679965019226,1.0,1.0,1.0,1.0
1665,1753489770.3030427,graph,0.5813038349151611,0.0,0.8614713549613953,0.0,0.24757835268974304,0.00019916654019914393,1.916598809181095,483.5785572528839,0.1,0.1,0.1,2.0
1666,1753489770.7512183,graph,0.6624490022659302,0.0,0.8650383949279785,0.0,0.2879725694656372,0.00019916554077696635,2.2312679375566886,484.02673292160034,0.1,0.1,0.1,2.0
1667,1753489771.1907954,graph,0.5244662165641785,0.0,0.9526150226593018,0.0,0.21460235118865967,0.00019916454075850714,2.2749137613086585,484.4663100242615,0.1,0.1,0.1,2.0
1668,1753489771.4588668,node,2.1788015365600586,0.0033058668486773968,0.0,21.78470802307129,0.0,0.00019916354014377243,3.730349270215489,484.73438143730164,1.0,1.0,1.0,1.0
1669,1753489771.8831089,graph,0.4427739977836609,0.0,1.0021060705184937,0.0,0.17128169536590576,0.0001991625389327684,2.357145105091604,485.15862345695496,0.1,0.1,0.1,2.0
1670,1753489772.320974,graph,0.6769348382949829,0.0,0.9118379354476929,0.0,0.2928755283355713,0.00019916153712550122,2.283807594716151,485.59648871421814,0.1,0.1,0.1,2.0
1671,1753489772.770293,graph,0.599689781665802,0.0,0.836533784866333,0.0,0.2580181956291199,0.00019916053472197708,2.225590847828163,486.04580760002136,0.1,0.1,0.1,2.0
1672,1753489773.0612445,node,0.2838289439678192,0.0034172588493674994,0.0,2.834872245788574,0.0,0.00019915953172220218,3.436999063375013,486.3367590904236,1.0,1.0,1.0,1.0
1673,1753489773.5130599,graph,0.9670118689537048,0.0,1.3126952648162842,0.0,0.4178711771965027,0.00019915852812618266,2.21329346809136,486.7885744571686,0.1,0.1,0.1,2.0
1674,1753489773.8644488,graph,0.48867809772491455,0.0,0.8743945360183716,0.0,0.20061932504177094,0.00019915752393392477,2.845849459097102,487.139963388443,0.1,0.1,0.1,2.0
1675,1753489774.1544743,graph,0.5032505393028259,0.0,1.0171722173690796,0.0,0.2007666528224945,0.00019915651914543468,3.4479730035225304,487.429988861084,0.1,0.1,0.1,2.0
1676,1753489774.3490791,node,0.27202069759368896,0.0032793208956718445,0.0,2.7169275283813477,0.0,0.0001991555137607186,5.13861745190093,487.6245937347412,1.0,1.0,1.0,1.0
1677,1753489774.6386442,graph,0.6227552890777588,0.0,1.0388529300689697,0.0,0.2594349980354309,0.0001991545077797827,3.4534550161215423,487.91415882110596,0.1,0.1,0.1,2.0
1678,1753489774.927626,graph,0.8677232265472412,0.0,1.086167335510254,0.0,0.37955325841903687,0.00019915350120263322,3.460427019075521,488.20314049720764,0.1,0.1,0.1,2.0
1679,1753489775.2269337,graph,0.3983374238014221,0.0,0.7878422737121582,0.0,0.15977659821510315,0.00019915249402927636,3.341041972680956,488.5024483203888,0.1,0.1,0.1,2.0
1680,1753489775.4152625,node,0.827786922454834,0.0033122419845312834,0.0,8.274557113647461,0.0,0.00019915148625971831,5.309863933521372,488.69077706336975,1.0,1.0,1.0,1.0
1681,1753489775.7455337,graph,0.5563254952430725,0.0,0.8364080786705017,0.0,0.23634235560894012,0.00019915047789396533,3.027814313290376,489.0210483074188,0.1,0.1,0.1,2.0
1682,1753489776.0673237,graph,0.9641591310501099,0.0,1.2924888134002686,0.0,0.41745513677597046,0.00019914946893202358,3.10761696247643,489.3428382873535,0.1,0.1,0.1,2.0
1683,1753489776.408341,graph,0.44140249490737915,0.0,0.853691816329956,0.0,0.17801664769649506,0.0001991484593738993,2.9324030118923603,489.68385553359985,0.1,0.1,0.1,2.0
1684,1753489776.5994565,node,0.4293719232082367,0.0031494663562625647,0.0,4.29056978225708,0.0,0.00019914744921959874,5.232434752126069,489.87497115135193,1.0,1.0,1.0,1.0
1685,1753489776.8907962,graph,0.6634035706520081,0.0,0.7163236141204834,0.0,0.2958855926990509,0.00019914643846912817,3.432420024436012,490.1663107872009,0.1,0.1,0.1,2.0
1686,1753489777.1851804,graph,0.42569732666015625,0.0,0.9090710282325745,0.0,0.16739511489868164,0.00019914542712249375,3.3969209637355973,490.46069502830505,0.1,0.1,0.1,2.0
1687,1753489777.4794548,graph,0.48359450697898865,0.0,1.0472726821899414,0.0,0.18943361937999725,0.0001991444151797017,3.3981897079745536,490.7549693584442,0.1,0.1,0.1,2.0
1688,1753489777.684685,node,0.17526185512542725,0.0032379108015447855,0.0,1.7493807077407837,0.0,0.0001991434026407584,4.872576376803849,490.9601995944977,1.0,1.0,1.0,1.0
1689,1753489777.9740236,graph,0.565580427646637,0.0,1.0815792083740234,0.0,0.22871124744415283,0.00019914238950566999,3.456158421324122,491.2495381832123,0.1,0.1,0.1,2.0
1690,1753489778.229867,graph,0.6192862391471863,0.0,1.141664981842041,0.0,0.2525598704814911,0.0001991413757744427,3.9086409743869313,491.5053815841675,0.1,0.1,0.1,2.0
1691,1753489778.5045347,graph,0.5910870432853699,0.0,0.9504348635673523,0.0,0.24802176654338837,0.00019914036144708282,3.640762473525225,491.78004932403564,0.1,0.1,0.1,2.0
1692,1753489778.6743736,node,0.355451375246048,0.003307342529296875,0.0,3.551206111907959,0.0,0.0001991393465235966,5.887932438275245,491.9498882293701,1.0,1.0,1.0,1.0
1693,1753489778.9506948,graph,1.0507445335388184,0.0,1.2411563396453857,0.0,0.4633144736289978,0.00019913833100399032,3.618977113397614,492.22620940208435,0.1,0.1,0.1,2.0
1694,1753489779.2153437,graph,0.6444817185401917,0.0,1.1165226697921753,0.0,0.26641473174095154,0.00019913731488827022,3.7785909778039635,492.4908583164215,0.1,0.1,0.1,2.0
1695,1753489779.491233,graph,0.6342695951461792,0.0,1.165629506111145,0.0,0.25885331630706787,0.0001991362981764426,3.6246409324866655,492.766747713089,0.1,0.1,0.1,2.0
1696,1753489779.6611426,node,0.2994688153266907,0.003689461387693882,0.0,2.9909985065460205,0.0,0.00019913528086851366,5.885486885604755,492.9366571903229,1.0,1.0,1.0,1.0
1697,1753489779.931257,graph,0.4993717074394226,0.0,0.8902295827865601,0.0,0.20517437160015106,0.00019913426296448976,3.7021347959560154,493.20677161216736,0.1,0.1,0.1,2.0
1698,1753489780.1940455,graph,0.6066930294036865,0.0,0.9122310876846313,0.0,0.2577349543571472,0.00019913324446437715,3.8053410632226923,493.4695601463318,0.1,0.1,0.1,2.0
1699,1753489780.4548385,graph,0.5809354186058044,0.0,1.1914136409759521,0.0,0.23089703917503357,0.0001991322253681821,3.83445917840279,493.73035311698914,0.1,0.1,0.1,2.0
1700,1753489780.6362562,node,0.49214446544647217,0.0032402798533439636,0.0,4.918204307556152,0.0,0.0001991312056759109,5.512141207825779,493.9117708206177,1.0,1.0,1.0,1.0
1701,1753489780.903255,graph,0.6017109155654907,0.0,0.8585378527641296,0.0,0.2579285502433777,0.0001991301853875698,3.7453356359733325,494.17876958847046,0.1,0.1,0.1,2.0
1702,1753489781.1821141,graph,0.6044624447822571,0.0,0.7758163213729858,0.0,0.26344040036201477,0.0001991291645031652,3.586039910398249,494.45762872695923,0.1,0.1,0.1,2.0
1703,1753489781.463914,graph,0.6634063124656677,0.0,1.0902888774871826,0.0,0.2771887183189392,0.0001991281430227033,3.548618643365139,494.73942852020264,0.1,0.1,0.1,2.0
1704,1753489781.635989,node,0.460670530796051,0.0033766976557672024,0.0,4.603328704833984,0.0,0.00019912712094619043,5.811418318357846,494.9115035533905,1.0,1.0,1.0,1.0
1705,1753489781.8994923,graph,0.5269652605056763,0.0,0.6960515975952148,0.0,0.2286800593137741,0.00019912609827363293,3.795018697753284,495.1750068664551,0.1,0.1,0.1,2.0
1706,1753489782.1511683,graph,0.6586877703666687,0.0,0.92389976978302,0.0,0.2831488847732544,0.00019912507500503704,3.9733612730507404,495.42668294906616,0.1,0.1,0.1,2.0
1707,1753489782.4138682,graph,0.48102936148643494,0.0,1.0624113082885742,0.0,0.18739411234855652,0.00019912405114040911,3.8066258078510278,495.68938279151917,0.1,0.1,0.1,2.0
1708,1753489782.5951698,node,0.3850235342979431,0.0032435376197099686,0.0,3.846991539001465,0.0,0.0001991230266797555,5.5156713140127875,495.8706843852997,1.0,1.0,1.0,1.0
1709,1753489782.8493834,graph,0.868465006351471,0.0,1.200170874595642,0.0,0.3742239475250244,0.00019912200162308243,3.933700289519615,496.12489795684814,0.1,0.1,0.1,2.0
1710,1753489783.1206243,graph,0.574771523475647,0.0,1.110649585723877,0.0,0.23185329139232635,0.0001991209759703963,3.6867589549490316,496.3961389064789,0.1,0.1,0.1,2.0
1711,1753489783.3916786,graph,0.45419394969940186,0.0,0.9487451314926147,0.0,0.17965972423553467,0.00019911994972170342,3.6892981166064436,496.6671931743622,0.1,0.1,0.1,2.0
1712,1753489783.5671806,node,0.9217038154602051,0.003207387402653694,0.0,9.213830947875977,0.0,0.0001991189228770101,5.697938756352659,496.84269523620605,1.0,1.0,1.0,1.0
1713,1753489783.8196237,graph,0.46419817209243774,0.0,0.9522108435630798,0.0,0.18448853492736816,0.00019911789543632268,3.961289091755657,497.0951383113861,0.1,0.1,0.1,2.0
1714,1753489784.0938466,graph,0.5363852381706238,0.0,0.9565915465354919,0.0,0.220363050699234,0.00019911686739964752,3.646669112673387,497.36936116218567,0.1,0.1,0.1,2.0
1715,1753489784.3468053,graph,0.5083877444267273,0.0,0.8028948307037354,0.0,0.21404913067817688,0.00019911583876699098,3.9532133317499007,497.6223199367523,0.1,0.1,0.1,2.0
1716,1753489784.5424423,node,0.5776981115341187,0.0032770023681223392,0.0,5.7737040519714355,0.0,0.00019911480953835935,5.111507858647925,497.8179569244385,1.0,1.0,1.0,1.0
1717,1753489784.7954645,graph,0.5453135371208191,0.0,0.9151849746704102,0.0,0.22689752280712128,0.00019911377971375897,3.952222469309834,498.07097911834717,0.1,0.1,0.1,2.0
1718,1753489785.1635954,graph,0.5499057769775391,0.0,0.8534328937530518,0.0,0.23228125274181366,0.0001991127492931963,2.716424889560138,498.4391100406647,0.1,0.1,0.1,2.0
1719,1753489785.4709525,graph,0.5496021509170532,0.0,1.0260084867477417,0.0,0.22350063920021057,0.00019911171827667755,3.253544780316317,498.7464671134949,0.1,0.1,0.1,2.0
1720,1753489785.637151,node,0.45472225546836853,0.003507412737235427,0.0,4.543715000152588,0.0,0.00019911068666420917,6.016901764055276,498.91266560554504,1.0,1.0,1.0,1.0
1721,1753489785.8877292,graph,0.5024487972259521,0.0,1.003077745437622,0.0,0.20107051730155945,0.00019910965445579752,3.9907707033580366,499.16324377059937,0.1,0.1,0.1,2.0
1722,1753489786.1560423,graph,0.41651058197021484,0.0,0.8980368971824646,0.0,0.16335344314575195,0.00019910862165144896,3.726988138302646,499.43155694007874,0.1,0.1,0.1,2.0
1723,1753489786.4178927,graph,0.9279065132141113,0.0,0.9665566682815552,0.0,0.4156254231929779,0.00019910758825116985,3.8189751247405033,499.6934072971344,0.1,0.1,0.1,2.0
1724,1753489786.629443,node,0.3889982998371124,0.003290848806500435,0.0,3.8866920471191406,0.0,0.00019910655425496652,4.727009622385062,499.9049575328827,1.0,1.0,1.0,1.0
1725,1753489786.8827188,graph,0.7997511625289917,0.0,1.2423560619354248,0.0,0.33775776624679565,0.00019910551966284546,3.9482639817154217,500.15823340415955,0.1,0.1,0.1,2.0
1726,1753489787.1589532,graph,0.6693007946014404,0.0,1.186023473739624,0.0,0.2753492295742035,0.00019910448447481294,3.6201140848826743,500.434467792511,0.1,0.1,0.1,2.0
1727,1753489787.4192572,graph,0.6883051991462708,0.0,0.9937604665756226,0.0,0.2944645881652832,0.0001991034486908754,3.841662438152252,500.6947717666626,0.1,0.1,0.1,2.0
1728,1753489787.6055,node,0.7250507473945618,0.0031196242198348045,0.0,7.247387409210205,0.0,0.0001991024123110392,5.369334540087229,500.881014585495,1.0,1.0,1.0,1.0
1729,1753489787.8629239,graph,0.5254969000816345,0.0,1.2658319473266602,0.0,0.1994568556547165,0.00019910137533531077,3.884643525970766,501.13843846321106,0.1,0.1,0.1,2.0
1730,1753489788.1364946,graph,0.5139835476875305,0.0,1.2495561838150024,0.0,0.1945139765739441,0.0001991003377636965,3.655361200028934,501.4120092391968,0.1,0.1,0.1,2.0
1731,1753489788.4051847,graph,0.6702243089675903,0.0,0.940725564956665,0.0,0.28807586431503296,0.00019909929959620277,3.721759624053212,501.6806993484497,0.1,0.1,0.1,2.0
1732,1753489788.579644,node,0.42341822385787964,0.0034589204005897045,0.0,4.2307233810424805,0.0,0.00019909826083283603,5.731998606052738,501.8551585674286,1.0,1.0,1.0,1.0
1733,1753489788.854628,graph,0.7019014954566956,0.0,1.2344304323196411,0.0,0.28922921419143677,0.0001990972214736026,3.6365736144696355,502.1301426887512,0.1,0.1,0.1,2.0
1734,1753489789.115282,graph,0.9003368020057678,0.0,0.9872565269470215,0.0,0.4008055627346039,0.00019909618151850897,3.836503967027117,502.39079666137695,0.1,0.1,0.1,2.0
1735,1753489789.3782094,graph,0.6393148899078369,0.0,1.2014248371124268,0.0,0.2595862150192261,0.0001990951409675615,3.8033327983300644,502.6537239551544,0.1,0.1,0.1,2.0
1736,1753489789.5531821,node,0.34488409757614136,0.0034612040035426617,0.0,3.4453797340393066,0.0,0.00019909409982076667,5.71517491064725,502.8286967277527,1.0,1.0,1.0,1.0
1737,1753489789.810503,graph,0.5332540273666382,0.0,1.0528185367584229,0.0,0.2139860838651657,0.00019909305807813086,3.88619841709581,503.0860176086426,0.1,0.1,0.1,2.0
1738,1753489790.0825632,graph,0.467241108417511,0.0,0.8908103108406067,0.0,0.18908004462718964,0.0001990920157396605,3.6756576750740293,503.3580777645111,0.1,0.1,0.1,2.0
1739,1753489790.351065,graph,0.7187519669532776,0.0,0.9350544214248657,0.0,0.3126232624053955,0.00019909097280536206,3.724370392602235,503.62657952308655,0.1,0.1,0.1,2.0
1740,1753489790.523413,node,0.6855119466781616,0.0031740369740873575,0.0,6.851945400238037,0.0,0.0001990899292752419,5.802213368747234,503.7989275455475,1.0,1.0,1.0,1.0
1741,1753489790.796297,graph,0.7612672448158264,0.0,1.147513747215271,0.0,0.3232579231262207,0.00019908888514930654,3.664559013558934,504.0718116760254,0.1,0.1,0.1,2.0
1742,1753489791.057288,graph,0.6392168402671814,0.0,0.9361476898193359,0.0,0.2728010416030884,0.00019908784042756234,3.8315518304519607,504.3328025341034,0.1,0.1,0.1,2.0
1743,1753489791.326702,graph,0.523074209690094,0.0,0.9692378640174866,0.0,0.21307522058486938,0.0001990867951100158,3.7117570276237717,504.60221672058105,0.1,0.1,0.1,2.0
1744,1753489791.49741,node,0.485117107629776,0.003219122998416424,0.0,4.847951889038086,0.0,0.0001990857491966733,5.857958298940924,504.77292466163635,1.0,1.0,1.0,1.0
1745,1753489791.7704728,graph,0.699490487575531,0.0,0.8645052909851074,0.0,0.3065199851989746,0.00019908470268754138,3.662162492534759,505.04598736763,0.1,0.1,0.1,2.0
1746,1753489792.0329373,graph,0.5702636241912842,0.0,1.1051130294799805,0.0,0.22987616062164307,0.00019908365558262648,3.8100387334946624,505.30845189094543,0.1,0.1,0.1,2.0
1747,1753489792.2963595,graph,0.8039249777793884,0.0,1.103808879852295,0.0,0.34677204489707947,0.000199082607881935,3.7961865300355786,505.5718741416931,0.1,0.1,0.1,2.0
1748,1753489792.483318,node,0.25709640979766846,0.003243842162191868,0.0,2.5677201747894287,0.0,0.00019908155958547343,5.348779141018235,505.7588326931,1.0,1.0,1.0,1.0
1749,1753489792.753944,graph,0.5603619813919067,0.0,0.8976106643676758,0.0,0.2353004664182663,0.00019908051069324827,3.6951387867185512,506.02945852279663,0.1,0.1,0.1,2.0
1750,1753489793.008813,graph,0.626793622970581,0.0,0.9196876287460327,0.0,0.2674124240875244,0.00019907946120526596,3.923584515593107,506.28432750701904,0.1,0.1,0.1,2.0
1751,1753489793.278376,graph,0.46242278814315796,0.0,0.8884344696998596,0.0,0.18678967654705048,0.00019907841112153297,3.7097052086005147,506.55389070510864,0.1,0.1,0.1,2.0
1752,1753489793.447845,node,0.8602120280265808,0.0033736953046172857,0.0,8.598746299743652,0.0,0.0001990773604420558,5.900788402991542,506.72335958480835,1.0,1.0,1.0,1.0
1753,1753489793.7217906,graph,0.709682047367096,0.0,0.8472350835800171,0.0,0.31247925758361816,0.00019907630916684088,3.6503601793194322,506.9973051548004,0.1,0.1,0.1,2.0
1754,1753489793.9829824,graph,0.42301321029663086,0.0,0.6581915020942688,0.0,0.17859703302383423,0.00019907525729589477,3.828603455169153,507.2584969997406,0.1,0.1,0.1,2.0
1755,1753489794.252907,graph,0.6286917924880981,0.0,0.7539523839950562,0.0,0.27664828300476074,0.0001990742048292239,3.704737728172868,507.5284216403961,0.1,0.1,0.1,2.0
1756,1753489794.4384768,node,0.7236201763153076,0.003347761696204543,0.0,7.232853889465332,0.0,0.00019907315176683477,5.388808946264852,507.7139914035797,1.0,1.0,1.0,1.0
1757,1753489794.6999905,graph,0.6154707670211792,0.0,1.3227663040161133,0.0,0.24159705638885498,0.00019907209810873393,3.823891297767826,507.9755051136017,0.1,0.1,0.1,2.0
1758,1753489794.9693172,graph,0.579922616481781,0.0,1.0259495973587036,0.0,0.23866383731365204,0.00019907104385492785,3.7129629137829996,508.2448318004608,0.1,0.1,0.1,2.0
1759,1753489795.2420685,graph,0.8091073036193848,0.0,0.9626020193099976,0.0,0.356423556804657,0.00019906998900542296,3.6663432406586702,508.51758313179016,0.1,0.1,0.1,2.0
1760,1753489795.425604,node,0.5322299599647522,0.0033873734064400196,0.0,5.318912029266357,0.0,0.00019906893356022587,5.4485349517539525,508.70111870765686,1.0,1.0,1.0,1.0
1761,1753489795.6757,graph,0.589847207069397,0.0,0.9936008453369141,0.0,0.24524354934692383,0.00019906787751934306,3.9984670793858403,508.95121455192566,0.1,0.1,0.1,2.0
1762,1753489795.9488392,graph,0.45795226097106934,0.0,1.2378442287445068,0.0,0.16708391904830933,0.00019906682088278101,3.6611363713732805,509.2243537902832,0.1,0.1,0.1,2.0
1763,1753489796.2222962,graph,0.4382021427154541,0.0,0.7969622015953064,0.0,0.17925295233726501,0.00019906576365054626,3.656881396245037,509.4978108406067,0.1,0.1,0.1,2.0
1764,1753489796.4155247,node,0.4763503968715668,0.003247564658522606,0.0,4.760256290435791,0.0,0.0001990647058226453,5.175220461491574,509.69103932380676,1.0,1.0,1.0,1.0
1765,1753489796.6757069,graph,0.4741560220718384,0.0,0.9275223016738892,0.0,0.19070188701152802,0.00019906364739908473,3.8434613202991343,509.95122146606445,0.1,0.1,0.1,2.0
1766,1753489796.945186,graph,0.6810417771339417,0.0,1.2456411123275757,0.0,0.27823883295059204,0.00019906258837987102,3.7108637971046035,510.22070050239563,0.1,0.1,0.1,2.0
1767,1753489797.2079134,graph,0.4693036377429962,0.0,1.2381571531295776,0.0,0.17274396121501923,0.00019906152876501072,3.8062250954890335,510.4834280014038,0.1,0.1,0.1,2.0
1768,1753489797.413804,node,0.2032376378774643,0.003346528857946396,0.0,2.0290298461914062,0.0,0.00019906046855451039,4.856946992014525,510.6893186569214,1.0,1.0,1.0,1.0
1769,1753489797.6599512,graph,0.7911333441734314,0.0,1.308401107788086,0.0,0.3301466107368469,0.0001990594077483765,4.0626104206056475,510.9354658126831,0.1,0.1,0.1,2.0
1770,1753489797.9163618,graph,0.708838939666748,0.0,1.0900607109069824,0.0,0.29991644620895386,0.00019905834634661567,3.8999947929451846,511.191876411438,0.1,0.1,0.1,2.0
1771,1753489798.1737065,graph,0.5580025911331177,0.0,1.0724899768829346,0.0,0.22537678480148315,0.0001990572843492344,3.8858383778866057,511.4492211341858,0.1,0.1,0.1,2.0
1772,1753489798.3711777,node,0.21909451484680176,0.003357326379045844,0.0,2.1875877380371094,0.0,0.00019905622175623924,5.064031082252546,511.646692276001,1.0,1.0,1.0,1.0
1773,1753489798.6198661,graph,0.48576757311820984,0.0,0.6913553476333618,0.0,0.20831601321697235,0.0001990551585676368,4.021095319128539,511.89538073539734,0.1,0.1,0.1,2.0
1774,1753489798.8848886,graph,0.5352359414100647,0.0,0.8433220386505127,0.0,0.22545185685157776,0.00019905409478343354,3.7732643027748667,512.160403251648,0.1,0.1,0.1,2.0
1775,1753489799.1425755,graph,0.5118907690048218,0.0,1.1408641338348389,0.0,0.1989021748304367,0.00019905303040363613,3.8806791529000746,512.4180901050568,0.1,0.1,0.1,2.0
1776,1753489799.325029,node,0.35279422998428345,0.0032469790894538164,0.0,3.52469539642334,0.0,0.00019905196542825107,5.480851731099684,512.6005434989929,1.0,1.0,1.0,1.0
1777,1753489799.5850577,graph,0.855927050113678,0.0,1.3120877742767334,0.0,0.3623591363430023,0.00019905089985728497,3.845727279395584,512.8605723381042,0.1,0.1,0.1,2.0
1778,1753489799.8730311,graph,0.49223190546035767,0.0,0.9968651533126831,0.0,0.19627270102500916,0.00019904983369074437,3.4725429027493524,513.1485457420349,0.1,0.1,0.1,2.0
1779,1753489800.1266801,graph,0.4516403079032898,0.0,0.8809312582015991,0.0,0.1817735880613327,0.00019904876692863584,3.942455970169596,513.4021947383881,0.1,0.1,0.1,2.0
1780,1753489800.3218482,node,0.3850573003292084,0.003144725924357772,0.0,3.8474280834198,0.0,0.00019904769957096598,5.123790303862476,513.5973627567291,1.0,1.0,1.0,1.0
1781,1753489800.5833242,graph,0.5788426399230957,0.0,1.0923724174499512,0.0,0.23480269312858582,0.00019904663161774138,3.8244421952931953,513.8588387966156,0.1,0.1,0.1,2.0
1782,1753489800.8485017,graph,0.3839796781539917,0.0,0.8497051000595093,0.0,0.14950458705425262,0.0001990455630689686,3.7710591736458574,514.1240162849426,0.1,0.1,0.1,2.0
1783,1753489801.1069221,graph,0.5333820581436157,0.0,0.9283328056335449,0.0,0.22027438879013062,0.00019904449392465427,3.869662531575966,514.3824367523193,0.1,0.1,0.1,2.0
1784,1753489801.2798862,node,0.46913543343544006,0.003177292412146926,0.0,4.688177108764648,0.0,0.00019904342418480494,5.781546706659462,514.5554008483887,1.0,1.0,1.0,1.0
1785,1753489801.555133,graph,0.43000200390815735,0.0,0.8701651096343994,0.0,0.17149274051189423,0.00019904235384942724,3.633102318035391,514.8306477069855,0.1,0.1,0.1,2.0
1786,1753489801.8158114,graph,0.6811990737915039,0.0,0.9593726396560669,0.0,0.2926309108734131,0.00019904128291852778,3.8361460593178482,515.0913259983063,0.1,0.1,0.1,2.0
1787,1753489802.0767777,graph,0.6041814088821411,0.0,1.214993953704834,0.0,0.2413409948348999,0.00019904021139211314,3.8319123821913954,515.3522922992706,0.1,0.1,0.1,2.0
1788,1753489802.2559757,node,0.40312984585762024,0.0034645921550691128,0.0,4.027833938598633,0.0,0.00019903913927018995,5.580418594193007,515.5314903259277,1.0,1.0,1.0,1.0
1789,1753489802.5309837,graph,0.8334216475486755,0.0,1.1362149715423584,0.0,0.3599000871181488,0.00019903806655276478,3.636258341157571,515.8064982891083,0.1,0.1,0.1,2.0
1790,1753489802.7844608,graph,0.6635640859603882,0.0,1.4963126182556152,0.0,0.25696641206741333,0.0001990369932398443,3.9451296136047254,516.0599753856659,0.1,0.1,0.1,2.0
1791,1753489803.0529568,graph,0.5361589789390564,0.0,0.8380413055419922,0.0,0.2261774241924286,0.00019903591933143514,3.724449764419431,516.3284714221954,0.1,0.1,0.1,2.0
1792,1753489803.2212174,node,0.21982266008853912,0.003228070680052042,0.0,2.1949985027313232,0.0,0.00019903484482754387,5.943162882437625,516.4967319965363,1.0,1.0,1.0,1.0
1793,1753489803.4927208,graph,0.7262061834335327,0.0,0.9328998327255249,0.0,0.3164581060409546,0.00019903376972817716,3.683194469812991,516.7682354450226,0.1,0.1,0.1,2.0
1794,1753489803.748043,graph,0.4796794652938843,0.0,1.0276200771331787,0.0,0.18845872581005096,0.0001990326940333416,3.916619587841617,517.0235576629639,0.1,0.1,0.1,2.0
1795,1753489804.007809,graph,0.4840216040611267,0.0,0.7379732131958008,0.0,0.20511214435100555,0.00019903161774304385,3.8496205268843555,517.2833235263824,0.1,0.1,0.1,2.0
1796,1753489804.1769154,node,0.28276342153549194,0.0034014959819614887,0.0,2.824232578277588,0.0,0.00019903054085729054,5.913433829044501,517.4524300098419,1.0,1.0,1.0,1.0
1797,1753489804.4430232,graph,0.5982283353805542,0.0,1.1406826972961426,0.0,0.24208001792430878,0.00019902946337608835,3.757875601292673,517.7185378074646,0.1,0.1,0.1,2.0
1798,1753489804.6988547,graph,0.7099376320838928,0.0,1.5280271768569946,0.0,0.27856746315956116,0.0001990283852994439,3.9088231045585653,517.9743692874908,0.1,0.1,0.1,2.0
1799,1753489804.969045,graph,0.5062351226806641,0.0,0.7031183838844299,0.0,0.2179616540670395,0.00019902730662736383,3.7010959532675645,518.2445595264435,0.1,0.1,0.1,2.0
1800,1753489805.1445236,node,0.3621692359447479,0.0033675178419798613,0.0,3.6183247566223145,0.0,0.00019902622735985484,5.6986974379459,518.4200382232666,1.0,1.0,1.0,1.0
1801,1753489805.3959339,graph,0.47805219888687134,0.0,0.9250293374061584,0.0,0.19277463853359222,0.00019902514749692353,3.977562634484315,518.671448469162,0.1,0.1,0.1,2.0
1802,1753489805.6542594,graph,0.8151100277900696,0.0,0.988525927066803,0.0,0.35812872648239136,0.00019902406703857658,3.8710839726219572,518.9297740459442,0.1,0.1,0.1,2.0
1803,1753489805.905614,graph,0.5513432025909424,0.0,1.0651752948760986,0.0,0.2224128246307373,0.00019902298598482062,3.9784454834067975,519.1811285018921,0.1,0.1,0.1,2.0
1804,1753489806.102881,node,0.327738493680954,0.0032520268578082323,0.0,3.27413272857666,0.0,0.0001990219043356624,5.069270169857795,519.3783955574036,1.0,1.0,1.0,1.0
1805,1753489806.3536315,graph,0.5660375356674194,0.0,1.1043621301651,0.0,0.227800652384758,0.00019902082209110854,3.9880272771183316,519.6291460990906,0.1,0.1,0.1,2.0
1806,1753489806.6160057,graph,0.5530960559844971,0.0,0.9421799182891846,0.0,0.22943902015686035,0.00019901973925116575,3.811350896020544,519.8915202617645,0.1,0.1,0.1,2.0
1807,1753489806.8676429,graph,0.37568363547325134,0.0,0.8725508451461792,0.0,0.14421427249908447,0.00019901865581584065,3.973974909113993,520.1431574821472,0.1,0.1,0.1,2.0
1808,1753489807.0667791,node,0.4495772421360016,0.00331697566434741,0.0,4.49245548248291,0.0,0.00019901757178513997,5.021687231663311,520.3422937393188,1.0,1.0,1.0,1.0
1809,1753489807.31752,graph,0.7343523502349854,0.0,1.0116242170333862,0.0,0.3165949583053589,0.00019901648715907035,3.988182750885961,520.5930345058441,0.1,0.1,0.1,2.0
1810,1753489807.5990055,graph,0.754837155342102,0.0,1.0122079849243164,0.0,0.3268081843852997,0.00019901540193763856,3.5525801347748165,520.8745200634003,0.1,0.1,0.1,2.0
1811,1753489807.8533022,graph,0.46207743883132935,0.0,0.8025301694869995,0.0,0.19091221690177917,0.00019901431612085122,3.932413149096473,521.1288168430328,0.1,0.1,0.1,2.0
1812,1753489808.0426204,node,0.3245958685874939,0.0034325665328651667,0.0,3.242526054382324,0.0,0.00019901322970871508,5.282112893516595,521.3181350231171,1.0,1.0,1.0,1.0
1813,1753489808.2955883,graph,0.5234047174453735,0.0,0.7673623561859131,0.0,0.22333423793315887,0.0001990121427012368,3.953071749555147,521.5711028575897,0.1,0.1,0.1,2.0
1814,1753489808.5621676,graph,0.8208147883415222,0.0,1.3285046815872192,0.0,0.34398216009140015,0.0001990110550984231,3.7512277359663364,521.8376822471619,0.1,0.1,0.1,2.0
1815,1753489808.8176692,graph,0.5024445056915283,0.0,0.9666576385498047,0.0,0.2028893679380417,0.0001990099669002807,3.9138712136693754,522.0931837558746,0.1,0.1,0.1,2.0
1816,1753489809.021873,node,0.29244011640548706,0.00349628203548491,0.0,2.9209046363830566,0.0,0.0001990088781068163,4.897067459979241,522.2973875999451,1.0,1.0,1.0,1.0
1817,1753489809.2982597,graph,0.5816793441772461,0.0,1.3877537250518799,0.0,0.22145196795463562,0.00019900778871803662,3.618118611171016,522.5737743377686,0.1,0.1,0.1,2.0
1818,1753489809.5763907,graph,0.47608375549316406,0.0,1.0477882623672485,0.0,0.1856524646282196,0.00019900669873394839,3.5954279483544007,522.8519053459167,0.1,0.1,0.1,2.0
1819,1753489809.8415513,graph,0.619992196559906,0.0,1.1889808177947998,0.0,0.25054705142974854,0.00019900560815455827,3.7712999161994096,523.1170659065247,0.1,0.1,0.1,2.0
1820,1753489810.0428414,node,1.8269096612930298,0.003932442516088486,0.0,18.26516342163086,0.0,0.0001990045169798731,4.967953455758334,523.3183560371399,1.0,1.0,1.0,1.0
1821,1753489810.296502,graph,0.6764097213745117,0.0,0.9229397773742676,0.0,0.2920578718185425,0.00019900342520989955,3.942274397751732,523.5720167160034,0.1,0.1,0.1,2.0
1822,1753489810.5714262,graph,0.4774516522884369,0.0,1.0308897495269775,0.0,0.18718133866786957,0.00019900233284464433,3.6373683457417516,523.8469407558441,0.1,0.1,0.1,2.0
1823,1753489810.8527606,graph,0.47825902700424194,0.0,0.974183976650238,0.0,0.19042031466960907,0.00019900123988411423,3.5544888906967955,524.1282751560211,0.1,0.1,0.1,2.0
1824,1753489811.0291176,node,0.6045747995376587,0.003339926013723016,0.0,6.042408466339111,0.0,0.00019900014632831596,5.670315467861754,524.3046321868896,1.0,1.0,1.0,1.0
1825,1753489811.278969,graph,0.6425371170043945,0.0,0.9454156160354614,0.0,0.27399778366088867,0.00019899905217725627,4.002377969240987,524.5544836521149,0.1,0.1,0.1,2.0
1826,1753489811.5354578,graph,0.48896244168281555,0.0,0.8017843961715698,0.0,0.20439200103282928,0.00019899795743094192,3.8988057170902923,524.8109724521637,0.1,0.1,0.1,2.0
1827,1753489811.8098862,graph,0.5753176212310791,0.0,1.120281457901001,0.0,0.23164474964141846,0.00019899686208937965,3.643938156582418,525.0854008197784,0.1,0.1,0.1,2.0
1828,1753489811.972186,node,0.7559091448783875,0.003409226657822728,0.0,7.555682182312012,0.0,0.0001989957661525762,6.161434332008785,525.2477006912231,1.0,1.0,1.0,1.0
1829,1753489812.2408237,graph,0.5414459705352783,0.0,0.869576632976532,0.0,0.22724413871765137,0.0001989946696205384,3.7224863057223088,525.5163383483887,0.1,0.1,0.1,2.0
1830,1753489812.4921503,graph,0.5092825889587402,0.0,0.8162368535995483,0.0,0.21382944285869598,0.0001989935724932729,3.978887054850399,525.7676649093628,0.1,0.1,0.1,2.0
1831,1753489812.7561753,graph,0.535227358341217,0.0,0.9824379086494446,0.0,0.218491792678833,0.0001989924747707866,3.787520509734053,526.0316898822784,0.1,0.1,0.1,2.0
1832,1753489812.9403303,node,0.138566255569458,0.003324629971757531,0.0,1.3823379278182983,0.0,0.00019899137645308616,5.4302086219352095,526.2158448696136,1.0,1.0,1.0,1.0
1833,1753489813.216507,graph,0.5036680102348328,0.0,1.0806045532226562,0.0,0.1978037804365158,0.0001989902775401784,3.620870378955238,526.492021560669,0.1,0.1,0.1,2.0
1834,1753489813.4709072,graph,0.7160598039627075,0.0,1.0094714164733887,0.0,0.3075563311576843,0.0001989891780320701,3.930813696309014,526.7464218139648,0.1,0.1,0.1,2.0
1835,1753489813.7451067,graph,0.6457007527351379,0.0,0.952508807182312,0.0,0.2752249240875244,0.00019898807792876805,3.646979851766318,527.0206212997437,0.1,0.1,0.1,2.0
1836,1753489813.9361246,node,0.4418633282184601,0.003180039580911398,0.0,4.4154534339904785,0.0,0.00019898697723027902,5.235112401973572,527.2116391658783,1.0,1.0,1.0,1.0
1837,1753489814.2081609,graph,0.5727362036705017,0.0,0.9386659860610962,0.0,0.23943480849266052,0.0001989858759366098,3.6759798177568332,527.4836754798889,0.1,0.1,0.1,2.0
1838,1753489814.4742584,graph,0.49075403809547424,0.0,1.0516347885131836,0.0,0.1927952766418457,0.00019898477404776718,3.7580203817957987,527.7497730255127,0.1,0.1,0.1,2.0
1839,1753489814.7436607,graph,0.6578761339187622,0.0,0.8311877846717834,0.0,0.2873786687850952,0.000198983671563758,3.7119212712010654,528.0191752910614,0.1,0.1,0.1,2.0
1840,1753489814.926097,node,0.28209206461906433,0.003395168110728264,0.0,2.8175253868103027,0.0,0.00019898256848458902,5.481367445860064,528.2016115188599,1.0,1.0,1.0,1.0
1841,1753489815.1929603,graph,0.5345062613487244,0.0,0.8951830863952637,0.0,0.222493976354599,0.00019898146481026703,3.7472362338806366,528.4684748649597,0.1,0.1,0.1,2.0
1842,1753489815.4622622,graph,0.491807758808136,0.0,1.0941624641418457,0.0,0.1911957561969757,0.00019898036054079887,3.7133047787848796,528.7377767562866,0.1,0.1,0.1,2.0
1843,1753489815.728481,graph,0.45032942295074463,0.0,0.9378089904785156,0.0,0.1782742589712143,0.00019897925567619135,3.756307299908741,529.0039956569672,0.1,0.1,0.1,2.0
1844,1753489815.9291344,node,0.1958436369895935,0.003323165699839592,0.0,1.955113172531128,0.0,0.00019897815021645128,4.983720314020539,529.2046489715576,1.0,1.0,1.0,1.0
1845,1753489816.2019827,graph,0.49733951687812805,0.0,0.7074612379074097,0.0,0.21329669654369354,0.00019897704416158544,3.6650393347133763,529.4774973392487,0.1,0.1,0.1,2.0
1846,1753489816.4761279,graph,0.5652847290039062,0.0,1.1709599494934082,0.0,0.22409436106681824,0.00019897593751160074,3.647703000744446,529.7516424655914,0.1,0.1,0.1,2.0
1847,1753489816.771467,graph,0.5028023719787598,0.0,0.965499758720398,0.0,0.2031261920928955,0.00019897483026650394,3.385938314838764,530.0469815731049,0.1,0.1,0.1,2.0
1848,1753489816.965045,node,0.28131330013275146,0.0032549325842410326,0.0,2.809877872467041,0.0,0.00019897372242630185,5.1658761585121775,530.2405595779419,1.0,1.0,1.0,1.0
1849,1753489817.2579224,graph,0.548406183719635,0.0,0.9540166854858398,0.0,0.22650226950645447,0.00019897261399100136,3.414397553925092,530.5334370136261,0.1,0.1,0.1,2.0
1850,1753489817.5372646,graph,0.5466880202293396,0.0,1.157374620437622,0.0,0.21547529101371765,0.0001989715049606093,3.579838961597616,530.8127791881561,0.1,0.1,0.1,2.0
1851,1753489817.8205347,graph,0.557045578956604,0.0,1.2187371253967285,0.0,0.21758592128753662,0.00019897039533513247,3.530199365216169,531.0960493087769,0.1,0.1,0.1,2.0
1852,1753489818.037538,node,0.47600480914115906,0.003255097661167383,0.0,4.756793022155762,0.0,0.00019896928511457774,4.608223885877268,531.3130526542664,1.0,1.0,1.0,1.0
1853,1753489818.3384752,graph,0.6122057437896729,0.0,1.0797767639160156,0.0,0.25211402773857117,0.00019896817429895198,3.3229526977029398,531.6139898300171,0.1,0.1,0.1,2.0
1854,1753489818.5992014,graph,0.5391678214073181,0.0,1.0391898155212402,0.0,0.21762442588806152,0.000198967062888262,3.835440966014823,531.8747160434723,0.1,0.1,0.1,2.0
1855,1753489818.885911,graph,0.4894438683986664,0.0,0.917647123336792,0.0,0.19883957505226135,0.00019896595088251469,3.4878503709210533,532.1614255905151,0.1,0.1,0.1,2.0
1856,1753489819.091768,node,0.7042094469070435,0.0031960271298885345,0.0,7.038898468017578,0.0,0.0001989648382817169,4.857740144795101,532.3672826290131,1.0,1.0,1.0,1.0
1857,1753489819.3963203,graph,0.6003942489624023,0.0,1.039806604385376,0.0,0.24820677936077118,0.0001989637250858755,3.2835081044477583,532.6718349456787,0.1,0.1,0.1,2.0
1858,1753489819.6648297,graph,0.5107530951499939,0.0,0.9377050399780273,0.0,0.20849129557609558,0.00019896261129499732,3.7242645687749176,532.9403443336487,0.1,0.1,0.1,2.0
1859,1753489819.9426482,graph,0.6311648488044739,0.0,1.2072865962982178,0.0,0.2552180886268616,0.00019896149690908928,3.5994730767085317,533.2181627750397,0.1,0.1,0.1,2.0
1860,1753489820.151597,node,0.24843697249889374,0.003776542842388153,0.0,2.480593204498291,0.0,0.00019896038192815824,4.7858602570758615,533.4271116256714,1.0,1.0,1.0,1.0
1861,1753489820.468174,graph,0.6692532896995544,0.0,1.2066378593444824,0.0,0.27429476380348206,0.00019895926635221106,3.1587895949752225,533.743688583374,0.1,0.1,0.1,2.0
1862,1753489820.7300565,graph,0.5978222489356995,0.0,1.2213387489318848,0.0,0.23784419894218445,0.0001989581501812546,3.818505756021176,534.0055711269379,0.1,0.1,0.1,2.0
1863,1753489821.0128202,graph,0.4126805365085602,0.0,0.9343304634094238,0.0,0.15962374210357666,0.0001989570334152958,3.5365215932249408,534.2883348464966,0.1,0.1,0.1,2.0
1864,1753489821.1944978,node,0.8196322321891785,0.0033269571140408516,0.0,8.192995071411133,0.0,0.00019895591605434152,5.5042565002342485,534.4700124263763,1.0,1.0,1.0,1.0
1865,1753489821.4734259,graph,0.5871763825416565,0.0,1.0748111009597778,0.0,0.23984763026237488,0.00019895479809839867,3.5851540589909128,534.7489404678345,0.1,0.1,0.1,2.0
1866,1753489821.7664042,graph,0.5989714860916138,0.0,1.1199833154678345,0.0,0.24348656833171844,0.00019895367954747412,3.413222225839003,535.0419187545776,0.1,0.1,0.1,2.0
1867,1753489822.0511863,graph,0.6107844114303589,0.0,1.3069398403167725,0.0,0.2400452196598053,0.0001989525604015748,3.5114557755242313,535.326700925827,0.1,0.1,0.1,2.0
1868,1753489822.2308366,node,0.48191291093826294,0.003350426210090518,0.0,4.815778732299805,0.0,0.00019895144066070758,5.566369567410034,535.5063512325287,1.0,1.0,1.0,1.0
1869,1753489822.5039096,graph,0.5967387557029724,0.0,0.919639527797699,0.0,0.2523874044418335,0.0001989503203248794,3.6620250036888256,535.7794241905212,0.1,0.1,0.1,2.0
1870,1753489822.7612884,graph,0.5241554975509644,0.0,0.7477936148643494,0.0,0.2246880829334259,0.00019894919939409712,3.8853236377110303,536.0368030071259,0.1,0.1,0.1,2.0
1871,1753489823.033932,graph,0.49149104952812195,0.0,1.0962464809417725,0.0,0.1909331977367401,0.0001989480778683677,3.6677924008569804,536.3094465732574,0.1,0.1,0.1,2.0
1872,1753489823.2262883,node,0.7970249652862549,0.0034518446773290634,0.0,7.966797828674316,0.0,0.00019894695574769808,5.198684681848436,536.5018029212952,1.0,1.0,1.0,1.0
1873,1753489823.5199795,graph,0.4106971025466919,0.0,0.7976980209350586,0.0,0.1654636561870575,0.00019894583303209511,3.404937369604572,536.7954940795898,0.1,0.1,0.1,2.0
1874,1753489823.789529,graph,0.5416696071624756,0.0,0.9999336004257202,0.0,0.22083811461925507,0.00019894470972156578,3.7098922404833656,537.0650436878204,0.1,0.1,0.1,2.0
1875,1753489824.0706074,graph,0.5922139286994934,0.0,1.0777746438980103,0.0,0.2422182261943817,0.00019894358581611695,3.55772701980104,537.3461220264435,0.1,0.1,0.1,2.0
1876,1753489824.262936,node,0.47876739501953125,0.0031107470858842134,0.0,4.784563064575195,0.0,0.00019894246131575564,5.199432244308497,537.538450717926,1.0,1.0,1.0,1.0
1877,1753489824.5270782,graph,0.5551045536994934,0.0,1.2012450695037842,0.0,0.21749001741409302,0.0001989413362204887,3.785841941272254,537.802592754364,0.1,0.1,0.1,2.0
1878,1753489824.778126,graph,0.5340096354484558,0.0,1.1051788330078125,0.0,0.21174588799476624,0.00019894021053032314,3.98330438350154,538.0536406040192,0.1,0.1,0.1,2.0
1879,1753489825.0749605,graph,0.6137256026268005,0.0,1.0301730632781982,0.0,0.2553541362285614,0.00019893908424526587,3.3688809925028957,538.3504750728607,0.1,0.1,0.1,2.0
1880,1753489825.2427418,node,0.35105448961257935,0.003246712265536189,0.0,3.507298231124878,0.0,0.00019893795736532384,5.9601378945782875,538.5182564258575,1.0,1.0,1.0,1.0
1881,1753489825.550636,graph,0.664883017539978,0.0,1.1238083839416504,0.0,0.27625107765197754,0.00019893682989050404,3.247868595526412,538.8261506557465,0.1,0.1,0.1,2.0
1882,1753489825.834622,graph,0.43306684494018555,0.0,1.0356940031051636,0.0,0.16474872827529907,0.00019893570182081334,3.5213021661071107,539.1101365089417,0.1,0.1,0.1,2.0
1883,1753489826.1179621,graph,0.494096040725708,0.0,1.0479140281677246,0.0,0.19465231895446777,0.0001989345731562588,3.529326035097167,539.3934767246246,0.1,0.1,0.1,2.0
1884,1753489826.276594,node,0.4613000154495239,0.0035022003576159477,0.0,4.609498023986816,0.0,0.0001989334438968473,6.303906214774179,539.5521085262299,1.0,1.0,1.0,1.0
1885,1753489826.541535,graph,0.5159290432929993,0.0,0.8599390387535095,0.0,0.21496757864952087,0.00019893231404258585,3.7744255756841665,539.8170495033264,0.1,0.1,0.1,2.0
1886,1753489826.786316,graph,0.5315751433372498,0.0,0.8611139059066772,0.0,0.22273187339305878,0.00019893118359348138,4.085284108286273,540.0618305206299,0.1,0.1,0.1,2.0
1887,1753489827.044724,graph,0.46876975893974304,0.0,1.0666754245758057,0.0,0.181051105260849,0.0001989300525495409,3.869848188204554,540.3202385902405,0.1,0.1,0.1,2.0
1888,1753489827.2472847,node,0.21360498666763306,0.0032307077199220657,0.0,2.132819175720215,0.0,0.00019892892091077138,4.936792682682812,540.5227992534637,1.0,1.0,1.0,1.0
1889,1753489827.5229616,graph,0.4973958134651184,0.0,0.9246526956558228,0.0,0.2024652659893036,0.00019892778867717983,3.627434005637077,540.7984762191772,0.1,0.1,0.1,2.0
1890,1753489827.7741024,graph,0.6996655464172363,0.0,0.8723371028900146,0.0,0.30621591210365295,0.00019892665584877314,3.9818295911847885,541.0496170520782,0.1,0.1,0.1,2.0
1891,1753489828.0570939,graph,0.5895043611526489,0.0,1.1837873458862305,0.0,0.23556280136108398,0.0001989255224255584,3.5336761722462238,541.33260846138,0.1,0.1,0.1,2.0
1892,1753489828.225419,node,0.5241944789886475,0.003534665796905756,0.0,5.238409996032715,0.0,0.00019892438840754257,5.940881605989742,541.5009336471558,1.0,1.0,1.0,1.0
1893,1753489828.4789922,graph,0.7780829668045044,0.0,0.9866729378700256,0.0,0.3397078514099121,0.0001989232537947326,3.9436347447212814,541.7545068264008,0.1,0.1,0.1,2.0
1894,1753489828.7414737,graph,0.48564934730529785,0.0,0.9339766502380371,0.0,0.1961258351802826,0.00019892211858713553,3.8097930198823353,542.0169882774353,0.1,0.1,0.1,2.0
1895,1753489829.0188172,graph,0.561690628528595,0.0,0.9333256483078003,0.0,0.23417901992797852,0.00019892098278475836,3.6056369024029817,542.2943317890167,0.1,0.1,0.1,2.0
1896,1753489829.2158513,node,0.1888740360736847,0.0031189247965812683,0.0,1.8856213092803955,0.0,0.0001989198463876081,5.075263092297994,542.4913659095764,1.0,1.0,1.0,1.0
1897,1753489829.4747396,graph,0.5170078277587891,0.0,1.0605015754699707,0.0,0.20547884702682495,0.00019891870939569173,3.8626705566852326,542.7502541542053,0.1,0.1,0.1,2.0
1898,1753489829.735299,graph,0.564709484577179,0.0,0.8758723735809326,0.0,0.23856112360954285,0.0001989175718090163,3.8378941242567706,543.0108137130737,0.1,0.1,0.1,2.0
1899,1753489829.9907367,graph,0.6362774968147278,0.0,0.7967644929885864,0.0,0.27830052375793457,0.00019891643362758882,3.9148502449637523,543.2662513256073,0.1,0.1,0.1,2.0
1900,1753489830.1816673,node,0.4392833709716797,0.003389807650819421,0.0,4.389443874359131,0.0,0.0001989152948514163,5.237505010482992,543.457181930542,1.0,1.0,1.0,1.0
1901,1753489830.446178,graph,0.5589565634727478,0.0,1.129825472831726,0.0,0.22298699617385864,0.00019891415548050576,3.780566376850261,543.7216925621033,0.1,0.1,0.1,2.0
1902,1753489830.7186024,graph,0.49389347434043884,0.0,1.001298427581787,0.0,0.19688181579113007,0.00019891301551486427,3.670742348142139,543.9941170215607,0.1,0.1,0.1,2.0
1903,1753489830.971781,graph,0.5986040234565735,0.0,1.2142529487609863,0.0,0.23858937621116638,0.0001989118749544988,3.9497809603091794,544.2472956180573,0.1,0.1,0.1,2.0
1904,1753489831.161892,node,0.30939897894859314,0.0034134825691580772,0.0,3.090576171875,0.0,0.0001989107337994164,5.260087059794352,544.437406539917,1.0,1.0,1.0,1.0
1905,1753489831.4253898,graph,0.3762759566307068,0.0,1.0881648063659668,0.0,0.1337297409772873,0.00019890959204962413,3.7950976755128076,544.7009043693542,0.1,0.1,0.1,2.0
1906,1753489831.6911423,graph,0.5107191801071167,0.0,0.8978241682052612,0.0,0.21046839654445648,0.00019890844970512907,3.762898926745418,544.9666569232941,0.1,0.1,0.1,2.0
1907,1753489831.9440513,graph,0.6636877059936523,0.0,1.0626317262649536,0.0,0.27871227264404297,0.00019890730676593816,3.953992215140411,545.2195658683777,0.1,0.1,0.1,2.0
1908,1753489832.140504,node,0.25040191411972046,0.003280211240053177,0.0,2.5007388591766357,0.0,0.00019890616323205856,5.090285952848484,545.416018486023,1.0,1.0,1.0,1.0
1909,1753489832.4016051,graph,0.44156989455223083,0.0,0.9351602792739868,0.0,0.17402693629264832,0.00019890501910349727,3.8299319355186285,545.6771197319031,0.1,0.1,0.1,2.0
1910,1753489832.6629078,graph,0.543906569480896,0.0,1.1396747827529907,0.0,0.21496956050395966,0.00019890387438026137,3.826979068105983,545.9384224414825,0.1,0.1,0.1,2.0
1911,1753489832.9300077,graph,0.502615213394165,0.0,0.9938241839408875,0.0,0.20161640644073486,0.0001989027290623579,3.743918136067368,546.2055222988129,0.1,0.1,0.1,2.0
1912,1753489833.1354685,node,0.3235430419445038,0.0033845840953290462,0.0,3.2320456504821777,0.0,0.00019890158314979391,4.86710878255673,546.4109830856323,1.0,1.0,1.0,1.0
1913,1753489833.4062586,graph,0.36949601769447327,0.0,0.6708452105522156,0.0,0.15120574831962585,0.00019890043664257652,3.6928971909954074,546.68177318573,0.1,0.1,0.1,2.0
1914,1753489833.676689,graph,0.39517664909362793,0.0,1.0138893127441406,0.0,0.14689385890960693,0.00019889928954071272,3.697810127597823,546.9522035121918,0.1,0.1,0.1,2.0
1915,1753489833.9190927,graph,0.5166550874710083,0.0,1.1281356811523438,0.0,0.201920747756958,0.00019889814184420964,4.125348794893357,547.194607257843,0.1,0.1,0.1,2.0
1916,1753489834.0934718,node,0.3930061459541321,0.0032445788383483887,0.0,3.926816940307617,0.0,0.0001988969935530744,5.7346318493735975,547.3689863681793,1.0,1.0,1.0,1.0
1917,1753489834.3630905,graph,0.5130301117897034,0.0,0.9113306999206543,0.0,0.21094851195812225,0.00019889584466731402,3.7089408708216647,547.6386051177979,0.1,0.1,0.1,2.0
1918,1753489834.6107328,graph,0.49489840865135193,0.0,1.1141958236694336,0.0,0.19173941016197205,0.0001988946951869356,4.038082694786784,547.8862473964691,0.1,0.1,0.1,2.0
1919,1753489834.8667066,graph,0.6302410364151001,0.0,1.1091878414154053,0.0,0.25966113805770874,0.00019889354511194623,3.9066495782540014,548.1422212123871,0.1,0.1,0.1,2.0
1920,1753489835.0563908,node,2.475911855697632,0.0030296407639980316,0.0,24.756088256835938,0.0,0.00019889239444235304,5.271921698657479,548.3319053649902,1.0,1.0,1.0,1.0
1921,1753489835.3347323,graph,0.4736705720424652,0.0,0.8589742183685303,0.0,0.19388657808303833,0.00019889124317816308,3.592708546583191,548.6102468967438,0.1,0.1,0.1,2.0
1922,1753489835.585661,graph,0.41757115721702576,0.0,0.8830903768539429,0.0,0.16463105380535126,0.00019889009131938347,3.985196741762956,548.8611755371094,0.1,0.1,0.1,2.0
1923,1753489835.8686092,graph,0.514297366142273,0.0,1.0406029224395752,0.0,0.20511853694915771,0.00019888893886602134,3.534215109738947,549.1441237926483,0.1,0.1,0.1,2.0
1924,1753489836.0475972,node,0.8861379623413086,0.003167862771078944,0.0,8.858211517333984,0.0,0.00019888778581808378,5.586967351777603,549.3231117725372,1.0,1.0,1.0,1.0
1925,1753489836.3163958,graph,0.8306463360786438,0.0,1.2314380407333374,0.0,0.3537512719631195,0.00019888663217557787,3.7202576140454826,549.5919103622437,0.1,0.1,0.1,2.0
1926,1753489836.5861163,graph,0.5781207084655762,0.0,0.8102130889892578,0.0,0.2485496997833252,0.00019888547793851078,3.7075409488283286,549.8616309165955,0.1,0.1,0.1,2.0
1927,1753489836.8495593,graph,0.4857054352760315,0.0,1.0843498706817627,0.0,0.1886352300643921,0.0001988843231068896,3.7958876339415,550.1250739097595,0.1,0.1,0.1,2.0
1928,1753489837.036437,node,0.3987109065055847,0.0032556315418332815,0.0,3.983853340148926,0.0,0.00019888316768072148,5.3510924674224505,550.3119516372681,1.0,1.0,1.0,1.0
1929,1753489837.3096411,graph,0.5424926280975342,0.0,0.8858969807624817,0.0,0.2269514501094818,0.0001988820116600135,3.6602673354853517,550.5851557254791,0.1,0.1,0.1,2.0
1930,1753489837.5591166,graph,0.7427104711532593,0.0,1.1025416851043701,0.0,0.31622815132141113,0.00019888085504477283,4.008409978822145,550.8346312046051,0.1,0.1,0.1,2.0
1931,1753489837.8265474,graph,0.36643409729003906,0.0,0.9623401761054993,0.0,0.13510003685951233,0.00019887969783500658,3.7392853258398517,551.1020619869232,0.1,0.1,0.1,2.0
1932,1753489838.0229151,node,0.40295156836509705,0.0031808805651962757,0.0,4.026334762573242,0.0,0.00019887854003072187,5.092486152695519,551.2984297275543,1.0,1.0,1.0,1.0
1933,1753489838.2966185,graph,0.5639422535896301,0.0,1.0534688234329224,0.0,0.2292976826429367,0.0001988773816319259,3.6535908257440144,551.57213306427,0.1,0.1,0.1,2.0
1934,1753489838.564286,graph,0.546237051486969,0.0,0.9880584478378296,0.0,0.22371560335159302,0.00019887622263862575,3.7359779598620797,551.8398005962372,0.1,0.1,0.1,2.0
1935,1753489838.8324103,graph,0.7391449213027954,0.0,1.1718003749847412,0.0,0.31098243594169617,0.00019887506305082866,3.7296128828600517,552.1079249382019,0.1,0.1,0.1,2.0
1936,1753489839.0233297,node,0.41969066858291626,0.003313670866191387,0.0,4.1935930252075195,0.0,0.0001988739028685417,5.237812416487049,552.2988443374634,1.0,1.0,1.0,1.0
1937,1753489839.302926,graph,0.48680299520492554,0.0,1.3135401010513306,0.0,0.17772448062896729,0.00019887274209177204,3.5765848733533896,552.5784406661987,0.1,0.1,0.1,2.0
1938,1753489839.5569742,graph,0.47028860449790955,0.0,0.7955636382102966,0.0,0.19536611437797546,0.00019887158072052688,3.9362623233901584,552.8324887752533,0.1,0.1,0.1,2.0
1939,1753489839.8236518,graph,0.49929893016815186,0.0,0.8796026706695557,0.0,0.2056693285703659,0.00019887041875481338,3.749846002823356,553.09916639328,0.1,0.1,0.1,2.0
1940,1753489840.0034413,node,0.2929393947124481,0.0032771232072263956,0.0,2.926116704940796,0.0,0.00019886925619463865,5.562058740843292,553.2789559364319,1.0,1.0,1.0,1.0
1941,1753489840.2910602,graph,0.6264442205429077,0.0,0.9301891922950745,0.0,0.26671266555786133,0.00019886809304000988,3.476823272635637,553.5665748119354,0.1,0.1,0.1,2.0
1942,1753489840.5380907,graph,0.6261206865310669,0.0,1.3012763261795044,0.0,0.24799653887748718,0.00019886692929093431,4.048083187195318,553.8136053085327,0.1,0.1,0.1,2.0
1943,1753489840.8305464,graph,0.7193933129310608,0.0,1.1373714208602905,0.0,0.3028280735015869,0.00019886576494741905,3.419321598372149,554.1060609817505,0.1,0.1,0.1,2.0
1944,1753489840.996711,node,0.5828332304954529,0.0032556646037846804,0.0,5.825076580047607,0.0,0.0001988646000094713,6.018127685828867,554.2722256183624,1.0,1.0,1.0,1.0
1945,1753489841.2658405,graph,0.7729138135910034,0.0,1.0178028345108032,0.0,0.33556675910949707,0.00019886343447709826,3.7156831391614715,554.5413551330566,0.1,0.1,0.1,2.0
1946,1753489841.5435562,graph,0.5906794667243958,0.0,1.0977561473846436,0.0,0.24045191705226898,0.0001988622683503071,3.6008049284698807,554.81907081604,0.1,0.1,0.1,2.0
1947,1753489841.806939,graph,0.41739124059677124,0.0,0.8982598185539246,0.0,0.16378262639045715,0.00019886110162910503,3.796756968137253,555.0824534893036,0.1,0.1,0.1,2.0
1948,1753489841.9799864,node,0.3944772779941559,0.0034584514796733856,0.0,3.941314220428467,0.0,0.00019885993431349922,5.7787587453534925,555.2555010318756,1.0,1.0,1.0,1.0
1949,1753489842.2465792,graph,0.5352336764335632,0.0,1.114656686782837,0.0,0.211884006857872,0.0001988587664034969,3.751039867784087,555.5220937728882,0.1,0.1,0.1,2.0
1950,1753489842.508195,graph,0.5249693989753723,0.0,1.045419692993164,0.0,0.21021370589733124,0.0001988575978991053,3.8223997900293085,555.783709526062,0.1,0.1,0.1,2.0
1951,1753489842.7588603,graph,0.5358508229255676,0.0,1.1741459369659424,0.0,0.2092181146144867,0.00019885642880033155,3.989381443397025,556.0343749523163,0.1,0.1,0.1,2.0
1952,1753489842.9503467,node,1.449642539024353,0.0033192059490829706,0.0,14.493106842041016,0.0,0.00019885525910718295,5.222304121760264,556.2258613109589,1.0,1.0,1.0,1.0
1953,1753489843.2042992,graph,0.4334336817264557,0.0,0.7258542776107788,0.0,0.18042412400245667,0.00019885408881966665,3.937744213512788,556.4798138141632,0.1,0.1,0.1,2.0
1954,1753489843.4696355,graph,0.48337724804878235,0.0,1.0520830154418945,0.0,0.1890844702720642,0.0001988529179377899,3.768802436155597,556.7451500892639,0.1,0.1,0.1,2.0
1955,1753489843.7209878,graph,0.5637685060501099,0.0,1.185159683227539,0.0,0.22262625396251678,0.00019885174646155985,3.9784794469612463,556.9965023994446,0.1,0.1,0.1,2.0
1956,1753489843.936183,node,0.2990836501121521,0.0031792367808520794,0.0,2.987657070159912,0.0,0.00019885057439098384,4.646944251789841,557.2116975784302,1.0,1.0,1.0,1.0
1957,1753489844.1872387,graph,0.367235004901886,0.0,0.7851414680480957,0.0,0.14436042308807373,0.00019884940172606902,3.9831795510748296,557.4627532958984,0.1,0.1,0.1,2.0
1958,1753489844.4531407,graph,0.3755375146865845,0.0,0.9515465497970581,0.0,0.1401914358139038,0.00019884822846682267,3.7607834487309844,557.7286553382874,0.1,0.1,0.1,2.0
1959,1753489844.703659,graph,0.6284712553024292,0.0,0.9933627843856812,0.0,0.264567494392395,0.000198847054613252,3.991724006661908,557.9791736602783,0.1,0.1,0.1,2.0
1960,1753489844.899028,node,0.466360867023468,0.003217762103304267,0.0,4.660390853881836,0.0,0.00019884588016536424,5.118519178411519,558.1745426654816,1.0,1.0,1.0,1.0
1961,1753489845.1594782,graph,0.5695012211799622,0.0,1.1300076246261597,0.0,0.22825023531913757,0.00019884470512316667,3.8395067040031785,558.4349927902222,0.1,0.1,0.1,2.0
1962,1753489845.4225972,graph,0.49221479892730713,0.0,1.2624834775924683,0.0,0.18298321962356567,0.00019884352948666651,3.8005619784686675,558.6981117725372,0.1,0.1,0.1,2.0
1963,1753489845.6723945,graph,0.4358195662498474,0.0,0.833187997341156,0.0,0.1762503832578659,0.00019884235325587105,4.003245123247872,558.947909116745,0.1,0.1,0.1,2.0
1964,1753489845.8476124,node,0.41323983669281006,0.0033806059509515762,0.0,4.1290178298950195,0.0,0.00019884117643078752,5.7071805387547165,559.1231269836426,1.0,1.0,1.0,1.0
1965,1753489846.1162279,graph,1.0443830490112305,0.0,1.3983832597732544,0.0,0.45227235555648804,0.00019883999901142317,3.7227935792234534,559.3917424678802,0.1,0.1,0.1,2.0
1966,1753489846.3690407,graph,0.6083412766456604,0.0,0.9976158738136292,0.0,0.254289835691452,0.00019883882099778528,3.95549494800891,559.6445553302765,0.1,0.1,0.1,2.0
1967,1753489846.6356852,graph,0.4213690757751465,0.0,1.1592563390731812,0.0,0.15272171795368195,0.00019883764238988108,3.7503120562810044,559.9111998081207,0.1,0.1,0.1,2.0
1968,1753489846.8206239,node,0.3082718253135681,0.0032508093863725662,0.0,3.079467296600342,0.0,0.0001988364631877179,5.40719798785338,560.0961384773254,1.0,1.0,1.0,1.0
1969,1753489847.0768156,graph,0.6228317022323608,0.0,1.0257043838500977,0.0,0.2601306438446045,0.00019883528339130295,3.9033266142166085,560.3523302078247,0.1,0.1,0.1,2.0
1970,1753489847.3378398,graph,0.41551023721694946,0.0,0.8586385846138,0.0,0.16482318937778473,0.00019883410300064358,3.831061868900225,560.6133544445038,0.1,0.1,0.1,2.0
1971,1753489847.6176105,graph,0.332014262676239,0.0,0.9099946022033691,0.0,0.12050740420818329,0.000198832922015747,3.5743568285805107,560.8931250572205,0.1,0.1,0.1,2.0
1972,1753489847.8168602,node,0.17990373075008392,0.0032616606913506985,0.0,1.7957755327224731,0.0,0.00019883174043662053,5.018827014983595,561.0923748016357,1.0,1.0,1.0,1.0
1973,1753489848.0822737,graph,0.48262953758239746,0.0,1.066597580909729,0.0,0.1879848837852478,0.00019883055826327149,3.767705540209751,561.3577883243561,0.1,0.1,0.1,2.0
1974,1753489848.3448777,graph,0.4843730926513672,0.0,0.969596266746521,0.0,0.19370673596858978,0.0001988293754957071,3.8080151365347756,561.6203923225403,0.1,0.1,0.1,2.0
1975,1753489848.6163545,graph,0.4941795766353607,0.0,1.108485460281372,0.0,0.19166551530361176,0.0001988281921339347,3.68355675463002,561.8918690681458,0.1,0.1,0.1,2.0
1976,1753489848.8145452,node,0.29193902015686035,0.003288642270490527,0.0,2.9161014556884766,0.0,0.00019882700817796162,5.045645709226342,562.0900597572327,1.0,1.0,1.0,1.0
1977,1753489849.0822625,graph,0.4427946209907532,0.0,0.8295838236808777,0.0,0.179918110370636,0.00019882582362779508,3.7352825927429985,562.3577771186829,0.1,0.1,0.1,2.0
1978,1753489849.3390872,graph,0.6303629875183105,0.0,1.092865228652954,0.0,0.2605382204055786,0.00019882463848344245,3.8937060028722588,562.6146018505096,0.1,0.1,0.1,2.0
1979,1753489849.6027696,graph,0.583665668964386,0.0,0.7707058191299438,0.0,0.2532975375652313,0.00019882345274491102,3.792441706963337,562.8782842159271,0.1,0.1,0.1,2.0
1980,1753489849.7704344,node,0.36934399604797363,0.0033678754698485136,0.0,3.6900718212127686,0.0,0.0001988222664122081,5.964282311653113,563.0459489822388,1.0,1.0,1.0,1.0
1981,1753489850.0426273,graph,0.5064845085144043,0.0,1.285986065864563,0.0,0.18894295394420624,0.000198821079485341,3.673864372930645,563.3181419372559,0.1,0.1,0.1,2.0
1982,1753489850.2977235,graph,0.5392568707466125,0.0,1.1896162033081055,0.0,0.21014761924743652,0.00019881989196431706,3.9200897985047916,563.5732381343842,0.1,0.1,0.1,2.0
1983,1753489850.5680263,graph,0.5496103167533875,0.0,0.8399527072906494,0.0,0.23280751705169678,0.00019881870384914362,3.6995550976774054,563.8435409069061,0.1,0.1,0.1,2.0
1984,1753489850.7500198,node,0.49606141448020935,0.0031877164728939533,0.0,4.95742654800415,0.0,0.000198817515139828,5.4947022019137055,564.0255343914032,1.0,1.0,1.0,1.0
1985,1753489851.0113935,graph,20704.201171875,0.0,1.3659579753875732,0.0,10352.0322265625,0.0001988163258363775,3.8259387875918676,564.2869081497192,0.1,0.1,0.1,2.0
1986,1753489851.2880147,graph,0.40614259243011475,0.0,0.9318439364433289,0.0,0.1564790904521942,0.00019881513593879947,3.615053183283013,564.563529253006,0.1,0.1,0.1,2.0
1987,1753489851.5530407,graph,0.557366132736206,0.0,0.8966878056526184,0.0,0.2338486760854721,0.00019881394544710127,3.7732133861101116,564.8285553455353,0.1,0.1,0.1,2.0
1988,1753489851.718766,node,0.3605286777019501,0.003373519517481327,0.0,3.6019132137298584,0.0,0.00019881275436129024,6.034084206346694,564.9942805767059,1.0,1.0,1.0,1.0
1989,1753489851.9753613,graph,0.61049884557724,0.0,1.0114434957504272,0.0,0.2546772360801697,0.0001988115626813737,3.8971864056217997,565.2508759498596,0.1,0.1,0.1,2.0
1990,1753489852.2341945,graph,0.5231056213378906,0.0,1.2054331302642822,0.0,0.20128116011619568,0.00019881037040735906,3.86349245826137,565.5097091197968,0.1,0.1,0.1,2.0
1991,1753489852.4829814,graph,0.5060019493103027,0.0,0.8586171865463257,0.0,0.21007010340690613,0.00019880917753925363,4.019503817964366,565.7584960460663,0.1,0.1,0.1,2.0
1992,1753489852.671537,node,0.6448521018028259,0.003111377125605941,0.0,6.445409774780273,0.0,0.00019880798407706475,5.303478875501195,565.947051525116,1.0,1.0,1.0,1.0
1993,1753489852.9311886,graph,0.47202879190444946,0.0,0.8309823274612427,0.0,0.1944652795791626,0.0001988067900207998,3.85131370413697,566.2067031860352,0.1,0.1,0.1,2.0
1994,1753489853.1947513,graph,0.6186702251434326,0.0,0.8946524858474731,0.0,0.2646024823188782,0.00019880559537046618,3.794163888039571,566.4702658653259,0.1,0.1,0.1,2.0
1995,1753489853.455777,graph,0.48087409138679504,0.0,1.0941990613937378,0.0,0.1857270896434784,0.0001988044001260712,3.831040873348246,566.7312915325165,0.1,0.1,0.1,2.0
1996,1753489853.6410306,node,0.4864358901977539,0.00338342203758657,0.0,4.86097526550293,0.0,0.00019880320428762227,5.398005173678588,566.9165451526642,1.0,1.0,1.0,1.0
1997,1753489853.912364,graph,0.3805284798145294,0.0,0.7474269270896912,0.0,0.15289288759231567,0.0001988020078551268,3.685502018795225,567.1878786087036,0.1,0.1,0.1,2.0
1998,1753489854.1785464,graph,0.4467526972293854,0.0,0.7917314767837524,0.0,0.18378977477550507,0.00019880081082859207,3.7568220699538717,567.4540610313416,0.1,0.1,0.1,2.0
1999,1753489854.4302154,graph,0.574865996837616,0.0,1.0219178199768066,0.0,0.2363370954990387,0.00019879961320802558,3.9734741979734287,567.7057299613953,0.1,0.1,0.1,2.0
2000,1753489854.8723037,node,3.9084670543670654,0.00340750883333385,0.0,3.905059576034546,0.0,0.00019879841499343464,2.2619912169482803,568.1478183269501,1.0,1.0,1.0,0.1
2001,1753489868.9955244,graph,1.255359172821045,0.0,1.2340314388275146,0.0,0.21327780187129974,0.00019879721618482665,0.0708053794885673,582.2710390090942,1.0,1.0,1.0,0.1
2002,1753489869.4516606,graph,1.079085350036621,0.0,1.0575323104858398,0.0,0.21553099155426025,0.000198796016782209,2.1923275143818595,582.7271752357483,1.0,1.0,1.0,0.1
2003,1753489869.9378955,graph,0.9778187870979309,0.0,0.9603472352027893,0.0,0.17471572756767273,0.00019879481678558916,2.0566191220334047,583.2134101390839,1.0,1.0,1.0,0.1
2004,1753489870.222171,node,18.76195526123047,0.003443938447162509,0.0,18.75851058959961,0.0,0.00019879361619497445,3.5177139368199284,583.4976856708527,1.0,1.0,1.0,0.1
2005,1753489870.695408,graph,0.7965471148490906,0.0,0.7816154956817627,0.0,0.14931590855121613,0.00019879241501037233,2.1131059499219105,583.9709227085114,1.0,1.0,1.0,0.1
2006,1753489871.1648018,graph,0.8200762271881104,0.0,0.8087367415428162,0.0,0.11339511722326279,0.00019879121323179016,2.130407663629253,584.4403164386749,1.0,1.0,1.0,0.1
2007,1753489871.6225176,graph,1.0372198820114136,0.0,1.0220106840133667,0.0,0.1520920842885971,0.0001987900108592354,2.1847620506105065,584.8980321884155,1.0,1.0,1.0,0.1
2008,1753489871.9770746,node,2.893598794937134,0.0023980026599019766,0.0,2.8912007808685303,0.0,0.0001987888078927154,2.8204206788961215,585.252589225769,1.0,1.0,1.0,0.1
2009,1753489872.4443026,graph,1.173143744468689,0.0,1.1592251062393188,0.0,0.1391867697238922,0.00019878760433223765,2.140282982666699,585.7198171615601,1.0,1.0,1.0,0.1
2010,1753489872.9278045,graph,0.9484403133392334,0.0,0.9386743307113647,0.0,0.09765984863042831,0.0001987864001778095,2.0682441514945604,586.2033190727234,1.0,1.0,1.0,0.1
2011,1753489873.4201026,graph,1.2131750583648682,0.0,1.205370306968689,0.0,0.07804721593856812,0.0001987851954294385,2.0312894702176627,586.6956171989441,1.0,1.0,1.0,0.1
2012,1753489873.75512,node,3.065690279006958,0.002163624158129096,0.0,3.0635266304016113,0.0,0.00019878399008713195,2.9849192087761933,587.0306346416473,1.0,1.0,1.0,0.1
2013,1753489874.1896367,graph,1.0254476070404053,0.0,1.0173667669296265,0.0,0.08080819249153137,0.00019878278415089737,2.3014076856177934,587.465151309967,1.0,1.0,1.0,0.1
2014,1753489874.634495,graph,0.9613174796104431,0.0,0.952698290348053,0.0,0.08619196712970734,0.00019878157762074218,2.247906741677211,587.9100096225739,1.0,1.0,1.0,0.1
2015,1753489875.0956433,graph,0.7207421064376831,0.0,0.7102261185646057,0.0,0.1051596850156784,0.00019878037049667378,2.1684999865577224,588.3711578845978,1.0,1.0,1.0,0.1
2016,1753489875.4904072,node,6.517545223236084,0.0022267980966717005,0.0,6.515318393707275,0.0,0.00019877916277869967,2.533159395081413,588.765921831131,1.0,1.0,1.0,0.1
2017,1753489876.1467562,graph,1.0685454607009888,0.0,1.0581060647964478,0.0,0.10439451783895493,0.00019877795446682727,1.523579811596893,589.4222707748413,1.0,1.0,1.0,0.1
2018,1753489876.6321445,graph,0.9032115936279297,0.0,0.8928637504577637,0.0,0.10347814857959747,0.00019877674556106404,2.0602063200623224,589.9076590538025,1.0,1.0,1.0,0.1
2019,1753489877.1248093,graph,1.09083890914917,0.0,1.0798989534378052,0.0,0.10939896106719971,0.00019877553606141744,2.029777592376255,590.4003238677979,1.0,1.0,1.0,0.1
2020,1753489877.5052593,node,2.2714288234710693,0.0021853074431419373,0.0,2.2692434787750244,0.0,0.00019877432596789496,2.6284662187610257,590.7807738780975,1.0,1.0,1.0,0.1
2021,1753489877.960467,graph,0.9980522394180298,0.0,0.9898765683174133,0.0,0.08175669610500336,0.00019877311528050402,2.196798793262382,591.2359817028046,1.0,1.0,1.0,0.1
2022,1753489878.420105,graph,0.8310575485229492,0.0,0.8232998847961426,0.0,0.07757684588432312,0.0001987719039992521,2.1756257323531107,591.6956195831299,1.0,1.0,1.0,0.1
2023,1753489878.8669093,graph,0.9170424342155457,0.0,0.9066771864891052,0.0,0.10365255922079086,0.00019877069212414665,2.2381164045670485,592.1424238681793,1.0,1.0,1.0,0.1
2024,1753489879.2164752,node,2.7095675468444824,0.0015831306809559464,0.0,2.707984447479248,0.0,0.00019876947965519518,2.86069025348762,592.4919898509979,1.0,1.0,1.0,0.1
2025,1753489879.6763272,graph,0.8088476657867432,0.0,0.8024786710739136,0.0,0.06368981301784515,0.0001987682665924052,2.1746127950666723,592.9518418312073,1.0,1.0,1.0,0.1
2026,1753489880.1452944,graph,0.7333080768585205,0.0,0.7233278751373291,0.0,0.09980203956365585,0.00019876705293578412,2.1323452928864444,593.4208090305328,1.0,1.0,1.0,0.1
2027,1753489880.6117742,graph,0.8097206354141235,0.0,0.8031587600708008,0.0,0.06561851501464844,0.00019876583868533946,2.1437156475811094,593.8872888088226,1.0,1.0,1.0,0.1
2028,1753489880.9565172,node,7.690173625946045,0.002171315485611558,0.0,7.688002109527588,0.0,0.0001987646238410787,2.90071143194438,594.2320318222046,1.0,1.0,1.0,0.1
2029,1753489881.4070985,graph,0.8393678665161133,0.0,0.8298624753952026,0.0,0.09505413472652435,0.00019876340840300938,2.219355248362987,594.6826131343842,1.0,1.0,1.0,0.1
2030,1753489881.8657022,graph,0.8695915937423706,0.0,0.8623831272125244,0.0,0.07208442687988281,0.00019876219237113896,2.180532283731466,595.1412167549133,1.0,1.0,1.0,0.1
2031,1753489882.3308084,graph,0.8247048854827881,0.0,0.8184165954589844,0.0,0.06288298964500427,0.00019876097574547492,2.150046365664905,595.6063230037689,1.0,1.0,1.0,0.1
2032,1753489882.6837137,node,2.6249778270721436,0.001154188415966928,0.0,2.623823642730713,0.0,0.0001987597585260248,2.8336215842269112,595.9592282772064,1.0,1.0,1.0,0.1
2033,1753489883.1423557,graph,0.7147950530052185,0.0,0.70611572265625,0.0,0.08679313957691193,0.0001987585407127961,2.1803497871791833,596.4178702831268,1.0,1.0,1.0,0.1
2034,1753489883.6226232,graph,0.5943100452423096,0.0,0.5873388648033142,0.0,0.06971167027950287,0.00019875732230579635,2.0821728485276916,596.8981378078461,1.0,1.0,1.0,0.1
2035,1753489884.0531974,graph,0.8405234217643738,0.0,0.8327956795692444,0.0,0.07727759331464767,0.00019875610330503298,2.3224801891958786,597.3287119865417,1.0,1.0,1.0,0.1
2036,1753489884.4110022,node,2.5921757221221924,0.000949717708863318,0.0,2.591226100921631,0.0,0.0001987548837105136,2.7948201622930524,597.6865167617798,1.0,1.0,1.0,0.1
2037,1753489884.8649971,graph,0.8577011823654175,0.0,0.8489498496055603,0.0,0.08751317113637924,0.00019875366352224572,2.2026674817100997,598.1405117511749,1.0,1.0,1.0,0.1
2038,1753489885.3281028,graph,1.1650584936141968,0.0,1.154926061630249,0.0,0.10132455825805664,0.00019875244274023684,2.1593343513148127,598.6036174297333,1.0,1.0,1.0,0.1
2039,1753489885.7910404,graph,1.1083061695098877,0.0,1.100889801979065,0.0,0.07416427135467529,0.0001987512213644945,2.160118370439115,599.0665550231934,1.0,1.0,1.0,0.1
2040,1753489886.0689974,node,7.122995376586914,0.0004368414229247719,0.0,7.12255859375,0.0,0.00019874999939502623,3.5976792619202014,599.3445119857788,1.0,1.0,1.0,0.1
2041,1753489886.5254006,graph,0.8282483220100403,0.0,0.8182497024536133,0.0,0.0999862477183342,0.00019874877683183958,2.191044844731269,599.8009152412415,1.0,1.0,1.0,0.1
2042,1753489886.9850228,graph,0.7011585235595703,0.0,0.6973041296005249,0.0,0.038543857634067535,0.00019874755367494212,2.175700217087398,600.2605373859406,1.0,1.0,1.0,0.1
2043,1753489887.4378054,graph,0.8411113023757935,0.0,0.8342703580856323,0.0,0.06840948760509491,0.00019874632992434132,2.208565284333487,600.713320016861,1.0,1.0,1.0,0.1
2044,1753489887.767835,node,2.6454553604125977,0.0012823916040360928,0.0,2.6441729068756104,0.0,0.00019874510558004477,3.0300322775464443,601.0433495044708,1.0,1.0,1.0,0.1
2045,1753489888.2568326,graph,0.8916984796524048,0.0,0.8840081095695496,0.0,0.07690377533435822,0.00019874388064206,2.0449994027318317,601.532347202301,1.0,1.0,1.0,0.1
2046,1753489888.7157593,graph,0.5167515873908997,0.0,0.511461615562439,0.0,0.052899908274412155,0.00019874265511039466,2.1789973182715996,601.9912738800049,1.0,1.0,1.0,0.1
2047,1753489889.1700175,graph,0.7230554223060608,0.0,0.7170654535293579,0.0,0.059899814426898956,0.0001987414289850562,2.2013911741843923,602.4455320835114,1.0,1.0,1.0,0.1
2048,1753489889.502037,node,3.1480329036712646,0.0015051662921905518,0.0,3.1465277671813965,0.0,0.0001987402022660522,3.011870678469127,602.777551651001,1.0,1.0,1.0,0.1
2049,1753489889.9721189,graph,0.8140408992767334,0.0,0.807272732257843,0.0,0.06768181920051575,0.00019873897495339024,2.1272893076210675,603.2476334571838,1.0,1.0,1.0,0.1
2050,1753489890.4338894,graph,0.7247264981269836,0.0,0.7157710790634155,0.0,0.08955421298742294,0.00019873774704707792,2.1655777604984703,603.7094039916992,1.0,1.0,1.0,0.1
2051,1753489890.886292,graph,1.0634021759033203,0.0,1.0516636371612549,0.0,0.11738504469394684,0.00019873651854712278,2.2104205818771296,604.1618065834045,1.0,1.0,1.0,0.1
2052,1753489891.2798975,node,10.723490715026855,0.0015465504257008433,0.0,10.721943855285645,0.0,0.00019873528945353242,2.5406150944241963,604.5554120540619,1.0,1.0,1.0,0.1
2053,1753489891.7357197,graph,0.6223697662353516,0.0,0.6145059466362,0.0,0.07863816618919373,0.00019873405976631445,2.1938377190344256,605.0112342834473,1.0,1.0,1.0,0.1
2054,1753489892.187732,graph,0.6314369440078735,0.0,0.6268316507339478,0.0,0.04605289548635483,0.0001987328294854764,2.2123291753631698,605.4632465839386,1.0,1.0,1.0,0.1
2055,1753489892.6546426,graph,1.007670283317566,0.0,1.002105474472046,0.0,0.05564866587519646,0.00019873159861102585,2.141737622966097,605.9301571846008,1.0,1.0,1.0,0.1
2056,1753489893.0173664,node,1.4086576700210571,0.001423936802893877,0.0,1.407233715057373,0.0,0.00019873036714297045,2.7569184171676393,606.2928810119629,1.0,1.0,1.0,0.1
2057,1753489893.490077,graph,0.6818645000457764,0.0,0.6771360635757446,0.0,0.0472843274474144,0.00019872913508131777,2.115459183776401,606.7655916213989,1.0,1.0,1.0,0.1
2058,1753489893.9515893,graph,0.824191689491272,0.0,0.8186360001564026,0.0,0.05555679649114609,0.00019872790242607538,2.166789359841258,607.2271039485931,1.0,1.0,1.0,0.1
2059,1753489894.4120328,graph,0.7942823171615601,0.0,0.7897765636444092,0.0,0.04505763575434685,0.0001987266691772509,2.17181914210559,607.6875474452972,1.0,1.0,1.0,0.1
2060,1753489894.7816625,node,3.0209624767303467,0.002022016327828169,0.0,3.0189404487609863,0.0,0.00019872543533485195,2.705410881104068,608.057177066803,1.0,1.0,1.0,0.1
2061,1753489895.2563384,graph,0.7474777102470398,0.0,0.7394735217094421,0.0,0.08004195988178253,0.00019872420089888618,2.1067006205627004,608.5318529605865,1.0,1.0,1.0,0.1
2062,1753489895.7222044,graph,0.6542478799819946,0.0,0.6496536135673523,0.0,0.04594292491674423,0.00019872296586936113,2.1465395827192033,608.9977190494537,1.0,1.0,1.0,0.1
2063,1753489896.1850438,graph,0.8205503821372986,0.0,0.8159215450286865,0.0,0.0462881438434124,0.00019872173024628446,2.160576812622953,609.4605584144592,1.0,1.0,1.0,0.1
2064,1753489896.528056,node,7.227536201477051,0.002467724261805415,0.0,7.22506856918335,0.0,0.0001987204940296638,2.915349097134421,609.8035705089569,1.0,1.0,1.0,0.1
2065,1753489896.992432,graph,1.0095362663269043,0.0,0.9991751313209534,0.0,0.10361117124557495,0.00019871925721950674,2.153426415811186,610.2679467201233,1.0,1.0,1.0,0.1
2066,1753489897.4690351,graph,0.8114565014839172,0.0,0.8041375875473022,0.0,0.07318927347660065,0.0001987180198158209,2.0981822074638647,610.7445497512817,1.0,1.0,1.0,0.1
2067,1753489897.9101827,graph,1.1768908500671387,0.0,1.1613147258758545,0.0,0.15576109290122986,0.00019871678181861396,2.2668151825615968,611.1856973171234,1.0,1.0,1.0,0.1
2068,1753489898.27758,node,1.254076600074768,0.00287253363057971,0.0,1.251204013824463,0.0,0.00019871554322789352,2.721849009978092,611.553094625473,1.0,1.0,1.0,0.1
2069,1753489898.7321894,graph,0.820379376411438,0.0,0.8140585422515869,0.0,0.06320833414793015,0.00019871430404366729,2.1996905762100307,612.0077040195465,1.0,1.0,1.0,0.1
2070,1753489899.2125993,graph,0.763309121131897,0.0,0.755639910697937,0.0,0.07669200003147125,0.00019871306426594282,2.0815559421037872,612.4881138801575,1.0,1.0,1.0,0.1
2071,1753489899.68459,graph,0.8750174641609192,0.0,0.8692094087600708,0.0,0.05808044224977493,0.0001987118238947278,2.1186852576157778,612.9601047039032,1.0,1.0,1.0,0.1
2072,1753489899.9861097,node,3.5703303813934326,0.002905608620494604,0.0,3.567424774169922,0.0,0.00019871058293002988,3.316533627482377,613.2616243362427,1.0,1.0,1.0,0.1
2073,1753489900.431702,graph,0.6420295834541321,0.0,0.6370320320129395,0.0,0.0499754473567009,0.0001987093413718567,2.2442046305169376,613.707216501236,1.0,1.0,1.0,0.1
2074,1753489900.8598785,graph,1.113319993019104,0.0,1.1064774990081787,0.0,0.06842521578073502,0.00019870809922021597,2.335484711590771,614.1353931427002,1.0,1.0,1.0,0.1
2075,1753489901.315806,graph,0.6989150643348694,0.0,0.6942455172538757,0.0,0.046695366501808167,0.0001987068564751153,2.193331792429841,614.591320514679,1.0,1.0,1.0,0.1
2076,1753489901.698157,node,0.7077345848083496,0.0024328408762812614,0.0,0.7053017616271973,0.0,0.00019870561313656236,2.6153967987718376,614.9736716747284,1.0,1.0,1.0,0.1
2077,1753489902.1692703,graph,0.8633021712303162,0.0,0.8555101752281189,0.0,0.0779198408126831,0.00019870436920456483,2.1226320754335037,615.4447848796844,1.0,1.0,1.0,0.1
2078,1753489902.861207,graph,0.5066405534744263,0.0,0.5023104548454285,0.0,0.043301209807395935,0.00019870312467913038,1.4452188396843353,616.136721611023,1.0,1.0,1.0,0.1
2079,1753489903.3226898,graph,0.7769172191619873,0.0,0.7692936658859253,0.0,0.07623549550771713,0.0001987018795602667,2.166928170555988,616.5982043743134,1.0,1.0,1.0,0.1
2080,1753489903.6433241,node,1.0998890399932861,0.0023691621609032154,0.0,1.097519874572754,0.0,0.00019870063384798149,3.1188172850558953,616.9188387393951,1.0,1.0,1.0,0.1
2081,1753489904.087408,graph,0.7789993286132812,0.0,0.7728061079978943,0.0,0.06193242594599724,0.0001986993875422824,2.2518265907808503,617.362922668457,1.0,1.0,1.0,0.1
2082,1753489904.5420554,graph,0.9927926063537598,0.0,0.9825696349143982,0.0,0.10222997516393661,0.0001986981406431771,2.1995071657098926,617.8175699710846,1.0,1.0,1.0,0.1
2083,1753489904.988066,graph,0.675032377243042,0.0,0.6671242117881775,0.0,0.07908178865909576,0.0001986968931506733,2.2420992310916104,618.2635805606842,1.0,1.0,1.0,0.1
2084,1753489905.3180747,node,4.684384822845459,0.0014291409170255065,0.0,4.682955741882324,0.0,0.00019869564506477873,3.030222727624106,618.5935893058777,1.0,1.0,1.0,0.1
2085,1753489905.7727067,graph,0.6874713897705078,0.0,0.6815487146377563,0.0,0.05922704190015793,0.00019869439638550102,2.19958098764202,619.0482213497162,1.0,1.0,1.0,0.1
2086,1753489906.2401874,graph,0.7184568643569946,0.0,0.7137987017631531,0.0,0.046581827104091644,0.00019869314711284792,2.1391259289784146,619.515702009201,1.0,1.0,1.0,0.1
2087,1753489906.703197,graph,0.5294169783592224,0.0,0.5249189138412476,0.0,0.044980645179748535,0.00019869189724682716,2.159782451417428,619.978711605072,1.0,1.0,1.0,0.1
2088,1753489907.047908,node,0.8225904107093811,0.0019780138973146677,0.0,0.820612370967865,0.0,0.0001986906467874464,2.9009802721356626,620.3234226703644,1.0,1.0,1.0,0.1
2089,1753489907.5120616,graph,0.7003788948059082,0.0,0.6958105564117432,0.0,0.045683227479457855,0.00019868939573471339,2.1544595467127867,620.7875761985779,1.0,1.0,1.0,0.1
2090,1753489907.9690113,graph,0.6588605046272278,0.0,0.6521417498588562,0.0,0.06718729436397552,0.0001986881440886358,2.188424625871211,621.2445259094238,1.0,1.0,1.0,0.1
2091,1753489908.43083,graph,1.5201427936553955,0.0,1.2126566171646118,0.0,3.074862003326416,0.0001986868918492214,2.165351924204753,621.7063446044922,1.0,1.0,1.0,0.1
2092,1753489908.8232381,node,4.2813873291015625,0.0015183164505288005,0.0,4.279869079589844,0.0,0.00019868563901647787,2.5483671642933654,622.0987527370453,1.0,1.0,1.0,0.1
2093,1753489909.2976642,graph,0.8859204649925232,0.0,0.880394697189331,0.0,0.055257536470890045,0.00019868438559041298,2.1078101419829367,622.573178768158,1.0,1.0,1.0,0.1
2094,1753489909.7617445,graph,0.7067939043045044,0.0,0.6997371315956116,0.0,0.07056766003370285,0.00019868313157103446,2.1547993469283746,623.0372591018677,1.0,1.0,1.0,0.1
2095,1753489910.218566,graph,0.8324828147888184,0.0,0.8255364894866943,0.0,0.06946355104446411,0.00019868187695834996,2.189039105492138,623.4940805435181,1.0,1.0,1.0,0.1
2096,1753489910.536326,node,1.9307665824890137,0.0015753069892525673,0.0,1.9291912317276,0.0,0.00019868062175236738,3.14702929661415,623.8118405342102,1.0,1.0,1.0,0.1
2097,1753489910.9923794,graph,0.517483115196228,0.0,0.5116287469863892,0.0,0.058543793857097626,0.00019867936595309432,2.1927252177013394,624.2678940296173,1.0,1.0,1.0,0.1
2098,1753489911.4347956,graph,0.6457505226135254,0.0,0.6403229236602783,0.0,0.05427619069814682,0.00019867810956053858,2.260315106260522,624.7103102207184,1.0,1.0,1.0,0.1
2099,1753489911.8873498,graph,0.6491941809654236,0.0,0.642605185508728,0.0,0.0658901184797287,0.0001986768525747079,2.2096799515317547,625.16286444664,1.0,1.0,1.0,0.1
2100,1753489912.189801,node,0.6516904234886169,0.00140489696059376,0.0,0.650285542011261,0.0,0.00019867559499561004,3.3063192313877336,625.465315580368,1.0,1.0,1.0,0.1
2101,1753489912.634857,graph,0.5641209483146667,0.0,0.5593827962875366,0.0,0.047381408512592316,0.00019867433682325278,2.2469084480634276,625.9103715419769,1.0,1.0,1.0,0.1
2102,1753489913.0893624,graph,0.6863046884536743,0.0,0.6815841794013977,0.0,0.04720479995012283,0.00019867307805764383,2.2001936701543383,626.3648769855499,1.0,1.0,1.0,0.1
2103,1753489913.5509048,graph,0.6388324499130249,0.0,0.6322150230407715,0.0,0.06617437303066254,0.000198671818698791,2.1666483284595026,626.8264193534851,1.0,1.0,1.0,0.1
2104,1753489913.9348617,node,1.5168416500091553,0.0012228027917444706,0.0,1.5156188011169434,0.0,0.00019867055874670203,2.604458927790804,627.2103762626648,1.0,1.0,1.0,0.1
2105,1753489914.4019036,graph,0.6930841207504272,0.0,0.6849308609962463,0.0,0.08153271675109863,0.0001986692982013847,2.141135199263266,627.6774182319641,1.0,1.0,1.0,0.1
2106,1753489914.886015,graph,0.5734698176383972,0.0,0.5694671869277954,0.0,0.04002618044614792,0.0001986680370628468,2.065640651855938,628.1615295410156,1.0,1.0,1.0,0.1
2107,1753489915.3308935,graph,0.5209817290306091,0.0,0.5144623517990112,0.0,0.0651935338973999,0.0001986667753310961,2.24780434265331,628.6064081192017,1.0,1.0,1.0,0.1
2108,1753489915.6540658,node,13.905312538146973,0.0012021936709061265,0.0,13.904109954833984,0.0,0.00019866551300614039,3.094324310965169,628.929580450058,1.0,1.0,1.0,0.1
2109,1753489916.1288128,graph,0.6397725343704224,0.0,0.6333557367324829,0.0,0.06416825205087662,0.0001986642500879874,2.1063853401384973,629.4043273925781,1.0,1.0,1.0,0.1
2110,1753489916.5848231,graph,0.7067244052886963,0.0,0.700559139251709,0.0,0.06165254861116409,0.00019866298657664503,2.192932722521575,629.8603377342224,1.0,1.0,1.0,0.1
2111,1753489917.0516262,graph,0.5205816030502319,0.0,0.5147953629493713,0.0,0.057862259447574615,0.00019866172247212102,2.142230966222214,630.3271408081055,1.0,1.0,1.0,0.1
2112,1753489917.4615772,node,0.8471509218215942,0.0012217579642310739,0.0,0.8459291458129883,0.0,0.00019866045777442313,2.439316087211152,630.7370917797089,1.0,1.0,1.0,0.1
2113,1753489917.9090216,graph,0.5879780650138855,0.0,0.5779421329498291,0.0,0.10035958141088486,0.00019865919248355919,2.234914355806253,631.1845362186432,1.0,1.0,1.0,0.1
2114,1753489918.3485007,graph,0.644994854927063,0.0,0.6360119581222534,0.0,0.08982925117015839,0.000198657926599537,2.275420995611696,631.6240153312683,1.0,1.0,1.0,0.1
2115,1753489918.8006852,graph,0.7860754132270813,0.0,0.7791794538497925,0.0,0.06895973533391953,0.0001986566601223644,2.211486982751757,632.0761997699738,1.0,1.0,1.0,0.1
2116,1753489919.1836567,node,0.5571972131729126,0.001100273453630507,0.0,0.5560969114303589,0.0,0.00019865539305204916,2.611160188731986,632.459171295166,1.0,1.0,1.0,0.1
2117,1753489919.6307547,graph,0.6722121834754944,0.0,0.663671612739563,0.0,0.08540578186511993,0.0001986541253885991,2.2366460206957415,632.9062693119049,1.0,1.0,1.0,0.1
2118,1753489920.1038985,graph,1.0615042448043823,0.0,1.0555568933486938,0.0,0.059473972767591476,0.00019865285713202208,2.113522286872975,633.3794131278992,1.0,1.0,1.0,0.1
2119,1753489920.5601506,graph,0.7369220852851868,0.0,0.7331737875938416,0.0,0.0374830886721611,0.0001986515882823259,2.191770742974196,633.8356652259827,1.0,1.0,1.0,0.1
2120,1753489920.926307,node,8.859869003295898,0.000997230876237154,0.0,8.858871459960938,0.0,0.00019865031883951835,2.73107383848243,634.201821565628,1.0,1.0,1.0,0.1
2121,1753489921.3928435,graph,0.7200782895088196,0.0,0.7142287492752075,0.0,0.058495473116636276,0.00019864904880360733,2.1434549130313023,634.6683580875397,1.0,1.0,1.0,0.1
2122,1753489921.8339767,graph,0.5329961180686951,0.0,0.5287046432495117,0.0,0.04291486740112305,0.00019864777817460064,2.2668886910774617,635.1094913482666,1.0,1.0,1.0,0.1
2123,1753489922.3012128,graph,0.6426838040351868,0.0,0.6381053924560547,0.0,0.04578382894396782,0.0001986465069525061,2.140245850193649,635.5767273902893,1.0,1.0,1.0,0.1
2124,1753489922.659319,node,3.6178975105285645,0.0012202351354062557,0.0,3.6166772842407227,0.0,0.00019864523513733157,2.7924682058527064,635.9348335266113,1.0,1.0,1.0,0.1
2125,1753489923.1218395,graph,0.9071862101554871,0.0,0.893600583076477,0.0,0.13585631549358368,0.0001986439627290849,2.1620658655471887,636.3973541259766,1.0,1.0,1.0,0.1
2126,1753489923.5807288,graph,0.7923349738121033,0.0,0.7862870693206787,0.0,0.06047888845205307,0.00019864268972777396,2.179175059657997,636.8562433719635,1.0,1.0,1.0,0.1
2127,1753489924.0189433,graph,0.644197940826416,0.0,0.6380423903465271,0.0,0.061555277556180954,0.00019864141613340654,2.2819872633643543,637.2944579124451,1.0,1.0,1.0,0.1
2128,1753489924.39025,node,2.6846678256988525,0.000940631260164082,0.0,2.683727264404297,0.0,0.0001986401419459905,2.6931916759825683,637.6657645702362,1.0,1.0,1.0,0.1
2129,1753489924.8634114,graph,0.6044186353683472,0.0,0.5985710620880127,0.0,0.05847584828734398,0.0001986388671655338,2.113443479058321,638.1389260292053,1.0,1.0,1.0,0.1
2130,1753489925.327204,graph,0.7783030867576599,0.0,0.7725260257720947,0.0,0.05777053162455559,0.00019863759179204418,2.1561363438916725,638.6027185916901,1.0,1.0,1.0,0.1
2131,1753489925.774061,graph,0.7156984806060791,0.0,0.7103391885757446,0.0,0.0535929799079895,0.00019863631582552957,2.2378525002480987,639.0495755672455,1.0,1.0,1.0,0.1
2132,1753489926.1988058,node,2.1904702186584473,0.0009289686568081379,0.0,2.1895413398742676,0.0,0.00019863503926599785,2.3543546510289874,639.4743204116821,1.0,1.0,1.0,0.1
2133,1753489926.6594942,graph,0.6342170834541321,0.0,0.6294125914573669,0.0,0.04804486781358719,0.00019863376211345688,2.1706648201309653,639.935008764267,1.0,1.0,1.0,0.1
2134,1753489927.110029,graph,1.0879578590393066,0.0,1.0772430896759033,0.0,0.1071472018957138,0.0001986324843679145,2.219584268235892,640.3855435848236,1.0,1.0,1.0,0.1
2135,1753489927.562411,graph,0.5468869805335999,0.0,0.5410547852516174,0.0,0.05832206457853317,0.00019863120602937867,2.2105207681134673,640.8379256725311,1.0,1.0,1.0,0.1
2136,1753489927.9013867,node,1.3750829696655273,0.0008176693809218705,0.0,1.3742653131484985,0.0,0.0001986299270978572,2.9500642510341004,641.1769013404846,1.0,1.0,1.0,0.1
2137,1753489928.3728523,graph,0.8204799890518188,0.0,0.8134450912475586,0.0,0.07034873217344284,0.000198628647573358,2.1210455784411395,641.6483669281006,1.0,1.0,1.0,0.1
2138,1753489928.8197987,graph,0.950607419013977,0.0,0.9027668237686157,0.0,0.4784061312675476,0.00019862736745588898,2.23740484117124,642.0953133106232,1.0,1.0,1.0,0.1
2139,1753489929.2717085,graph,0.6237441897392273,0.0,0.6172440648078918,0.0,0.06500127166509628,0.00019862608674545804,2.2128310630685006,642.5472230911255,1.0,1.0,1.0,0.1
2140,1753489929.5797246,node,1.0618712902069092,0.0009276607306674123,0.0,1.060943603515625,0.0,0.0001986248054420731,3.2465839417979385,642.8552391529083,1.0,1.0,1.0,0.1
2141,1753489930.0390353,graph,0.4472569525241852,0.0,0.44139307737350464,0.0,0.05863887816667557,0.00019862352354574198,2.1771751616541803,643.3145499229431,1.0,1.0,1.0,0.1
2142,1753489930.4811006,graph,0.5218604207038879,0.0,0.5153273344039917,0.0,0.06533102691173553,0.00019862224105647266,2.2621095528100117,643.7566151618958,1.0,1.0,1.0,0.1
2143,1753489930.9499898,graph,0.7356735467910767,0.0,0.7284876704216003,0.0,0.0718589648604393,0.00019862095797427303,2.132699840948937,644.225504398346,1.0,1.0,1.0,0.1
2144,1753489931.3527834,node,5.45056676864624,0.0006261843373067677,0.0,5.4499406814575195,0.0,0.00019861967429915102,2.4826608122577967,644.6282980442047,1.0,1.0,1.0,0.1
2145,1753489931.805046,graph,0.572283148765564,0.0,0.5668587684631348,0.0,0.05424386262893677,0.00019861839003111454,2.211104591795045,645.0805606842041,1.0,1.0,1.0,0.1
2146,1753489932.2940562,graph,0.48063531517982483,0.0,0.47617313265800476,0.0,0.04462180286645889,0.00019861710517017148,2.0449475563087716,645.5695707798004,1.0,1.0,1.0,0.1
2147,1753489932.7326453,graph,0.683790922164917,0.0,0.679374098777771,0.0,0.044168420135974884,0.00019861581971632983,2.2800384436413608,646.0081598758698,1.0,1.0,1.0,0.1
2148,1753489933.123397,node,26.379161834716797,0.0006404720479622483,0.0,26.378520965576172,0.0,0.00019861453366959745,2.559169019825106,646.3989117145538,1.0,1.0,1.0,0.1
2149,1753489933.5611444,graph,0.6820887923240662,0.0,0.6747548580169678,0.0,0.07333916425704956,0.00019861324702998232,2.2844233120647917,646.8366589546204,1.0,1.0,1.0,0.1
2150,1753489934.0273058,graph,0.516285240650177,0.0,0.511458158493042,0.0,0.0482705794274807,0.00019861195979749234,2.1451793478288668,647.302820444107,1.0,1.0,1.0,0.1
2151,1753489934.4805717,graph,0.6029728055000305,0.0,0.5988783836364746,0.0,0.04094431921839714,0.00019861067197213548,2.2062105005693966,647.7560863494873,1.0,1.0,1.0,0.1
2152,1753489934.8484783,node,15.686067581176758,0.0008220975869335234,0.0,15.685245513916016,0.0,0.00019860938355391967,2.718081383593673,648.1239929199219,1.0,1.0,1.0,0.1
2153,1753489935.301764,graph,0.7653111815452576,0.0,0.7530021667480469,0.0,0.12309002876281738,0.0001986080945428529,2.206114185748294,648.5772786140442,1.0,1.0,1.0,0.1
2154,1753489935.7476943,graph,0.6120835542678833,0.0,0.6046212911605835,0.0,0.07462271302938461,0.00019860680493894307,2.2425032092632087,649.0232088565826,1.0,1.0,1.0,0.1
2155,1753489936.2051616,graph,0.6657477617263794,0.0,0.6608748435974121,0.0,0.0487290620803833,0.00019860551474219814,2.1859485072888334,649.4806761741638,1.0,1.0,1.0,0.1
2156,1753489936.5731642,node,2.1952762603759766,0.0010657832026481628,0.0,2.1942105293273926,0.0,0.0001986042239526261,2.7173717132648534,649.8486788272858,1.0,1.0,1.0,0.1
2157,1753489937.0410101,graph,0.675618588924408,0.0,0.6693108081817627,0.0,0.06307807564735413,0.00019860293257023488,2.137455867844068,650.3165247440338,1.0,1.0,1.0,0.1
2158,1753489937.4884331,graph,0.7099987864494324,0.0,0.6985629796981812,0.0,0.11435821652412415,0.00019860164059503244,2.235021538632057,650.763947725296,1.0,1.0,1.0,0.1
2159,1753489937.9639466,graph,0.5410143733024597,0.0,0.536639928817749,0.0,0.04374448582530022,0.00019860034802702677,2.1029898999622954,651.239461183548,1.0,1.0,1.0,0.1
2160,1753489938.3056626,node,1.7985141277313232,0.0011112787760794163,0.0,1.7974028587341309,0.0,0.00019859905486622586,2.92640628608467,651.5811772346497,1.0,1.0,1.0,0.1
2161,1753489938.756,graph,0.5102349519729614,0.0,0.5040873289108276,0.0,0.061476390808820724,0.00019859776111263766,2.220557248529795,652.0315146446228,1.0,1.0,1.0,0.1
2162,1753489939.2024758,graph,0.5150700211524963,0.0,0.5097087621688843,0.0,0.05361275374889374,0.00019859646676627016,2.2397633306722273,652.4779903888702,1.0,1.0,1.0,0.1
2163,1753489939.6902187,graph,0.5717898011207581,0.0,0.5663374662399292,0.0,0.05452316999435425,0.00019859517182713133,2.05026049228104,652.9657332897186,1.0,1.0,1.0,0.1
2164,1753489940.0474603,node,3.456251621246338,0.0009157221647910774,0.0,3.455335855484009,0.0,0.00019859387629522914,2.7992258305636755,653.3229749202728,1.0,1.0,1.0,0.1
2165,1753489940.511815,graph,0.5006198287010193,0.0,0.4958135485649109,0.0,0.04806302487850189,0.00019859258017057164,2.1535259248990446,653.7873296737671,1.0,1.0,1.0,0.1
2166,1753489940.9754405,graph,0.8421030044555664,0.0,0.8350620269775391,0.0,0.07040995359420776,0.0001985912834531668,2.1569136052609656,654.2509551048279,1.0,1.0,1.0,0.1
2167,1753489941.438471,graph,0.46184930205345154,0.0,0.4566713273525238,0.0,0.05177978426218033,0.0001985899861430226,2.159684587385452,654.7139856815338,1.0,1.0,1.0,0.1
2168,1753489941.7832766,node,4.505991458892822,0.0009859581477940083,0.0,4.505005359649658,0.0,0.00019858868824014706,2.9001859331124815,655.0587911605835,1.0,1.0,1.0,0.1
2169,1753489942.243781,graph,0.6122564673423767,0.0,0.6050719618797302,0.0,0.07184521108865738,0.00019858738974454817,2.1715312897360386,655.5192956924438,1.0,1.0,1.0,0.1
2170,1753489942.727406,graph,1.249629259109497,0.0,1.1875288486480713,0.0,0.6210035085678101,0.00019858609065623398,2.0677180337890135,656.002920627594,1.0,1.0,1.0,0.1
2171,1753489943.2147443,graph,1.0992071628570557,0.0,1.0816761255264282,0.0,0.17531004548072815,0.00019858479097521246,2.051962652485635,656.4902589321136,1.0,1.0,1.0,0.1
2172,1753489943.556334,node,1.389825701713562,0.0016860109753906727,0.0,1.3881397247314453,0.0,0.00019858349070149165,2.9274888307714426,656.8318486213684,1.0,1.0,1.0,0.1
2173,1753489943.997276,graph,0.6592388153076172,0.0,0.6550734043121338,0.0,0.04165392369031906,0.00019858218983507959,2.267871712865211,657.2727906703949,1.0,1.0,1.0,0.1
2174,1753489944.457137,graph,0.7087994813919067,0.0,0.661966860294342,0.0,0.46832627058029175,0.00019858088837598425,2.1745699521515225,657.7326517105103,1.0,1.0,1.0,0.1
2175,1753489944.8982995,graph,0.45155006647109985,0.0,0.4460178017616272,0.0,0.05532252788543701,0.00019857958632421368,2.2667392287700454,658.1738140583038,1.0,1.0,1.0,0.1
2176,1753489945.2351189,node,0.5891105532646179,0.001084482530131936,0.0,0.5880260467529297,0.0,0.0001985782836797759,2.9689500347909674,658.5106334686279,1.0,1.0,1.0,0.1
2177,1753489945.704265,graph,0.6171985864639282,0.0,0.608942449092865,0.0,0.08256155252456665,0.000198576980442679,2.131531471097329,658.9797797203064,1.0,1.0,1.0,0.1
2178,1753489946.1661162,graph,0.5737263560295105,0.0,0.5670257806777954,0.0,0.06700575351715088,0.00019857567661293098,2.165199902536931,659.4416308403015,1.0,1.0,1.0,0.1
2179,1753489946.632678,graph,0.7727459669113159,0.0,0.7670238018035889,0.0,0.05722140893340111,0.00019857437219053986,2.1433388079730102,659.9081926345825,1.0,1.0,1.0,0.1
2180,1753489946.955316,node,2.668071985244751,0.0010039105545729399,0.0,2.6670680046081543,0.0,0.00019857306717551373,3.0994485834758305,660.2308306694031,1.0,1.0,1.0,0.1
2181,1753489947.4067113,graph,0.5165047645568848,0.0,0.5109763145446777,0.0,0.05528424680233002,0.00019857176156786062,2.215353282039879,660.6822259426117,1.0,1.0,1.0,0.1
2182,1753489947.8737576,graph,0.5675455927848816,0.0,0.561540424823761,0.0,0.06005188450217247,0.00019857045536758857,2.1411155250763936,661.1492722034454,1.0,1.0,1.0,0.1
2183,1753489948.3405275,graph,0.6251583695411682,0.0,0.6108648180961609,0.0,0.1429356336593628,0.00019856914857470566,2.142383062405026,661.616042137146,1.0,1.0,1.0,0.1
2184,1753489948.7055104,node,0.5183287858963013,0.0008352038566954434,0.0,0.5174936056137085,0.0,0.00019856784118921992,2.739854812590922,661.981024980545,1.0,1.0,1.0,0.1
2185,1753489949.1641634,graph,0.5005236268043518,0.0,0.49517306685447693,0.0,0.05350552126765251,0.00019856653321113948,2.1802976509177485,662.4396779537201,1.0,1.0,1.0,0.1
2186,1753489949.6436052,graph,0.4811190962791443,0.0,0.47630536556243896,0.0,0.04813726991415024,0.00019856522464047237,2.085758543953653,662.9191198348999,1.0,1.0,1.0,0.1
2187,1753489950.094286,graph,0.621341347694397,0.0,0.6131178736686707,0.0,0.08223464339971542,0.00019856391547722665,2.2188656567345153,663.369800567627,1.0,1.0,1.0,0.1
2188,1753489950.4014459,node,2.1551077365875244,0.0007428578101098537,0.0,2.154364824295044,0.0,0.00019856260572141037,3.255633296644783,663.6769604682922,1.0,1.0,1.0,0.1
2189,1753489950.8706944,graph,0.4871108829975128,0.0,0.4824509024620056,0.0,0.04659993574023247,0.00019856129537303166,2.1310668636007746,664.1462090015411,1.0,1.0,1.0,0.1
2190,1753489951.3233247,graph,0.794775664806366,0.0,0.7870194911956787,0.0,0.07756185531616211,0.00019855998443209856,2.2093086587139426,664.5988392829895,1.0,1.0,1.0,0.1
2191,1753489951.7719219,graph,0.655872106552124,0.0,0.6508713960647583,0.0,0.05000738427042961,0.00019855867289861922,2.229171328152861,665.0474364757538,1.0,1.0,1.0,0.1
2192,1753489952.139092,node,2.115912914276123,0.0007507322006858885,0.0,2.1151621341705322,0.0,0.00019855736077260166,2.7235333498265937,665.4146065711975,1.0,1.0,1.0,0.1
2193,1753489952.5930073,graph,0.6616849899291992,0.0,0.6529232859611511,0.0,0.08761726319789886,0.000198556048054054,2.203053902626192,665.8685219287872,1.0,1.0,1.0,0.1
2194,1753489953.053897,graph,0.5023209452629089,0.0,0.49733203649520874,0.0,0.049888819456100464,0.00019855473474298437,2.169717103673819,666.3294115066528,1.0,1.0,1.0,0.1
2195,1753489953.5134242,graph,0.5018790364265442,0.0,0.4956953525543213,0.0,0.061836615204811096,0.00019855342083940084,2.1761494907380263,666.7889387607574,1.0,1.0,1.0,0.1
2196,1753489953.8696063,node,3.1354682445526123,0.0008016058127395809,0.0,3.134666681289673,0.0,0.00019855210634331152,2.807552666245408,667.1451208591461,1.0,1.0,1.0,0.1
2197,1753489954.363588,graph,0.5555922389030457,0.0,0.5508849024772644,0.0,0.04707345366477966,0.0001985507912547245,2.024365923230256,667.6391026973724,1.0,1.0,1.0,0.1
2198,1753489954.8296099,graph,0.7167640924453735,0.0,0.7044379711151123,0.0,0.12326124310493469,0.0001985494755736479,2.1458224724079202,668.1051244735718,1.0,1.0,1.0,0.1
2199,1753489955.2880075,graph,0.5595136880874634,0.0,0.5526699423789978,0.0,0.0684375986456871,0.0001985481593000899,2.1815121662239636,668.5635221004486,1.0,1.0,1.0,0.1
2200,1753489955.6667652,node,1.370484709739685,0.0007227552123367786,0.0,1.3697619438171387,0.0,0.00019854684243405857,2.640210244708474,668.9422798156738,1.0,1.0,1.0,0.1
2201,1753489956.1249034,graph,0.5148634910583496,0.0,0.5086922645568848,0.0,0.06171206384897232,0.000198545524975562,2.1827473457915425,669.4004180431366,1.0,1.0,1.0,0.1
2202,1753489956.5836258,graph,0.6057049632072449,0.0,0.6003190279006958,0.0,0.0538596473634243,0.00019854420692460835,2.179967890163361,669.8591403961182,1.0,1.0,1.0,0.1
2203,1753489957.037736,graph,0.720405638217926,0.0,0.709273099899292,0.0,0.11132531613111496,0.00019854288828120574,2.2021089151120714,670.313250541687,1.0,1.0,1.0,0.1
2204,1753489957.3816612,node,0.8202247619628906,0.0007910134736448526,0.0,0.8194337487220764,0.0,0.0001985415690453623,2.9076086617442862,670.6571757793427,1.0,1.0,1.0,0.1
2205,1753489957.8644707,graph,0.5344896912574768,0.0,0.5303583145141602,0.0,0.04131372272968292,0.0001985402492170862,2.0712100935779363,671.1399853229523,1.0,1.0,1.0,0.1
2206,1753489958.301085,graph,0.6374227404594421,0.0,0.6325461864471436,0.0,0.048765331506729126,0.0001985389287963856,2.2903511344170484,671.5765995979309,1.0,1.0,1.0,0.1
2207,1753489958.7641358,graph,0.6323773860931396,0.0,0.6277869939804077,0.0,0.04590394347906113,0.00019853760778326855,2.159590068047386,672.0396504402161,1.0,1.0,1.0,0.1
2208,1753489959.1224568,node,9.104145050048828,0.0006957834702916443,0.0,9.103448867797852,0.0,0.00019853628617774326,2.7907941076859712,672.3979713916779,1.0,1.0,1.0,0.1
2209,1753489959.6022413,graph,0.5479971766471863,0.0,0.5451093912124634,0.0,0.028877651318907738,0.00019853496397981787,2.0842691324920666,672.8777558803558,1.0,1.0,1.0,0.1
2210,1753489960.0574243,graph,0.554952085018158,0.0,0.5368109345436096,0.0,0.1814112365245819,0.00019853364118950056,2.1969184611581123,673.3329389095306,1.0,1.0,1.0,0.1
2211,1753489960.5308106,graph,0.5720588564872742,0.0,0.5655878782272339,0.0,0.06470979005098343,0.00019853231780679945,2.1124397262992276,673.8063251972198,1.0,1.0,1.0,0.1
2212,1753489960.899023,node,1.723465085029602,0.0006768067250959575,0.0,1.7227883338928223,0.0,0.00019853099383172274,2.7158233483014382,674.1745376586914,1.0,1.0,1.0,0.1
2213,1753489961.3425605,graph,0.460787296295166,0.0,0.4564800262451172,0.0,0.043072693049907684,0.00019852966926427857,2.2546009285444364,674.61807513237,1.0,1.0,1.0,0.1
2214,1753489961.792201,graph,0.6935126185417175,0.0,0.6854329705238342,0.0,0.08079631626605988,0.00019852834410447515,2.223998888611395,675.0677156448364,1.0,1.0,1.0,0.1
2215,1753489962.2403686,graph,0.497531920671463,0.0,0.49005523324012756,0.0,0.07476700097322464,0.00019852701835232058,2.231308295620005,675.5158832073212,1.0,1.0,1.0,0.1
2216,1753489962.6226614,node,3.686920166015625,0.0005453821504488587,0.0,3.6863749027252197,0.0,0.00019852569200782313,2.615796419225521,675.8981759548187,1.0,1.0,1.0,0.1
2217,1753489963.0890021,graph,0.5080691576004028,0.0,0.5031863451004028,0.0,0.04882796108722687,0.0001985243650709909,2.144354605759276,676.3645167350769,1.0,1.0,1.0,0.1
2218,1753489963.563545,graph,0.5979298949241638,0.0,0.5926035642623901,0.0,0.05326354503631592,0.0001985230375418321,2.107291231761621,676.8390595912933,1.0,1.0,1.0,0.1
2219,1753489964.0297434,graph,0.5050175189971924,0.0,0.49883556365966797,0.0,0.06181967258453369,0.00019852170942035493,2.1450093025491745,677.3052580356598,1.0,1.0,1.0,0.1
2220,1753489964.35217,node,2.64721941947937,0.0007476256578229368,0.0,2.6464717388153076,0.0,0.0001985203807065676,3.1014814896976017,677.6276845932007,1.0,1.0,1.0,0.1
2221,1753489964.8013275,graph,0.7620194554328918,0.0,0.7552886009216309,0.0,0.067308709025383,0.0001985190514004783,2.2263906368852324,678.0768420696259,1.0,1.0,1.0,0.1
2222,1753489965.283769,graph,0.6154436469078064,0.0,0.6125338673591614,0.0,0.029097765684127808,0.00019851772150209518,2.0727904933318704,678.5592834949493,1.0,1.0,1.0,0.1
2223,1753489965.7551978,graph,0.6169987916946411,0.0,0.6092636585235596,0.0,0.07735118269920349,0.0001985163910114265,2.121210772582632,679.0307123661041,1.0,1.0,1.0,0.1
2224,1753489966.114035,node,14.221426963806152,0.0006094024865888059,0.0,14.220817565917969,0.0,0.00019851505992848046,2.7867796357915102,679.3895494937897,1.0,1.0,1.0,0.1
2225,1753489966.5898137,graph,0.611292839050293,0.0,0.6065391898155212,0.0,0.04753648489713669,0.00019851372825326522,2.1018169827933098,679.8653283119202,1.0,1.0,1.0,0.1
2226,1753489967.0806606,graph,0.40514254570007324,0.0,0.4010697603225708,0.0,0.04072793573141098,0.00019851239598578908,2.0372952469956447,680.3561751842499,1.0,1.0,1.0,0.1
2227,1753489967.5910187,graph,0.660546064376831,0.0,0.6564163565635681,0.0,0.04129708558320999,0.0001985110631260602,1.9594085201464826,680.866533279419,1.0,1.0,1.0,0.1
2228,1753489967.9840977,node,3.2950844764709473,0.0009573798743076622,0.0,3.2941269874572754,0.0,0.00019850972967408678,2.5440175945430714,681.2596123218536,1.0,1.0,1.0,0.1
2229,1753489968.442443,graph,0.5744624733924866,0.0,0.5681755542755127,0.0,0.06286929547786713,0.0001985083956298771,2.18176181402895,681.7179574966431,1.0,1.0,1.0,0.1
2230,1753489968.9342685,graph,0.6971244812011719,0.0,0.6865199208259583,0.0,0.10604553669691086,0.00019850706099343936,2.0332411315131473,682.20978307724,1.0,1.0,1.0,0.1
2231,1753489969.4634976,graph,0.5548129677772522,0.0,0.5489560961723328,0.0,0.058568522334098816,0.00019850572576478182,1.8895406145202067,682.7390122413635,1.0,1.0,1.0,0.1
2232,1753489969.8296783,node,9.185464859008789,0.0005614368128590286,0.0,9.184903144836426,0.0,0.0001985043899439127,2.730892463113812,683.105192899704,1.0,1.0,1.0,0.1
2233,1753489970.3353457,graph,0.5496754050254822,0.0,0.5435913801193237,0.0,0.06084051728248596,0.00019850305353084024,1.977584287595542,683.6108603477478,1.0,1.0,1.0,0.1
2234,1753489970.8039994,graph,0.4958347976207733,0.0,0.4901660680770874,0.0,0.05668729171156883,0.00019850171652557267,2.133771791485474,684.0795140266418,1.0,1.0,1.0,0.1
2235,1753489971.3050778,graph,0.49041470885276794,0.0,0.48350754380226135,0.0,0.06907162815332413,0.00019850037892811824,1.9956958140530767,684.5805923938751,1.0,1.0,1.0,0.1
2236,1753489971.6592953,node,2.371955394744873,0.0007184845162555575,0.0,2.371236801147461,0.0,0.0001984990407384852,2.8231239769104852,684.934809923172,1.0,1.0,1.0,0.1
2237,1753489972.1022282,graph,0.6952328085899353,0.0,0.6884351372718811,0.0,0.06797679513692856,0.00019849770195668183,2.2576785920943916,685.377742767334,1.0,1.0,1.0,0.1
2238,1753489972.6008692,graph,0.486318975687027,0.0,0.480039119720459,0.0,0.06279845535755157,0.0001984963625827164,2.0054507586117203,685.8763837814331,1.0,1.0,1.0,0.1
2239,1753489973.0691917,graph,0.4869872033596039,0.0,0.4831700325012207,0.0,0.03817162662744522,0.0001984950226165971,2.1352806387254,686.3447062969208,1.0,1.0,1.0,0.1
2240,1753489973.4835746,node,0.738806962966919,0.0006165402592159808,0.0,0.7381904125213623,0.0,0.00019849368205833223,2.413226792355562,686.7590892314911,1.0,1.0,1.0,0.1
2241,1753489973.9585533,graph,0.46507492661476135,0.0,0.46087050437927246,0.0,0.042044322937726974,0.0001984923409079301,2.105357631368258,687.2340679168701,1.0,1.0,1.0,0.1
2242,1753489974.4374652,graph,0.5730833411216736,0.0,0.5664964318275452,0.0,0.06586883962154388,0.00019849099916539894,2.0880668212606945,687.7129797935486,1.0,1.0,1.0,0.1
2243,1753489974.9129841,graph,0.42790958285331726,0.0,0.42333248257637024,0.0,0.045771002769470215,0.00019848965683074704,2.1029656485353763,688.1884987354279,1.0,1.0,1.0,0.1
2244,1753489975.3177881,node,2.1259498596191406,0.0004904614761471748,0.0,2.1254594326019287,0.0,0.00019848831390398267,2.470331373820508,688.5933027267456,1.0,1.0,1.0,0.1
2245,1753489975.904914,graph,0.8583433032035828,0.0,0.8473629951477051,0.0,0.10980316251516342,0.0001984869703851141,1.7032125604649426,689.1804285049438,1.0,1.0,1.0,0.1
2246,1753489976.5007281,graph,0.543533444404602,0.0,0.5384997129440308,0.0,0.05033703148365021,0.00019848562627414965,1.6783754950928882,689.7762427330017,1.0,1.0,1.0,0.1
2247,1753489977.1064727,graph,0.48493799567222595,0.0,0.47839438915252686,0.0,0.06543617695569992,0.00019848428157109765,1.6508607745101012,690.3819873332977,1.0,1.0,1.0,0.1
2248,1753489977.5331287,node,5.949472427368164,0.0007116582128219306,0.0,5.948760986328125,0.0,0.0001984829362759663,2.3438085525488606,690.8086433410645,1.0,1.0,1.0,0.1
2249,1753489978.0564196,graph,0.5441350936889648,0.0,0.5399742722511292,0.0,0.04160813242197037,0.00019848159038876397,1.9109830734891502,691.3319342136383,1.0,1.0,1.0,0.1
2250,1753489978.5515108,graph,0.6124537587165833,0.0,0.6059154868125916,0.0,0.06538257002830505,0.00019848024390949892,2.0198298823584935,691.8270254135132,1.0,1.0,1.0,0.1
2251,1753489979.0683687,graph,0.5570345520973206,0.0,0.5531669855117798,0.0,0.038675568997859955,0.0001984788968381795,1.9347678977276659,692.3438832759857,1.0,1.0,1.0,0.1
2252,1753489979.5218253,node,2.085944652557373,0.0009325587307102978,0.0,2.085012197494507,0.0,0.00019847754917481399,2.2052825149124446,692.7973399162292,1.0,1.0,1.0,0.1
2253,1753489979.9974408,graph,0.3746766746044159,0.0,0.3715291917324066,0.0,0.031474821269512177,0.00019847620091941067,2.1025387041600583,693.272955417633,1.0,1.0,1.0,0.1
2254,1753489980.660139,graph,0.6205337643623352,0.0,0.6173851490020752,0.0,0.03148593381047249,0.0001984748520719779,1.508982363382955,693.9356536865234,1.0,1.0,1.0,0.1
2255,1753489981.258626,graph,0.9439474940299988,0.0,0.9367700815200806,0.0,0.07177416980266571,0.000198473502632524,1.6708803475051748,694.534140586853,1.0,1.0,1.0,0.1
2256,1753489981.726486,node,1.4399175643920898,0.0006434684619307518,0.0,1.4392740726470947,0.0,0.00019847215260105727,2.1373916030141458,695.0020005702972,1.0,1.0,1.0,0.1
2257,1753489982.3076603,graph,0.8319747447967529,0.0,0.8192338943481445,0.0,0.1274082213640213,0.00019847080197758608,1.7206539816263555,695.583174943924,1.0,1.0,1.0,0.1
2258,1753489982.8953993,graph,0.7316721677780151,0.0,0.7267599701881409,0.0,0.04912209510803223,0.0001984694507621187,1.7014355278124387,696.1709139347076,1.0,1.0,1.0,0.1
2259,1753489983.5338938,graph,0.4746410846710205,0.0,0.4676946699619293,0.0,0.0694640502333641,0.0001984680989546635,1.5661842242834312,696.8094084262848,1.0,1.0,1.0,0.1
2260,1753489983.9572866,node,1.0929815769195557,0.0006828486220911145,0.0,1.0922987461090088,0.0,0.00019846674655522883,2.3618730987849115,697.2328011989594,1.0,1.0,1.0,0.1
2261,1753489984.5949302,graph,0.49663245677948,0.0,0.48894017934799194,0.0,0.07692264765501022,0.00019846539356382304,1.568274249374923,697.8704447746277,1.0,1.0,1.0,0.1
2262,1753489985.204844,graph,0.5067609548568726,0.0,0.5012089014053345,0.0,0.05552082508802414,0.00019846403998045442,1.639575883328825,698.4803586006165,1.0,1.0,1.0,0.1
2263,1753489985.7107384,graph,0.6087417006492615,0.0,0.6028157472610474,0.0,0.059259310364723206,0.00019846268580513138,1.9766970250368188,698.9862530231476,1.0,1.0,1.0,0.1
2264,1753489986.1766105,node,0.5224707126617432,0.0006028286297805607,0.0,0.5218678712844849,0.0,0.00019846133103786223,2.1465121194426433,699.4521250724792,1.0,1.0,1.0,0.1
2265,1753489986.6983457,graph,0.5352557897567749,0.0,0.528499186038971,0.0,0.06756618618965149,0.00019845997567865536,1.9166811374591237,699.9738602638245,1.0,1.0,1.0,0.1
2266,1753489987.297641,graph,0.4683292806148529,0.0,0.4641675651073456,0.0,0.04161711037158966,0.00019845861972751913,1.6686262520254596,700.5731556415558,1.0,1.0,1.0,0.1
2267,1753489987.90123,graph,0.5054471492767334,0.0,0.4993957579135895,0.0,0.06051408499479294,0.00019845726318446188,1.6567563425389749,701.1767446994781,1.0,1.0,1.0,0.1
2268,1753489988.3786833,node,0.646986186504364,0.0006773862987756729,0.0,0.6463087797164917,0.0,0.000198455906049492,2.0944459757992675,701.6541979312897,1.0,1.0,1.0,0.1
2269,1753489989.0061834,graph,0.5628188848495483,0.0,0.5545492768287659,0.0,0.08269622176885605,0.00019845454832261781,1.5936253526884874,702.2816979885101,1.0,1.0,1.0,0.1
2270,1753489989.4931865,graph,0.5285829305648804,0.0,0.5242247581481934,0.0,0.043581731617450714,0.00019845319000384774,2.053375070191062,702.7687010765076,1.0,1.0,1.0,0.1
2271,1753489990.105552,graph,0.5656530261039734,0.0,0.5590142011642456,0.0,0.06638826429843903,0.00019845183109319016,1.633011699287546,703.3810665607452,1.0,1.0,1.0,0.1
2272,1753489990.6308398,node,0.9090750217437744,0.0005880292155779898,0.0,0.9084870219230652,0.0,0.00019845047159065344,1.9037180631776172,703.9063544273376,1.0,1.0,1.0,0.1
2273,1753489991.2512321,graph,0.5228325724601746,0.0,0.5179166793823242,0.0,0.04915890097618103,0.000198449111496246,1.611883261071575,704.5267467498779,1.0,1.0,1.0,0.1
2274,1753489991.962546,graph,0.6009126305580139,0.0,0.596250593662262,0.0,0.04662027955055237,0.0001984477508099762,1.4058489669904175,705.2380607128143,1.0,1.0,1.0,0.1
2275,1753489992.5141413,graph,0.5897499918937683,0.0,0.5849746465682983,0.0,0.04775345325469971,0.00019844638953185243,1.812923644014976,705.7896559238434,1.0,1.0,1.0,0.1
2276,1753489992.941506,node,2.815441131591797,0.0005762373330071568,0.0,2.8148648738861084,0.0,0.00019844502766188307,2.339922465700082,706.2170205116272,1.0,1.0,1.0,0.1
2277,1753489993.5226848,graph,0.6403811573982239,0.0,0.6336550712585449,0.0,0.06726086884737015,0.00019844366520007658,1.7206405701249692,706.7981994152069,1.0,1.0,1.0,0.1
2278,1753489994.0002048,graph,0.6296203136444092,0.0,0.6194822788238525,0.0,0.1013801321387291,0.00019844230214644128,2.0941531726567555,707.2757194042206,1.0,1.0,1.0,0.1
2279,1753489994.4810216,graph,0.6232944130897522,0.0,0.6171284914016724,0.0,0.06165945529937744,0.00019844093850098564,2.0797940389509155,707.7565362453461,1.0,1.0,1.0,0.1
2280,1753489994.944707,node,13.758137702941895,0.0008060891996137798,0.0,13.757331848144531,0.0,0.00019843957426371808,2.156635234726612,708.2202215194702,1.0,1.0,1.0,0.1
2281,1753489995.5662425,graph,0.5728039145469666,0.0,0.567451536655426,0.0,0.05352390557527542,0.00019843820943464698,1.6089184547676962,708.8417570590973,1.0,1.0,1.0,0.1
2282,1753489996.1950264,graph,0.5106986165046692,0.0,0.505008339881897,0.0,0.05690264701843262,0.0001984368440137808,1.5903714048134634,709.4705410003662,1.0,1.0,1.0,0.1
2283,1753489996.6637738,graph,0.892903745174408,0.0,0.8627496957778931,0.0,0.3015402853488922,0.0001984354780011279,2.133345269164002,709.9392883777618,1.0,1.0,1.0,0.1
2284,1753489997.1175945,node,10.406889915466309,0.000539983157068491,0.0,10.406350135803223,0.0,0.00019843411139669674,2.203513387711444,710.3931090831757,1.0,1.0,1.0,0.1
2285,1753489997.6652036,graph,0.4140256345272064,0.0,0.40941259264945984,0.0,0.046130403876304626,0.00019843274420049576,1.8261201590533773,710.9407181739807,1.0,1.0,1.0,0.1
2286,1753489998.2734513,graph,0.5489526987075806,0.0,0.5427833795547485,0.0,0.061692915856838226,0.00019843137641253338,1.6440668930720577,711.5489659309387,1.0,1.0,1.0,0.1
2287,1753489998.9270434,graph,0.5091227293014526,0.0,0.5037207007408142,0.0,0.05402056872844696,0.00019843000803281805,1.5300062304750481,712.2025580406189,1.0,1.0,1.0,0.1
2288,1753489999.390129,node,3.104262351989746,0.0006052670069038868,0.0,3.1036570072174072,0.0,0.00019842863906135817,2.1594277364927135,712.6656436920166,1.0,1.0,1.0,0.1
2289,1753490000.0124226,graph,0.5359757542610168,0.0,0.5279195308685303,0.0,0.08056236803531647,0.00019842726949816222,1.6069588458320179,713.2879371643066,1.0,1.0,1.0,0.1
2290,1753490000.6361268,graph,0.4600670337677002,0.0,0.45399975776672363,0.0,0.060672637075185776,0.00019842589934323867,1.6033241526679038,713.9116413593292,1.0,1.0,1.0,0.1
2291,1753490001.2650607,graph,0.7841785550117493,0.0,0.7765404582023621,0.0,0.0763809084892273,0.0001984245285965959,1.589992190876214,714.5405752658844,1.0,1.0,1.0,0.1
2292,1753490001.7134264,node,1.3472890853881836,0.0004598921223077923,0.0,1.3468291759490967,0.0,0.00019842315725824246,2.2303223151130873,714.9889409542084,1.0,1.0,1.0,0.1
2293,1753490002.2337656,graph,0.4122297763824463,0.0,0.40522170066833496,0.0,0.07008069008588791,0.00019842178532818676,1.9218231161977235,715.509280204773,1.0,1.0,1.0,0.1
2294,1753490002.712648,graph,0.5896249413490295,0.0,0.5847355723381042,0.0,0.04889380559325218,0.00019842041280643727,2.0881957285203763,715.9881625175476,1.0,1.0,1.0,0.1
2295,1753490003.3246088,graph,0.41901326179504395,0.0,0.41358116269111633,0.0,0.05432110279798508,0.0001984190396930024,1.6340913606701082,716.6001234054565,1.0,1.0,1.0,0.1
2296,1753490003.7638383,node,4.916280746459961,0.0007002233760431409,0.0,4.915580749511719,0.0,0.00019841766598789073,2.2767141698629185,717.0393528938293,1.0,1.0,1.0,0.1
2297,1753490004.3702977,graph,0.49153202772140503,0.0,0.48467743396759033,0.0,0.06854596734046936,0.00019841629169111064,1.6489150540065063,717.6458122730255,1.0,1.0,1.0,0.1
2298,1753490004.9034333,graph,0.7254122495651245,0.0,0.6972829103469849,0.0,0.281293123960495,0.00019841491680267067,1.8756952292193712,718.1789479255676,1.0,1.0,1.0,0.1
2299,1753490005.4583068,graph,0.4857778251171112,0.0,0.47978806495666504,0.0,0.05989770218729973,0.00019841354132257928,1.8022126852139897,718.7338213920593,1.0,1.0,1.0,0.1
2300,1753490005.9858947,node,0.8527374267578125,0.0006392112118192017,0.0,0.8520982265472412,0.0,0.0001984121652508449,1.8954187875983342,719.2614092826843,1.0,1.0,1.0,0.1
2301,1753490006.6405807,graph,0.7689650654792786,0.0,0.7638768553733826,0.0,0.050882067531347275,0.0001984107885874761,1.5274498607404645,719.9160952568054,1.0,1.0,1.0,0.1
2302,1753490007.2689347,graph,0.6025760173797607,0.0,0.5976104736328125,0.0,0.049655552953481674,0.00019840941133248132,1.5914594074463064,720.5444493293762,1.0,1.0,1.0,0.1
2303,1753490007.8451653,graph,0.5675328373908997,0.0,0.5582479238510132,0.0,0.09284941852092743,0.0001984080334858691,1.7354165649517603,721.1206798553467,1.0,1.0,1.0,0.1
2304,1753490008.3252027,node,7.5989885330200195,0.000441415497334674,0.0,7.598546981811523,0.0,0.00019840665504764786,2.083170799181295,721.6007173061371,1.0,1.0,1.0,0.1
2305,1753490008.961668,graph,0.392524391412735,0.0,0.38681989908218384,0.0,0.057045020163059235,0.0001984052760178262,1.571177537310889,722.2371826171875,1.0,1.0,1.0,0.1
2306,1753490009.6060288,graph,0.4842899441719055,0.0,0.47777101397514343,0.0,0.0651891678571701,0.0001984038963964126,1.5519256136118507,722.8815433979034,1.0,1.0,1.0,0.1
2307,1753490010.1290774,graph,0.5082973837852478,0.0,0.5037572979927063,0.0,0.045400917530059814,0.00019840251618341548,1.9118680842820188,723.4045920372009,1.0,1.0,1.0,0.1
2308,1753490010.5637681,node,2.3102383613586426,0.0005350097198970616,0.0,2.3097033500671387,0.0,0.00019840113537884348,2.300486226329718,723.8392827510834,1.0,1.0,1.0,0.1
2309,1753490011.1256077,graph,0.4983133375644684,0.0,0.49237769842147827,0.0,0.05935640260577202,0.00019839975398270506,1.7798674828964332,724.4011223316193,1.0,1.0,1.0,0.1
2310,1753490011.7205117,graph,0.6119824051856995,0.0,0.6079976558685303,0.0,0.039847470819950104,0.0001983983719950087,1.6809436327552654,724.9960262775421,1.0,1.0,1.0,0.1
2311,1753490012.3675365,graph,0.4488080143928528,0.0,0.44398897886276245,0.0,0.04819026589393616,0.000198396989415763,1.5455356455238909,725.6430511474609,1.0,1.0,1.0,0.1
2312,1753490012.7943573,node,1.5288735628128052,0.0007530907751061022,0.0,1.528120517730713,0.0,0.00019839560624497648,2.3429038730521903,726.0698719024658,1.0,1.0,1.0,0.1
2313,1753490013.4385917,graph,0.5915778875350952,0.0,0.5875173807144165,0.0,0.0406050831079483,0.0001983942224826576,1.5522300124161998,726.7141063213348,1.0,1.0,1.0,0.1
2314,1753490014.0493836,graph,0.45730021595954895,0.0,0.45239606499671936,0.0,0.049041569232940674,0.00019839283812881497,1.637218772237374,727.3248982429504,1.0,1.0,1.0,0.1
2315,1753490014.583685,graph,0.425900936126709,0.0,0.4210065007209778,0.0,0.04894431680440903,0.00019839145318345712,1.8716032238862448,727.8591995239258,1.0,1.0,1.0,0.1
2316,1753490015.0334687,node,1.0269904136657715,0.0008652695105411112,0.0,1.026125192642212,0.0,0.00019839006764659257,2.2232903796918153,728.3089833259583,1.0,1.0,1.0,0.1
2317,1753490015.6477606,graph,0.8486570715904236,0.0,0.8411062955856323,0.0,0.07550786435604095,0.00019838868151822984,1.6278905674188549,728.9232752323151,1.0,1.0,1.0,0.1
2318,1753490016.2577558,graph,0.6945773363113403,0.0,0.6800488829612732,0.0,0.14528445899486542,0.00019838729479837756,1.6393573590827455,729.5332703590393,1.0,1.0,1.0,0.1
2319,1753490016.882216,graph,0.6510350108146667,0.0,0.6470410227775574,0.0,0.03994011878967285,0.0001983859074870442,1.601383030388183,730.1577305793762,1.0,1.0,1.0,0.1
2320,1753490017.2251718,node,27.739913940429688,0.0005986891919746995,0.0,27.739315032958984,0.0,0.0001983845195842384,2.915827401646621,730.5006864070892,1.0,1.0,1.0,0.1
2321,1753490018.2152793,graph,0.8751245141029358,0.0,0.8639768362045288,0.0,0.11147652566432953,0.00019838313108996863,1.009991302279034,731.4907939434052,1.0,1.0,1.0,0.1
2322,1753490018.8350618,graph,0.43486571311950684,0.0,0.4287199378013611,0.0,0.06145782768726349,0.00019838174200424353,1.6134693770782396,732.1105763912201,1.0,1.0,1.0,0.1
2323,1753490019.325448,graph,0.5906692147254944,0.0,0.5844706296920776,0.0,0.06198584660887718,0.00019838035232707166,2.0392088987465655,732.600962638855,1.0,1.0,1.0,0.1
2324,1753490019.706283,node,0.8589054346084595,0.0006369541515596211,0.0,0.8582684993743896,0.0,0.00019837896205846152,2.6258086892066674,732.9817976951599,1.0,1.0,1.0,0.1
2325,1753490020.3059418,graph,0.44168221950531006,0.0,0.43639326095581055,0.0,0.05288970470428467,0.0001983775711984218,1.6676151849332306,733.5814564228058,1.0,1.0,1.0,0.1
2326,1753490020.7919984,graph,0.4449947476387024,0.0,0.44097083806991577,0.0,0.040239136666059494,0.000198376179746961,2.0573737080418644,734.0675129890442,1.0,1.0,1.0,0.1
2327,1753490021.3513265,graph,0.611897349357605,0.0,0.6056103706359863,0.0,0.06286974251270294,0.0001983747877040877,1.7878594641413952,734.6268410682678,1.0,1.0,1.0,0.1
2328,1753490021.783711,node,0.9472486972808838,0.0006345768924802542,0.0,0.946614146232605,0.0,0.0001983733950698105,2.3127564029043555,735.0592255592346,1.0,1.0,1.0,0.1
2329,1753490022.3124447,graph,0.749186635017395,0.0,0.7436163425445557,0.0,0.05570311099290848,0.000198372001844138,1.8913111508926035,735.5879592895508,1.0,1.0,1.0,0.1
2330,1753490022.9360802,graph,0.6264812350273132,0.0,0.6199448108673096,0.0,0.06536395847797394,0.0001983706080270788,1.6035006845159472,736.2115948200226,1.0,1.0,1.0,0.1
2331,1753490023.5118365,graph,0.5390705466270447,0.0,0.5312275290489197,0.0,0.07843013107776642,0.00019836921361864152,1.7368459193083596,736.7873511314392,1.0,1.0,1.0,0.1
2332,1753490023.9411402,node,0.7980852127075195,0.0006313433405011892,0.0,0.7974538803100586,0.0,0.0001983678186188347,2.329353615123596,737.2166547775269,1.0,1.0,1.0,0.1
2333,1753490024.5649798,graph,0.5720357894897461,0.0,0.5665343999862671,0.0,0.05501396581530571,0.000198366423027667,1.6029761065332402,737.8404943943024,1.0,1.0,1.0,0.1
2334,1753490025.2117305,graph,0.6357901692390442,0.0,0.6265983581542969,0.0,0.09191809594631195,0.000198365026845147,1.5461908548370626,738.4872450828552,1.0,1.0,1.0,0.1
2335,1753490025.8075643,graph,0.4670255184173584,0.0,0.4615049362182617,0.0,0.05520574375987053,0.00019836363007128327,1.6783204247275427,739.0830788612366,1.0,1.0,1.0,0.1
2336,1753490026.2647293,node,1.2717242240905762,0.0006593680591322482,0.0,1.2710648775100708,0.0,0.00019836223270608454,2.187394034594201,739.5402438640594,1.0,1.0,1.0,0.1
2337,1753490026.8658786,graph,0.4992597699165344,0.0,0.49544697999954224,0.0,0.03812790662050247,0.00019836083474955937,1.6634802131987627,740.1413931846619,1.0,1.0,1.0,0.1
2338,1753490027.4825563,graph,0.5934535264968872,0.0,0.5884913206100464,0.0,0.04962214082479477,0.00019835943620171635,1.6215924476538874,740.7580709457397,1.0,1.0,1.0,0.1
2339,1753490028.106491,graph,0.4027135670185089,0.0,0.3973771631717682,0.0,0.053363919258117676,0.00019835803706256413,1.6027317067205915,741.3820056915283,1.0,1.0,1.0,0.1
2340,1753490028.5074434,node,8.813467025756836,0.000686704705003649,0.0,8.812780380249023,0.0,0.00019835663733211136,2.4940620176058266,741.7829580307007,1.0,1.0,1.0,0.1
2341,1753490029.1248267,graph,0.9201540350914001,0.0,0.880946695804596,0.0,0.3920731544494629,0.00019835523701036668,1.6197394625125459,742.4003412723541,1.0,1.0,1.0,0.1
2342,1753490029.755372,graph,0.4955574572086334,0.0,0.491377592086792,0.0,0.041798513382673264,0.00019835383609733865,1.5859286822432346,743.0308866500854,1.0,1.0,1.0,0.1
2343,1753490030.4234807,graph,0.4902534484863281,0.0,0.4846235513687134,0.0,0.05629884451627731,0.000198352434593036,1.4967624242082527,743.6989953517914,1.0,1.0,1.0,0.1
2344,1753490030.854729,node,8.30237102508545,0.0007940847426652908,0.0,8.301576614379883,0.0,0.00019835103249746735,2.318850322813202,744.1302435398102,1.0,1.0,1.0,0.1
2345,1753490031.492122,graph,0.41512370109558105,0.0,0.41088154911994934,0.0,0.04242139309644699,0.00019834962981064136,1.5688907840892938,744.7676365375519,1.0,1.0,1.0,0.1
2346,1753490032.0932248,graph,0.4516488015651703,0.0,0.4466729760169983,0.0,0.04975813627243042,0.00019834822653256662,1.663608873206812,745.3687393665314,1.0,1.0,1.0,0.1
2347,1753490032.5828888,graph,0.4718771278858185,0.0,0.4661586880683899,0.0,0.05718448385596275,0.00019834682266325185,2.0422163793942936,745.8584034442902,1.0,1.0,1.0,0.1
2348,1753490032.9969695,node,6.622491359710693,0.0009424011805094779,0.0,6.621549129486084,0.0,0.00019834541820270567,2.4149886571701655,746.2724840641022,1.0,1.0,1.0,0.1
2349,1753490033.599644,graph,0.6910789012908936,0.0,0.6844484806060791,0.0,0.06630431115627289,0.00019834401315093678,1.6592705119075877,746.8751585483551,1.0,1.0,1.0,0.1
2350,1753490034.2111526,graph,0.33826950192451477,0.0,0.33485710620880127,0.0,0.034123972058296204,0.00019834260750795386,1.6352999567616546,747.4866671562195,1.0,1.0,1.0,0.1
2351,1753490034.8462021,graph,0.8146474957466125,0.0,0.8052915334701538,0.0,0.09355970472097397,0.0001983412012737655,1.574680196771952,748.1217167377472,1.0,1.0,1.0,0.1
2352,1753490035.3226955,node,6.492293834686279,0.000729844905436039,0.0,6.49156379699707,0.0,0.00019833979444838047,2.0986651375641836,748.5982100963593,1.0,1.0,1.0,0.1
2353,1753490035.863668,graph,0.6124160885810852,0.0,0.6057275533676147,0.0,0.06688518822193146,0.00019833838703180737,1.848522897501678,749.1391825675964,1.0,1.0,1.0,0.1
2354,1753490036.47607,graph,0.6008990406990051,0.0,0.5956878066062927,0.0,0.05211241543292999,0.00019833697902405493,1.6329144280931247,749.7515845298767,1.0,1.0,1.0,0.1
2355,1753490037.0838175,graph,0.7102432250976562,0.0,0.7033145427703857,0.0,0.06928681582212448,0.00019833557042513183,1.645420030301152,750.3593320846558,1.0,1.0,1.0,0.1
2356,1753490037.540219,node,1.0588924884796143,0.0005984700983390212,0.0,1.0582940578460693,0.0,0.00019833416123504673,2.191052856755544,750.8157336711884,1.0,1.0,1.0,0.1
2357,1753490038.1327488,graph,0.6414244174957275,0.0,0.6352812051773071,0.0,0.061432115733623505,0.00019833275145380837,1.687678905542702,751.4082634449005,1.0,1.0,1.0,0.1
2358,1753490038.7334087,graph,0.6160306930541992,0.0,0.6081317663192749,0.0,0.07898911833763123,0.0001983313410814254,1.6648357711314425,752.00892329216,1.0,1.0,1.0,0.1
2359,1753490039.359278,graph,0.6030992269515991,0.0,0.5970467329025269,0.0,0.06052481383085251,0.00019832993011790654,1.597777748995652,752.6347925662994,1.0,1.0,1.0,0.1
2360,1753490039.7913768,node,9.58073616027832,0.0005053673521615565,0.0,9.580230712890625,0.0,0.00019832851856326053,2.314285178281947,753.0668914318085,1.0,1.0,1.0,0.1
2361,1753490040.4250236,graph,0.4436059296131134,0.0,0.4390278458595276,0.0,0.0457807295024395,0.000198327106417496,1.578166441974228,753.7005381584167,1.0,1.0,1.0,0.1
2362,1753490041.034172,graph,0.6065737009048462,0.0,0.6000493168830872,0.0,0.06524397432804108,0.00019832569368062172,1.6416358181008346,754.3096866607666,1.0,1.0,1.0,0.1
2363,1753490041.6616752,graph,0.5050766468048096,0.0,0.5009576082229614,0.0,0.04119052737951279,0.00019832428035264637,1.5936174812562145,754.9371898174286,1.0,1.0,1.0,0.1
2364,1753490042.1499565,node,12.636031150817871,0.0008178840507753193,0.0,12.635212898254395,0.0,0.0001983228664335787,2.048,755.4254710674286,1.0,1.0,1.0,0.1
2365,1753490042.773837,graph,0.48852992057800293,0.0,0.48407286405563354,0.0,0.04457052797079086,0.0001983214519234274,1.6028707420860648,756.0493516921997,1.0,1.0,1.0,0.1
2366,1753490043.4000368,graph,0.4908512532711029,0.0,0.48578593134880066,0.0,0.0506533607840538,0.00019832003682220122,1.5969345951527372,756.6755514144897,1.0,1.0,1.0,0.1
2367,1753490043.9559882,graph,0.6337172985076904,0.0,0.6294957995414734,0.0,0.042214762419462204,0.00019831862112990888,1.798718516666531,757.2315027713776,1.0,1.0,1.0,0.1
2368,1753490044.458077,node,2.0249552726745605,0.0010088533163070679,0.0,2.023946523666382,0.0,0.00019831720484655914,1.9916796182938232,757.7335915565491,1.0,1.0,1.0,0.1
2369,1753490044.9753032,graph,0.5803523063659668,0.0,0.575147807598114,0.0,0.05204511433839798,0.00019831578797216065,1.9333900002028206,758.2508177757263,1.0,1.0,1.0,0.1
2370,1753490045.5762355,graph,0.4549809396266937,0.0,0.45052462816238403,0.0,0.04456310719251633,0.00019831437050672223,1.6640807968917193,758.8517501354218,1.0,1.0,1.0,0.1
2371,1753490046.19353,graph,0.39081940054893494,0.0,0.3862919807434082,0.0,0.045274220407009125,0.00019831295245025259,1.6199721836098042,759.4690446853638,1.0,1.0,1.0,0.1
2372,1753490046.665376,node,1.1625041961669922,0.000478771748021245,0.0,1.1620254516601562,0.0,0.0001983115338027605,2.1193361511622912,759.9408905506134,1.0,1.0,1.0,0.1
2373,1753490047.2621512,graph,0.519553542137146,0.0,0.5157616138458252,0.0,0.03791903704404831,0.0001983101145642547,1.6756725875599316,760.5376658439636,1.0,1.0,1.0,0.1
2374,1753490047.7994258,graph,0.6091020107269287,0.0,0.6017005443572998,0.0,0.07401451468467712,0.00019830869473474395,1.8612456306720278,761.0749404430389,1.0,1.0,1.0,0.1
2375,1753490048.3597293,graph,0.6379745602607727,0.0,0.6320124864578247,0.0,0.05962079018354416,0.00019830727431423699,1.784747177014599,761.6352438926697,1.0,1.0,1.0,0.1
2376,1753490048.7275357,node,6.309708118438721,0.0005998151609674096,0.0,6.309108257293701,0.0,0.0001983058533027426,2.718821384955649,762.003050327301,1.0,1.0,1.0,0.1
2377,1753490049.3195443,graph,0.7464211583137512,0.0,0.7417004108428955,0.0,0.04720771312713623,0.00019830443170026958,1.6891646771891502,762.5950589179993,1.0,1.0,1.0,0.1
2378,1753490049.920118,graph,0.5863122940063477,0.0,0.581629753112793,0.0,0.046825163066387177,0.00019830300950682663,1.6650743611822045,763.1956326961517,1.0,1.0,1.0,0.1
2379,1753490050.526383,graph,0.5043047666549683,0.0,0.4980500638484955,0.0,0.06254691630601883,0.00019830158672242256,1.6494441886081768,763.8018975257874,1.0,1.0,1.0,0.1
2380,1753490050.991386,node,8.05660343170166,0.0010613739723339677,0.0,8.0555419921875,0.0,0.00019830016334706612,2.150523697115,764.2669005393982,1.0,1.0,1.0,0.1
2381,1753490051.507564,graph,0.420719712972641,0.0,0.4159983992576599,0.0,0.04721323400735855,0.00019829873938076613,1.9373157050689882,764.7830786705017,1.0,1.0,1.0,0.1
2382,1753490052.1227355,graph,0.4116811752319336,0.0,0.4075813889503479,0.0,0.040997881442308426,0.00019829731482353134,1.62556313114871,765.3982501029968,1.0,1.0,1.0,0.1
2383,1753490052.7719607,graph,0.7079707384109497,0.0,0.6986401677131653,0.0,0.09330560266971588,0.00019829588967537056,1.5402974901654323,766.0474753379822,1.0,1.0,1.0,0.1
2384,1753490053.25339,node,8.923307418823242,0.000806580064818263,0.0,8.922500610351562,0.0,0.00019829446393629258,2.0771480259362214,766.5289046764374,1.0,1.0,1.0,0.1
2385,1753490053.8652706,graph,0.6296272277832031,0.0,0.6219933032989502,0.0,0.07633913308382034,0.00019829303760630616,1.6343059359502932,767.1407852172852,1.0,1.0,1.0,0.1
2386,1753490054.5004292,graph,0.4196189343929291,0.0,0.4155205190181732,0.0,0.040984105318784714,0.00019829161068542014,1.574410070689417,767.7759437561035,1.0,1.0,1.0,0.1
2387,1753490055.1288676,graph,0.7065189480781555,0.0,0.7003176212310791,0.0,0.062013231217861176,0.0001982901831736433,1.5912456721937642,768.4043822288513,1.0,1.0,1.0,0.1
2388,1753490055.5788856,node,1.4938215017318726,0.00038958145887590945,0.0,1.4934319257736206,0.0,0.00019828875507098447,2.2221336870970885,768.8544001579285,1.0,1.0,1.0,0.1
2389,1753490056.2036648,graph,0.5848711133003235,0.0,0.5790528655052185,0.0,0.05818267911672592,0.00019828732637745242,1.6005653852641124,769.4791793823242,1.0,1.0,1.0,0.1
2390,1753490056.7885146,graph,0.6262012720108032,0.0,0.6195983290672302,0.0,0.06602929532527924,0.00019828589709305599,1.7098406139652138,770.0640292167664,1.0,1.0,1.0,0.1
2391,1753490057.4229138,graph,0.3780759274959564,0.0,0.3745129108428955,0.0,0.03563014417886734,0.00019828446721780398,1.576294608177873,770.6984283924103,1.0,1.0,1.0,0.1
2392,1753490057.7956958,node,2.7046070098876953,0.0006857517873868346,0.0,2.703921318054199,0.0,0.00019828303675170522,2.682533012783,771.0712103843689,1.0,1.0,1.0,0.1
2393,1753490058.2999053,graph,0.36806097626686096,0.0,0.36476877331733704,0.0,0.032922130078077316,0.00019828160569476856,1.9833025031113936,771.5754199028015,1.0,1.0,1.0,0.1
2394,1753490058.7782252,graph,0.4530937075614929,0.0,0.4497787058353424,0.0,0.03315003216266632,0.00019828017404700278,2.0906511203412985,772.0537397861481,1.0,1.0,1.0,0.1
2395,1753490059.4051416,graph,0.8197585940361023,0.0,0.8119063973426819,0.0,0.07852177321910858,0.00019827874180841675,1.5951089912142258,772.6806561946869,1.0,1.0,1.0,0.1
2396,1753490059.8813667,node,1.2173808813095093,0.0010810961248353124,0.0,1.2162997722625732,0.0,0.00019827730897901928,2.0998471538219303,773.1568813323975,1.0,1.0,1.0,0.1
2397,1753490060.430233,graph,0.5485265851020813,0.0,0.5438078045845032,0.0,0.04718786105513573,0.00019827587555881922,1.821937420942161,773.7057476043701,1.0,1.0,1.0,0.1
2398,1753490061.0642114,graph,0.4087829887866974,0.0,0.4031916856765747,0.0,0.05591314285993576,0.00019827444154782542,1.5773408877747266,774.3397259712219,1.0,1.0,1.0,0.1
2399,1753490061.6929827,graph,0.8475435376167297,0.0,0.8433725237846375,0.0,0.04171037673950195,0.00019827300694604671,1.5904033659202095,774.9684972763062,1.0,1.0,1.0,0.1
2400,1753490062.0930836,node,7.671240329742432,0.0011339205084368587,0.0,7.670106410980225,0.0,0.0001982715717534919,2.4993692440164588,775.3685982227325,1.0,1.0,1.0,0.1
2401,1753490062.6878738,graph,0.600631833076477,0.0,0.5939626693725586,0.0,0.0666915699839592,0.00019827013597016992,1.6812650341860504,775.9633884429932,1.0,1.0,1.0,0.1
2402,1753490063.3199103,graph,0.6641088128089905,0.0,0.6581287384033203,0.0,0.059800975024700165,0.0001982686995960896,1.5821872360618991,776.5954248905182,1.0,1.0,1.0,0.1
2403,1753490063.9670858,graph,0.5370216965675354,0.0,0.5303906798362732,0.0,0.06631018221378326,0.00019826726263125975,1.545175801663025,777.242600440979,1.0,1.0,1.0,0.1
2404,1753490064.4445405,node,4.087582111358643,0.0007876728195697069,0.0,4.086794376373291,0.0,0.00019826582507568932,2.094439700587739,777.720055103302,1.0,1.0,1.0,0.1
2405,1753490065.0683908,graph,0.5732444524765015,0.0,0.5672333836555481,0.0,0.06011077016592026,0.00019826438692938713,1.602948538915501,778.3439054489136,1.0,1.0,1.0,0.1
2406,1753490065.5871167,graph,0.6121894121170044,0.0,0.6068548560142517,0.0,0.05334584042429924,0.00019826294819236208,1.9278005087112433,778.8626313209534,1.0,1.0,1.0,0.1
2407,1753490066.176978,graph,0.513349711894989,0.0,0.5078728199005127,0.0,0.054768722504377365,0.000198261508864623,1.6953135294322121,779.4524927139282,1.0,1.0,1.0,0.1
2408,1753490066.6280568,node,6.078597068786621,0.0005699084722436965,0.0,6.078027248382568,0.0,0.00019826006894617878,2.216908276650523,779.9035713672638,1.0,1.0,1.0,0.1
2409,1753490067.0993705,graph,0.499029278755188,0.0,0.49559086561203003,0.0,0.03438413143157959,0.00019825862843703834,2.121729048432518,780.3748850822449,1.0,1.0,1.0,0.1
2410,1753490067.7145183,graph,0.5588409304618835,0.0,0.5521999597549438,0.0,0.06640949100255966,0.00019825718733721052,1.6256255045798311,780.9900329113007,1.0,1.0,1.0,0.1
2411,1753490068.235026,graph,0.4216790497303009,0.0,0.4170307219028473,0.0,0.04648327827453613,0.0001982557456467042,1.9212016304753599,781.5105404853821,1.0,1.0,1.0,0.1
2412,1753490068.6314464,node,0.967941403388977,0.0006680463557131588,0.0,0.9672733545303345,0.0,0.00019825430336552834,2.5225740178070954,781.9069609642029,1.0,1.0,1.0,0.1
2413,1753490069.258894,graph,0.34871476888656616,0.0,0.3437306880950928,0.0,0.04984088987112045,0.00019825286049369176,1.5937585733360793,782.5344085693359,1.0,1.0,1.0,0.1
2414,1753490069.838069,graph,0.5994310975074768,0.0,0.5934107303619385,0.0,0.06020384281873703,0.00019825141703120344,1.7265938756053343,783.1135835647583,1.0,1.0,1.0,0.1
2415,1753490070.5292227,graph,0.5867104530334473,0.0,0.5812946557998657,0.0,0.05415787920355797,0.0001982499729780722,1.446856041359008,783.804737329483,1.0,1.0,1.0,0.1
2416,1753490071.0020843,node,3.808762311935425,0.0006810296326875687,0.0,3.8080813884735107,0.0,0.000198248528334307,2.114784011697528,784.2775988578796,1.0,1.0,1.0,0.1
2417,1753490071.6411707,graph,0.47599726915359497,0.0,0.46912071108818054,0.0,0.06876552104949951,0.00019824708309991676,1.5647334494052094,784.9166853427887,1.0,1.0,1.0,0.1
2418,1753490072.1995842,graph,0.7244145274162292,0.0,0.7193499803543091,0.0,0.05064534395933151,0.00019824563727491033,1.790787633274641,785.4750988483429,1.0,1.0,1.0,0.1
2419,1753490072.8193853,graph,0.4266037940979004,0.0,0.421356737613678,0.0,0.052470579743385315,0.00019824419085929672,1.6134209661821626,786.094899892807,1.0,1.0,1.0,0.1
2420,1753490073.244365,node,1.2388153076171875,0.0006067266222089529,0.0,1.238208532333374,0.0,0.0001982427438530848,2.353053642817311,786.5198795795441,1.0,1.0,1.0,0.1
2421,1753490073.831661,graph,0.36554449796676636,0.0,0.36044439673423767,0.0,0.05100087448954582,0.0001982412962562835,1.7027188752639755,787.1071755886078,1.0,1.0,1.0,0.1
2422,1753490074.32553,graph,0.5259149670600891,0.0,0.520174503326416,0.0,0.057404469698667526,0.00019823984806890174,2.0248281748370816,787.6010446548462,1.0,1.0,1.0,0.1
2423,1753490074.9478297,graph,0.4000851511955261,0.0,0.396585613489151,0.0,0.03499532490968704,0.00019823839929094844,1.6069428385120343,788.2233443260193,1.0,1.0,1.0,0.1
2424,1753490075.425808,node,0.6228476762771606,0.0006460821023210883,0.0,0.6222016215324402,0.0,0.00019823694992243262,2.0921454958284826,788.701322555542,1.0,1.0,1.0,0.1
2425,1753490076.0377908,graph,0.697630763053894,0.0,0.6878543496131897,0.0,0.09776421636343002,0.0001982354999633631,1.6340327920456343,789.3133053779602,1.0,1.0,1.0,0.1
2426,1753490076.5404234,graph,0.4930233955383301,0.0,0.4843076169490814,0.0,0.08715783059597015,0.00019823404941374893,1.989524683212266,789.8159379959106,1.0,1.0,1.0,0.1
2427,1753490077.0374517,graph,0.4426795244216919,0.0,0.4379810094833374,0.0,0.04698500037193298,0.000198232598273599,2.0119576646481394,790.3129663467407,1.0,1.0,1.0,0.1
2428,1753490077.402194,node,4.603757381439209,0.0006478077848441899,0.0,4.603109359741211,0.0,0.00019823114654292224,2.74166187313706,790.6777086257935,1.0,1.0,1.0,0.1
2429,1753490077.8981278,graph,0.38481274247169495,0.0,0.3800692558288574,0.0,0.0474349781870842,0.0001982296942217277,2.01639827373435,791.1736423969269,1.0,1.0,1.0,0.1
2430,1753490078.4835443,graph,0.5977933406829834,0.0,0.5930964946746826,0.0,0.046968504786491394,0.00019822824131002426,1.7081853780318195,791.7590589523315,1.0,1.0,1.0,0.1
2431,1753490079.109024,graph,0.4945041537284851,0.0,0.48915278911590576,0.0,0.0535137876868248,0.00019822678780782087,1.5987729144653686,792.3845386505127,1.0,1.0,1.0,0.1
2432,1753490079.5275857,node,1.717498779296875,0.0007048543193377554,0.0,1.7167938947677612,0.0,0.00019822533371512656,2.389134044401407,792.8031003475189,1.0,1.0,1.0,0.1
2433,1753490080.0490136,graph,0.582992672920227,0.0,0.5779480338096619,0.0,0.050446271896362305,0.00019822387903195023,1.91781079977522,793.3245282173157,1.0,1.0,1.0,0.1
2434,1753490080.5332217,graph,0.38898828625679016,0.0,0.38396793603897095,0.0,0.05020362138748169,0.00019822242375830092,2.0652277100579246,793.8087363243103,1.0,1.0,1.0,0.1
2435,1753490081.0214639,graph,0.3328225612640381,0.0,0.32967233657836914,0.0,0.03150235861539841,0.00019822096789418758,2.048164013133864,794.2969784736633,1.0,1.0,1.0,0.1
2436,1753490081.433996,node,0.708022952079773,0.0005950994091108441,0.0,0.7074278593063354,0.0,0.00019821951143961916,2.424053840841249,794.7095105648041,1.0,1.0,1.0,0.1
2437,1753490081.907094,graph,0.5267614722251892,0.0,0.5221701264381409,0.0,0.04591355845332146,0.00019821805439460468,2.113726788612908,795.1826086044312,1.0,1.0,1.0,0.1
2438,1753490082.3752398,graph,0.7279119491577148,0.0,0.7191249132156372,0.0,0.08787024021148682,0.0001982165967591531,2.136086447681898,795.6507544517517,1.0,1.0,1.0,0.1
2439,1753490082.8918686,graph,0.520947277545929,0.0,0.5154025554656982,0.0,0.05544720217585564,0.00019821513853327346,1.9356259500908672,796.1673831939697,1.0,1.0,1.0,0.1
2440,1753490083.2576249,node,6.222794055938721,0.0006300891400314867,0.0,6.222164154052734,0.0,0.00019821367971697472,2.7340611032056077,796.5331394672394,1.0,1.0,1.0,0.1
2441,1753490083.759006,graph,0.4384745955467224,0.0,0.43434062600135803,0.0,0.041339725255966187,0.00019821222031026585,1.9944905834436943,797.0345206260681,1.0,1.0,1.0,0.1
2442,1753490084.2520692,graph,0.6632015705108643,0.0,0.6578363180160522,0.0,0.05365278944373131,0.00019821076031315593,2.0281375223216767,797.5275838375092,1.0,1.0,1.0,0.1
2443,1753490084.753537,graph,0.5287259817123413,0.0,0.5239930152893066,0.0,0.047329746186733246,0.00019820929972565388,1.9941463637279941,798.0290515422821,1.0,1.0,1.0,0.1
2444,1753490085.1341324,node,2.3876099586486816,0.00081304379273206,0.0,2.3867969512939453,0.0,0.00019820783854776881,2.6274618140450645,798.409646987915,1.0,1.0,1.0,0.1
2445,1753490085.6288009,graph,0.5038745999336243,0.0,0.4985741972923279,0.0,0.05300397425889969,0.00019820637677950964,2.021555916502393,798.9043154716492,1.0,1.0,1.0,0.1
2446,1753490086.1163633,graph,0.45517396926879883,0.0,0.45106041431427,0.0,0.04113560914993286,0.00019820491442088545,2.0510194451304042,799.3918778896332,1.0,1.0,1.0,0.1
2447,1753490086.7111955,graph,0.678639829158783,0.0,0.6724256277084351,0.0,0.06214223429560661,0.0001982034514719052,1.6811464315102727,799.9867100715637,1.0,1.0,1.0,0.1
2448,1753490087.073437,node,1.3752857446670532,0.001139455707743764,0.0,1.3741463422775269,0.0,0.00019820198793257793,2.760589225267894,800.3489515781403,1.0,1.0,1.0,0.1
2449,1753490087.5482097,graph,0.44578856229782104,0.0,0.44042032957077026,0.0,0.053682200610637665,0.0001982005238029127,2.106271100730613,800.823724269867,1.0,1.0,1.0,0.1
2450,1753490088.0267785,graph,0.5929956436157227,0.0,0.589264988899231,0.0,0.03730671852827072,0.00019819905908291855,2.089563749244618,801.3022930622101,1.0,1.0,1.0,0.1
2451,1753490088.5130975,graph,0.6823543310165405,0.0,0.6751152873039246,0.0,0.07239062339067459,0.00019819759377260446,2.056263206145791,801.7886121273041,1.0,1.0,1.0,0.1
2452,1753490088.8483374,node,0.9712882041931152,0.0010723943123593926,0.0,0.9702157974243164,0.0,0.00019819612787197954,2.9829386002967078,802.1238520145416,1.0,1.0,1.0,0.1
2453,1753490089.3393128,graph,0.38887104392051697,0.0,0.38372692465782166,0.0,0.05144115537405014,0.00019819466138105274,2.0367620065070655,802.6148273944855,1.0,1.0,1.0,0.1
2454,1753490089.8451896,graph,0.49530673027038574,0.0,0.49005061388015747,0.0,0.05256127566099167,0.0001981931942998332,1.9767659643859155,803.1207041740417,1.0,1.0,1.0,0.1
2455,1753490090.3662944,graph,0.4973137378692627,0.0,0.4899478554725647,0.0,0.07365884631872177,0.00019819172662832995,1.9189997401256913,803.6418089866638,1.0,1.0,1.0,0.1
2456,1753490090.7368987,node,1.2971911430358887,0.0008263059426099062,0.0,1.2963647842407227,0.0,0.00019819025836655197,2.6982958993892927,804.0124132633209,1.0,1.0,1.0,0.1
2457,1753490091.2126088,graph,0.4447995722293854,0.0,0.440366268157959,0.0,0.04433293640613556,0.00019818878951450837,2.1021203614743444,804.4881234169006,1.0,1.0,1.0,0.1
2458,1753490091.6792727,graph,0.7142089605331421,0.0,0.708393931388855,0.0,0.058150358498096466,0.00019818732007220824,2.142870134315624,804.9547872543335,1.0,1.0,1.0,0.1
2459,1753490092.1569185,graph,0.8654798865318298,0.0,0.8489998579025269,0.0,0.1648000031709671,0.00019818585003966062,2.0936012522761396,805.4324331283569,1.0,1.0,1.0,0.1
2460,1753490092.5053267,node,0.6144561171531677,0.0014073426136747003,0.0,0.613048791885376,0.0,0.00019818437941687453,2.870196328002573,805.7808413505554,1.0,1.0,1.0,0.1
2461,1753490093.0015955,graph,0.48311424255371094,0.0,0.4771929979324341,0.0,0.05921236425638199,0.0001981829082038591,2.015037218316389,806.2771100997925,1.0,1.0,1.0,0.1
2462,1753490093.5059996,graph,0.5350045561790466,0.0,0.5300381183624268,0.0,0.04966430366039276,0.0001981814364006234,1.9825375397518652,806.7815141677856,1.0,1.0,1.0,0.1
2463,1753490094.0105305,graph,0.5107990503311157,0.0,0.5055577754974365,0.0,0.052412670105695724,0.00019817996400717648,1.9820391313305825,807.2860450744629,1.0,1.0,1.0,0.1
2464,1753490094.4674153,node,1.284549593925476,0.0009667255799286067,0.0,1.2835829257965088,0.0,0.00019817849102352742,2.188735249024951,807.7429299354553,1.0,1.0,1.0,0.1
2465,1753490095.1008909,graph,0.36834993958473206,0.0,0.3643497824668884,0.0,0.040001604706048965,0.00019817701744968534,1.578592910998126,808.3764054775238,1.0,1.0,1.0,0.1
2466,1753490095.6269517,graph,0.39111751317977905,0.0,0.3863409161567688,0.0,0.047765910625457764,0.00019817554328565933,1.9009208872677896,808.9024662971497,1.0,1.0,1.0,0.1
2467,1753490096.1130128,graph,0.5648317337036133,0.0,0.558336079120636,0.0,0.06495660543441772,0.00019817406853145847,2.05735453389631,809.3885273933411,1.0,1.0,1.0,0.1
2468,1753490096.4854696,node,6.206524848937988,0.001024155062623322,0.0,6.205500602722168,0.0,0.00019817259318709183,2.684875211000917,809.7609841823578,1.0,1.0,1.0,0.1
2469,1753490097.0959003,graph,0.6135081648826599,0.0,0.6075716018676758,0.0,0.05936535447835922,0.00019817111725256855,1.6381875475524268,810.371414899826,1.0,1.0,1.0,0.1
2470,1753490097.6888363,graph,0.4403456449508667,0.0,0.4354703426361084,0.0,0.048753153532743454,0.00019816964072789773,1.6865225492711164,810.964350938797,1.0,1.0,1.0,0.1
2471,1753490098.3052092,graph,0.43091902136802673,0.0,0.4266898036003113,0.0,0.042292073369026184,0.00019816816361308847,1.6223946960744684,811.5807237625122,1.0,1.0,1.0,0.1
2472,1753490098.8122091,node,0.7599964737892151,0.0011933182831853628,0.0,0.758803129196167,0.0,0.00019816668590814986,1.9723867064940146,812.0877237319946,1.0,1.0,1.0,0.1
2473,1753490099.4447105,graph,0.6153369545936584,0.0,0.6079167127609253,0.0,0.07420241832733154,0.00019816520761309106,1.5810242590852361,812.7202250957489,1.0,1.0,1.0,0.1
2474,1753490100.0796666,graph,0.573654055595398,0.0,0.5676912069320679,0.0,0.0596281960606575,0.00019816372872792117,1.5749119761610004,813.3551812171936,1.0,1.0,1.0,0.1
2475,1753490100.6580288,graph,0.33012330532073975,0.0,0.32644155621528625,0.0,0.036817602813243866,0.00019816224925264927,1.7290202475279564,813.9335434436798,1.0,1.0,1.0,0.1
2476,1753490101.0448587,node,0.8234577178955078,0.0011059287935495377,0.0,0.8223518133163452,0.0,0.00019816076918728454,2.585115890345779,814.3203732967377,1.0,1.0,1.0,0.1
2477,1753490101.5016842,graph,0.5158535838127136,0.0,0.5104908347129822,0.0,0.05362731218338013,0.00019815928853183612,2.189019683570234,814.7771987915039,1.0,1.0,1.0,0.1
2478,1753490102.0382068,graph,0.5651533007621765,0.0,0.5599337816238403,0.0,0.052194930613040924,0.00019815780728631307,1.8638542903980244,815.3137214183807,1.0,1.0,1.0,0.1
2479,1753490102.6235123,graph,1.7340551614761353,0.0,1.3156124353408813,0.0,4.184427261352539,0.0001981563254507246,1.7085096268802324,815.8990268707275,1.0,1.0,1.0,0.1
2480,1753490103.0515938,node,0.363688588142395,0.0009427742916159332,0.0,0.36274582147598267,0.0,0.0001981548430250798,2.3360037070371327,816.3271083831787,1.0,1.0,1.0,0.1
2481,1753490103.5588834,graph,0.5633184909820557,0.0,0.5569422245025635,0.0,0.06376241147518158,0.00019815336000938787,1.971260410757583,816.8343980312347,1.0,1.0,1.0,0.1
2482,1753490104.1466753,graph,0.45781663060188293,0.0,0.4522295594215393,0.0,0.05587061494588852,0.0001981518764036579,1.7012823185734602,817.422189950943,1.0,1.0,1.0,0.1
2483,1753490104.6742353,graph,0.38026243448257446,0.0,0.3754943609237671,0.0,0.04768083617091179,0.00019815039220789907,1.8955190087253535,817.9497499465942,1.0,1.0,1.0,0.1
2484,1753490105.0406094,node,1.6187106370925903,0.0009717876091599464,0.0,1.6177388429641724,0.0,0.00019814890742212053,2.7294512079256372,818.3161239624023,1.0,1.0,1.0,0.1
2485,1753490105.6045825,graph,0.44772982597351074,0.0,0.44228315353393555,0.0,0.054466672241687775,0.00019814742204633148,1.7731339371584989,818.8800971508026,1.0,1.0,1.0,0.1
2486,1753490106.1617587,graph,0.4228084683418274,0.0,0.4182332158088684,0.0,0.0457523874938488,0.00019814593608054098,1.794764664954475,819.4372732639313,1.0,1.0,1.0,0.1
2487,1753490106.7032673,graph,0.4445194602012634,0.0,0.4408261179924011,0.0,0.036933332681655884,0.00019814444952475832,1.84669248502588,819.9787819385529,1.0,1.0,1.0,0.1
2488,1753490107.1394055,node,2.401820182800293,0.0010561683448031545,0.0,2.400763988494873,0.0,0.00019814296237899258,2.292851457609922,820.414920091629,1.0,1.0,1.0,0.1
2489,1753490107.691904,graph,0.3191066384315491,0.0,0.31493687629699707,0.0,0.04169750213623047,0.00019814147464325296,1.8099594061657576,820.9674186706543,1.0,1.0,1.0,0.1
2490,1753490108.2240322,graph,0.7355000972747803,0.0,0.7241705656051636,0.0,0.11329527199268341,0.00019813998631754867,1.8792467607297259,821.4995467662811,1.0,1.0,1.0,0.1
2491,1753490108.874763,graph,0.4129931926727295,0.0,0.40957117080688477,0.0,0.03422027826309204,0.00019813849740188882,1.5367336627630697,822.1502776145935,1.0,1.0,1.0,0.1
2492,1753490109.226768,node,2.5708630084991455,0.0010593977058306336,0.0,2.5698037147521973,0.0,0.00019813700789628267,2.840868698253067,822.5022826194763,1.0,1.0,1.0,0.1
2493,1753490109.878691,graph,0.5032995343208313,0.0,0.4979759454727173,0.0,0.05323610454797745,0.00019813551780073938,1.5339236231619577,823.1542055606842,1.0,1.0,1.0,0.1
2494,1753490110.3946288,graph,0.5821118950843811,0.0,0.5728050470352173,0.0,0.09306826442480087,0.0001981340271152681,1.9382181146025879,823.67014336586,1.0,1.0,1.0,0.1
2495,1753490110.9211771,graph,0.38568612933158875,0.0,0.3818308711051941,0.0,0.03855254501104355,0.0001981325358398781,1.8991606988259926,824.1966917514801,1.0,1.0,1.0,0.1
2496,1753490111.3098834,node,2.493173837661743,0.0010568733559921384,0.0,2.492116928100586,0.0,0.0001981310439745785,2.5726370746930725,824.5853979587555,1.0,1.0,1.0,0.1
2497,1753490111.9406712,graph,0.45696234703063965,0.0,0.4503280818462372,0.0,0.06634268164634705,0.00019812955151937857,1.5853190591885145,825.2161858081818,1.0,1.0,1.0,0.1
2498,1753490112.568037,graph,0.5068381428718567,0.0,0.5017183423042297,0.0,0.05119799077510834,0.00019812805847428748,1.593966320876291,825.8435516357422,1.0,1.0,1.0,0.1
2499,1753490113.2064834,graph,0.7204935550689697,0.0,0.7137588262557983,0.0,0.0673474371433258,0.00019812656483931445,1.56630236780567,826.4819979667664,1.0,1.0,1.0,0.1
2500,1753490113.6857643,node,104.67414855957031,0.0016213128110393882,0.0,104.67252349853516,0.0,0.0001981250706144687,2.0864588981469967,826.9612789154053,1.0,1.0,1.0,0.1
2501,1753490129.494938,graph,0.4336628317832947,0.0,0.4282369613647461,0.0,0.0542588047683239,0.0001981235757997594,0.06325441331184187,842.7704524993896,1.0,1.0,1.0,0.1
2502,1753490129.9938006,graph,0.34465262293815613,0.0,0.33998778462409973,0.0,0.04664848372340202,0.00019812208039519586,2.0045593968978896,843.2693152427673,1.0,1.0,1.0,0.1
2503,1753490130.4779744,graph,0.39326828718185425,0.0,0.3886169195175171,0.0,0.04651375859975815,0.00019812058440078724,2.06537415327767,843.7534890174866,1.0,1.0,1.0,0.1
2504,1753490130.870954,node,2.149374485015869,0.000982387806288898,0.0,2.1483922004699707,0.0,0.00019811908781654277,2.5446612096517818,844.1464686393738,1.0,1.0,1.0,0.1
2505,1753490131.3419845,graph,0.5930254459381104,0.0,0.5866792798042297,0.0,0.06346175074577332,0.00019811759064247169,2.123004892073222,844.6174991130829,1.0,1.0,1.0,0.1
2506,1753490131.8236475,graph,0.38788652420043945,0.0,0.3817458152770996,0.0,0.06140720099210739,0.00019811609287858324,2.0761404208705794,845.0991621017456,1.0,1.0,1.0,0.1
2507,1753490132.28277,graph,0.3543049395084381,0.0,0.3490746021270752,0.0,0.0523032508790493,0.00019811459452488667,2.1780683273969608,845.5582845211029,1.0,1.0,1.0,0.1
2508,1753490132.6445408,node,3.4149253368377686,0.0010626671137288213,0.0,3.413862705230713,0.0,0.00019811309558139122,2.764180556315273,845.9200553894043,1.0,1.0,1.0,0.1
2509,1753490133.106001,graph,0.3717009723186493,0.0,0.36685723066329956,0.0,0.048437319695949554,0.0001981115960481061,2.1670345295075597,846.3815155029297,1.0,1.0,1.0,0.1
2510,1753490133.5901577,graph,0.4073863625526428,0.0,0.4021691381931305,0.0,0.05217219889163971,0.00019811009592504063,2.0654463655653883,846.8656723499298,1.0,1.0,1.0,0.1
2511,1753490134.0510201,graph,0.38260123133659363,0.0,0.3767504394054413,0.0,0.058507949113845825,0.00019810859521220397,2.169845064425863,847.3265347480774,1.0,1.0,1.0,0.1
2512,1753490134.4125516,node,0.34905391931533813,0.0017050004098564386,0.0,0.3473489284515381,0.0,0.00019810709390960545,2.7660107374636715,847.6880662441254,1.0,1.0,1.0,0.1
2513,1753490134.8825085,graph,0.7185049653053284,0.0,0.7124161720275879,0.0,0.06088782474398613,0.00019810559201725433,2.127854817156755,848.1580231189728,1.0,1.0,1.0,0.1
2514,1753490135.3394585,graph,0.45222145318984985,0.0,0.4488070011138916,0.0,0.034144580364227295,0.00019810408953515983,2.1884234840369885,848.6149730682373,1.0,1.0,1.0,0.1
2515,1753490135.7753627,graph,0.7017151117324829,0.0,0.6934688091278076,0.0,0.08246304839849472,0.00019810258646333123,2.2940817091146766,849.0508773326874,1.0,1.0,1.0,0.1
2516,1753490136.1753728,node,1.8235706090927124,0.001078723813407123,0.0,1.8224918842315674,0.0,0.00019810108280177784,2.4999368206732293,849.4508874416351,1.0,1.0,1.0,0.1
2517,1753490136.6365728,graph,0.43948277831077576,0.0,0.43597593903541565,0.0,0.035068366676568985,0.00019809957855050888,2.1682567269760904,849.9120874404907,1.0,1.0,1.0,0.1
2518,1753490137.1005666,graph,0.40035805106163025,0.0,0.39547473192214966,0.0,0.04883333295583725,0.00019809807370953366,2.1552012685682516,850.3760812282562,1.0,1.0,1.0,0.1
2519,1753490137.5617352,graph,0.395438551902771,0.0,0.39080554246902466,0.0,0.046330105513334274,0.00019809656827886148,2.1684046940439368,850.8372497558594,1.0,1.0,1.0,0.1
2520,1753490137.939925,node,0.8825452923774719,0.001180978142656386,0.0,0.8813642859458923,0.0,0.00019809506225850162,2.644174946713713,851.2154395580292,1.0,1.0,1.0,0.1
2521,1753490138.3745675,graph,0.4665367007255554,0.0,0.4584093689918518,0.0,0.08127336949110031,0.00019809355564846332,2.3007411316258763,851.6500821113586,1.0,1.0,1.0,0.1
2522,1753490138.811,graph,0.3862127959728241,0.0,0.3827870488166809,0.0,0.034257352352142334,0.00019809204844875594,2.291304544965368,852.08651471138,1.0,1.0,1.0,0.1
2523,1753490139.2836614,graph,0.4410315752029419,0.0,0.4367726743221283,0.0,0.04258900135755539,0.00019809054065938873,2.1156800681972374,852.5591759681702,1.0,1.0,1.0,0.1
2524,1753490139.621263,node,0.7167560458183289,0.0014406770933419466,0.0,0.7153153419494629,0.0,0.000198089032280371,2.962070728613761,852.8967776298523,1.0,1.0,1.0,0.1
2525,1753490140.0950544,graph,0.5941105484962463,0.0,0.5878404378890991,0.0,0.06270083039999008,0.00019808752331171208,2.110633672583628,853.3705689907074,1.0,1.0,1.0,0.1
2526,1753490140.5423338,graph,0.49299266934394836,0.0,0.48795825242996216,0.0,0.05034417659044266,0.00019808601375342124,2.235738737096394,853.817848443985,1.0,1.0,1.0,0.1
2527,1753490140.9949594,graph,0.7023569941520691,0.0,0.6982468962669373,0.0,0.04110087454319,0.00019808450360550784,2.2093319335942128,854.2704739570618,1.0,1.0,1.0,0.1
2528,1753490141.3549206,node,1.1000816822052002,0.0022200369276106358,0.0,1.097861647605896,0.0,0.00019808299286798114,2.7780766425992542,854.6304352283478,1.0,1.0,1.0,0.1
2529,1753490141.8104117,graph,0.5707431435585022,0.0,0.5635982155799866,0.0,0.07144926488399506,0.00019808148154085048,2.195432742134388,855.0859262943268,1.0,1.0,1.0,0.1
2530,1753490142.286965,graph,0.5121551752090454,0.0,0.5061759948730469,0.0,0.05979166552424431,0.0001980799696241252,2.0984015981516992,855.5624794960022,1.0,1.0,1.0,0.1
2531,1753490142.758971,graph,0.7424271106719971,0.0,0.736347496509552,0.0,0.060796357691287994,0.00019807845711781463,2.118616765762321,856.034485578537,1.0,1.0,1.0,0.1
2532,1753490143.1329448,node,4.350313186645508,0.002874471712857485,0.0,4.347438812255859,0.0,0.00019807694402192806,2.673983781302596,856.4084594249725,1.0,1.0,1.0,0.1
2533,1753490143.594097,graph,0.5934286713600159,0.0,0.588896632194519,0.0,0.04532020539045334,0.00019807543033647485,2.1684820485034733,856.8696115016937,1.0,1.0,1.0,0.1
2534,1753490144.061155,graph,0.4724839925765991,0.0,0.4663609564304352,0.0,0.06123041734099388,0.00019807391606146434,2.1410608764543255,857.3366696834564,1.0,1.0,1.0,0.1
2535,1753490144.5046747,graph,0.4308776557445526,0.0,0.4255076050758362,0.0,0.05370064079761505,0.0001980724011969059,2.2546918273613956,857.7801892757416,1.0,1.0,1.0,0.1
2536,1753490144.8039327,node,0.6652125120162964,0.0009852246148511767,0.0,0.664227306842804,0.0,0.0001980708857428088,3.3415982899650167,858.0794472694397,1.0,1.0,1.0,0.1
2537,1753490145.2725515,graph,0.3495570421218872,0.0,0.3459617495536804,0.0,0.03595304116606712,0.00019806936969918244,2.1339302885226887,858.5480661392212,1.0,1.0,1.0,0.1
2538,1753490145.734331,graph,0.3383657932281494,0.0,0.33214035630226135,0.0,0.06225436180830002,0.00019806785306603617,2.165536390920689,859.009845495224,1.0,1.0,1.0,0.1
2539,1753490146.1987371,graph,0.40948665142059326,0.0,0.4058988094329834,0.0,0.03587842732667923,0.00019806633584337934,2.153287118536692,859.4742517471313,1.0,1.0,1.0,0.1
2540,1753490146.5474172,node,2.0453078746795654,0.0007183386478573084,0.0,2.0445895195007324,0.0,0.00019806481803122129,2.8679590008683937,859.82293176651,1.0,1.0,1.0,0.1
2541,1753490147.0074816,graph,0.4271732568740845,0.0,0.4215209186077118,0.0,0.05652346834540367,0.0001980632996295714,2.173608685512917,860.2829961776733,1.0,1.0,1.0,0.1
2542,1753490147.4775734,graph,0.3601154088973999,0.0,0.35698914527893066,0.0,0.03126271814107895,0.00019806178063843904,2.127243993532511,860.7530879974365,1.0,1.0,1.0,0.1
2543,1753490147.9356925,graph,0.437240332365036,0.0,0.4315274953842163,0.0,0.05712845176458359,0.0001980602610578336,2.182838223025765,861.211207151413,1.0,1.0,1.0,0.1
2544,1753490148.3218305,node,7.477492332458496,0.0014733622083440423,0.0,7.476018905639648,0.0,0.00019805874088776437,2.589747959347485,861.5973451137543,1.0,1.0,1.0,0.1
2545,1753490148.7912529,graph,0.4386471211910248,0.0,0.4326004981994629,0.0,0.060466375201940536,0.0001980572201282408,2.130277820102595,862.0667674541473,1.0,1.0,1.0,0.1
2546,1753490149.2461958,graph,0.4116939902305603,0.0,0.40745919942855835,0.0,0.04234784096479416,0.00019805569877927225,2.198077843209904,862.521710395813,1.0,1.0,1.0,0.1
2547,1753490149.688572,graph,0.5329568386077881,0.0,0.5264230966567993,0.0,0.0653374195098877,0.00019805417684086812,2.2605197632931997,862.9640865325928,1.0,1.0,1.0,0.1
2548,1753490150.0601263,node,0.7352390885353088,0.0020033468026667833,0.0,0.7332357168197632,0.0,0.0001980526543130378,2.691396113479619,863.3356409072876,1.0,1.0,1.0,0.1
2549,1753490150.509223,graph,0.393241822719574,0.0,0.38662290573120117,0.0,0.06618931889533997,0.00019805113119579067,2.226692035879315,863.7847375869751,1.0,1.0,1.0,0.1
2550,1753490150.9788694,graph,0.46642255783081055,0.0,0.46029090881347656,0.0,0.06131654232740402,0.00019804960748913614,2.12926125979775,864.2543840408325,1.0,1.0,1.0,0.1
2551,1753490151.4428124,graph,0.5223409533500671,0.0,0.5155309438705444,0.0,0.06810032576322556,0.00019804808319308356,2.15543717669501,864.7183270454407,1.0,1.0,1.0,0.1
2552,1753490151.73599,node,2.583828926086426,0.0016494955634698272,0.0,2.582179546356201,0.0,0.00019804655830764237,3.4109017334647502,865.011504650116,1.0,1.0,1.0,0.1
2553,1753490152.172307,graph,0.38900479674339294,0.0,0.38413238525390625,0.0,0.048724062740802765,0.00019804503283282198,2.2919117880097004,865.4478216171265,1.0,1.0,1.0,0.1
2554,1753490152.634999,graph,0.3239519000053406,0.0,0.31774383783340454,0.0,0.062080755829811096,0.0001980435067686318,2.161264840872049,865.9105136394501,1.0,1.0,1.0,0.1
2555,1753490153.075232,graph,0.3676260709762573,0.0,0.3598841428756714,0.0,0.0774192214012146,0.00019804198011508123,2.2715244376976407,866.3507466316223,1.0,1.0,1.0,0.1
2556,1753490153.4596403,node,6.3889288902282715,0.001414520782418549,0.0,6.387514591217041,0.0,0.0001980404528721797,2.601401082288,866.7351548671722,1.0,1.0,1.0,0.1
2557,1753490153.9380352,graph,0.48160314559936523,0.0,0.4777350425720215,0.0,0.038680966943502426,0.0001980389250399366,2.0903229150365754,867.2135498523712,1.0,1.0,1.0,0.1
2558,1753490154.396907,graph,0.4146028459072113,0.0,0.4089296758174896,0.0,0.05673157423734665,0.00019803739661836136,2.1792577136182825,867.6724216938019,1.0,1.0,1.0,0.1
2559,1753490154.8706698,graph,0.4604039192199707,0.0,0.4551618695259094,0.0,0.05242045968770981,0.00019803586760746346,2.1107611324011564,868.1461844444275,1.0,1.0,1.0,0.1
2560,1753490155.1888983,node,0.9455080628395081,0.0017951057525351644,0.0,0.9437129497528076,0.0,0.00019803433800725227,3.14239627435012,868.4644129276276,1.0,1.0,1.0,0.1
2561,1753490155.6330655,graph,0.5827880501747131,0.0,0.5758107900619507,0.0,0.06977242231369019,0.00019803280781773727,2.251404744676785,868.9085800647736,1.0,1.0,1.0,0.1
2562,1753490156.1070108,graph,0.39956042170524597,0.0,0.3939272165298462,0.0,0.0563320517539978,0.00019803127703892792,2.1099477783015095,869.3825254440308,1.0,1.0,1.0,0.1
2563,1753490156.5874224,graph,0.3628433048725128,0.0,0.35876211524009705,0.0,0.04081200063228607,0.0001980297456708336,2.0815487108633683,869.8629369735718,1.0,1.0,1.0,0.1
2564,1753490156.978638,node,0.3666990101337433,0.0014025485143065453,0.0,0.36529645323753357,0.0,0.00019802821371346378,2.55613552996355,870.2541525363922,1.0,1.0,1.0,0.1
2565,1753490157.4390693,graph,0.34679344296455383,0.0,0.3417622447013855,0.0,0.050311844795942307,0.0001980266811668279,2.171876496811032,870.7145838737488,1.0,1.0,1.0,0.1
2566,1753490157.916332,graph,0.4105408787727356,0.0,0.4041919708251953,0.0,0.06348921358585358,0.00019802514803093544,2.0952819608499413,871.1918466091156,1.0,1.0,1.0,0.1
2567,1753490158.3861148,graph,0.3626377582550049,0.0,0.35789093375205994,0.0,0.047468166798353195,0.00019802361430579582,2.1286431467124642,871.6616294384003,1.0,1.0,1.0,0.1
2568,1753490158.7287912,node,3.700913667678833,0.000994938425719738,0.0,3.699918746948242,0.0,0.00019802207999141853,2.918205037400272,872.0043058395386,1.0,1.0,1.0,0.1
2569,1753490159.1893418,graph,0.4628230035305023,0.0,0.45526325702667236,0.0,0.07559750974178314,0.00019802054508781305,2.17131432647802,872.4648563861847,1.0,1.0,1.0,0.1
2570,1753490159.647984,graph,0.5059455633163452,0.0,0.5002241730690002,0.0,0.05721363425254822,0.0001980190095949888,2.1803486537556824,872.9234986305237,1.0,1.0,1.0,0.1
2571,1753490160.1101136,graph,0.40339452028274536,0.0,0.3993920683860779,0.0,0.04002460837364197,0.0001980174735129553,2.16389518302523,873.3856282234192,1.0,1.0,1.0,0.1
2572,1753490160.4888139,node,0.8953381776809692,0.0011377304326742887,0.0,0.8942004442214966,0.0,0.000198015936841722,2.640610834659629,873.7643284797668,1.0,1.0,1.0,0.1
2573,1753490160.9338741,graph,0.338146835565567,0.0,0.33236509561538696,0.0,0.05781746655702591,0.00019801439958129835,2.2468867820420653,874.2093887329102,1.0,1.0,1.0,0.1
2574,1753490161.3791676,graph,0.5655158758163452,0.0,0.561064600944519,0.0,0.044512905180454254,0.00019801286173169388,2.2457102226486536,874.6546821594238,1.0,1.0,1.0,0.1
2575,1753490161.826303,graph,0.7151041626930237,0.0,0.7032420635223389,0.0,0.1186210960149765,0.0001980113232929181,2.236458781010354,875.1018176078796,1.0,1.0,1.0,0.1
2576,1753490162.1913993,node,1.7617473602294922,0.0010080604115501046,0.0,1.7607393264770508,0.0,0.00019800978426498043,2.73900315086608,875.4669139385223,1.0,1.0,1.0,0.1
2577,1753490162.6648977,graph,0.406280517578125,0.0,0.4025421142578125,0.0,0.03738408535718918,0.00019800824464789036,2.111939802497085,875.9404122829437,1.0,1.0,1.0,0.1
2578,1753490163.1310682,graph,0.37793537974357605,0.0,0.37027135491371155,0.0,0.07664033770561218,0.00019800670444165746,2.145137656814103,876.4065828323364,1.0,1.0,1.0,0.1
2579,1753490163.5940652,graph,0.29317086935043335,0.0,0.28835582733154297,0.0,0.048150435090065,0.00019800516364629116,2.159841396534411,876.8695797920227,1.0,1.0,1.0,0.1
2580,1753490163.9809546,node,3.866328001022339,0.0013177250511944294,0.0,3.8650102615356445,0.0,0.000198003622261801,2.584717624352019,877.2564692497253,1.0,1.0,1.0,0.1
2581,1753490164.4232526,graph,0.5456320643424988,0.0,0.5411622524261475,0.0,0.04469823092222214,0.0001980020802881965,2.260919438616767,877.6987671852112,1.0,1.0,1.0,0.1
2582,1753490164.879531,graph,0.5077757239341736,0.0,0.4989248514175415,0.0,0.08850876986980438,0.00019800053772548715,2.1916447639998538,878.1550455093384,1.0,1.0,1.0,0.1
2583,1753490165.3293686,graph,0.41514143347740173,0.0,0.40801993012428284,0.0,0.07121492922306061,0.00019799899457368248,2.22302406882501,878.6048831939697,1.0,1.0,1.0,0.1
2584,1753490165.6723733,node,5.270286560058594,0.0015898707788437605,0.0,5.2686967849731445,0.0,0.00019799745083279202,2.915411916316921,878.9478878974915,1.0,1.0,1.0,0.1
2585,1753490166.1555586,graph,0.42515143752098083,0.0,0.421855628490448,0.0,0.03295808658003807,0.00019799590650282524,2.0695994228831567,879.4310731887817,1.0,1.0,1.0,0.1
2586,1753490166.618626,graph,0.2873014807701111,0.0,0.2825998365879059,0.0,0.047016583383083344,0.00019799436158379172,2.159512234804448,879.8941407203674,1.0,1.0,1.0,0.1
2587,1753490167.058828,graph,0.3449094593524933,0.0,0.339483380317688,0.0,0.054260700941085815,0.00019799281607570096,2.2716843746631854,880.3343427181244,1.0,1.0,1.0,0.1
2588,1753490167.4306417,node,3.1800343990325928,0.0014746631495654583,0.0,3.1785597801208496,0.0,0.00019799126997856252,2.6895201600001024,880.7061562538147,1.0,1.0,1.0,0.1
2589,1753490167.8998952,graph,0.45890000462532043,0.0,0.4500327706336975,0.0,0.08867239952087402,0.0001979897232923859,2.131044125776347,881.1754097938538,1.0,1.0,1.0,0.1
2590,1753490168.3652635,graph,0.363849937915802,0.0,0.3568860590457916,0.0,0.06963887810707092,0.00019798817601718064,2.1488357986286153,881.6407780647278,1.0,1.0,1.0,0.1
2591,1753490168.8327403,graph,0.3175256848335266,0.0,0.3112768828868866,0.0,0.06248807907104492,0.0001979866281529563,2.139143384640493,882.1082549095154,1.0,1.0,1.0,0.1
2592,1753490169.1618645,node,2.522251844406128,0.001318200258538127,0.0,2.5209336280822754,0.0,0.00019798507969972243,3.038366558078651,882.4373791217804,1.0,1.0,1.0,0.1
2593,1753490169.6141865,graph,0.3179437220096588,0.0,0.3140030801296234,0.0,0.03940647840499878,0.00019798353065748862,2.2108143893871732,882.889701128006,1.0,1.0,1.0,0.1
2594,1753490170.060491,graph,0.6310294270515442,0.0,0.6255998611450195,0.0,0.054295774549245834,0.00019798198102626436,2.240622414109022,883.3360056877136,1.0,1.0,1.0,0.1
2595,1753490170.5336063,graph,0.3811016082763672,0.0,0.37391892075538635,0.0,0.0718269944190979,0.00019798043080605925,2.113650095822946,883.8091208934784,1.0,1.0,1.0,0.1
2596,1753490170.8752425,node,0.8507235646247864,0.0011455407366156578,0.0,0.8495780229568481,0.0,0.00019797887999688284,2.927090442911916,884.1507570743561,1.0,1.0,1.0,0.1
2597,1753490171.353557,graph,0.46633458137512207,0.0,0.45680609345436096,0.0,0.0952848419547081,0.0001979773285987447,2.090674046467022,884.6290717124939,1.0,1.0,1.0,0.1
2598,1753490171.805071,graph,0.5146881341934204,0.0,0.5025753378868103,0.0,0.12112792581319809,0.00019797577661165438,2.2147707213113197,885.0805857181549,1.0,1.0,1.0,0.1
2599,1753490172.2601173,graph,0.3681527078151703,0.0,0.36377203464508057,0.0,0.04380667209625244,0.00019797422403562147,2.1975791705132868,885.5356318950653,1.0,1.0,1.0,0.1
2600,1753490172.6247656,node,0.9011738300323486,0.0015100189484655857,0.0,0.8996638059616089,0.0,0.00019797267087065556,2.7423681516052216,885.9002802371979,1.0,1.0,1.0,0.1
2601,1753490173.073345,graph,0.38448941707611084,0.0,0.3803887367248535,0.0,0.04100684076547623,0.0001979711171167662,2.229260188001135,886.3488595485687,1.0,1.0,1.0,0.1
2602,1753490173.54284,graph,0.49479514360427856,0.0,0.48866572976112366,0.0,0.06129419803619385,0.00019796956277396305,2.129947872364736,886.8183546066284,1.0,1.0,1.0,0.1
2603,1753490174.0037158,graph,0.3421107828617096,0.0,0.3358219265937805,0.0,0.062888503074646,0.0001979680078422556,2.1697822046265673,887.2792303562164,1.0,1.0,1.0,0.1
2604,1753490174.3133676,node,1.1885112524032593,0.0009377783862873912,0.0,1.1875734329223633,0.0,0.00019796645232165346,3.2294332963240717,887.5888822078705,1.0,1.0,1.0,0.1
2605,1753490174.7682571,graph,0.5592443943023682,0.0,0.5541232824325562,0.0,0.05121089145541191,0.00019796489621216626,2.1983359059092376,888.0437717437744,1.0,1.0,1.0,0.1
2606,1753490175.2308557,graph,0.3887738585472107,0.0,0.38422271609306335,0.0,0.04551127552986145,0.0001979633395138036,2.1617014872603373,888.506370306015,1.0,1.0,1.0,0.1
2607,1753490175.678479,graph,0.40058016777038574,0.0,0.39335548877716064,0.0,0.07224690914154053,0.00019796178222657507,2.234021565214427,888.9539935588837,1.0,1.0,1.0,0.1
2608,1753490176.0396805,node,0.6399680376052856,0.0011786045506596565,0.0,0.6387894153594971,0.0,0.0001979602243504903,2.768537593342262,889.3151950836182,1.0,1.0,1.0,0.1
2609,1753490176.519724,graph,0.3610193729400635,0.0,0.3566902279853821,0.0,0.043291568756103516,0.00019795866588555883,2.0831449334673655,889.795238494873,1.0,1.0,1.0,0.1
2610,1753490176.9969385,graph,0.37900224328041077,0.0,0.3725929856300354,0.0,0.06409244984388351,0.00019795710683179034,2.0954934169604758,890.2724530696869,1.0,1.0,1.0,0.1
2611,1753490177.4665759,graph,0.4536912143230438,0.0,0.44829607009887695,0.0,0.05395130440592766,0.0001979555471891944,2.1293023359708236,890.7420904636383,1.0,1.0,1.0,0.1
2612,1753490177.7674088,node,1.4679784774780273,0.0014090313343331218,0.0,1.466569423675537,0.0,0.00019795398695778067,3.3241035517144364,891.04292345047,1.0,1.0,1.0,0.1
2613,1753490178.2252316,graph,0.3604743182659149,0.0,0.35515230894088745,0.0,0.053220123052597046,0.00019795242613755874,2.184251200886552,891.5007462501526,1.0,1.0,1.0,0.1
2614,1753490178.6884544,graph,0.3711782693862915,0.0,0.3677893280982971,0.0,0.03388937935233116,0.00019795086472853827,2.158788654262166,891.9639689922333,1.0,1.0,1.0,0.1
2615,1753490179.14589,graph,0.43872928619384766,0.0,0.43432801961898804,0.0,0.04401269555091858,0.00019794930273072888,2.1861000383608253,892.4214046001434,1.0,1.0,1.0,0.1
2616,1753490179.490364,node,16.010169982910156,0.0010020291665568948,0.0,16.00916862487793,0.0,0.00019794774014414022,2.902976061527004,892.7658786773682,1.0,1.0,1.0,0.1
2617,1753490179.956624,graph,0.3360714018344879,0.0,0.3327980637550354,0.0,0.03273345157504082,0.0001979461769687819,2.144726319212778,893.232138633728,1.0,1.0,1.0,0.1
2618,1753490180.3936687,graph,0.5754665732383728,0.0,0.5674864053726196,0.0,0.07980149984359741,0.00019794461320466356,2.288095890126987,893.669183254242,1.0,1.0,1.0,0.1
2619,1753490180.8422325,graph,0.37940892577171326,0.0,0.3764694333076477,0.0,0.029394924640655518,0.00019794304885179485,2.229337205600259,894.1177470684052,1.0,1.0,1.0,0.1
2620,1753490181.2234156,node,9.078383445739746,0.0006521868635900319,0.0,9.077731132507324,0.0,0.00019794148391018545,2.6234108373915905,894.4989302158356,1.0,1.0,1.0,0.1
2621,1753490181.6921117,graph,0.3317429721355438,0.0,0.32825130224227905,0.0,0.03491678833961487,0.00019793991837984502,2.1335785872196,894.9676263332367,1.0,1.0,1.0,0.1
2622,1753490182.1461523,graph,0.36993879079818726,0.0,0.36411505937576294,0.0,0.05823738873004913,0.0001979383522607832,2.202446565398575,895.4216668605804,1.0,1.0,1.0,0.1
2623,1753490182.6233108,graph,0.38936975598335266,0.0,0.38050025701522827,0.0,0.08869493007659912,0.00019793678555300961,2.0957394715961444,895.8988254070282,1.0,1.0,1.0,0.1
2624,1753490183.0117264,node,8.084403991699219,0.0009533999837003648,0.0,8.083450317382812,0.0,0.00019793521825653393,2.5745620523309025,896.2872409820557,1.0,1.0,1.0,0.1
2625,1753490183.4616544,graph,0.3328784704208374,0.0,0.32809510827064514,0.0,0.04783365875482559,0.00019793365037136586,2.222577611034717,896.7371690273285,1.0,1.0,1.0,0.1
2626,1753490183.906795,graph,0.4126124083995819,0.0,0.40636366605758667,0.0,0.06248732656240463,0.00019793208189751506,2.246481223102694,897.182309627533,1.0,1.0,1.0,0.1
2627,1753490184.3780982,graph,0.32244253158569336,0.0,0.3186969757080078,0.0,0.03745562955737114,0.0001979305128349912,2.1217762745543403,897.6536128520966,1.0,1.0,1.0,0.1
2628,1753490184.7666402,node,0.5510848164558411,0.0009423541487194598,0.0,0.5501424670219421,0.0,0.00019792894318380397,2.5737247516817896,898.042154788971,1.0,1.0,1.0,0.1
2629,1753490185.2161343,graph,0.4932411313056946,0.0,0.4888172745704651,0.0,0.04423844814300537,0.00019792737294396304,2.224723189493533,898.4916489124298,1.0,1.0,1.0,0.1
2630,1753490185.6838202,graph,0.4219485819339752,0.0,0.410539448261261,0.0,0.11409144848585129,0.00019792580211547807,2.1381870161198644,898.9593348503113,1.0,1.0,1.0,0.1
2631,1753490186.1497116,graph,0.5212698578834534,0.0,0.5098190903663635,0.0,0.11450770497322083,0.0001979242306983588,2.1464231432533816,899.4252262115479,1.0,1.0,1.0,0.1
2632,1753490186.5099502,node,0.6361039280891418,0.0009477832354605198,0.0,0.6351561546325684,0.0,0.00019792265869261492,2.7759383169529106,899.7854647636414,1.0,1.0,1.0,0.1
2633,1753490186.9548848,graph,0.39115703105926514,0.0,0.3792399764060974,0.0,0.11917059868574142,0.0001979210860982561,2.2475212880139277,900.2303993701935,1.0,1.0,1.0,0.1
2634,1753490187.4037745,graph,1041.873291015625,0.0,0.6028204560279846,0.0,10412.705078125,0.000197919512915292,2.227718586345723,900.6792891025543,1.0,1.0,1.0,0.1
2635,1753490187.8706818,graph,0.4286676347255707,0.0,0.42433860898017883,0.0,0.043290119618177414,0.0001979179391437324,2.1417529339735317,901.1461963653564,1.0,1.0,1.0,0.1
2636,1753490188.2382827,node,1.33389413356781,0.0007957681664265692,0.0,1.3330984115600586,0.0,0.000197916364783587,2.7203414124773806,901.5137972831726,1.0,1.0,1.0,0.1
2637,1753490188.7334652,graph,0.45071154832839966,0.0,0.4467686414718628,0.0,0.039428919553756714,0.0001979147898348655,2.019457414877421,902.0089797973633,1.0,1.0,1.0,0.1
2638,1753490189.208691,graph,0.48980021476745605,0.0,0.4803164601325989,0.0,0.09483756124973297,0.0001979132142975776,2.1042633580184233,902.4842054843903,1.0,1.0,1.0,0.1
2639,1753490189.6655881,graph,0.39036741852760315,0.0,0.3812887668609619,0.0,0.0907864198088646,0.00019791163817173298,2.1886758583694346,902.9411027431488,1.0,1.0,1.0,0.1
2640,1753490190.0084953,node,1.2745648622512817,0.001001320080831647,0.0,1.2735635042190552,0.0,0.00019791006145734142,2.91624097779465,903.2840099334717,1.0,1.0,1.0,0.1
2641,1753490190.465127,graph,0.44499942660331726,0.0,0.4411517083644867,0.0,0.038477037101984024,0.00019790848415441264,2.189948894453576,903.7406415939331,1.0,1.0,1.0,0.1
2642,1753490190.9400032,graph,0.36692890524864197,0.0,0.3625990152359009,0.0,0.04329885169863701,0.0001979069062629564,2.105812152477062,904.2155177593231,1.0,1.0,1.0,0.1
2643,1753490191.4153569,graph,0.3523961305618286,0.0,0.3483003079891205,0.0,0.04095827043056488,0.00019790532778298235,2.1036966001229827,904.6908714771271,1.0,1.0,1.0,0.1
2644,1753490191.8093336,node,2.207916498184204,0.0008703729836270213,0.0,2.2070460319519043,0.0,0.0001979037487145003,2.5382212437471936,905.0848481655121,1.0,1.0,1.0,0.1
2645,1753490192.3006897,graph,0.3571995794773102,0.0,0.35358840227127075,0.0,0.0361117459833622,0.00019790216905751995,2.0351837088413443,905.5762042999268,1.0,1.0,1.0,0.1
2646,1753490192.7694416,graph,0.34730327129364014,0.0,0.34192079305648804,0.0,0.05382479727268219,0.00019790058881205108,2.1333246528130987,906.0449562072754,1.0,1.0,1.0,0.1
2647,1753490193.2428288,graph,0.29529881477355957,0.0,0.29055482149124146,0.0,0.047440044581890106,0.00019789900797810342,2.112435470630008,906.5183434486389,1.0,1.0,1.0,0.1
2648,1753490193.5763075,node,13.414790153503418,0.0009453365346416831,0.0,13.41384506225586,0.0,0.00019789742655568668,2.998692367472623,906.8518221378326,1.0,1.0,1.0,0.1
2649,1753490194.0175986,graph,0.47952595353126526,0.0,0.4734947383403778,0.0,0.06031210720539093,0.00019789584454481067,2.2660779109075593,907.2931132316589,1.0,1.0,1.0,0.1
2650,1753490194.502648,graph,0.38929295539855957,0.0,0.3836919665336609,0.0,0.056009769439697266,0.00019789426194548513,2.061645313586752,907.7781627178192,1.0,1.0,1.0,0.1
2651,1753490194.9487689,graph,0.3644762933254242,0.0,0.3596162497997284,0.0,0.048600517213344574,0.00019789267875771984,2.2415456458700085,908.2242834568024,1.0,1.0,1.0,0.1
2652,1753490195.3153026,node,3.246166229248047,0.0009495118865743279,0.0,3.2452166080474854,0.0,0.00019789109498152452,2.7282616755802502,908.5908172130585,1.0,1.0,1.0,0.1
2653,1753490195.7559445,graph,0.5018452405929565,0.0,0.4963417649269104,0.0,0.05503475293517113,0.000197889510616909,2.269416606337241,909.0314590930939,1.0,1.0,1.0,0.1
2654,1753490196.2326093,graph,0.3071931004524231,0.0,0.30152764916419983,0.0,0.056654464453458786,0.000197887925663883,2.0979103946076507,909.5081238746643,1.0,1.0,1.0,0.1
2655,1753490196.6827574,graph,0.3599552810192108,0.0,0.3546343743801117,0.0,0.05320897698402405,0.00019788634012245633,2.2214910770749627,909.9582719802856,1.0,1.0,1.0,0.1
2656,1753490197.0136,node,1.60505211353302,0.000853473087772727,0.0,1.604198694229126,0.0,0.00019788475399263876,3.0225841437533103,910.2891147136688,1.0,1.0,1.0,0.1
2657,1753490197.4896498,graph,0.3408840596675873,0.0,0.33698293566703796,0.0,0.03901126980781555,0.00019788316727444003,2.1006211758719524,910.7651643753052,1.0,1.0,1.0,0.1
2658,1753490197.9583542,graph,0.6342175006866455,0.0,0.6248853206634521,0.0,0.09332197904586792,0.00019788157996787002,2.1335406017328546,911.2338688373566,1.0,1.0,1.0,0.1
2659,1753490198.44037,graph,0.3228401839733124,0.0,0.31748586893081665,0.0,0.05354314669966698,0.00019787999207293846,2.0746205831566273,911.7158846855164,1.0,1.0,1.0,0.1
2660,1753490198.8003752,node,0.5377407670021057,0.0008365429821424186,0.0,0.5369042158126831,0.0,0.00019787840358965515,2.7777381155002314,912.0758898258209,1.0,1.0,1.0,0.1
2661,1753490199.2547483,graph,0.5678799748420715,0.0,0.5628905296325684,0.0,0.04989439249038696,0.0001978768145180299,2.200834409446216,912.5302629470825,1.0,1.0,1.0,0.1
2662,1753490199.7197485,graph,0.6850695013999939,0.0,0.6795912981033325,0.0,0.054782234132289886,0.00019787522485807248,2.150536928718508,912.9952630996704,1.0,1.0,1.0,0.1
2663,1753490200.168448,graph,0.3509546220302582,0.0,0.34716325998306274,0.0,0.03791358321905136,0.00019787363460979272,2.2286631859390793,913.4439625740051,1.0,1.0,1.0,0.1
2664,1753490200.5308425,node,24.483503341674805,0.0006273997132666409,0.0,24.48287582397461,0.0,0.00019787204377320048,2.759423234185947,913.8063571453094,1.0,1.0,1.0,0.1
2665,1753490201.0026395,graph,0.35790175199508667,0.0,0.3525812327861786,0.0,0.05320517346262932,0.0001978704523483055,2.1195557037890502,914.2781541347504,1.0,1.0,1.0,0.1
2666,1753490201.4574842,graph,0.36251720786094666,0.0,0.355668842792511,0.0,0.06848357617855072,0.00019786886033511762,2.1985525410206854,914.7329988479614,1.0,1.0,1.0,0.1
2667,1753490201.9095197,graph,0.4430590271949768,0.0,0.4362576901912689,0.0,0.06801337003707886,0.00019786726773364665,2.2122159903036644,915.1850342750549,1.0,1.0,1.0,0.1
2668,1753490202.3215432,node,0.40654805302619934,0.0007872793939895928,0.0,0.4057607650756836,0.0,0.00019786567454390246,2.4270457691221607,915.5970578193665,1.0,1.0,1.0,0.1
2669,1753490202.7605782,graph,0.4178047180175781,0.0,0.41413193941116333,0.0,0.03672763705253601,0.00019786408076589483,2.277723050255071,916.0360927581787,1.0,1.0,1.0,0.1
2670,1753490203.23295,graph,0.49842914938926697,0.0,0.4938884973526001,0.0,0.04540665075182915,0.0001978624863996336,2.1169764257388315,916.5084645748138,1.0,1.0,1.0,0.1
2671,1753490203.7075493,graph,0.47329181432724,0.0,0.46588918566703796,0.0,0.07402621954679489,0.0001978608914451286,2.1070403403171083,916.9830639362335,1.0,1.0,1.0,0.1
2672,1753490204.0860243,node,1.8391704559326172,0.0011053546331822872,0.0,1.8380651473999023,0.0,0.0001978592959023897,2.6421827862361957,917.3615388870239,1.0,1.0,1.0,0.1
2673,1753490204.569443,graph,0.3851681053638458,0.0,0.3798423409461975,0.0,0.05325755476951599,0.00019785769977142672,2.068600146478234,917.8449575901031,1.0,1.0,1.0,0.1
2674,1753490205.026762,graph,0.5056084990501404,0.0,0.5006165504455566,0.0,0.049919478595256805,0.0001978561030522495,2.1866573520633326,918.3022766113281,1.0,1.0,1.0,0.1
2675,1753490205.4698179,graph,0.35293006896972656,0.0,0.3424774408340454,0.0,0.10452625155448914,0.0001978545057448679,2.2570516990966527,918.7453324794769,1.0,1.0,1.0,0.1
2676,1753490205.8621147,node,1.0620468854904175,0.0014148144982755184,0.0,1.0606321096420288,0.0,0.00019785290784929177,2.5490904405705077,919.1376292705536,1.0,1.0,1.0,0.1
2677,1753490206.3124616,graph,0.34818118810653687,0.0,0.3431667387485504,0.0,0.050144486129283905,0.00019785130936553097,2.2205102250419824,919.5879762172699,1.0,1.0,1.0,0.1
2678,1753490206.7877624,graph,0.37231284379959106,0.0,0.36888641119003296,0.0,0.034264177083969116,0.00019784971029359537,2.1039308652478286,920.0632770061493,1.0,1.0,1.0,0.1
2679,1753490207.2829769,graph,0.37857499718666077,0.0,0.3720238208770752,0.0,0.06551188230514526,0.0001978481106334948,2.019327132320373,920.5584914684296,1.0,1.0,1.0,0.1
2680,1753490207.6404896,node,24.86420440673828,0.0008838269277475774,0.0,24.86332130432129,0.0,0.00019784651038523917,2.7971033339401954,920.9160041809082,1.0,1.0,1.0,0.1
2681,1753490208.1010306,graph,0.3752540051937103,0.0,0.3705434203147888,0.0,0.04710584878921509,0.0001978449095488383,2.171359289394709,921.3765451908112,1.0,1.0,1.0,0.1
2682,1753490208.5633411,graph,0.42867311835289,0.0,0.4229721426963806,0.0,0.057009659707546234,0.0001978433081243021,2.1630481813198177,921.8388557434082,1.0,1.0,1.0,0.1
2683,1753490209.014844,graph,0.3980031907558441,0.0,0.39380186796188354,0.0,0.042013369500637054,0.00019784170611164044,2.214825688848522,922.290358543396,1.0,1.0,1.0,0.1
2684,1753490209.3305805,node,6.193198204040527,0.0008911213371902704,0.0,6.192306995391846,0.0,0.00019784010351086323,3.1671976410089897,922.6060950756073,1.0,1.0,1.0,0.1
2685,1753490209.7946832,graph,0.36166173219680786,0.0,0.35577669739723206,0.0,0.05885026603937149,0.0001978385003219803,2.1546952924809974,923.0701978206635,1.0,1.0,1.0,0.1
2686,1753490210.270358,graph,0.3146721422672272,0.0,0.3072374165058136,0.0,0.07434722781181335,0.00019783689654500158,2.102276298477539,923.5458726882935,1.0,1.0,1.0,0.1
2687,1753490210.724199,graph,0.43193110823631287,0.0,0.42674756050109863,0.0,0.05183560773730278,0.00019783529217993698,2.2034149931680176,923.9997136592865,1.0,1.0,1.0,0.1
2688,1753490211.0760233,node,6.065047740936279,0.001126847113482654,0.0,6.063920974731445,0.0,0.00019783368722679632,2.8423279648807513,924.3515379428864,1.0,1.0,1.0,0.1
2689,1753490211.5137336,graph,0.48541897535324097,0.0,0.4778096377849579,0.0,0.07609349489212036,0.00019783208168558955,2.2846161807079945,924.7892482280731,1.0,1.0,1.0,0.1
2690,1753490211.9694784,graph,0.30703356862068176,0.0,0.30288487672805786,0.0,0.04148697853088379,0.00019783047555632663,2.194210716849103,925.2449929714203,1.0,1.0,1.0,0.1
2691,1753490212.4242024,graph,0.3547717332839966,0.0,0.3503580689430237,0.0,0.044136613607406616,0.00019782886883901735,2.199135824283222,925.6997170448303,1.0,1.0,1.0,0.1
2692,1753490212.7692935,node,6.378767490386963,0.000714066089130938,0.0,6.378053188323975,0.0,0.0001978272615336717,2.897785503417467,926.0448081493378,1.0,1.0,1.0,0.1
2693,1753490213.2486265,graph,0.5226677656173706,0.0,0.511788010597229,0.0,0.10879748314619064,0.00019782565364029957,2.0862326582666326,926.5241410732269,1.0,1.0,1.0,0.1
2694,1753490213.714381,graph,0.40335190296173096,0.0,0.39854130148887634,0.0,0.048106130212545395,0.0001978240451589109,2.1470538250006657,926.9898955821991,1.0,1.0,1.0,0.1
2695,1753490214.1689782,graph,0.30024394392967224,0.0,0.2960730195045471,0.0,0.041709281504154205,0.00019782243608951558,2.19974941247242,927.444492816925,1.0,1.0,1.0,0.1
2696,1753490214.4993694,node,2.368586778640747,0.001719712046906352,0.0,2.3668670654296875,0.0,0.00019782082643212353,3.0267152849589505,927.7748839855194,1.0,1.0,1.0,0.1
2697,1753490214.9742393,graph,0.45679667592048645,0.0,0.45045578479766846,0.0,0.0634089857339859,0.0001978192161867447,2.105839641440764,928.2497539520264,1.0,1.0,1.0,0.1
2698,1753490215.4457223,graph,0.5515287518501282,0.0,0.5475385785102844,0.0,0.039901912212371826,0.00019781760535338906,2.120967281116011,928.7212369441986,1.0,1.0,1.0,0.1
2699,1753490215.9054039,graph,0.34613388776779175,0.0,0.34119629859924316,0.0,0.049376003444194794,0.0001978159939320665,2.175419233171027,929.1809184551239,1.0,1.0,1.0,0.1
2700,1753490216.303103,node,1.0798619985580444,0.001071296283043921,0.0,1.0787906646728516,0.0,0.00019781438192278698,2.514463712875531,929.5786175727844,1.0,1.0,1.0,0.1
2701,1753490216.7649407,graph,0.4537143409252167,0.0,0.44818127155303955,0.0,0.05533066391944885,0.0001978127693255604,2.1652624971090626,930.0404553413391,1.0,1.0,1.0,0.1
2702,1753490217.223759,graph,0.36975419521331787,0.0,0.3624405264854431,0.0,0.07313672453165054,0.0001978111561403968,2.179512508424603,930.4992735385895,1.0,1.0,1.0,0.1
2703,1753490217.679983,graph,0.40751558542251587,0.0,0.4021644592285156,0.0,0.053511276841163635,0.00019780954236730603,2.191905900157927,930.9554975032806,1.0,1.0,1.0,0.1
2704,1753490218.0472965,node,2.9915289878845215,0.0011122834403067827,0.0,2.9904167652130127,0.0,0.0001978079280062981,2.7224691277890467,931.322811126709,1.0,1.0,1.0,0.1
2705,1753490218.542206,graph,0.33219069242477417,0.0,0.32978034019470215,0.0,0.024103477597236633,0.0001978063130573829,2.0205713360770132,931.8177206516266,1.0,1.0,1.0,0.1
2706,1753490219.0070517,graph,0.37601953744888306,0.0,0.3692626357078552,0.0,0.06756903976202011,0.00019780469752057048,2.151251677177664,932.2825663089752,1.0,1.0,1.0,0.1
2707,1753490219.470594,graph,0.4387148320674896,0.0,0.433704137802124,0.0,0.05010691285133362,0.00019780308139587081,2.157300781746258,932.7461085319519,1.0,1.0,1.0,0.1
2708,1753490219.8261833,node,0.5820509791374207,0.0014435278717428446,0.0,0.5806074738502502,0.0,0.00019780146468329377,2.81223239129706,933.1016979217529,1.0,1.0,1.0,0.1
2709,1753490220.2794394,graph,0.450816810131073,0.0,0.44311654567718506,0.0,0.07700251042842865,0.00019779984738284943,2.206258080873434,933.5549540519714,1.0,1.0,1.0,0.1
2710,1753490220.7337077,graph,0.36054396629333496,0.0,0.3545779883861542,0.0,0.05965965986251831,0.0001977982294945477,2.2013426482111584,934.0092222690582,1.0,1.0,1.0,0.1
2711,1753490221.1756845,graph,0.46984800696372986,0.0,0.4663219749927521,0.0,0.035260334610939026,0.00019779661101839856,2.2625622712450473,934.451199054718,1.0,1.0,1.0,0.1
2712,1753490221.521929,node,5.865353107452393,0.0011670516105368733,0.0,5.8641862869262695,0.0,0.00019779499195441203,2.8881319052094847,934.7974436283112,1.0,1.0,1.0,0.1
2713,1753490221.9888496,graph,0.3908448815345764,0.0,0.3849705457687378,0.0,0.058743223547935486,0.00019779337230259805,2.141691691257231,935.2643642425537,1.0,1.0,1.0,0.1
2714,1753490222.4668295,graph,0.343533456325531,0.0,0.337730348110199,0.0,0.05803096294403076,0.00019779175206296668,2.092138190825686,935.7423441410065,1.0,1.0,1.0,0.1
2715,1753490222.9244828,graph,0.3579613268375397,0.0,0.3538914918899536,0.0,0.04069836810231209,0.00019779013123552786,2.185060251508567,936.1999974250793,1.0,1.0,1.0,0.1
2716,1753490223.2810295,node,0.8478703498840332,0.0011264556087553501,0.0,0.8467438817024231,0.0,0.0001977885098202916,2.8046821557174524,936.5565440654755,1.0,1.0,1.0,0.1
2717,1753490223.7211392,graph,0.4034845530986786,0.0,0.39998406171798706,0.0,0.03500501811504364,0.00019778688781726792,2.2721606280546536,936.9966537952423,1.0,1.0,1.0,0.1
2718,1753490224.1859765,graph,0.3538016676902771,0.0,0.3499991297721863,0.0,0.038025520741939545,0.0001977852652264668,2.151290295942542,937.4614911079407,1.0,1.0,1.0,0.1
2719,1753490224.649429,graph,0.42800894379615784,0.0,0.4201720356941223,0.0,0.07836920022964478,0.00019778364204789829,2.1577180672897907,937.9249436855316,1.0,1.0,1.0,0.1
2720,1753490225.0792491,node,0.38942497968673706,0.0014654867118224502,0.0,0.38795948028564453,0.0,0.00019778201828157235,2.326554973496724,938.3547637462616,1.0,1.0,1.0,0.1
2721,1753490225.5266504,graph,0.5732600092887878,0.0,0.5618947148323059,0.0,0.11365282535552979,0.00019778039392749899,2.2351299228312578,938.8021650314331,1.0,1.0,1.0,0.1
2722,1753490226.0183778,graph,0.34754809737205505,0.0,0.3432982861995697,0.0,0.04249824211001396,0.00019777876898568827,2.0336472958912055,939.2938923835754,1.0,1.0,1.0,0.1
2723,1753490226.4656775,graph,0.5172269344329834,0.0,0.5135043263435364,0.0,0.03722596913576126,0.00019777714345615023,2.2356374436267363,939.7411921024323,1.0,1.0,1.0,0.1
2724,1753490226.827834,node,4.758146286010742,0.001588563434779644,0.0,4.756557941436768,0.0,0.00019777551733889484,2.7612380299066355,940.103348493576,1.0,1.0,1.0,0.1
2725,1753490227.2968373,graph,0.35561394691467285,0.0,0.34937795996665955,0.0,0.06235981732606888,0.00019777389063393216,2.1321805278009784,940.5723519325256,1.0,1.0,1.0,0.1
2726,1753490227.7557993,graph,0.31677505373954773,0.0,0.3113057017326355,0.0,0.05469343811273575,0.0001977722633412722,2.1788297924287776,941.0313138961792,1.0,1.0,1.0,0.1
2727,1753490228.2262807,graph,0.2982933819293976,0.0,0.2942662537097931,0.0,0.04027136415243149,0.0001977706354609251,2.1254825570022833,941.5017952919006,1.0,1.0,1.0,0.1
2728,1753490228.6357024,node,0.5682622790336609,0.0010189518798142672,0.0,0.5672433376312256,0.0,0.0001977690069929008,2.4424695688835394,941.9112169742584,1.0,1.0,1.0,0.1
2729,1753490229.1089582,graph,0.2614019513130188,0.0,0.25783398747444153,0.0,0.03567975014448166,0.00019776737793720934,2.113021850608999,942.3844728469849,1.0,1.0,1.0,0.1
2730,1753490229.57422,graph,0.410315603017807,0.0,0.40548187494277954,0.0,0.04833735153079033,0.0001977657482938608,2.14932801215917,942.849734544754,1.0,1.0,1.0,0.1
2731,1753490230.0257902,graph,0.3118240237236023,0.0,0.30714505910873413,0.0,0.046789757907390594,0.00019776411806286524,2.21449475534352,943.3013048171997,1.0,1.0,1.0,0.1
2732,1753490230.3803544,node,6.731423377990723,0.0008460242534056306,0.0,6.73057746887207,0.0,0.0001977624872442327,2.8203637830750092,943.6558690071106,1.0,1.0,1.0,0.1
2733,1753490230.851471,graph,0.4047292470932007,0.0,0.3967156410217285,0.0,0.08013609796762466,0.00019776085583797328,2.1226170365879455,944.1269855499268,1.0,1.0,1.0,0.1
2734,1753490231.3049495,graph,0.37651312351226807,0.0,0.3704351782798767,0.0,0.060779452323913574,0.00019775922384409695,2.2051758466099587,944.5804641246796,1.0,1.0,1.0,0.1
2735,1753490231.7605872,graph,0.3237460255622864,0.0,0.3166334331035614,0.0,0.0711258053779602,0.00019775759126261386,2.194726236380105,945.0361018180847,1.0,1.0,1.0,0.1
2736,1753490232.1313095,node,0.5667843222618103,0.0008596981642767787,0.0,0.5659246444702148,0.0,0.00019775595809353404,2.697436913234233,945.4068241119385,1.0,1.0,1.0,0.1
2737,1753490232.5742908,graph,0.49186283349990845,0.0,0.48609960079193115,0.0,0.05763237178325653,0.0001977543243368676,2.2574319240386695,945.849805355072,1.0,1.0,1.0,0.1
2738,1753490233.022409,graph,0.45411884784698486,0.0,0.44525396823883057,0.0,0.08864885568618774,0.00019775268999262463,2.2315540365109836,946.2979235649109,1.0,1.0,1.0,0.1
2739,1753490233.4938054,graph,0.4528660178184509,0.0,0.44340866804122925,0.0,0.09457342326641083,0.00019775105506081514,2.1213566797155545,946.7693200111389,1.0,1.0,1.0,0.1
2740,1753490233.8698545,node,0.5939891934394836,0.0010118159698322415,0.0,0.5929774045944214,0.0,0.00019774941954144926,2.6592276245447812,947.145369052887,1.0,1.0,1.0,0.1
2741,1753490234.324048,graph,0.28781333565711975,0.0,0.2842245101928711,0.0,0.03588839992880821,0.00019774778343453707,2.201704333694133,947.5995626449585,1.0,1.0,1.0,0.1
2742,1753490234.780013,graph,0.37345728278160095,0.0,0.3621096611022949,0.0,0.1134762093424797,0.00019774614674008867,2.1931505875167847,948.0555276870728,1.0,1.0,1.0,0.1
2743,1753490235.2372644,graph,0.33026930689811707,0.0,0.3254181742668152,0.0,0.04851129651069641,0.00019774450945811417,2.186981157556035,948.5127789974213,1.0,1.0,1.0,0.1
2744,1753490235.547225,node,0.9160531759262085,0.0008074955549091101,0.0,0.9152456521987915,0.0,0.00019774287158862364,3.2262164546650984,948.8227396011353,1.0,1.0,1.0,0.1
2745,1753490236.0074008,graph,0.34870782494544983,0.0,0.34436917304992676,0.0,0.04338657855987549,0.00019774123313162718,2.1730827716661736,949.282915353775,1.0,1.0,1.0,0.1
2746,1753490236.476557,graph,0.39615726470947266,0.0,0.38912564516067505,0.0,0.07031631469726562,0.00019773959408713495,2.1314859761030682,949.7520716190338,1.0,1.0,1.0,0.1
2747,1753490236.9418516,graph,0.3355652689933777,0.0,0.33133167028427124,0.0,0.042335860431194305,0.00019773795445515702,2.149176029559533,950.2173662185669,1.0,1.0,1.0,0.1
2748,1753490237.2853165,node,0.48184195160865784,0.0010099327191710472,0.0,0.4808320105075836,0.0,0.00019773631423570346,2.911506071098351,950.5608310699463,1.0,1.0,1.0,0.1
2749,1753490237.7310262,graph,0.35191458463668823,0.0,0.3473631739616394,0.0,0.045514024794101715,0.00019773467342878444,2.243612799969189,951.0065407752991,1.0,1.0,1.0,0.1
2750,1753490238.177516,graph,0.3115588426589966,0.0,0.3068295121192932,0.0,0.04729325696825981,0.0001977330320344101,2.2396927667545605,951.4530305862427,1.0,1.0,1.0,0.1
2751,1753490238.6411247,graph,0.3262876272201538,0.0,0.3181934058666229,0.0,0.08094222843647003,0.00019773139005259052,2.156991251293381,951.9166393280029,1.0,1.0,1.0,0.1
2752,1753490238.919879,node,56.51698684692383,0.0013150759041309357,0.0,56.51567077636719,0.0,0.00019772974748333587,3.5873894524367507,952.1953935623169,1.0,1.0,1.0,0.1
2753,1753490239.3842227,graph,0.4093886613845825,0.0,0.40655457973480225,0.0,0.028340712189674377,0.00019772810432665627,2.1535767886510517,952.6597373485565,1.0,1.0,1.0,0.1
2754,1753490239.8520873,graph,0.3632294535636902,0.0,0.35850387811660767,0.0,0.047255635261535645,0.00019772646058256182,2.1373709083830437,953.1276018619537,1.0,1.0,1.0,0.1
2755,1753490240.3044431,graph,0.2460518777370453,0.0,0.2432481199502945,0.0,0.028037523850798607,0.0001977248162510627,2.2106489265373543,953.5799577236176,1.0,1.0,1.0,0.1
2756,1753490240.6891522,node,0.31598618626594543,0.001331364270299673,0.0,0.3146548271179199,0.0,0.00019772317133216904,2.5993665045640553,953.9646668434143,1.0,1.0,1.0,0.1
2757,1753490241.1526358,graph,0.2966044247150421,0.0,0.2914374768733978,0.0,0.051669590175151825,0.00019772152582589098,2.1575737747757064,954.4281504154205,1.0,1.0,1.0,0.1
2758,1753490241.643953,graph,0.37719520926475525,0.0,0.3727319538593292,0.0,0.04463254660367966,0.00019771987973223867,2.0353446878636445,954.9194676876068,1.0,1.0,1.0,0.1
2759,1753490242.111322,graph,0.35241925716400146,0.0,0.3473438620567322,0.0,0.0507538840174675,0.00019771823305122228,2.1396377163139886,955.3868365287781,1.0,1.0,1.0,0.1
2760,1753490242.4608405,node,0.6404930949211121,0.0009496412239968777,0.0,0.6395434737205505,0.0,0.00019771658578285196,2.8610785770951583,955.7363550662994,1.0,1.0,1.0,0.1
2761,1753490242.912611,graph,0.33118587732315063,0.0,0.32570135593414307,0.0,0.054845333099365234,0.00019771493792713785,2.213513061366442,956.1881256103516,1.0,1.0,1.0,0.1
2762,1753490243.375791,graph,0.38273927569389343,0.0,0.37845563888549805,0.0,0.042836450040340424,0.00019771328948409015,2.1589875627857467,956.6513056755066,1.0,1.0,1.0,0.1
2763,1753490243.8236253,graph,0.2703682780265808,0.0,0.2631799578666687,0.0,0.07188330590724945,0.00019771164045371902,2.2329689893220284,957.0991399288177,1.0,1.0,1.0,0.1
2764,1753490244.183152,node,7.706602573394775,0.0008046372095122933,0.0,7.705798149108887,0.0,0.00019770999083603463,2.7814351005726925,957.4586665630341,1.0,1.0,1.0,0.1
2765,1753490244.6513975,graph,0.6374602317810059,0.0,0.6280640363693237,0.0,0.0939616858959198,0.00019770834063104713,2.1356318140251043,957.9269120693207,1.0,1.0,1.0,0.1
2766,1753490245.0951443,graph,0.39961278438568115,0.0,0.3933477997779846,0.0,0.0626499354839325,0.00019770668983876672,2.253537351259316,958.3706588745117,1.0,1.0,1.0,0.1
2767,1753490245.5755594,graph,0.3908920884132385,0.0,0.3853939175605774,0.0,0.05498182401061058,0.0001977050384592036,2.0815332155173656,958.8510739803314,1.0,1.0,1.0,0.1
2768,1753490245.935099,node,2.708941698074341,0.0017595961689949036,0.0,2.7071821689605713,0.0,0.00019770338649236792,2.7813355013003824,959.210613489151,1.0,1.0,1.0,0.1
2769,1753490246.3930993,graph,0.3699372708797455,0.0,0.3655024766921997,0.0,0.044347867369651794,0.0001977017339382699,2.1834041040232837,959.668613910675,1.0,1.0,1.0,0.1
2770,1753490246.8471751,graph,0.37738099694252014,0.0,0.3710036873817444,0.0,0.06377315521240234,0.00019770008079691973,2.202275414642547,960.1226897239685,1.0,1.0,1.0,0.1
2771,1753490247.300256,graph,0.2619098424911499,0.0,0.25900930166244507,0.0,0.029005486518144608,0.0001976984270683276,2.2071113931630815,960.5757706165314,1.0,1.0,1.0,0.1
2772,1753490247.620902,node,3.5406746864318848,0.002119445474818349,0.0,3.538555145263672,0.0,0.0001976967727525037,3.118703653169374,960.8964166641235,1.0,1.0,1.0,0.1
2773,1753490248.078395,graph,0.36988702416419983,0.0,0.36361345648765564,0.0,0.06273568421602249,0.0001976951178494582,2.185826614079997,961.3539094924927,1.0,1.0,1.0,0.1
2774,1753490248.6954904,graph,0.41315701603889465,0.0,0.4087432324886322,0.0,0.044137924909591675,0.00019769346235920141,1.620494798488266,961.9710049629211,1.0,1.0,1.0,0.1
2775,1753490249.145704,graph,0.42643827199935913,0.0,0.4213448464870453,0.0,0.05093438923358917,0.00019769180628174347,2.221167558899834,962.4212186336517,1.0,1.0,1.0,0.1
2776,1753490249.5176902,node,1.0525046586990356,0.0024357205256819725,0.0,1.050068974494934,0.0,0.0001976901496170946,2.6882721252026154,962.7932047843933,1.0,1.0,1.0,0.1
2777,1753490249.971006,graph,0.3016778528690338,0.0,0.29884448647499084,0.0,0.028333639726042747,0.00019768849236526508,2.205967988959389,963.2465205192566,1.0,1.0,1.0,0.1
2778,1753490250.4253888,graph,0.2780861556529999,0.0,0.27338162064552307,0.0,0.0470452681183815,0.00019768683452626505,2.200787062786622,963.7009034156799,1.0,1.0,1.0,0.1
2779,1753490250.8784044,graph,0.28577613830566406,0.0,0.2798682451248169,0.0,0.05907878279685974,0.00019768517610010476,2.207429667620133,964.1539189815521,1.0,1.0,1.0,0.1
2780,1753490251.1939487,node,5.70198392868042,0.0017076804069802165,0.0,5.7002763748168945,0.0,0.00019768351708679446,3.1691264528832503,964.4694633483887,1.0,1.0,1.0,0.1
2781,1753490251.649952,graph,0.34431955218315125,0.0,0.3402688503265381,0.0,0.04050701856613159,0.0001976818574863444,2.192967119379949,964.9254665374756,1.0,1.0,1.0,0.1
2782,1753490252.1371577,graph,0.37961217761039734,0.0,0.3742179870605469,0.0,0.053942009806632996,0.00019768019729876475,2.0525209580281567,965.4126722812653,1.0,1.0,1.0,0.1
2783,1753490252.6047466,graph,0.3173803389072418,0.0,0.31394684314727783,0.0,0.0343349352478981,0.0001976785365240658,2.138630743265637,965.880261182785,1.0,1.0,1.0,0.1
2784,1753490252.9831524,node,0.5138956904411316,0.0017118831165134907,0.0,0.5121837854385376,0.0,0.00019767687516225778,2.642665559440229,966.2586669921875,1.0,1.0,1.0,0.1
2785,1753490253.4392836,graph,0.3572843670845032,0.0,0.3482896387577057,0.0,0.08994734287261963,0.00019767521321335097,2.1923515787812056,966.7147982120514,1.0,1.0,1.0,0.1
2786,1753490253.896095,graph,0.41844305396080017,0.0,0.4124981760978699,0.0,0.059448789805173874,0.00019767355067735557,2.18908709054147,967.1716096401215,1.0,1.0,1.0,0.1
2787,1753490254.3798227,graph,0.27841809391975403,0.0,0.2727987766265869,0.0,0.056193046271800995,0.00019767188755428187,2.0672787878758005,967.6553373336792,1.0,1.0,1.0,0.1
2788,1753490254.7107456,node,2.628161668777466,0.0005653336993418634,0.0,2.627596378326416,0.0,0.00019767022384414013,3.0218524471700463,967.986260175705,1.0,1.0,1.0,0.1
2789,1753490255.1520352,graph,0.46136632561683655,0.0,0.4563046395778656,0.0,0.05061693117022514,0.0001976685595469406,2.2660852567638607,968.4275498390198,1.0,1.0,1.0,0.1
2790,1753490255.6220524,graph,0.32690420746803284,0.0,0.32040834426879883,0.0,0.06495875120162964,0.00019766689466269355,2.1275817378049555,968.8975670337677,1.0,1.0,1.0,0.1
2791,1753490256.0877895,graph,0.3778859078884125,0.0,0.37240374088287354,0.0,0.054821789264678955,0.00019766522919140923,2.1471340602208513,969.3633041381836,1.0,1.0,1.0,0.1
2792,1753490256.4053483,node,2.3875396251678467,0.0006077548023313284,0.0,2.386931896209717,0.0,0.00019766356313309793,3.1490234530436103,969.680862903595,1.0,1.0,1.0,0.1
2793,1753490256.8603914,graph,0.40553051233291626,0.0,0.3924362063407898,0.0,0.13094304502010345,0.00019766189648776997,2.197594138916236,970.1359059810638,1.0,1.0,1.0,0.1
2794,1753490257.3360581,graph,0.2519681751728058,0.0,0.24692010879516602,0.0,0.05048055574297905,0.00019766022925543557,2.102312125111085,970.6115727424622,1.0,1.0,1.0,0.1
2795,1753490257.8071613,graph,0.4741354286670685,0.0,0.46776652336120605,0.0,0.06368906795978546,0.00019765856143610504,2.122677193248817,971.0826759338379,1.0,1.0,1.0,0.1
2796,1753490258.169586,node,0.5052862167358398,0.0015661489451304078,0.0,0.5037200450897217,0.0,0.00019765689302978865,2.7591945104297757,971.4451005458832,1.0,1.0,1.0,0.1
2797,1753490258.6239736,graph,0.35808229446411133,0.0,0.3544420003890991,0.0,0.03640288859605789,0.00019765522403649672,2.200763967594342,971.8994882106781,1.0,1.0,1.0,0.1
2798,1753490259.0908456,graph,0.3326321244239807,0.0,0.32666003704071045,0.0,0.059720735996961594,0.00019765355445623952,2.1419148065854254,972.3663601875305,1.0,1.0,1.0,0.1
2799,1753490259.5691211,graph,0.3207316994667053,0.0,0.3151710033416748,0.0,0.05560702830553055,0.00019765188428902736,2.0908449661595796,972.8446357250214,1.0,1.0,1.0,0.1
2800,1753490259.9689999,node,2.04917311668396,0.001594182220287621,0.0,2.047579050064087,0.0,0.00019765021353487054,2.5007581028766173,973.244514465332,1.0,1.0,1.0,0.1
2801,1753490260.4323902,graph,0.46384963393211365,0.0,0.456325501203537,0.0,0.07524119317531586,0.00019764854219377932,2.1580078205392055,973.7079048156738,1.0,1.0,1.0,0.1
2802,1753490260.8962588,graph,0.2598187029361725,0.0,0.253978431224823,0.0,0.05840284749865532,0.0001976468702657641,2.1557828255052667,974.1717734336853,1.0,1.0,1.0,0.1
2803,1753490261.386022,graph,0.293217271566391,0.0,0.28730762004852295,0.0,0.05909647047519684,0.00019764519775083514,2.0418028094416556,974.661536693573,1.0,1.0,1.0,0.1
2804,1753490261.7233791,node,0.5065650343894958,0.0016985528636723757,0.0,0.5048664808273315,0.0,0.0001976435246490028,2.9642185249523316,974.998893737793,1.0,1.0,1.0,0.1
2805,1753490262.178159,graph,0.2897151708602905,0.0,0.2809542715549469,0.0,0.08760902285575867,0.00019764185096027731,2.198866046128803,975.4536736011505,1.0,1.0,1.0,0.1
2806,1753490262.6355784,graph,0.3268631100654602,0.0,0.32139670848846436,0.0,0.05466405302286148,0.00019764017668466908,2.1861775210105936,975.9110929965973,1.0,1.0,1.0,0.1
2807,1753490263.0976117,graph,0.31604406237602234,0.0,0.30945923924446106,0.0,0.06584832817316055,0.00019763850182218838,2.1643462950769594,976.3731262683868,1.0,1.0,1.0,0.1
2808,1753490263.400596,node,0.5874532461166382,0.0018389573087915778,0.0,0.5856142640113831,0.0,0.0001976368263728456,3.3005017280344475,976.6761105060577,1.0,1.0,1.0,0.1
2809,1753490263.8442936,graph,0.2863563895225525,0.0,0.28179502487182617,0.0,0.04561370611190796,0.00019763515033665105,2.2537868020631886,977.1198081970215,1.0,1.0,1.0,0.1
2810,1753490264.2747104,graph,0.29463478922843933,0.0,0.2890417277812958,0.0,0.05593062564730644,0.00019763347371361506,2.323329265678428,977.550225019455,1.0,1.0,1.0,0.1
2811,1753490264.716038,graph,0.33205607533454895,0.0,0.3260611891746521,0.0,0.05994900315999985,0.00019763179650374797,2.26589060766198,977.9915525913239,1.0,1.0,1.0,0.1
2812,1753490265.0908663,node,0.7818102836608887,0.0015873010270297527,0.0,0.78022301197052,0.0,0.00019763011870706012,2.667887928841124,978.3663809299469,1.0,1.0,1.0,0.1
2813,1753490265.5492477,graph,0.26866355538368225,0.0,0.26339825987815857,0.0,0.0526529997587204,0.00019762844032356189,2.181589323990386,978.8247623443604,1.0,1.0,1.0,0.1
2814,1753490266.0009332,graph,0.25409919023513794,0.0,0.25012099742889404,0.0,0.03978188708424568,0.00019762676135326362,2.2139301749374245,979.2764477729797,1.0,1.0,1.0,0.1
2815,1753490266.4691575,graph,0.3001464605331421,0.0,0.2936263084411621,0.0,0.06520144641399384,0.00019762508179617567,2.1357285977977214,979.7446720600128,1.0,1.0,1.0,0.1
2816,1753490266.7844508,node,7.871801853179932,0.0008418026845902205,0.0,7.870960235595703,0.0,0.00019762340165230838,3.1716498945884717,980.0599653720856,1.0,1.0,1.0,0.1
2817,1753490267.2544968,graph,0.2931969165802002,0.0,0.28725600242614746,0.0,0.05940923094749451,0.00019762172092167212,2.1274511594123506,980.5300114154816,1.0,1.0,1.0,0.1
2818,1753490267.6894379,graph,0.45139697194099426,0.0,0.44741150736808777,0.0,0.03985479101538658,0.00019762003960427724,2.299162132902112,980.9649524688721,1.0,1.0,1.0,0.1
2819,1753490268.1471705,graph,0.27559593319892883,0.0,0.2714986801147461,0.0,0.04097256809473038,0.00019761835770013415,2.1846812544599374,981.4226851463318,1.0,1.0,1.0,0.1
2820,1753490268.5286431,node,0.8512700796127319,0.0008354121819138527,0.0,0.8504346609115601,0.0,0.00019761667520925321,2.621420339347455,981.8041577339172,1.0,1.0,1.0,0.1
2821,1753490268.9798448,graph,0.3219815790653229,0.0,0.31813424825668335,0.0,0.038473278284072876,0.00019761499213164483,2.2163038176950103,982.2553594112396,1.0,1.0,1.0,0.1
2822,1753490269.44048,graph,1161.2252197265625,0.0,0.5129486322402954,0.0,11607.123046875,0.00019761330846731934,2.1709153621760167,982.7159945964813,1.0,1.0,1.0,0.1
2823,1753490269.8825407,graph,0.24263925850391388,0.0,0.23903343081474304,0.0,0.03605826944112778,0.00019761162421628713,2.2621327334495778,983.158055305481,1.0,1.0,1.0,0.1
2824,1753490270.2119076,node,1.6438254117965698,0.0011044363491237164,0.0,1.6427209377288818,0.0,0.0001976099393785586,3.036127589189737,983.4874222278595,1.0,1.0,1.0,0.1
2825,1753490270.7042372,graph,0.2972941994667053,0.0,0.2925271689891815,0.0,0.0476701557636261,0.00019760825395414414,2.0311596238220226,983.9797518253326,1.0,1.0,1.0,0.1
2826,1753490271.1765985,graph,0.5005581378936768,0.0,0.4955277442932129,0.0,0.050303637981414795,0.00019760656794305418,2.117023440524483,984.4521131515503,1.0,1.0,1.0,0.1
2827,1753490271.646113,graph,0.42370665073394775,0.0,0.4157906770706177,0.0,0.07915961742401123,0.00019760488134529908,2.129860264075406,984.9216275215149,1.0,1.0,1.0,0.1
2828,1753490272.047872,node,0.34047767519950867,0.001124190166592598,0.0,0.3393534719944,0.0,0.00019760319416088927,2.489053468636876,985.3233866691589,1.0,1.0,1.0,0.1
2829,1753490272.5078,graph,0.34838181734085083,0.0,0.34171658754348755,0.0,0.06665241718292236,0.00019760150638983514,2.174253192457744,985.783314704895,1.0,1.0,1.0,0.1
2830,1753490272.956438,graph,0.3076145052909851,0.0,0.30352500081062317,0.0,0.04089507460594177,0.0001975998180321471,2.228968754184992,986.2319526672363,1.0,1.0,1.0,0.1
2831,1753490273.427179,graph,0.3563922047615051,0.0,0.3511633276939392,0.0,0.05228881165385246,0.00019759812908783556,2.12431024431849,986.7026937007904,1.0,1.0,1.0,0.1
2832,1753490273.7422612,node,6.12270975112915,0.000962326826993376,0.0,6.1217474937438965,0.0,0.00019759643955691097,3.1737762475880595,987.0177757740021,1.0,1.0,1.0,0.1
2833,1753490274.2093077,graph,0.27552998065948486,0.0,0.2699364423751831,0.0,0.05593546852469444,0.00019759474943938373,2.141114432076613,987.4848222732544,1.0,1.0,1.0,0.1
2834,1753490274.697137,graph,0.33629855513572693,0.0,0.33020326495170593,0.0,0.060952767729759216,0.00019759305873526427,2.049896755054115,987.972651720047,1.0,1.0,1.0,0.1
2835,1753490275.1351297,graph,0.3996724486351013,0.0,0.3935565948486328,0.0,0.06115845963358879,0.000197591367444563,2.283143738357845,988.4106442928314,1.0,1.0,1.0,0.1
2836,1753490275.4561822,node,2.3669724464416504,0.0014262294862419367,0.0,2.365546226501465,0.0,0.0001975896755672904,3.114754877498158,988.731696844101,1.0,1.0,1.0,0.1
2837,1753490275.9338946,graph,0.28678005933761597,0.0,0.28162604570388794,0.0,0.05154008790850639,0.00019758798310345681,2.0933097299906023,989.209409236908,1.0,1.0,1.0,0.1
2838,1753490276.3860538,graph,0.34770068526268005,0.0,0.34515950083732605,0.0,0.025411758571863174,0.0001975862900530728,2.2116105885969524,989.661568403244,1.0,1.0,1.0,0.1
2839,1753490276.8508878,graph,0.47782576084136963,0.0,0.4717485010623932,0.0,0.060772620141506195,0.0001975845964161487,2.1513057438367302,990.1264023780823,1.0,1.0,1.0,0.1
2840,1753490277.1738281,node,1.803185224533081,0.0019168310100212693,0.0,1.8012683391571045,0.0,0.00019758290219269503,3.096547090829894,990.4493427276611,1.0,1.0,1.0,0.1
2841,1753490277.629812,graph,0.28512996435165405,0.0,0.2772776186466217,0.0,0.0785234123468399,0.00019758120738272225,2.1930599962876496,990.9053266048431,1.0,1.0,1.0,0.1
2842,1753490278.0926359,graph,0.26924124360084534,0.0,0.2656516432762146,0.0,0.03589595481753349,0.00019757951198624076,2.1606491574388116,991.368150472641,1.0,1.0,1.0,0.1
2843,1753490278.549917,graph,0.4521932005882263,0.0,0.44853922724723816,0.0,0.0365397185087204,0.00019757781600326102,2.1868386257179444,991.8254315853119,1.0,1.0,1.0,0.1
2844,1753490278.8738787,node,1.6312617063522339,0.0018842981662601233,0.0,1.6293773651123047,0.0,0.0001975761194337935,3.0867843102044903,992.1493933200836,1.0,1.0,1.0,0.1
2845,1753490279.349519,graph,0.21519504487514496,0.0,0.20794016122817993,0.0,0.07254885137081146,0.00019757442227784873,2.1024290970335544,992.6250336170197,1.0,1.0,1.0,0.1
2846,1753490279.826568,graph,0.3023563325405121,0.0,0.2956450581550598,0.0,0.06711265444755554,0.0001975727245354371,2.0962212777526776,993.102082490921,1.0,1.0,1.0,0.1
2847,1753490280.2788768,graph,0.36559149622917175,0.0,0.3603266477584839,0.0,0.05264858901500702,0.0001975710262065691,2.2108784837656636,993.5543913841248,1.0,1.0,1.0,0.1
2848,1753490280.6773763,node,0.6274436116218567,0.0013896964956074953,0.0,0.6260539293289185,0.0,0.00019756932729125522,2.5094135074917974,993.9528908729553,1.0,1.0,1.0,0.1
2849,1753490281.14403,graph,0.2609284222126007,0.0,0.2560407519340515,0.0,0.048876624554395676,0.00019756762778950593,2.1429161165858064,994.4195446968079,1.0,1.0,1.0,0.1
2850,1753490281.5996928,graph,0.2851046323776245,0.0,0.2811048626899719,0.0,0.03999754786491394,0.00019756592770133169,2.1946056588886074,994.8752074241638,1.0,1.0,1.0,0.1
2851,1753490282.0776224,graph,0.3516944944858551,0.0,0.34652838110923767,0.0,0.051661089062690735,0.000197564227026743,2.0923584068898156,995.3531370162964,1.0,1.0,1.0,0.1
2852,1753490282.4431918,node,0.2893458604812622,0.0006981431506574154,0.0,0.28864771127700806,0.0,0.00019756252576575044,2.7354590627199085,995.7187063694,1.0,1.0,1.0,0.1
2853,1753490282.926801,graph,0.363757848739624,0.0,0.35932064056396484,0.0,0.04437220096588135,0.0001975608239183644,2.067785312984987,996.202315568924,1.0,1.0,1.0,0.1
2854,1753490283.4121242,graph,0.28366824984550476,0.0,0.27903833985328674,0.0,0.046299196779727936,0.00019755912148459537,2.060482621034755,996.687638759613,1.0,1.0,1.0,0.1
2855,1753490283.8749077,graph,0.5448238849639893,0.0,0.5397278070449829,0.0,0.05096080154180527,0.0001975574184644539,2.160837276635644,997.150422334671,1.0,1.0,1.0,0.1
2856,1753490284.200229,node,3.6221964359283447,0.000788933364674449,0.0,3.6214075088500977,0.0,0.0001975557148579505,3.0738851561309084,997.4757435321808,1.0,1.0,1.0,0.1
2857,1753490284.677596,graph,0.2972671091556549,0.0,0.2884666621685028,0.0,0.0880044624209404,0.00019755401066509566,2.0948236035646377,997.9531106948853,1.0,1.0,1.0,0.1
2858,1753490285.1446226,graph,0.3522942066192627,0.0,0.34900790452957153,0.0,0.03286314010620117,0.00019755230588589992,2.1412062479484146,998.4201371669769,1.0,1.0,1.0,0.1
2859,1753490285.6291633,graph,0.3545801043510437,0.0,0.35025662183761597,0.0,0.04323471337556839,0.00019755060052037375,2.063810115676193,998.9046778678894,1.0,1.0,1.0,0.1
2860,1753490286.0007322,node,31.404624938964844,0.0012742698891088367,0.0,31.403350830078125,0.0,0.00019754889456852768,2.6912907698753843,999.2762467861176,1.0,1.0,1.0,0.1
2861,1753490286.476531,graph,0.2835906445980072,0.0,0.2793707847595215,0.0,0.04219865798950195,0.00019754718803037226,2.1017285138388844,999.7520456314087,1.0,1.0,1.0,0.1
2862,1753490286.9269764,graph,0.3184797763824463,0.0,0.31194838881492615,0.0,0.06531375646591187,0.00019754548090591796,2.220024823943196,1000.2024910449982,1.0,1.0,1.0,0.1
2863,1753490287.3824747,graph,0.3001236617565155,0.0,0.2955828309059143,0.0,0.0454082265496254,0.0001975437731951754,2.195398267886174,1000.6579892635345,1.0,1.0,1.0,0.1
2864,1753490287.735338,node,0.5734961032867432,0.001691367942839861,0.0,0.5718047618865967,0.0,0.00019754206489815503,2.83395855179944,1001.0108525753021,1.0,1.0,1.0,0.1
2865,1753490288.208945,graph,0.3227115273475647,0.0,0.31598585844039917,0.0,0.06725665926933289,0.00019754035601486742,2.1114549961438787,1001.4844596385956,1.0,1.0,1.0,0.1
2866,1753490288.6699798,graph,0.31647664308547974,0.0,0.3132428526878357,0.0,0.032337840646505356,0.00019753864654532312,2.169033779451006,1001.9454944133759,1.0,1.0,1.0,0.1
2867,1753490289.136331,graph,0.316199392080307,0.0,0.311795175075531,0.0,0.04404214024543762,0.00019753693648953268,2.1443063692121602,1002.4118456840515,1.0,1.0,1.0,0.1
2868,1753490289.453294,node,7.574757099151611,0.002000133041292429,0.0,7.572756767272949,0.0,0.00019753522584750664,3.154942799180707,1002.7288086414337,1.0,1.0,1.0,0.1
2869,1753490289.914211,graph,0.3796861469745636,0.0,0.37500452995300293,0.0,0.04681629687547684,0.00019753351461925553,2.169588035749571,1003.1897256374359,1.0,1.0,1.0,0.1
2870,1753490290.3694189,graph,0.34879958629608154,0.0,0.3437601923942566,0.0,0.050393979996442795,0.00019753180280478993,2.196798793262382,1003.644933462143,1.0,1.0,1.0,0.1
2871,1753490290.8193839,graph,0.2744559645652771,0.0,0.27082589268684387,0.0,0.03630075603723526,0.00019753009040412038,2.2223950744188756,1004.0948984622955,1.0,1.0,1.0,0.1
2872,1753490291.163178,node,1.519777774810791,0.0020034301560372114,0.0,1.5177743434906006,0.0,0.00019752837741725748,2.9087176841239493,1004.4386925697327,1.0,1.0,1.0,0.1
2873,1753490291.6180723,graph,0.45024731755256653,0.0,0.44144055247306824,0.0,0.0880676656961441,0.00019752666384421176,2.198312862133215,1004.8935868740082,1.0,1.0,1.0,0.1
2874,1753490292.0733223,graph,0.2804321348667145,0.0,0.2739369869232178,0.0,0.06495147198438644,0.00019752494968499381,2.1965951576809535,1005.3488368988037,1.0,1.0,1.0,0.1
2875,1753490292.5250602,graph,0.2879279851913452,0.0,0.2845906615257263,0.0,0.03337321802973747,0.0001975232349396142,2.2136731115739163,1005.8005747795105,1.0,1.0,1.0,0.1
2876,1753490292.8714175,node,2.560195207595825,0.0018393441569060087,0.0,2.5583558082580566,0.0,0.00019752151960808348,2.8871915458365227,1006.1469321250916,1.0,1.0,1.0,0.1
2877,1753490293.3546321,graph,0.3676786720752716,0.0,0.3630320429801941,0.0,0.04646623134613037,0.00019751980369041227,2.0694738223628084,1006.6301467418671,1.0,1.0,1.0,0.1
2878,1753490293.8113194,graph,0.4432489573955536,0.0,0.4390304684638977,0.0,0.04218485951423645,0.00019751808718661114,2.1896825086074805,1007.0868339538574,1.0,1.0,1.0,0.1
2879,1753490294.2693539,graph,0.3445868492126465,0.0,0.33565759658813477,0.0,0.08929261565208435,0.0001975163700966907,2.1832415820639457,1007.5448684692383,1.0,1.0,1.0,0.1
2880,1753490294.6450868,node,41.58614730834961,0.0009814677760004997,0.0,41.585166931152344,0.0,0.00019751465242066147,2.6614651083989345,1007.9206013679504,1.0,1.0,1.0,0.1
2881,1753490295.0980427,graph,0.4820009768009186,0.0,0.4776473641395569,0.0,0.043536022305488586,0.00019751293415853414,2.2077201441177787,1008.3735573291779,1.0,1.0,1.0,0.1
2882,1753490295.5603726,graph,0.37475815415382385,0.0,0.36755579710006714,0.0,0.07202368974685669,0.00019751121531031926,2.162957828989166,1008.8358871936798,1.0,1.0,1.0,0.1
2883,1753490296.0080621,graph,0.32525962591171265,0.0,0.32164523005485535,0.0,0.03614410012960434,0.00019750949587602742,2.233690818673026,1009.2835767269135,1.0,1.0,1.0,0.1
2884,1753490296.3581216,node,0.8305071592330933,0.0008253076812252402,0.0,0.8296818733215332,0.0,0.00019750777585566924,2.856657149706863,1009.6336362361908,1.0,1.0,1.0,0.1
2885,1753490296.8266268,graph,0.3032657504081726,0.0,0.29933708906173706,0.0,0.03928660973906517,0.00019750605524925536,2.1344482820565145,1010.1021413803101,1.0,1.0,1.0,0.1
2886,1753490297.2917275,graph,0.34239262342453003,0.0,0.3361969590187073,0.0,0.061956536024808884,0.00019750433405679634,2.150071715124356,1010.5672421455383,1.0,1.0,1.0,0.1
2887,1753490297.7622538,graph,0.257659912109375,0.0,0.25516489148139954,0.0,0.02495012804865837,0.00019750261227830283,2.125280081883731,1011.0377683639526,1.0,1.0,1.0,0.1
2888,1753490298.1067958,node,1.786842703819275,0.0009144555078819394,0.0,1.7859282493591309,0.0,0.00019750088991378546,2.902403547401797,1011.3823103904724,1.0,1.0,1.0,0.1
2889,1753490298.572599,graph,0.24451909959316254,0.0,0.24221600592136383,0.0,0.023030996322631836,0.00019749916696325484,2.1468296378191347,1011.8481135368347,1.0,1.0,1.0,0.1
2890,1753490299.0348427,graph,0.3478694558143616,0.0,0.34290164709091187,0.0,0.04967815801501274,0.00019749744342672157,2.163360568519247,1012.3103573322296,1.0,1.0,1.0,0.1
2891,1753490299.5096228,graph,0.3267187774181366,0.0,0.32206305861473083,0.0,0.0465572290122509,0.00019749571930419634,2.1062383120783057,1012.7851374149323,1.0,1.0,1.0,0.1
2892,1753490299.8984935,node,1.804087519645691,0.0007590008899569511,0.0,1.803328514099121,0.0,0.00019749399459568974,2.571548740007921,1013.1740081310272,1.0,1.0,1.0,0.1
2893,1753490300.3561594,graph,0.3055044710636139,0.0,0.3005940318107605,0.0,0.0491044782102108,0.00019749226930121245,2.1849999218583136,1013.6316740512848,1.0,1.0,1.0,0.1
2894,1753490300.8220391,graph,0.25019311904907227,0.0,0.24482303857803345,0.0,0.053700920194387436,0.00019749054342077508,2.1464769674740705,1014.097553730011,1.0,1.0,1.0,0.1
2895,1753490301.282404,graph,0.3945295214653015,0.0,0.3876093029975891,0.0,0.06920206546783447,0.00019748881695438826,2.1721903144113397,1014.557918548584,1.0,1.0,1.0,0.1
2896,1753490301.6484416,node,3.4741575717926025,0.0007816876168362796,0.0,3.4733757972717285,0.0,0.00019748708990206267,2.731959723124161,1014.923956155777,1.0,1.0,1.0,0.1
2897,1753490302.1042638,graph,0.24888938665390015,0.0,0.24315300583839417,0.0,0.05736376345157623,0.00019748536226380894,2.1938377190344256,1015.3797783851624,1.0,1.0,1.0,0.1
2898,1753490302.5795755,graph,0.31741219758987427,0.0,0.311676561832428,0.0,0.05735643953084946,0.00019748363403963775,2.103882319540209,1015.8550901412964,1.0,1.0,1.0,0.1
2899,1753490303.0402532,graph,0.3027627170085907,0.0,0.29761433601379395,0.0,0.05148392915725708,0.00019748190522955974,2.1707153732852644,1016.3157677650452,1.0,1.0,1.0,0.1
2900,1753490303.3947096,node,0.8462399840354919,0.0010809210361912847,0.0,0.8451590538024902,0.0,0.0001974801758335856,2.821221256771718,1016.6702241897583,1.0,1.0,1.0,0.1
2901,1753490303.8544044,graph,0.431547075510025,0.0,0.42369258403778076,0.0,0.07854495942592621,0.000197478445851726,2.175356049997407,1017.129919052124,1.0,1.0,1.0,0.1
2902,1753490304.314256,graph,0.23984743654727936,0.0,0.2357291281223297,0.0,0.041183050721883774,0.00019747671528399155,2.174615050003707,1017.5897705554962,1.0,1.0,1.0,0.1
2903,1753490304.7788527,graph,0.2336018830537796,0.0,0.22701013088226318,0.0,0.06591753661632538,0.000197474984130393,2.1524042162306407,1018.0543673038483,1.0,1.0,1.0,0.1
2904,1753490305.0877705,node,1.1723589897155762,0.0010015122825279832,0.0,1.17135751247406,0.0,0.000197473252390941,3.2371074982924224,1018.3632850646973,1.0,1.0,1.0,0.1
2905,1753490305.5675664,graph,0.3606634736061096,0.0,0.3545468747615814,0.0,0.06116585433483124,0.00019747152006564624,2.084219418508157,1018.843080997467,1.0,1.0,1.0,0.1
2906,1753490306.0539126,graph,0.36224570870399475,0.0,0.34687381982803345,0.0,0.15371885895729065,0.0001974697871545194,2.0561482907851625,1019.329427242279,1.0,1.0,1.0,0.1
2907,1753490306.52022,graph,0.25099673867225647,0.0,0.24728770554065704,0.0,0.03709036111831665,0.00019746805365757116,2.14450810012092,1019.7957346439362,1.0,1.0,1.0,0.1
2908,1753490306.8699543,node,3.5904738903045654,0.0008700142498128116,0.0,3.589603900909424,0.0,0.00019746631957481223,2.8593134327544223,1020.1454689502716,1.0,1.0,1.0,0.1
2909,1753490307.3380961,graph,0.39262494444847107,0.0,0.3867775797843933,0.0,0.05847357213497162,0.0001974645849062533,2.1361049416637083,1020.6136107444763,1.0,1.0,1.0,0.1
2910,1753490307.7793906,graph,0.2928798794746399,0.0,0.2905042767524719,0.0,0.02375607006251812,0.00019746284965190504,2.2660607707613987,1021.0549051761627,1.0,1.0,1.0,0.1
2911,1753490308.2620282,graph,0.2895270884037018,0.0,0.2804833650588989,0.0,0.09043735265731812,0.00019746111381177818,2.071947791095222,1021.5375428199768,1.0,1.0,1.0,0.1
2912,1753490308.678942,node,8.591465950012207,0.000667804095428437,0.0,8.590798377990723,0.0,0.00019745937738588343,2.398577656186469,1021.9544565677643,1.0,1.0,1.0,0.1
2913,1753490309.1394982,graph,0.3292695879936218,0.0,0.32607874274253845,0.0,0.03190840035676956,0.00019745764037423154,2.1712873496218124,1022.4150128364563,1.0,1.0,1.0,0.1
2914,1753490309.5932963,graph,0.41486531496047974,0.0,0.4114992022514343,0.0,0.03366115689277649,0.00019745590277683316,2.2036233684833246,1022.8688108921051,1.0,1.0,1.0,0.1
2915,1753490310.0497625,graph,0.3490264117717743,0.0,0.3424113392829895,0.0,0.06615082919597626,0.00019745416459369903,2.190742719729567,1023.3252770900726,1.0,1.0,1.0,0.1
2916,1753490310.398614,node,37.35612869262695,0.0008205057820305228,0.0,37.355308532714844,0.0,0.0001974524258248399,2.8665497075224047,1023.6741285324097,1.0,1.0,1.0,0.1
2917,1753490310.841798,graph,0.5825642943382263,0.0,0.5766315460205078,0.0,0.05932725593447685,0.0001974506864702664,2.256398448717459,1024.117312669754,1.0,1.0,1.0,0.1
2918,1753490311.291779,graph,0.23968327045440674,0.0,0.23360739648342133,0.0,0.060758739709854126,0.0001974489465299894,2.2223161807755503,1024.5672936439514,1.0,1.0,1.0,0.1
2919,1753490311.766909,graph,0.2784979045391083,0.0,0.2753276824951172,0.0,0.031702205538749695,0.00019744720600401952,2.1046878347924745,1025.0424234867096,1.0,1.0,1.0,0.1
2920,1753490312.1196423,node,2.2054390907287598,0.0009995828149840236,0.0,2.204439401626587,0.0,0.00019744546489236758,2.8350025110326595,1025.3951568603516,1.0,1.0,1.0,0.1
2921,1753490312.5894372,graph,0.30748093128204346,0.0,0.30100294947624207,0.0,0.0647798702120781,0.00019744372319504424,2.128588052655645,1025.8649518489838,1.0,1.0,1.0,0.1
2922,1753490313.058877,graph,0.397249311208725,0.0,0.3923676311969757,0.0,0.04881671071052551,0.00019744198091206031,2.130198839699681,1026.334391593933,1.0,1.0,1.0,0.1
2923,1753490313.513686,graph,0.40601494908332825,0.0,0.4024663269519806,0.0,0.03548630326986313,0.00019744023804342648,2.1987254188100587,1026.7892005443573,1.0,1.0,1.0,0.1
2924,1753490313.8848076,node,0.5636416673660278,0.0008910284377634525,0.0,0.5627506375312805,0.0,0.00019743849458915354,2.6945342950037805,1027.160322189331,1.0,1.0,1.0,0.1
2925,1753490314.360361,graph,0.32111144065856934,0.0,0.3162623345851898,0.0,0.04849117994308472,0.00019743675054925228,2.102812771982176,1027.6358757019043,1.0,1.0,1.0,0.1
2926,1753490314.8193674,graph,0.32557180523872375,0.0,0.32173624634742737,0.0,0.03835573419928551,0.00019743500592373336,2.1786192897197814,1028.0948820114136,1.0,1.0,1.0,0.1
2927,1753490315.2964976,graph,0.702097475528717,0.0,0.6930148601531982,0.0,0.09082590788602829,0.0001974332607126076,2.0958640915157636,1028.5720121860504,1.0,1.0,1.0,0.1
2928,1753490315.63265,node,1.1154175996780396,0.0009524864726699889,0.0,1.1144651174545288,0.0,0.00019743151491588578,2.974841924215827,1028.9081645011902,1.0,1.0,1.0,0.1
2929,1753490316.0792878,graph,0.31297022104263306,0.0,0.30788272619247437,0.0,0.05087484419345856,0.00019742976853357865,2.2389503212185753,1029.3548023700714,1.0,1.0,1.0,0.1
2930,1753490316.5436924,graph,0.4168766438961029,0.0,0.4125923216342926,0.0,0.04284321516752243,0.00019742802156569696,2.1532948568013826,1029.8192069530487,1.0,1.0,1.0,0.1
2931,1753490317.0008552,graph,0.27013248205184937,0.0,0.2641644775867462,0.0,0.05968009680509567,0.00019742627401225153,2.1874043014790248,1030.2763698101044,1.0,1.0,1.0,0.1
2932,1753490317.4060748,node,0.5608557462692261,0.0006506176432594657,0.0,0.5602051019668579,0.0,0.00019742452587325312,2.4677979823654077,1030.6815893650055,1.0,1.0,1.0,0.1
2933,1753490317.8647766,graph,0.2738710641860962,0.0,0.26762187480926514,0.0,0.062491968274116516,0.0001974227771487125,2.180065334847591,1031.1402912139893,1.0,1.0,1.0,0.1
2934,1753490318.319174,graph,0.4249085485935211,0.0,0.4180123209953308,0.0,0.06896232813596725,0.00019742102783864044,2.2007166239655045,1031.594688653946,1.0,1.0,1.0,0.1
2935,1753490318.7813406,graph,0.29985374212265015,0.0,0.29345107078552246,0.0,0.06402663886547089,0.00019741927794304778,2.1637221577669363,1032.0568552017212,1.0,1.0,1.0,0.1
2936,1753490319.1492162,node,0.799924373626709,0.00089113978901878,0.0,0.7990332245826721,0.0,0.00019741752746194532,2.7183103885852202,1032.4247307777405,1.0,1.0,1.0,0.1
2937,1753490319.6065848,graph,0.4239594638347626,0.0,0.41840308904647827,0.0,0.055563729256391525,0.0001974157763953438,2.1864202595677624,1032.88209939003,1.0,1.0,1.0,0.1
2938,1753490320.0641499,graph,0.33496031165122986,0.0,0.32984161376953125,0.0,0.05118709057569504,0.00019741402474325405,2.185481513594179,1033.3396644592285,1.0,1.0,1.0,0.1
2939,1753490320.5085132,graph,0.3740673363208771,0.0,0.36918026208877563,0.0,0.048870883882045746,0.00019741227250568688,2.250410587001253,1033.784027814865,1.0,1.0,1.0,0.1
2940,1753490320.8721185,node,0.438861608505249,0.0006690493319183588,0.0,0.43819254636764526,0.0,0.0001974105196826531,2.750235234949717,1034.147633075714,1.0,1.0,1.0,0.1
2941,1753490321.3581998,graph,0.34567949175834656,0.0,0.34055328369140625,0.0,0.051262132823467255,0.00019740876627416355,2.057268759199774,1034.6337144374847,1.0,1.0,1.0,0.1
2942,1753490321.8272247,graph,0.4851157069206238,0.0,0.4802541136741638,0.0,0.048615962266922,0.000197407012280229,2.1320829815278617,1035.1027393341064,1.0,1.0,1.0,0.1
2943,1753490322.2926185,graph,0.3892025351524353,0.0,0.3842650055885315,0.0,0.049375370144844055,0.00019740525770086027,2.148718009142404,1035.5681331157684,1.0,1.0,1.0,0.1
2944,1753490322.623883,node,5.812836647033691,0.0004512940358836204,0.0,5.812385559082031,0.0,0.0001974035025360682,3.0187358214627067,1035.899397611618,1.0,1.0,1.0,0.1
2945,1753490323.1036305,graph,0.35674747824668884,0.0,0.35071974992752075,0.0,0.060277413576841354,0.00019740174678586363,2.084429683427202,1036.3791451454163,1.0,1.0,1.0,0.1
2946,1753490323.5606375,graph,0.36492592096328735,0.0,0.34838396310806274,0.0,0.16541948914527893,0.00019739999045025733,2.188150619826734,1036.8361520767212,1.0,1.0,1.0,0.1
2947,1753490324.021715,graph,0.36644938588142395,0.0,0.36159950494766235,0.0,0.04849874600768089,0.0001973982335292602,2.1688330155814755,1037.2972295284271,1.0,1.0,1.0,0.1
2948,1753490324.4073088,node,1.7518160343170166,0.0006903381436131895,0.0,1.751125693321228,0.0,0.00019739647602288308,2.593402081743748,1037.682823419571,1.0,1.0,1.0,0.1
2949,1753490324.8783278,graph,0.35315489768981934,0.0,0.3454750180244446,0.0,0.07679888606071472,0.00019739471793113676,2.1230564735621686,1038.1538424491882,1.0,1.0,1.0,0.1
2950,1753490325.33174,graph,0.32846033573150635,0.0,0.3234635591506958,0.0,0.049967847764492035,0.00019739295925403212,2.205499361639923,1038.6072545051575,1.0,1.0,1.0,0.1
2951,1753490325.7912643,graph,0.2950504720211029,0.0,0.2908400893211365,0.0,0.042103808373212814,0.00019739119999158,2.1761630395587805,1039.0667788982391,1.0,1.0,1.0,0.1
2952,1753490326.106623,node,11.708793640136719,0.0008063132409006357,0.0,11.707987785339355,0.0,0.00019738944014379125,3.170992885817753,1039.3821375370026,1.0,1.0,1.0,0.1
2953,1753490326.56414,graph,0.39779773354530334,0.0,0.391450434923172,0.0,0.06347310543060303,0.00019738767971067675,2.185710429470871,1039.8396546840668,1.0,1.0,1.0,0.1
2954,1753490327.0150685,graph,0.3523585796356201,0.0,0.3461063802242279,0.0,0.06252188980579376,0.0001973859186922473,2.2176467260357917,1040.2905831336975,1.0,1.0,1.0,0.1
2955,1753490327.4768996,graph,0.33124566078186035,0.0,0.3255794644355774,0.0,0.05666200444102287,0.00019738415708851382,2.1652937957523255,1040.752414226532,1.0,1.0,1.0,0.1
2956,1753490327.8375914,node,1.0607596635818481,0.0006554915453307331,0.0,1.0601041316986084,0.0,0.00019738239489948718,2.7724501619789392,1041.1131060123444,1.0,1.0,1.0,0.1
2957,1753490328.3044052,graph,0.29243403673171997,0.0,0.28817981481552124,0.0,0.04254231974482536,0.00019738063212517817,2.1421817310781277,1041.5799198150635,1.0,1.0,1.0,0.1
2958,1753490328.7638974,graph,0.24008618295192719,0.0,0.23467053472995758,0.0,0.05415654927492142,0.00019737886876559777,2.1763154754183422,1042.039412021637,1.0,1.0,1.0,0.1
2959,1753490329.2225554,graph,0.3180842399597168,0.0,0.3107675015926361,0.0,0.07316752523183823,0.0001973771048207568,2.180273850409954,1042.4980700016022,1.0,1.0,1.0,0.1
2960,1753490329.558919,node,3.533921957015991,0.0006917314603924751,0.0,3.5332303047180176,0.0,0.00019737534029066613,2.972973700942224,1042.834433555603,1.0,1.0,1.0,0.1
2961,1753490330.0187287,graph,0.3497591018676758,0.0,0.3462587893009186,0.0,0.035003166645765305,0.00019737357517533665,2.1748123751025363,1043.2942433357239,1.0,1.0,1.0,0.1
2962,1753490330.4980285,graph,0.24405905604362488,0.0,0.23981663584709167,0.0,0.042424194514751434,0.00019737180947477928,2.0863769064665534,1043.7735431194305,1.0,1.0,1.0,0.1
2963,1753490330.9450636,graph,0.2888227105140686,0.0,0.2835962474346161,0.0,0.05226464569568634,0.0001973700431890049,2.2369609402874984,1044.2205781936646,1.0,1.0,1.0,0.1
2964,1753490331.3210273,node,3.6689367294311523,0.001128717907704413,0.0,3.6678080558776855,0.0,0.0001973682763180244,2.6598313406125667,1044.5965418815613,1.0,1.0,1.0,0.1
2965,1753490331.7618606,graph,0.30374598503112793,0.0,0.30081480741500854,0.0,0.029311805963516235,0.0001973665088618487,2.268431018248351,1045.0373752117157,1.0,1.0,1.0,0.1
2966,1753490332.2159252,graph,0.4234343469142914,0.0,0.418174147605896,0.0,0.05260194092988968,0.00019736474082048864,2.2023297636893964,1045.491439819336,1.0,1.0,1.0,0.1
2967,1753490332.6901064,graph,0.3288913667201996,0.0,0.32264694571495056,0.0,0.06244412064552307,0.00019736297219395517,2.1088985650070895,1045.9656209945679,1.0,1.0,1.0,0.1
2968,1753490333.0375082,node,10.401589393615723,0.0007711593061685562,0.0,10.40081787109375,0.0,0.00019736120298225918,2.8785108046137933,1046.313022851944,1.0,1.0,1.0,0.1
2969,1753490333.489369,graph,0.35895803570747375,0.0,0.35446417331695557,0.0,0.044938504695892334,0.00019735943318541162,2.2130715829807395,1046.764883518219,1.0,1.0,1.0,0.1
2970,1753490333.9439485,graph,0.3281228244304657,0.0,0.32114920020103455,0.0,0.06973633915185928,0.0001973576628034234,2.1998347883323848,1047.21946310997,1.0,1.0,1.0,0.1
2971,1753490334.4196033,graph,0.27319762110710144,0.0,0.26555538177490234,0.0,0.07642248272895813,0.0001973558918363054,2.10236481355521,1047.6951179504395,1.0,1.0,1.0,0.1
2972,1753490334.7642512,node,3.3850090503692627,0.0008601209847256541,0.0,3.3841488361358643,0.0,0.0001973541202840686,2.9015120804561283,1048.0397658348083,1.0,1.0,1.0,0.1
2973,1753490335.2292137,graph,0.3072454333305359,0.0,0.302884578704834,0.0,0.04360862821340561,0.00019735234814672388,2.1507111600179263,1048.5047283172607,1.0,1.0,1.0,0.1
2974,1753490335.6910636,graph,0.34320712089538574,0.0,0.3366539478302002,0.0,0.06553184241056442,0.0001973505754242822,2.165205491190875,1048.966578245163,1.0,1.0,1.0,0.1
2975,1753490336.1659758,graph,0.2601574957370758,0.0,0.2563379406929016,0.0,0.038195639848709106,0.00019734880211675444,2.1056525192200914,1049.4414904117584,1.0,1.0,1.0,0.1
2976,1753490336.5589747,node,4.382006645202637,0.0008475346257910132,0.0,4.38115930557251,0.0,0.00019734702822415165,2.5445361654059164,1049.8344893455505,1.0,1.0,1.0,0.1
2977,1753490337.0150213,graph,0.3341539204120636,0.0,0.3291485905647278,0.0,0.05005331337451935,0.00019734525374648466,2.192758461688061,1050.2905359268188,1.0,1.0,1.0,0.1
2978,1753490337.465206,graph,0.36570486426353455,0.0,0.36241504549980164,0.0,0.03289831057190895,0.00019734347868376447,2.221311071696966,1050.7407205104828,1.0,1.0,1.0,0.1
2979,1753490337.9368498,graph,0.2957609295845032,0.0,0.2897312343120575,0.0,0.06029684096574783,0.00019734170303600205,2.1202435727508293,1051.212364435196,1.0,1.0,1.0,0.1
2980,1753490338.3331764,node,1.7608444690704346,0.0007705265306867659,0.0,1.7600739002227783,0.0,0.00019733992680320828,2.523171915775239,1051.6086909770966,1.0,1.0,1.0,0.1
2981,1753490338.7802649,graph,0.3757518231868744,0.0,0.36801302433013916,0.0,0.07738809287548065,0.0001973381499853942,2.2366937300857233,1052.0557794570923,1.0,1.0,1.0,0.1
2982,1753490339.250575,graph,0.2599714398384094,0.0,0.2544894814491272,0.0,0.054819606244564056,0.0001973363725825707,2.126256194794345,1052.526089668274,1.0,1.0,1.0,0.1
2983,1753490339.7221053,graph,0.2984781563282013,0.0,0.2928970754146576,0.0,0.05581075698137283,0.00019733459459474878,2.120754942128418,1052.9976198673248,1.0,1.0,1.0,0.1
2984,1753490340.03635,node,1.5841301679611206,0.0008806668338365853,0.0,1.5832494497299194,0.0,0.0001973328160219394,3.182232985695405,1053.3118646144867,1.0,1.0,1.0,0.1
2985,1753490340.4915044,graph,0.42243874073028564,0.0,0.4154936373233795,0.0,0.06945107877254486,0.00019733103686415355,2.197056555700828,1053.767019033432,1.0,1.0,1.0,0.1
2986,1753490340.9575517,graph,0.3747001886367798,0.0,0.36925238370895386,0.0,0.05447819456458092,0.00019732925712140218,2.145705013034955,1054.2330663204193,1.0,1.0,1.0,0.1
2987,1753490341.4153674,graph,0.2720404863357544,0.0,0.26569563150405884,0.0,0.06344868987798691,0.00019732747679369628,2.184285325936951,1054.6908819675446,1.0,1.0,1.0,0.1
2988,1753490341.7310772,node,1.311227560043335,0.0007759314612485468,0.0,1.310451626777649,0.0,0.0001973256958810468,3.1674655240250025,1055.006591796875,1.0,1.0,1.0,0.1
2989,1753490342.1955698,graph,0.3719584047794342,0.0,0.3666684925556183,0.0,0.052899181842803955,0.0001973239143834648,2.1528870155007924,1055.471084356308,1.0,1.0,1.0,0.1
2990,1753490342.6528184,graph,0.30487310886383057,0.0,0.2997032701969147,0.0,0.051698341965675354,0.00019732213230096122,2.1869937012472365,1055.9283330440521,1.0,1.0,1.0,0.1
2991,1753490343.1037052,graph,0.34171560406684875,0.0,0.3350585997104645,0.0,0.06657013297080994,0.00019732034963354704,2.217851938179611,1056.3792197704315,1.0,1.0,1.0,0.1
2992,1753490343.431364,node,3.0373711585998535,0.0006518426816910505,0.0,3.03671932220459,0.0,0.0001973185663812333,3.051954411733674,1056.7068786621094,1.0,1.0,1.0,0.1
2993,1753490343.8977964,graph,0.27001577615737915,0.0,0.2623363733291626,0.0,0.07679417729377747,0.00019731678254403094,2.1439337054190974,1057.173310995102,1.0,1.0,1.0,0.1
2994,1753490344.3446295,graph,0.46266576647758484,0.0,0.4514384865760803,0.0,0.11227276176214218,0.000197314998121951,2.2379719062574366,1057.6201441287994,1.0,1.0,1.0,0.1
2995,1753490344.8143418,graph,0.3293210566043854,0.0,0.3225448727607727,0.0,0.06776173412799835,0.0001973132131150045,2.128962964617312,1058.0898563861847,1.0,1.0,1.0,0.1
2996,1753490345.1706922,node,1.9862695932388306,0.0007592928595840931,0.0,1.9855103492736816,0.0,0.00019731142752320242,2.806226507752358,1058.4462068080902,1.0,1.0,1.0,0.1
2997,1753490345.6179776,graph,0.2682509124279022,0.0,0.2646389603614807,0.0,0.036119382828474045,0.00019730964134655578,2.23570894394662,1058.8934922218323,1.0,1.0,1.0,0.1
2998,1753490346.097847,graph,0.31156307458877563,0.0,0.30848246812820435,0.0,0.030806131660938263,0.0001973078545850756,2.083900476867599,1059.3733615875244,1.0,1.0,1.0,0.1
2999,1753490346.5653515,graph,0.25610294938087463,0.0,0.2516862154006958,0.0,0.04416742920875549,0.00019730606723877294,2.1390168375444194,1059.8408660888672,1.0,1.0,1.0,0.1
3000,1753490346.9284704,node,9.312397003173828,0.0009437547996640205,0.0,9.311452865600586,0.0,0.0001973042793076588,2.753918994426246,1060.2039849758148,1.0,1.0,1.0,0.1
3001,1753490361.1796954,graph,0.2656072676181793,0.0,0.26231738924980164,0.0,0.03289869427680969,0.00019730249079174416,0.07016940651591319,1074.4552099704742,1.0,1.0,1.0,0.1
3002,1753490361.649233,graph,0.2953568398952484,0.0,0.2886660695075989,0.0,0.06690768897533417,0.0001973007016910401,2.1297542784952044,1074.9247477054596,1.0,1.0,1.0,0.1
3003,1753490362.1190982,graph,0.2337191104888916,0.0,0.22960495948791504,0.0,0.04114149510860443,0.00019729891200555768,2.1282705072213366,1075.394612789154,1.0,1.0,1.0,0.1
3004,1753490362.4147973,node,1.1370404958724976,0.000739270995836705,0.0,1.1363012790679932,0.0,0.0001972971217353079,3.381815953532024,1075.690311908722,1.0,1.0,1.0,0.1
3005,1753490362.8607323,graph,0.31662699580192566,0.0,0.31202924251556396,0.0,0.045977503061294556,0.0001972953308803018,2.2424792302341707,1076.136246919632,1.0,1.0,1.0,0.1
3006,1753490363.3219376,graph,0.32580533623695374,0.0,0.32041966915130615,0.0,0.05385679006576538,0.00019729353944055044,2.1682320677613878,1076.5974521636963,1.0,1.0,1.0,0.1
3007,1753490363.7948759,graph,0.3052487075328827,0.0,0.3010244369506836,0.0,0.042242638766765594,0.0001972917474160649,2.114440724584566,1077.0703904628754,1.0,1.0,1.0,0.1
3008,1753490364.143278,node,2.3764331340789795,0.0008141031139530241,0.0,2.3756189346313477,0.0,0.00019728995480685618,2.8702473954769165,1077.4187924861908,1.0,1.0,1.0,0.1
3009,1753490364.6000378,graph,0.39412760734558105,0.0,0.38868606090545654,0.0,0.05441531538963318,0.00019728816161293538,2.189333904029147,1077.8755524158478,1.0,1.0,1.0,0.1
3010,1753490365.0796514,graph,0.3294095993041992,0.0,0.32126492261886597,0.0,0.08144673705101013,0.00019728636783431354,2.0850120175279434,1078.3551659584045,1.0,1.0,1.0,0.1
3011,1753490365.5297205,graph,0.30347034335136414,0.0,0.2922763228416443,0.0,0.11194011569023132,0.00019728457347100171,2.2218806003198557,1078.8052351474762,1.0,1.0,1.0,0.1
3012,1753490365.8526316,node,24.67412567138672,0.0006393554504029453,0.0,24.673486709594727,0.0,0.000197282778523011,3.0968283068281073,1079.1281461715698,1.0,1.0,1.0,0.1
3013,1753490366.3225386,graph,0.2555810511112213,0.0,0.2505185902118683,0.0,0.05062473565340042,0.00019728098299035248,2.1280804573265555,1079.5980532169342,1.0,1.0,1.0,0.1
3014,1753490366.7809722,graph,0.2326219230890274,0.0,0.22936619818210602,0.0,0.032557278871536255,0.0001972791868730372,2.1813408501099953,1080.0564868450165,1.0,1.0,1.0,0.1
3015,1753490367.2484486,graph,0.3974437713623047,0.0,0.3941778540611267,0.0,0.03265921398997307,0.00019727739017107624,2.1391455666182835,1080.523963212967,1.0,1.0,1.0,0.1
3016,1753490367.6213827,node,0.9002298712730408,0.0008800362120382488,0.0,0.8993498086929321,0.0,0.00019727559288448067,2.6814388706296324,1080.896897315979,1.0,1.0,1.0,0.1
3017,1753490368.0783532,graph,0.24572515487670898,0.0,0.23831385374069214,0.0,0.07411307096481323,0.0001972737950132616,2.188325290751213,1081.3538677692413,1.0,1.0,1.0,0.1
3018,1753490368.5445137,graph,0.24149583280086517,0.0,0.23073837161064148,0.0,0.10757464170455933,0.00019727199655743014,2.1451837364510062,1081.8200283050537,1.0,1.0,1.0,0.1
3019,1753490368.9925358,graph,0.2967778742313385,0.0,0.2883284091949463,0.0,0.08449473977088928,0.0001972701975169973,2.2320326149022347,1082.2680504322052,1.0,1.0,1.0,0.1
3020,1753490369.3232574,node,1.7627094984054565,0.0010430727852508426,0.0,1.7616664171218872,0.0,0.00019726839789197426,3.0236910723953554,1082.5987720489502,1.0,1.0,1.0,0.1
3021,1753490369.7814672,graph,0.3285808563232422,0.0,0.3210470676422119,0.0,0.07533793896436691,0.0001972665976823721,2.182406623545493,1083.0569818019867,1.0,1.0,1.0,0.1
3022,1753490370.2688227,graph,0.27862000465393066,0.0,0.27416279911994934,0.0,0.04457193240523338,0.00019726479688820194,2.051890376137961,1083.544337272644,1.0,1.0,1.0,0.1
3023,1753490370.7339084,graph,0.36553075909614563,0.0,0.35972684621810913,0.0,0.05803916975855827,0.00019726299550947487,2.1501411536614086,1084.0094230175018,1.0,1.0,1.0,0.1
3024,1753490371.0726888,node,6.7887163162231445,0.0011003233958035707,0.0,6.787615776062012,0.0,0.000197261193546202,2.9517645965932604,1084.348203420639,1.0,1.0,1.0,0.1
3025,1753490371.5479069,graph,0.23198778927326202,0.0,0.2262541800737381,0.0,0.05733608826994896,0.00019725939099839444,2.104297140942069,1084.8234214782715,1.0,1.0,1.0,0.1
3026,1753490371.9997258,graph,0.33272141218185425,0.0,0.32726842164993286,0.0,0.054530054330825806,0.0001972575878660633,2.2132759492281537,1085.2752404212952,1.0,1.0,1.0,0.1
3027,1753490372.4856327,graph,0.2959265112876892,0.0,0.292136013507843,0.0,0.037905093282461166,0.00019725578414921978,2.0580076652039874,1085.761147260666,1.0,1.0,1.0,0.1
3028,1753490372.8522878,node,12.902997970581055,0.0007814413984306157,0.0,12.902216911315918,0.0,0.00019725397984787492,2.727358678894024,1086.1278023719788,1.0,1.0,1.0,0.1
3029,1753490373.3074763,graph,0.4861621558666229,0.0,0.4811026155948639,0.0,0.05059531331062317,0.00019725217496203984,2.196891995019901,1086.5829908847809,1.0,1.0,1.0,0.1
3030,1753490373.7530067,graph,0.47806787490844727,0.0,0.4724128544330597,0.0,0.056550316512584686,0.0001972503694917257,2.2445156767575147,1087.0285212993622,1.0,1.0,1.0,0.1
3031,1753490374.201882,graph,0.2977156341075897,0.0,0.29038238525390625,0.0,0.07333240658044815,0.0001972485634369437,2.2277907643148023,1087.4773964881897,1.0,1.0,1.0,0.1
3032,1753490374.5383735,node,1.4225075244903564,0.000557589577510953,0.0,1.4219499826431274,0.0,0.00019724675679770487,2.9718425221844647,1087.8138880729675,1.0,1.0,1.0,0.1
3033,1753490375.0203948,graph,0.29322248697280884,0.0,0.2892398536205292,0.0,0.039826199412345886,0.00019724494957402042,2.0745969816158722,1088.2959094047546,1.0,1.0,1.0,0.1
3034,1753490375.469813,graph,0.23520426452159882,0.0,0.22578415274620056,0.0,0.09420114755630493,0.0001972431417659015,2.2250985014830262,1088.7453277111053,1.0,1.0,1.0,0.1
3035,1753490375.9636555,graph,0.30855727195739746,0.0,0.3044399619102478,0.0,0.04117298126220703,0.00019724133337335926,2.0249376606761373,1089.239170074463,1.0,1.0,1.0,0.1
3036,1753490376.3373923,node,1.6128528118133545,0.0008349121198989451,0.0,1.6120178699493408,0.0,0.00019723952439640484,2.675679365334538,1089.6129069328308,1.0,1.0,1.0,0.1
3037,1753490376.7930932,graph,0.3004525303840637,0.0,0.29773563146591187,0.0,0.027169084176421165,0.0001972377148350494,2.194421947233052,1090.0686078071594,1.0,1.0,1.0,0.1
3038,1753490377.2623472,graph,0.3315854072570801,0.0,0.32706451416015625,0.0,0.04520907253026962,0.0001972359046893041,2.1310419602945645,1090.5378618240356,1.0,1.0,1.0,0.1
3039,1753490377.7021744,graph,0.4884704649448395,0.0,0.48336440324783325,0.0,0.051060643047094345,0.00019723409395918013,2.2736201659936826,1090.9776890277863,1.0,1.0,1.0,0.1
3040,1753490378.092415,node,5.12856388092041,0.0009750392637215555,0.0,5.127588748931885,0.0,0.00019723228264468864,2.5625212306053076,1091.3679296970367,1.0,1.0,1.0,0.1
3041,1753490378.5681226,graph,0.4749591648578644,0.0,0.4612221419811249,0.0,0.13737036287784576,0.0001972304707458408,2.10213195059095,1091.843637228012,1.0,1.0,1.0,0.1
3042,1753490379.0494583,graph,0.2957390248775482,0.0,0.2906225919723511,0.0,0.051164284348487854,0.00019722865826264776,2.077552370932622,1092.3249728679657,1.0,1.0,1.0,0.1
3043,1753490379.519861,graph,0.2666736841201782,0.0,0.2608722150325775,0.0,0.05801467224955559,0.00019722684519512076,2.1258380587649746,1092.795375585556,1.0,1.0,1.0,0.1
3044,1753490379.8429697,node,0.8533764481544495,0.0008763468358665705,0.0,0.8525000810623169,0.0,0.00019722503154327093,3.0949339441092785,1093.1184842586517,1.0,1.0,1.0,0.1
3045,1753490380.2751737,graph,0.4071284532546997,0.0,0.40070706605911255,0.0,0.06421396136283875,0.00019722321730710951,2.3137221803899504,1093.5506882667542,1.0,1.0,1.0,0.1
3046,1753490380.7216842,graph,0.39656171202659607,0.0,0.3911629915237427,0.0,0.05398716777563095,0.00019722140248664764,2.239588722987653,1093.9971988201141,1.0,1.0,1.0,0.1
3047,1753490381.1692147,graph,0.3184489905834198,0.0,0.31211158633232117,0.0,0.06337407976388931,0.00019721958708189658,2.234484536878842,1094.4447293281555,1.0,1.0,1.0,0.1
3048,1753490381.5403543,node,3.0076699256896973,0.0009364658617414534,0.0,3.0067334175109863,0.0,0.00019721777109286745,2.694404473132426,1094.8158688545227,1.0,1.0,1.0,0.1
3049,1753490382.0054648,graph,0.3328821361064911,0.0,0.3277915120124817,0.0,0.05090613290667534,0.00019721595451957153,2.150026527374456,1095.2809793949127,1.0,1.0,1.0,0.1
3050,1753490382.4577765,graph,0.4619640111923218,0.0,0.4551367163658142,0.0,0.06827284395694733,0.00019721413736201995,2.210864499220666,1095.7332911491394,1.0,1.0,1.0,0.1
3051,1753490382.9166367,graph,0.22899457812309265,0.0,0.22281289100646973,0.0,0.061816852539777756,0.00019721231962022395,2.1793131971906874,1096.1921513080597,1.0,1.0,1.0,0.1
3052,1753490383.2855418,node,2.1947739124298096,0.0005905904108658433,0.0,2.194183349609375,0.0,0.00019721050129419476,2.7107244878174885,1096.5610563755035,1.0,1.0,1.0,0.1
3053,1753490383.748988,graph,0.24280381202697754,0.0,0.24029390513896942,0.0,0.025099124759435654,0.00019720868238394358,2.1577480381555216,1097.0245025157928,1.0,1.0,1.0,0.1
3054,1753490384.216209,graph,0.35141995549201965,0.0,0.34692656993865967,0.0,0.04493393748998642,0.00019720686288948164,2.1403146555001435,1097.491723537445,1.0,1.0,1.0,0.1
3055,1753490384.7027352,graph,0.3564249873161316,0.0,0.3514338433742523,0.0,0.049911558628082275,0.00019720504281082015,2.0553875526244476,1097.9782497882843,1.0,1.0,1.0,0.1
3056,1753490385.0495362,node,1.8449469804763794,0.000743196695111692,0.0,1.8442038297653198,0.0,0.00019720322214797034,2.883497675288346,1098.325050830841,1.0,1.0,1.0,0.1
3057,1753490385.5172048,graph,0.2717825770378113,0.0,0.26494523882865906,0.0,0.06837349385023117,0.00019720140090094345,2.1382665899923734,1098.7927193641663,1.0,1.0,1.0,0.1
3058,1753490385.9620202,graph,0.26661425828933716,0.0,0.26254189014434814,0.0,0.040723636746406555,0.0001971995790697507,2.248123617469345,1099.2375347614288,1.0,1.0,1.0,0.1
3059,1753490386.4335897,graph,0.28029221296310425,0.0,0.2764661908149719,0.0,0.03826034069061279,0.00019719775665440336,2.1205780254471143,1099.7091042995453,1.0,1.0,1.0,0.1
3060,1753490386.8280807,node,7.743872165679932,0.000701295561157167,0.0,7.743170738220215,0.0,0.00019719593365491263,2.534912351211611,1100.1035952568054,1.0,1.0,1.0,0.1
3061,1753490387.2838142,graph,0.31917059421539307,0.0,0.31253811717033386,0.0,0.06632468849420547,0.00019719411007128977,2.1942646685692013,1100.5593287944794,1.0,1.0,1.0,0.1
3062,1753490387.739487,graph,0.2677815854549408,0.0,0.26303189992904663,0.0,0.047496866434812546,0.00019719228590354604,2.1945574316016385,1101.0150015354156,1.0,1.0,1.0,0.1
3063,1753490388.1917493,graph,0.36495327949523926,0.0,0.3588782846927643,0.0,0.06075006723403931,0.00019719046115169268,2.211105757420163,1101.4672639369965,1.0,1.0,1.0,0.1
3064,1753490388.5175378,node,6.006777763366699,0.0007983796531334519,0.0,6.005979537963867,0.0,0.00019718863581574093,3.0694760753364907,1101.7930524349213,1.0,1.0,1.0,0.1
3065,1753490388.9566786,graph,0.29380035400390625,0.0,0.28921011090278625,0.0,0.0459023118019104,0.0001971868098957021,2.277173989760518,1102.2321932315826,1.0,1.0,1.0,0.1
3066,1753490389.4215794,graph,0.2886929512023926,0.0,0.283530592918396,0.0,0.051623713225126266,0.00019718498339158741,2.150996828099398,1102.697093963623,1.0,1.0,1.0,0.1
3067,1753490389.8764424,graph,0.3220248520374298,0.0,0.31741324067115784,0.0,0.04611611366271973,0.00019718315630340815,2.198463807647835,1103.1519570350647,1.0,1.0,1.0,0.1
3068,1753490390.2703207,node,27.59908676147461,0.0008533624932169914,0.0,27.598234176635742,0.0,0.0001971813286311756,2.5388557817734987,1103.5458352565765,1.0,1.0,1.0,0.1
3069,1753490390.7310584,graph,0.22211851179599762,0.0,0.21722903847694397,0.0,0.048894744366407394,0.00019717950037490098,2.1704323059456425,1104.0065729618073,1.0,1.0,1.0,0.1
3070,1753490391.2079518,graph,0.26574525237083435,0.0,0.2633497714996338,0.0,0.023954859003424644,0.0001971776715345956,2.096904565261299,1104.483466386795,1.0,1.0,1.0,0.1
3071,1753490391.6474993,graph,0.35320356488227844,0.0,0.3499879837036133,0.0,0.032155804336071014,0.00019717584211027074,2.2750667716788278,1104.9230139255524,1.0,1.0,1.0,0.1
3072,1753490391.971147,node,2.7720885276794434,0.0008673257543705404,0.0,2.771221160888672,0.0,0.0001971740121019377,3.0897790533467604,1105.2466616630554,1.0,1.0,1.0,0.1
3073,1753490392.4337766,graph,0.4575132429599762,0.0,0.4452078342437744,0.0,0.12305422872304916,0.00019717218150960773,2.1615566615079604,1105.7092912197113,1.0,1.0,1.0,0.1
3074,1753490392.903773,graph,0.2571831941604614,0.0,0.2505788207054138,0.0,0.06604379415512085,0.00019717035033329217,2.127675634654757,1106.1792876720428,1.0,1.0,1.0,0.1
3075,1753490393.3454363,graph,0.28641125559806824,0.0,0.2820773124694824,0.0,0.04333937168121338,0.00019716851857300234,2.2641683805945574,1106.6209509372711,1.0,1.0,1.0,0.1
3076,1753490393.722794,node,1.303496241569519,0.0007409053505398333,0.0,1.302755355834961,0.0,0.00019716668622874945,2.6500054019799677,1106.9983086585999,1.0,1.0,1.0,0.1
3077,1753490394.1742723,graph,0.2441665679216385,0.0,0.24031752347946167,0.0,0.03849039971828461,0.00019716485330054483,2.214946159163557,1107.449786901474,1.0,1.0,1.0,0.1
3078,1753490394.6461732,graph,0.3508665859699249,0.0,0.34451043605804443,0.0,0.06356147676706314,0.0001971630197883998,2.1190888073335166,1107.9216878414154,1.0,1.0,1.0,0.1
3079,1753490395.0978622,graph,0.22129906713962555,0.0,0.21750405430793762,0.0,0.0379500687122345,0.0001971611856923257,2.2139126459933673,1108.3733768463135,1.0,1.0,1.0,0.1
3080,1753490395.4662478,node,2.110299587249756,0.000654744217172265,0.0,2.109644889831543,0.0,0.0001971593510123338,2.7145472749383384,1108.7417623996735,1.0,1.0,1.0,0.1
3081,1753490395.9280908,graph,0.2583034932613373,0.0,0.2535915672779083,0.0,0.047119200229644775,0.00019715751574843546,2.165237905952682,1109.203605413437,1.0,1.0,1.0,0.1
3082,1753490396.3917506,graph,0.33829841017723083,0.0,0.3294040262699127,0.0,0.0889439582824707,0.00019715567990064194,2.1567538938567306,1109.667265176773,1.0,1.0,1.0,0.1
3083,1753490396.8691115,graph,0.2740631103515625,0.0,0.26667481660842896,0.0,0.07388308644294739,0.0001971538434689646,2.0948508063891813,1110.1446261405945,1.0,1.0,1.0,0.1
3084,1753490397.1961865,node,2.8703300952911377,0.0007408979581668973,0.0,2.86958909034729,0.0,0.0001971520064534148,3.0574026935850225,1110.4717011451721,1.0,1.0,1.0,0.1
3085,1753490397.6533012,graph,0.33837804198265076,0.0,0.33406174182891846,0.0,0.04316296428442001,0.0001971501688540038,2.18763476136481,1110.9288158416748,1.0,1.0,1.0,0.1
3086,1753490398.1015012,graph,0.22195589542388916,0.0,0.2170591950416565,0.0,0.04896695166826248,0.00019714833067074297,2.2311468721258247,1111.3770158290863,1.0,1.0,1.0,0.1
3087,1753490398.5736682,graph,0.3780812621116638,0.0,0.3711591064929962,0.0,0.0692216157913208,0.00019714649190364367,2.1178946603030075,1111.849182844162,1.0,1.0,1.0,0.1
3088,1753490398.9327095,node,5.56123685836792,0.0006764612626284361,0.0,5.56056022644043,0.0,0.00019714465255271722,2.7851955737591703,1112.2082240581512,1.0,1.0,1.0,0.1
3089,1753490399.3965545,graph,0.22915717959403992,0.0,0.22402071952819824,0.0,0.05136455222964287,0.00019714281261797498,2.1558925257015265,1112.6720690727234,1.0,1.0,1.0,0.1
3090,1753490399.8409948,graph,0.2533617913722992,0.0,0.2500617504119873,0.0,0.033000268042087555,0.0001971409720994283,2.250020653198993,1113.116509437561,1.0,1.0,1.0,0.1
3091,1753490400.2870955,graph,0.34185805916786194,0.0,0.33369189500808716,0.0,0.0816616639494896,0.00019713913099708849,2.241646277394577,1113.5626101493835,1.0,1.0,1.0,0.1
3092,1753490400.6574705,node,1.6329879760742188,0.0008529256447218359,0.0,1.632135033607483,0.0,0.00019713728931096695,2.6999668483036308,1113.9329850673676,1.0,1.0,1.0,0.1
3093,1753490401.1346872,graph,0.28646010160446167,0.0,0.28213196992874146,0.0,0.04328123852610588,0.00019713544704107503,2.095483994740187,1114.4102017879486,1.0,1.0,1.0,0.1
3094,1753490401.598567,graph,0.23964378237724304,0.0,0.2360866367816925,0.0,0.035571493208408356,0.0001971336041874241,2.15573074952214,1114.8740816116333,1.0,1.0,1.0,0.1
3095,1753490402.052886,graph,0.2505553662776947,0.0,0.24450913071632385,0.0,0.06046240031719208,0.00019713176075002552,2.201096585136485,1115.3284006118774,1.0,1.0,1.0,0.1
3096,1753490402.4092717,node,2.878896474838257,0.001144600217230618,0.0,2.8777518272399902,0.0,0.0001971299167288907,2.8059486616849187,1115.6847863197327,1.0,1.0,1.0,0.1
3097,1753490403.0922909,graph,0.2758791446685791,0.0,0.27026858925819397,0.0,0.05610550567507744,0.00019712807212403095,1.4640877690860412,1116.367805480957,1.0,1.0,1.0,0.1
3098,1753490403.5675592,graph,0.2789262533187866,0.0,0.2740219235420227,0.0,0.049043238162994385,0.0001971262269354577,2.1040744047917648,1116.8430738449097,1.0,1.0,1.0,0.1
3099,1753490404.010779,graph,0.24586178362369537,0.0,0.24172598123550415,0.0,0.04135796055197716,0.00019712438116318228,2.2562175967913896,1117.2862935066223,1.0,1.0,1.0,0.1
3100,1753490404.3412442,node,1.2984317541122437,0.0006195468013174832,0.0,1.2978122234344482,0.0,0.00019712253480721613,3.0260361655094394,1117.6167588233948,1.0,1.0,1.0,0.1
3101,1753490404.7953186,graph,0.2272695004940033,0.0,0.22367125749588013,0.0,0.035982415080070496,0.00019712068786757058,2.202282352669378,1118.0708332061768,1.0,1.0,1.0,0.1
3102,1753490405.2609062,graph,0.2923353910446167,0.0,0.2892003655433655,0.0,0.03135039657354355,0.00019711884034425708,2.1478234508525125,1118.5364208221436,1.0,1.0,1.0,0.1
3103,1753490405.7335048,graph,0.2641233801841736,0.0,0.25941893458366394,0.0,0.04704440385103226,0.00019711699223728702,2.1159607753319256,1119.0090193748474,1.0,1.0,1.0,0.1
3104,1753490406.1020236,node,0.5794461965560913,0.0008061741245910525,0.0,0.5786400437355042,0.0,0.00019711514354667177,2.713565550437348,1119.3775382041931,1.0,1.0,1.0,0.1
3105,1753490406.5592887,graph,0.22965949773788452,0.0,0.2252054214477539,0.0,0.044540807604789734,0.00019711329427242274,2.186915020472817,1119.8348033428192,1.0,1.0,1.0,0.1
3106,1753490407.0117595,graph,0.24424418807029724,0.0,0.24041993916034698,0.0,0.038242489099502563,0.00019711144441455133,2.21008746970176,1120.2872741222382,1.0,1.0,1.0,0.1
3107,1753490407.4483607,graph,0.4097321033477783,0.0,0.40335553884506226,0.0,0.06376579403877258,0.00019710959397306897,2.29041992357083,1120.723875284195,1.0,1.0,1.0,0.1
3108,1753490407.788037,node,3.468705415725708,0.000701097073033452,0.0,3.4680042266845703,0.0,0.0001971077429479871,2.943978617342806,1121.0635516643524,1.0,1.0,1.0,0.1
3109,1753490408.242996,graph,0.3297940492630005,0.0,0.3231979310512543,0.0,0.06596130132675171,0.00019710589133931707,2.198000666584217,1121.5185105800629,1.0,1.0,1.0,0.1
3110,1753490408.7175913,graph,0.3207726776599884,0.0,0.3146326541900635,0.0,0.06140018627047539,0.00019710403914707035,2.1070583347608784,1121.9931058883667,1.0,1.0,1.0,0.1
3111,1753490409.1726391,graph,0.30803290009498596,0.0,0.3032906651496887,0.0,0.04742240160703659,0.00019710218637125838,2.1975711106884646,1122.4481537342072,1.0,1.0,1.0,0.1
3112,1753490409.5182729,node,6.625295639038086,0.0007462326902896166,0.0,6.624549388885498,0.0,0.00019710033301189252,2.893236016177218,1122.7937874794006,1.0,1.0,1.0,0.1
3113,1753490409.9722314,graph,0.24967476725578308,0.0,0.24627859890460968,0.0,0.03396167978644371,0.00019709847906898426,2.202844478057184,1123.2477459907532,1.0,1.0,1.0,0.1
3114,1753490410.4212263,graph,0.3687804341316223,0.0,0.36437058448791504,0.0,0.04409853741526604,0.00019709662454254505,2.2271969142230255,1123.6967408657074,1.0,1.0,1.0,0.1
3115,1753490410.890243,graph,0.2862699031829834,0.0,0.27950596809387207,0.0,0.06763945519924164,0.00019709476943258626,2.1321198312931227,1124.1657576560974,1.0,1.0,1.0,0.1
3116,1753490411.2738824,node,1.7934563159942627,0.000619934347923845,0.0,1.7928364276885986,0.0,0.00019709291373911942,2.6066148778820457,1124.5493969917297,1.0,1.0,1.0,0.1
3117,1753490411.7355323,graph,0.2474830001592636,0.0,0.24078503251075745,0.0,0.06697967648506165,0.0001970910574621559,2.1661436760832515,1125.011046886444,1.0,1.0,1.0,0.1
3118,1753490412.201484,graph,0.3365498483181,0.0,0.3315272331237793,0.0,0.050226278603076935,0.00019708920060170718,2.146145277466647,1125.4769985675812,1.0,1.0,1.0,0.1
3119,1753490412.668238,graph,1035.9974365234375,0.0,0.5187007784843445,0.0,10354.787109375,0.00019708734315778475,2.1424563826678953,1125.943752527237,1.0,1.0,1.0,0.1
3120,1753490413.041594,node,0.41506561636924744,0.0005930966581217945,0.0,0.4144725203514099,0.0,0.00019708548513040002,2.67840806554919,1126.317108631134,1.0,1.0,1.0,0.1
3121,1753490413.5171924,graph,0.34905770421028137,0.0,0.34493619203567505,0.0,0.041215188801288605,0.00019708362651956447,2.1026145927118653,1126.7927069664001,1.0,1.0,1.0,0.1
3122,1753490413.982775,graph,0.3495958745479584,0.0,0.3454100787639618,0.0,0.041857894510030746,0.00019708176732528954,2.147846548152776,1127.2582895755768,1.0,1.0,1.0,0.1
3123,1753490414.4305341,graph,0.3352136015892029,0.0,0.33001789450645447,0.0,0.05195704102516174,0.0001970799075475867,2.2333435212706028,1127.7060487270355,1.0,1.0,1.0,0.1
3124,1753490414.7611275,node,1.1892716884613037,0.0007529817521572113,0.0,1.188518762588501,0.0,0.0001970780471864675,3.02486425517215,1128.036642074585,1.0,1.0,1.0,0.1
3125,1753490415.2064068,graph,0.3124166429042816,0.0,0.3078423738479614,0.0,0.04574282467365265,0.0001970761862419433,2.24578116625447,1128.4819214344025,1.0,1.0,1.0,0.1
3126,1753490415.6673598,graph,0.23728907108306885,0.0,0.2321924865245819,0.0,0.05096589773893356,0.00019707432471402565,2.1694185872698393,1128.94287443161,1.0,1.0,1.0,0.1
3127,1753490416.13654,graph,0.5476559400558472,0.0,0.5408419370651245,0.0,0.06814029812812805,0.00019707246260272602,2.131377662504497,1129.4120545387268,1.0,1.0,1.0,0.1
3128,1753490416.4998882,node,0.8716920614242554,0.0007439396576955914,0.0,0.8709481358528137,0.0,0.00019707059990805588,2.752180620252193,1129.7754027843475,1.0,1.0,1.0,0.1
3129,1753490416.9822521,graph,0.22000083327293396,0.0,0.21225379407405853,0.0,0.0774703249335289,0.00019706873663002673,2.0731234625078034,1130.2577667236328,1.0,1.0,1.0,0.1
3130,1753490417.4740248,graph,0.27754998207092285,0.0,0.27260318398475647,0.0,0.04946812242269516,0.0001970668727686501,2.0334599669162494,1130.7495393753052,1.0,1.0,1.0,0.1
3131,1753490417.9595034,graph,0.23285330832004547,0.0,0.22972363233566284,0.0,0.0312967412173748,0.00019706500832393744,2.0598228602157405,1131.2350180149078,1.0,1.0,1.0,0.1
3132,1753490418.2868712,node,18.638490676879883,0.0007985090487636626,0.0,18.637691497802734,0.0,0.00019706314329590027,3.0546683368776764,1131.5623857975006,1.0,1.0,1.0,0.1
3133,1753490418.7387433,graph,0.29158273339271545,0.0,0.2885773479938507,0.0,0.030053941532969475,0.00019706127768455008,2.2130155348340015,1132.0142579078674,1.0,1.0,1.0,0.1
3134,1753490419.2014072,graph,0.35595259070396423,0.0,0.34965428709983826,0.0,0.06298300623893738,0.0001970594114898984,2.1613962617872327,1132.4769217967987,1.0,1.0,1.0,0.1
3135,1753490419.6697564,graph,0.22864899039268494,0.0,0.2234923243522644,0.0,0.05156662315130234,0.00019705754471195671,2.135158895926948,1132.9452710151672,1.0,1.0,1.0,0.1
3136,1753490420.0536149,node,1.9840251207351685,0.0007279746932908893,0.0,1.9832971096038818,0.0,0.00019705567735073658,2.605127020240134,1133.3291294574738,1.0,1.0,1.0,0.1
3137,1753490420.5253756,graph,0.30853942036628723,0.0,0.3039083480834961,0.0,0.04631069302558899,0.00019705380940624947,2.1197185234001177,1133.8008902072906,1.0,1.0,1.0,0.1
3138,1753490421.00914,graph,0.2489204853773117,0.0,0.24471750855445862,0.0,0.042029719799757004,0.00019705194087850698,2.0671218867896632,1134.2846546173096,1.0,1.0,1.0,0.1
3139,1753490421.4863284,graph,0.30036038160324097,0.0,0.29449015855789185,0.0,0.058702364563941956,0.00019705007176752052,2.0956085842776795,1134.7618429660797,1.0,1.0,1.0,0.1
3140,1753490421.8342028,node,0.8105384707450867,0.0005125331226736307,0.0,0.8100259304046631,0.0,0.00019704820207330168,2.8746006931712964,1135.1097173690796,1.0,1.0,1.0,0.1
3141,1753490422.303302,graph,0.3317762613296509,0.0,0.3265319764614105,0.0,0.05244278907775879,0.000197046331795862,2.1317448902058147,1135.578816652298,1.0,1.0,1.0,0.1
3142,1753490422.76056,graph,0.22789691388607025,0.0,0.2217930406332016,0.0,0.06103867292404175,0.00019704446093521305,2.186949228809534,1136.0360746383667,1.0,1.0,1.0,0.1
3143,1753490423.2419183,graph,0.3073078989982605,0.0,0.3010071814060211,0.0,0.06300719827413559,0.0001970425894913663,2.0774546140766326,1136.5174329280853,1.0,1.0,1.0,0.1
3144,1753490423.6358624,node,0.49100443720817566,0.0008252699626609683,0.0,0.490179181098938,0.0,0.00019704071746433336,2.5384316969886602,1136.911376953125,1.0,1.0,1.0,0.1
3145,1753490424.1119025,graph,0.37247416377067566,0.0,0.3648742437362671,0.0,0.07599908858537674,0.00019703884485412573,2.1006632586368115,1137.3874170780182,1.0,1.0,1.0,0.1
3146,1753490424.6037717,graph,0.2821994423866272,0.0,0.27833521366119385,0.0,0.03864218294620514,0.00019703697166075496,2.0330607755802212,1137.879286289215,1.0,1.0,1.0,0.1
3147,1753490425.067712,graph,0.29828014969825745,0.0,0.2953552007675171,0.0,0.029249411076307297,0.00019703509788423262,2.1554493611462417,1138.3432266712189,1.0,1.0,1.0,0.1
3148,1753490425.4737587,node,6.72011661529541,0.0006903628236614168,0.0,6.719426155090332,0.0,0.0001970332235245703,2.462771338801456,1138.749273300171,1.0,1.0,1.0,0.1
3149,1753490425.942855,graph,0.2929846942424774,0.0,0.28844279050827026,0.0,0.045419156551361084,0.0001970313485817795,2.1317589752034527,1139.2183694839478,1.0,1.0,1.0,0.1
3150,1753490426.4177372,graph,0.28925979137420654,0.0,0.2841668128967285,0.0,0.05092983692884445,0.00019702947305587186,2.105784664231015,1139.6932518482208,1.0,1.0,1.0,0.1
3151,1753490426.8844373,graph,0.2565079927444458,0.0,0.25066909193992615,0.0,0.0583890900015831,0.00019702759694685887,2.142703738782783,1140.1599519252777,1.0,1.0,1.0,0.1
3152,1753490427.2604685,node,1.7444794178009033,0.0006933726253919303,0.0,1.743786096572876,0.0,0.0001970257202547521,2.659354078680488,1140.5359830856323,1.0,1.0,1.0,0.1
3153,1753490427.7340958,graph,0.24967850744724274,0.0,0.24439813196659088,0.0,0.052803751081228256,0.00019702384297956322,2.111364651149211,1141.009610414505,1.0,1.0,1.0,0.1
3154,1753490428.1892176,graph,0.2968502640724182,0.0,0.2898544669151306,0.0,0.06995811313390732,0.00019702196512130375,2.1972142348627677,1141.464732170105,1.0,1.0,1.0,0.1
3155,1753490428.6905317,graph,0.2666586637496948,0.0,0.26308196783065796,0.0,0.03576691448688507,0.00019702008667998527,1.9947571271491784,1141.966046333313,1.0,1.0,1.0,0.1
3156,1753490429.0741642,node,1.1512956619262695,0.0006282238755375147,0.0,1.150667428970337,0.0,0.00019701820765561937,2.606661856437659,1142.3496787548065,1.0,1.0,1.0,0.1
3157,1753490429.5315342,graph,0.32758182287216187,0.0,0.3224654197692871,0.0,0.051164012402296066,0.00019701632804821763,2.186413421124102,1142.8070487976074,1.0,1.0,1.0,0.1
3158,1753490429.9817142,graph,0.28030887246131897,0.0,0.27608388662338257,0.0,0.0422498844563961,0.0001970144478577917,2.2213334237196216,1143.2572288513184,1.0,1.0,1.0,0.1
3159,1753490430.46141,graph,0.2636549174785614,0.0,0.2590782642364502,0.0,0.04576652869582176,0.00019701256708435313,2.0846544962947133,1143.736924648285,1.0,1.0,1.0,0.1
3160,1753490430.780229,node,1.599951148033142,0.0006001578876748681,0.0,1.5993510484695435,0.0,0.0001970106857279135,3.136575472770456,1144.0557436943054,1.0,1.0,1.0,0.1
3161,1753490431.2471516,graph,0.3738895058631897,0.0,0.3698369264602661,0.0,0.0405256450176239,0.00019700880378848448,2.141682942583671,1144.5226662158966,1.0,1.0,1.0,0.1
3162,1753490431.7033436,graph,0.30329495668411255,0.0,0.29929155111312866,0.0,0.04003410041332245,0.00019700692126607764,2.192059403953574,1144.9788582324982,1.0,1.0,1.0,0.1
3163,1753490432.13811,graph,0.31880703568458557,0.0,0.3130585551261902,0.0,0.05748477205634117,0.00019700503816070462,2.3000863155331768,1145.4136245250702,1.0,1.0,1.0,0.1
3164,1753490432.4779131,node,6.868261814117432,0.0006813667132519186,0.0,6.867580413818359,0.0,0.00019700315447237696,2.9428797155282136,1145.7534277439117,1.0,1.0,1.0,0.1
3165,1753490432.920859,graph,0.247886523604393,0.0,0.2418593019247055,0.0,0.06027225777506828,0.00019700127020110637,2.2576117555238584,1146.1963737010956,1.0,1.0,1.0,0.1
3166,1753490433.3665664,graph,0.672249972820282,0.0,0.6309514045715332,0.0,0.4129856526851654,0.00019699938534690443,2.2436248015439983,1146.6420810222626,1.0,1.0,1.0,0.1
3167,1753490433.818116,graph,0.35729140043258667,0.0,0.35266733169555664,0.0,0.0462406650185585,0.00019699749990978273,2.214596480556893,1147.0936305522919,1.0,1.0,1.0,0.1
3168,1753490434.155091,node,101.6371841430664,0.0007257905090227723,0.0,101.63645935058594,0.0,0.000196995613889753,2.967578337257743,1147.4306056499481,1.0,1.0,1.0,0.1
3169,1753490434.600482,graph,0.400607705116272,0.0,0.3575912415981293,0.0,0.4301645755767822,0.0001969937272868268,2.2452185503491506,1147.8759965896606,1.0,1.0,1.0,0.1
3170,1753490435.064111,graph,0.3402271270751953,0.0,0.3353274464607239,0.0,0.048996906727552414,0.00019699184010101578,2.156896967552727,1148.3396255970001,1.0,1.0,1.0,0.1
3171,1753490435.5212967,graph,0.28785380721092224,0.0,0.2817009687423706,0.0,0.06152850389480591,0.00019698995233233157,2.187294793009508,1148.7968113422394,1.0,1.0,1.0,0.1
3172,1753490435.8681762,node,1.3197904825210571,0.0006136100273579359,0.0,1.3191769123077393,0.0,0.00019698806398078583,2.8828456311627186,1149.1436908245087,1.0,1.0,1.0,0.1
3173,1753490436.3297863,graph,0.2563619911670685,0.0,0.2513689398765564,0.0,0.0499303862452507,0.00019698617504639024,2.166330515517271,1149.6053009033203,1.0,1.0,1.0,0.1
3174,1753490436.7818458,graph,0.21827973425388336,0.0,0.2151459902524948,0.0,0.03133749961853027,0.0001969842855291564,2.212098150125918,1150.0573604106903,1.0,1.0,1.0,0.1
3175,1753490437.2277558,graph,0.34353742003440857,0.0,0.3367186188697815,0.0,0.06818792223930359,0.00019698239542909597,2.2426051258580255,1150.5032703876495,1.0,1.0,1.0,0.1
3176,1753490437.5876844,node,6.1868743896484375,0.0006111804395914078,0.0,6.186263084411621,0.0,0.00019698050474622062,2.7783287516974133,1150.8631989955902,1.0,1.0,1.0,0.1
3177,1753490438.044433,graph,0.3287942707538605,0.0,0.3245720863342285,0.0,0.042221903800964355,0.00019697861348054203,2.1893876161886014,1151.319947719574,1.0,1.0,1.0,0.1
3178,1753490438.5138774,graph,0.4228155314922333,0.0,0.41643622517585754,0.0,0.06379295140504837,0.00019697672163207188,2.130178284116949,1151.7893919944763,1.0,1.0,1.0,0.1
3179,1753490438.9678066,graph,0.25713491439819336,0.0,0.24600614607334137,0.0,0.11128771305084229,0.00019697482920082176,2.2029867898653146,1152.2433211803436,1.0,1.0,1.0,0.1
3180,1753490439.3560617,node,1.9313883781433105,0.0007092741434462368,0.0,1.9306790828704834,0.0,0.0001969729361868034,2.5756260516070397,1152.6315762996674,1.0,1.0,1.0,0.1
3181,1753490439.7957838,graph,0.274860143661499,0.0,0.2692185640335083,0.0,0.05641588568687439,0.0001969710425900285,2.2741638146793846,1153.0712983608246,1.0,1.0,1.0,0.1
3182,1753490440.2460823,graph,0.2696422040462494,0.0,0.2659805119037628,0.0,0.03661695122718811,0.00019696914841050873,2.220748889838401,1153.5215969085693,1.0,1.0,1.0,0.1
3183,1753490440.6926415,graph,0.2637479603290558,0.0,0.25742605328559875,0.0,0.06321918964385986,0.00019696725364825573,2.2393447961964865,1153.9681560993195,1.0,1.0,1.0,0.1
3184,1753490441.0686345,node,2.526453971862793,0.0007096681511029601,0.0,2.5257441997528076,0.0,0.00019696535830328123,2.6596238877027627,1154.3441491127014,1.0,1.0,1.0,0.1
3185,1753490441.5220673,graph,0.2889813184738159,0.0,0.284712553024292,0.0,0.042687635868787766,0.0001969634623755969,2.2053984704246163,1154.797581911087,1.0,1.0,1.0,0.1
3186,1753490441.9791799,graph,0.3736738860607147,0.0,0.35854005813598633,0.0,0.15133829414844513,0.00019696156586521447,2.1876450305095423,1155.2546944618225,1.0,1.0,1.0,0.1
3187,1753490442.447344,graph,0.2497907280921936,0.0,0.2448590099811554,0.0,0.04931718111038208,0.0001969596687721456,2.1360026848330866,1155.7228586673737,1.0,1.0,1.0,0.1
3188,1753490442.8310857,node,0.4658530056476593,0.0005126018659211695,0.0,0.46534040570259094,0.0,0.000196957771096402,2.605920117003173,1156.1066002845764,1.0,1.0,1.0,0.1
3189,1753490443.272724,graph,0.2532421052455902,0.0,0.2481304556131363,0.0,0.05111635476350784,0.00019695587283799536,2.264296723377952,1156.5482385158539,1.0,1.0,1.0,0.1
3190,1753490443.7358432,graph,0.28988900780677795,0.0,0.2747262418270111,0.0,0.15162770450115204,0.00019695397399693742,2.159270987401047,1157.0113577842712,1.0,1.0,1.0,0.1
3191,1753490444.1804597,graph,0.3492634892463684,0.0,0.34132927656173706,0.0,0.07934224605560303,0.00019695207457323988,2.2491290216890625,1157.4559743404388,1.0,1.0,1.0,0.1
3192,1753490444.4965641,node,2.7940547466278076,0.0005330384592525661,0.0,2.7935216426849365,0.0,0.00019695017456691446,3.1635116809142594,1157.7720787525177,1.0,1.0,1.0,0.1
3193,1753490444.9475276,graph,0.32148003578186035,0.0,0.3141356408596039,0.0,0.07344408333301544,0.0001969482739779729,2.2174743771801735,1158.2230422496796,1.0,1.0,1.0,0.1
3194,1753490445.415786,graph,0.3494873642921448,0.0,0.34548288583755493,0.0,0.04004484415054321,0.00019694637280642688,2.1355730955622607,1158.6913006305695,1.0,1.0,1.0,0.1
3195,1753490445.8899071,graph,0.18476705253124237,0.0,0.1823226809501648,0.0,0.024443741887807846,0.00019694447105228814,2.109165808444902,1159.1654217243195,1.0,1.0,1.0,0.1
3196,1753490446.2521646,node,4.916285514831543,0.000714800669811666,0.0,4.9155707359313965,0.0,0.00019694256871556845,2.7604674947907686,1159.5276792049408,1.0,1.0,1.0,0.1
3197,1753490446.721666,graph,0.22197191417217255,0.0,0.21856611967086792,0.0,0.034057892858982086,0.0001969406657962795,2.129918668800832,1159.9971807003021,1.0,1.0,1.0,0.1
3198,1753490447.1737638,graph,0.2542373538017273,0.0,0.24974191188812256,0.0,0.044954411685466766,0.00019693876229443305,2.211911498311127,1160.4492783546448,1.0,1.0,1.0,0.1
3199,1753490447.6229017,graph,0.3832925856113434,0.0,0.37643224000930786,0.0,0.06860353797674179,0.00019693685821004083,2.2264875484454203,1160.8984162807465,1.0,1.0,1.0,0.1
3200,1753490447.968271,node,6.885589599609375,0.0007532060844823718,0.0,6.884836196899414,0.0,0.0001969349535431146,2.8954510059478773,1161.2437856197357,1.0,1.0,1.0,0.1
3201,1753490448.4129257,graph,0.2191154509782791,0.0,0.21123681962490082,0.0,0.07878636568784714,0.00019693304829366607,2.2489360686792668,1161.688440322876,1.0,1.0,1.0,0.1
3202,1753490448.8631816,graph,0.25209668278694153,0.0,0.24891714751720428,0.0,0.03179548308253288,0.00019693114246170705,2.220959380675771,1162.138696193695,1.0,1.0,1.0,0.1
3203,1753490449.3245904,graph,0.318635493516922,0.0,0.3128248155117035,0.0,0.058106765151023865,0.00019692923604724925,2.1672752751656215,1162.600105047226,1.0,1.0,1.0,0.1
3204,1753490449.6833699,node,1.0914433002471924,0.0006356321973726153,0.0,1.0908076763153076,0.0,0.00019692732905030448,2.787227793172651,1162.9588844776154,1.0,1.0,1.0,0.1
3205,1753490450.1381063,graph,0.35218167304992676,0.0,0.3407522439956665,0.0,0.11429425328969955,0.00019692542147088445,2.1990758678615827,1163.4136209487915,1.0,1.0,1.0,0.1
3206,1753490450.5901542,graph,0.2786021828651428,0.0,0.27349698543548584,0.0,0.051051996648311615,0.00019692351330900096,2.21215531854521,1163.8656687736511,1.0,1.0,1.0,0.1
3207,1753490451.0363753,graph,0.3431558907032013,0.0,0.32856008410453796,0.0,0.14595817029476166,0.00019692160456466577,2.2410414263403196,1164.311889886856,1.0,1.0,1.0,0.1
3208,1753490451.3999827,node,1.8062975406646729,0.0005965135642327368,0.0,1.8057010173797607,0.0,0.0001969196952378906,2.7502190049046606,1164.6754972934723,1.0,1.0,1.0,0.1
3209,1753490451.857596,graph,0.2981773912906647,0.0,0.29276448488235474,0.0,0.05412914976477623,0.00019691778532868735,2.185251507135939,1165.1331105232239,1.0,1.0,1.0,0.1
3210,1753490452.3252766,graph,0.26135119795799255,0.0,0.25368809700012207,0.0,0.07663090527057648,0.00019691587483706768,2.1382109966634295,1165.6007912158966,1.0,1.0,1.0,0.1
3211,1753490452.7847278,graph,0.3882124423980713,0.0,0.3788245618343353,0.0,0.0938788652420044,0.00019691396376304344,2.1765097209350115,1166.0602424144745,1.0,1.0,1.0,0.1
3212,1753490453.105134,node,27.595090866088867,0.0006156283197924495,0.0,27.59447479248047,0.0,0.0001969120521066264,3.1210382466899973,1166.380648612976,1.0,1.0,1.0,0.1
3213,1753490453.578107,graph,0.28209829330444336,0.0,0.27608123421669006,0.0,0.060170602053403854,0.00019691013986782838,2.1142851093838924,1166.8536217212677,1.0,1.0,1.0,0.1
3214,1753490454.0320625,graph,0.35614776611328125,0.0,0.3515539765357971,0.0,0.04593794792890549,0.00019690822704666113,2.202859518273638,1167.3075771331787,1.0,1.0,1.0,0.1
3215,1753490454.4760783,graph,0.2660510540008545,0.0,0.2618561387062073,0.0,0.041949182748794556,0.00019690631364313647,2.252172404886978,1167.751592874527,1.0,1.0,1.0,0.1
3216,1753490454.8613837,node,0.49214690923690796,0.0005775691824965179,0.0,0.4915693402290344,0.0,0.00019690439965726624,2.595343817910906,1168.13689827919,1.0,1.0,1.0,0.1
3217,1753490455.3391964,graph,0.22622504830360413,0.0,0.2225552797317505,0.0,0.03669767081737518,0.00019690248508906217,2.0928699880045425,1168.6147110462189,1.0,1.0,1.0,0.1
3218,1753490455.810727,graph,0.2298143059015274,0.0,0.22592517733573914,0.0,0.03889129310846329,0.00019690056993853613,2.1207538698171957,1169.0862414836884,1.0,1.0,1.0,0.1
3219,1753490456.2810044,graph,0.2851372957229614,0.0,0.2766973078250885,0.0,0.08439990133047104,0.0001968986542056999,2.1264038749051326,1169.5565190315247,1.0,1.0,1.0,0.1
3220,1753490456.6024961,node,1.810731291770935,0.0006534202257171273,0.0,1.8100779056549072,0.0,0.00019689673789056533,3.1105000318888427,1169.878010749817,1.0,1.0,1.0,0.1
3221,1753490457.0770242,graph,0.256025105714798,0.0,0.2523157000541687,0.0,0.03709413856267929,0.0001968948209931442,2.107356875670434,1170.3525388240814,1.0,1.0,1.0,0.1
3222,1753490457.5458455,graph,0.26332366466522217,0.0,0.2584409713745117,0.0,0.048826828598976135,0.00019689290351344838,2.1330089469018945,1170.8213601112366,1.0,1.0,1.0,0.1
3223,1753490458.0073903,graph,0.3686941862106323,0.0,0.36002907156944275,0.0,0.0866510197520256,0.00019689098545148966,2.1666371362790366,1171.2829048633575,1.0,1.0,1.0,0.1
3224,1753490458.369124,node,2.574490785598755,0.00088043900905177,0.0,2.573610305786133,0.0,0.0001968890668072799,2.7644647681517722,1171.6446385383606,1.0,1.0,1.0,0.1
3225,1753490458.8368354,graph,0.3267509937286377,0.0,0.3238874077796936,0.0,0.028635751456022263,0.0001968871475808309,2.1380703911457473,1172.11234998703,1.0,1.0,1.0,0.1
3226,1753490459.2891228,graph,0.28413084149360657,0.0,0.2793760597705841,0.0,0.04754771292209625,0.00019688522777215457,2.210983373492579,1172.5646374225616,1.0,1.0,1.0,0.1
3227,1753490459.7557123,graph,0.2889780104160309,0.0,0.2746681571006775,0.0,0.14309851825237274,0.00019688330738126266,2.143211764020566,1173.0312268733978,1.0,1.0,1.0,0.1
3228,1753490460.131345,node,0.5712098479270935,0.0006355513469316065,0.0,0.5705742835998535,0.0,0.0001968813864081671,2.6621745990842376,1173.4068596363068,1.0,1.0,1.0,0.1
3229,1753490460.5893605,graph,0.3126327395439148,0.0,0.3103345036506653,0.0,0.022982290014624596,0.0001968794648528797,2.1833325004580812,1173.8648750782013,1.0,1.0,1.0,0.1
3230,1753490461.0419703,graph,0.30152395367622375,0.0,0.29677700996398926,0.0,0.047469329088926315,0.00019687754271541225,2.209408744178598,1174.3174848556519,1.0,1.0,1.0,0.1
3231,1753490461.5207953,graph,0.26887819170951843,0.0,0.2638140022754669,0.0,0.05064201354980469,0.00019687561999577672,2.0884452716624393,1174.7963099479675,1.0,1.0,1.0,0.1
3232,1753490461.876984,node,0.9239762425422668,0.0010854825377464294,0.0,0.9228907823562622,0.0,0.00019687369669398492,2.8075019260851843,1175.1524984836578,1.0,1.0,1.0,0.1
3233,1753490462.3117723,graph,0.2840981185436249,0.0,0.2701793313026428,0.0,0.13918781280517578,0.0001968717728100487,2.2999690179229946,1175.5872869491577,1.0,1.0,1.0,0.1
3234,1753490462.7605863,graph,0.2415742576122284,0.0,0.21349366009235382,0.0,0.2808059751987457,0.0001968698483439799,2.2280949097511664,1176.0361008644104,1.0,1.0,1.0,0.1
3235,1753490463.204549,graph,0.31125593185424805,0.0,0.30815592408180237,0.0,0.03100002184510231,0.00019686792329579047,2.252440907247941,1176.480063676834,1.0,1.0,1.0,0.1
3236,1753490463.5927122,node,2.9228079319000244,0.0009728771983645856,0.0,2.921834945678711,0.0,0.00019686599766549225,2.5762367066853225,1176.8682267665863,1.0,1.0,1.0,0.1
3237,1753490464.0457506,graph,0.26726391911506653,0.0,0.26001352071762085,0.0,0.07250392436981201,0.00019686407145309712,2.2073181449556647,1177.321265220642,1.0,1.0,1.0,0.1
3238,1753490464.5403821,graph,0.3000405728816986,0.0,0.29656118154525757,0.0,0.03479396924376488,0.0001968621446586169,2.021706950861236,1177.8158967494965,1.0,1.0,1.0,0.1
3239,1753490464.9887416,graph,0.27534565329551697,0.0,0.2685142755508423,0.0,0.0683138370513916,0.0001968602172820636,2.2303531508766556,1178.2642562389374,1.0,1.0,1.0,0.1
3240,1753490465.350976,node,0.31198418140411377,0.0008510258630849421,0.0,0.31113314628601074,0.0,0.00019685828932344902,2.760643734931591,1178.6264905929565,1.0,1.0,1.0,0.1
3241,1753490465.813029,graph,0.24665382504463196,0.0,0.24207589030265808,0.0,0.04577930271625519,0.00019685636078278508,2.164253600764916,1179.0885436534882,1.0,1.0,1.0,0.1
3242,1753490466.2736108,graph,0.2815122604370117,0.0,0.276506245136261,0.0,0.0500602200627327,0.00019685443166008365,2.1711670859603895,1179.5491254329681,1.0,1.0,1.0,0.1
3243,1753490466.7328987,graph,0.23525594174861908,0.0,0.22095900774002075,0.0,0.14296936988830566,0.00019685250195535667,2.177283659149509,1180.0084133148193,1.0,1.0,1.0,0.1
3244,1753490467.1049106,node,2.4530293941497803,0.0010295044630765915,0.0,2.4519999027252197,0.0,0.00019685057166861602,2.6880860535360767,1180.3804252147675,1.0,1.0,1.0,0.1
3245,1753490467.5611746,graph,0.22855211794376373,0.0,0.2239193618297577,0.0,0.04632754251360893,0.0001968486407998736,2.1917134780086847,1180.83668923378,1.0,1.0,1.0,0.1
3246,1753490468.011023,graph,0.24666212499141693,0.0,0.24175846576690674,0.0,0.049036525189876556,0.0001968467093491413,2.222971049941144,1181.2865376472473,1.0,1.0,1.0,0.1
3247,1753490468.4735506,graph,0.2412032186985016,0.0,0.23718439042568207,0.0,0.04018830135464668,0.00019684477731643109,2.162033545689365,1181.7490651607513,1.0,1.0,1.0,0.1
3248,1753490468.8485842,node,1.2776302099227905,0.0006817662506364286,0.0,1.2769484519958496,0.0,0.00019684284470175486,2.666427633732887,1182.124098777771,1.0,1.0,1.0,0.1
3249,1753490469.3196135,graph,0.2814852297306061,0.0,0.2773997187614441,0.0,0.04085524380207062,0.00019684091150512455,2.1230102650280416,1182.5951280593872,1.0,1.0,1.0,0.1
3250,1753490469.775881,graph,0.253834068775177,0.0,0.24534392356872559,0.0,0.08490152657032013,0.00019683897772655208,2.1916962991025355,1183.0513956546783,1.0,1.0,1.0,0.1
3251,1753490470.226086,graph,0.392893522977829,0.0,0.3878275752067566,0.0,0.05065951868891716,0.00019683704336604933,2.221211081313523,1183.5016005039215,1.0,1.0,1.0,0.1
3252,1753490470.524778,node,2.693765163421631,0.0007165670394897461,0.0,2.6930487155914307,0.0,0.00019683510842362828,3.3479304440834765,1183.8002924919128,1.0,1.0,1.0,0.1
3253,1753490470.9752822,graph,0.2810506224632263,0.0,0.2724817395210266,0.0,0.08568888902664185,0.00019683317289930088,2.219734624926967,1184.2507967948914,1.0,1.0,1.0,0.1
3254,1753490471.4515738,graph,0.2171989381313324,0.0,0.21433615684509277,0.0,0.028627827763557434,0.00019683123679307897,2.0995538896497594,1184.7270884513855,1.0,1.0,1.0,0.1
3255,1753490471.9382586,graph,0.25268274545669556,0.0,0.24751944839954376,0.0,0.05163305997848511,0.00019682930010497463,2.0547179645951803,1185.2137732505798,1.0,1.0,1.0,0.1
3256,1753490472.2978463,node,0.5330670475959778,0.000807751202955842,0.0,0.5322592854499817,0.0,0.00019682736283499973,2.780962989484293,1185.5733609199524,1.0,1.0,1.0,0.1
3257,1753490472.7561278,graph,0.24726587533950806,0.0,0.2393803596496582,0.0,0.0788552314043045,0.00019682542498316623,2.1820648724463783,1186.0316424369812,1.0,1.0,1.0,0.1
3258,1753490473.213741,graph,0.31705865263938904,0.0,0.3141460716724396,0.0,0.02912580594420433,0.00019682348654948608,2.185251507135939,1186.4892556667328,1.0,1.0,1.0,0.1
3259,1753490473.6595292,graph,0.29473617672920227,0.0,0.2895854115486145,0.0,0.05150759965181351,0.00019682154753397125,2.243218019746803,1186.935043811798,1.0,1.0,1.0,0.1
3260,1753490474.0097694,node,0.9522316455841064,0.0009180361521430314,0.0,0.9513136148452759,0.0,0.00019681960793663372,2.8551831364439004,1187.2852840423584,1.0,1.0,1.0,0.1
3261,1753490474.4634492,graph,0.312091588973999,0.0,0.3075900077819824,0.0,0.04501590132713318,0.00019681766775748538,2.204197762223503,1187.738963842392,1.0,1.0,1.0,0.1
3262,1753490474.9390016,graph,0.241602823138237,0.0,0.23734791576862335,0.0,0.042549144476652145,0.0001968157269965383,2.1028180432174493,1188.2145161628723,1.0,1.0,1.0,0.1
3263,1753490475.413669,graph,0.23366904258728027,0.0,0.23014144599437714,0.0,0.035276010632514954,0.00019681378565380438,2.1067376563363305,1188.6891837120056,1.0,1.0,1.0,0.1
3264,1753490475.799647,node,2.2473361492156982,0.0008599937427788973,0.0,2.246476173400879,0.0,0.0001968118437292956,2.5908213494396537,1189.0751616954803,1.0,1.0,1.0,0.1
3265,1753490476.267139,graph,0.27330079674720764,0.0,0.26817095279693604,0.0,0.05129837989807129,0.00019680990122302396,2.1390746546185415,1189.5426535606384,1.0,1.0,1.0,0.1
3266,1753490476.7403514,graph,0.28378161787986755,0.0,0.278117835521698,0.0,0.05663788318634033,0.00019680795813500142,2.1132156084476144,1190.0158660411835,1.0,1.0,1.0,0.1
3267,1753490477.176634,graph,0.31012973189353943,0.0,0.30581551790237427,0.0,0.043142080307006836,0.00019680601446523999,2.292092144825242,1190.4521486759186,1.0,1.0,1.0,0.1
3268,1753490477.510363,node,0.4632466435432434,0.0007129324949346483,0.0,0.46253371238708496,0.0,0.00019680407021375166,2.9964429641917443,1190.7858777046204,1.0,1.0,1.0,0.1
3269,1753490477.982415,graph,0.24451953172683716,0.0,0.2247392237186432,0.0,0.19780302047729492,0.0001968021253805484,2.1184113167694396,1191.2579295635223,1.0,1.0,1.0,0.1
3270,1753490478.433314,graph,0.35418760776519775,0.0,0.3477402925491333,0.0,0.06447305530309677,0.00019680017996564223,2.2177909568910454,1191.7088286876678,1.0,1.0,1.0,0.1
3271,1753490478.8916996,graph,0.2292608618736267,0.0,0.22410523891448975,0.0,0.05155619978904724,0.00019679823396904516,2.1815700340370996,1192.1672141551971,1.0,1.0,1.0,0.1
3272,1753490479.2348902,node,0.7507102489471436,0.0007139482768252492,0.0,0.7499963045120239,0.0,0.00019679628739076915,2.9138321270822245,1192.5104048252106,1.0,1.0,1.0,0.1
3273,1753490479.6908112,graph,962.6668701171875,0.0,0.4338074326515198,0.0,9622.330078125,0.00019679434023082623,2.19336276082208,1192.9663257598877,1.0,1.0,1.0,0.1
3274,1753490480.1442616,graph,0.28249281644821167,0.0,0.2637377083301544,0.0,0.18755120038986206,0.00019679239248922842,2.2053126621725854,1193.4197762012482,1.0,1.0,1.0,0.1
3275,1753490480.621699,graph,0.2720337510108948,0.0,0.26731520891189575,0.0,0.04718535393476486,0.00019679044416598775,2.09451500560794,1193.8972136974335,1.0,1.0,1.0,0.1
3276,1753490480.945294,node,15.916945457458496,0.0008445125422440469,0.0,15.91610050201416,0.0,0.00019678849526111618,3.090284434391474,1194.220808506012,1.0,1.0,1.0,0.1
3277,1753490481.4029775,graph,0.27430614829063416,0.0,0.2696162462234497,0.0,0.04689892381429672,0.0001967865457746258,2.18491569357971,1194.6784920692444,1.0,1.0,1.0,0.1
3278,1753490481.8316488,graph,0.9758163690567017,0.0,0.31810566782951355,0.0,6.577106475830078,0.00019678459570652857,2.3327893889691644,1195.1071634292603,1.0,1.0,1.0,0.1
3279,1753490482.2710645,graph,0.34043821692466736,0.0,0.33154311776161194,0.0,0.08895111083984375,0.00019678264505683656,2.2757493992272564,1195.5465791225433,1.0,1.0,1.0,0.1
3280,1753490482.594962,node,1.0107684135437012,0.0011772633297368884,0.0,1.0095911026000977,0.0,0.0001967806938255618,3.087397793487638,1195.8704764842987,1.0,1.0,1.0,0.1
3281,1753490483.0742304,graph,0.2431212216615677,0.0,0.23743826150894165,0.0,0.056829579174518585,0.00019677874201271634,2.0865128708714265,1196.3497450351715,1.0,1.0,1.0,0.1
3282,1753490483.5386975,graph,0.2824934124946594,0.0,0.27799978852272034,0.0,0.04493638500571251,0.0001967767896183122,2.1530052625203018,1196.8142120838165,1.0,1.0,1.0,0.1
3283,1753490483.9933376,graph,0.3190096914768219,0.0,0.31579694151878357,0.0,0.032127588987350464,0.00019677483664236144,2.1995417691235875,1197.2688522338867,1.0,1.0,1.0,0.1
3284,1753490484.3624115,node,7.390231609344482,0.000932367576751858,0.0,7.389299392700195,0.0,0.00019677288308487606,2.709484705505398,1197.6379261016846,1.0,1.0,1.0,0.1
3285,1753490484.8222768,graph,0.2871469259262085,0.0,0.2826910614967346,0.0,0.0445585660636425,0.00019677092894586815,2.1745496587282864,1198.0977914333344,1.0,1.0,1.0,0.1
3286,1753490485.2751944,graph,0.24941478669643402,0.0,0.24382153153419495,0.0,0.05593261122703552,0.00019676897422534975,2.2079072514547233,1198.5507090091705,1.0,1.0,1.0,0.1
3287,1753490485.738385,graph,0.19068560004234314,0.0,0.18706047534942627,0.0,0.0362512432038784,0.0001967670189233329,2.1589386656728924,1199.013899564743,1.0,1.0,1.0,0.1
3288,1753490486.0813498,node,2.538191080093384,0.0011806528782472014,0.0,2.537010431289673,0.0,0.00019676506303982974,2.91575037591267,1199.356864452362,1.0,1.0,1.0,0.1
3289,1753490486.5466323,graph,0.2615218460559845,0.0,0.2570399045944214,0.0,0.04481944441795349,0.00019676310657485224,2.149232194538046,1199.8221468925476,1.0,1.0,1.0,0.1
3290,1753490487.0299249,graph,0.31905388832092285,0.0,0.3133642077445984,0.0,0.05689690634608269,0.0001967611495284125,2.0691399829113464,1200.3054394721985,1.0,1.0,1.0,0.1
3291,1753490487.520567,graph,0.2745809257030487,0.0,0.2707168757915497,0.0,0.038640618324279785,0.0001967591919005226,2.038145645419461,1200.7960815429688,1.0,1.0,1.0,0.1
3292,1753490487.8588524,node,0.7684721946716309,0.0011228056391701102,0.0,0.767349362373352,0.0,0.0001967572336911946,2.956083424015697,1201.1343669891357,1.0,1.0,1.0,0.1
3293,1753490488.34324,graph,0.2733607888221741,0.0,0.26925987005233765,0.0,0.04100924730300903,0.00019675527490044064,2.0644622721516153,1201.6187546253204,1.0,1.0,1.0,0.1
3294,1753490488.7790272,graph,0.38152140378952026,0.0,0.36520007252693176,0.0,0.16321343183517456,0.00019675331552827276,2.294697957790247,1202.0545418262482,1.0,1.0,1.0,0.1
3295,1753490489.2364788,graph,0.20420990884304047,0.0,0.2016531378030777,0.0,0.025567710399627686,0.000196751355574703,2.1860237005333323,1202.5119934082031,1.0,1.0,1.0,0.1
3296,1753490489.5613403,node,7.712819576263428,0.0008195079863071442,0.0,7.711999893188477,0.0,0.00019674939503974353,3.0782346275562027,1202.8368549346924,1.0,1.0,1.0,0.1
3297,1753490490.0024824,graph,0.31318873167037964,0.0,0.30103600025177,0.0,0.12152721732854843,0.0001967474339234064,2.266843360262533,1203.2779970169067,1.0,1.0,1.0,0.1
3298,1753490490.4648302,graph,0.32950448989868164,0.0,0.3266066610813141,0.0,0.02897815778851509,0.0001967454722257037,2.1628741761536943,1203.7403447628021,1.0,1.0,1.0,0.1
3299,1753490490.9163868,graph,0.28402087092399597,0.0,0.28049126267433167,0.0,0.035296134650707245,0.00019674350994664755,2.214561401841427,1204.1919014453888,1.0,1.0,1.0,0.1
3300,1753490491.25451,node,1.0299986600875854,0.0008598991553299129,0.0,1.0291388034820557,0.0,0.00019674154708625006,2.957502903346587,1204.5300245285034,1.0,1.0,1.0,0.1
3301,1753490491.726949,graph,0.35640662908554077,0.0,0.3521597981452942,0.0,0.042468439787626266,0.00019673958364452334,2.1166751532762436,1205.0024635791779,1.0,1.0,1.0,0.1
3302,1753490492.1958103,graph,0.3365097939968109,0.0,0.3221069872379303,0.0,0.1440281718969345,0.00019673761962147947,2.132826726236393,1205.4713249206543,1.0,1.0,1.0,0.1
3303,1753490492.6763048,graph,0.2203080654144287,0.0,0.21530628204345703,0.0,0.05001778155565262,0.00019673565501713062,2.0811892782359305,1205.9518194198608,1.0,1.0,1.0,0.1
3304,1753490493.0617442,node,0.22075802087783813,0.0009092292748391628,0.0,0.21984879672527313,0.0,0.00019673368983148885,2.594441592181363,1206.3372588157654,1.0,1.0,1.0,0.1
3305,1753490493.5105143,graph,0.24107690155506134,0.0,0.23764315247535706,0.0,0.03433748707175255,0.00019673172406456632,2.228312714699954,1206.7860288619995,1.0,1.0,1.0,0.1
3306,1753490493.9700665,graph,0.42696425318717957,0.0,0.4208449125289917,0.0,0.06119348853826523,0.0001967297577163751,2.1760309457525855,1207.245581150055,1.0,1.0,1.0,0.1
3307,1753490494.4369478,graph,0.2751418948173523,0.0,0.2692619264125824,0.0,0.058799825608730316,0.00019672779078692737,2.1418721485904193,1207.712462425232,1.0,1.0,1.0,0.1
3308,1753490494.785106,node,0.5228455662727356,0.0010789488442242146,0.0,0.5217666029930115,0.0,0.00019672582327623527,2.8722581475757063,1208.060620546341,1.0,1.0,1.0,0.1
3309,1753490495.234523,graph,0.300812304019928,0.0,0.26842200756073,0.0,0.32390302419662476,0.00019672385518431092,2.225104403626116,1208.5100376605988,1.0,1.0,1.0,0.1
3310,1753490495.6973927,graph,0.3711138069629669,0.0,0.36516132950782776,0.0,0.05952475592494011,0.0001967218865111664,2.1604354759618754,1208.9729073047638,1.0,1.0,1.0,0.1
3311,1753490496.1555424,graph,0.22986342012882233,0.0,0.22448039054870605,0.0,0.053830236196517944,0.000196719917256814,2.182692823083036,1209.4310569763184,1.0,1.0,1.0,0.1
3312,1753490496.525474,node,1.0635292530059814,0.001093702157959342,0.0,1.062435507774353,0.0,0.00019671794742126577,2.7032017148683365,1209.8009886741638,1.0,1.0,1.0,0.1
3313,1753490496.9872913,graph,0.257672518491745,0.0,0.2500995397567749,0.0,0.07572969794273376,0.00019671597700453384,2.165358631534712,1210.2628059387207,1.0,1.0,1.0,0.1
3314,1753490497.464875,graph,0.37287384271621704,0.0,0.36447829008102417,0.0,0.08395557105541229,0.00019671400600663043,2.0938740401900824,1210.740389585495,1.0,1.0,1.0,0.1
3315,1753490497.971023,graph,0.24949176609516144,0.0,0.24573853611946106,0.0,0.03753230720758438,0.00019671203442756766,1.9757063203417526,1211.2465376853943,1.0,1.0,1.0,0.1
3316,1753490498.3181708,node,24.068504333496094,0.0007355907582677901,0.0,24.067768096923828,0.0,0.00019671006226735767,2.8806182235002673,1211.593685388565,1.0,1.0,1.0,0.1
3317,1753490498.7781265,graph,0.22739683091640472,0.0,0.2217591255903244,0.0,0.05637698993086815,0.00019670808952601266,2.1741224573578397,1212.0536410808563,1.0,1.0,1.0,0.1
3318,1753490499.23956,graph,0.26076599955558777,0.0,0.25561192631721497,0.0,0.05154072493314743,0.00019670611620354483,2.167159934524892,1212.5150744915009,1.0,1.0,1.0,0.1
3319,1753490499.6832364,graph,0.3313837945461273,0.0,0.3261015713214874,0.0,0.05282232165336609,0.0001967041422999663,2.253894591582416,1212.958750963211,1.0,1.0,1.0,0.1
3320,1753490500.0379868,node,6.658121109008789,0.0008467888692393899,0.0,6.65727424621582,0.0,0.00019670216781528921,2.8188834025233698,1213.3135013580322,1.0,1.0,1.0,0.1
3321,1753490500.498003,graph,0.2804271876811981,0.0,0.275402694940567,0.0,0.050244979560375214,0.00019670019274952585,2.1738362474655966,1213.7735176086426,1.0,1.0,1.0,0.1
3322,1753490500.9549296,graph,0.25227704644203186,0.0,0.2465989589691162,0.0,0.05678096413612366,0.0001966982171026883,2.1885353894543615,1214.2304441928864,1.0,1.0,1.0,0.1
3323,1753490501.407254,graph,0.30248039960861206,0.0,0.29631873965263367,0.0,0.061616718769073486,0.0001966962408747888,2.210802736263076,1214.6827685832977,1.0,1.0,1.0,0.1
3324,1753490501.744754,node,0.6420080661773682,0.0011243254411965609,0.0,0.64088374376297,0.0,0.00019669426406583953,2.9629621257182577,1215.0202686786652,1.0,1.0,1.0,0.1
3325,1753490502.1903157,graph,0.2659226655960083,0.0,0.2611638307571411,0.0,0.04758835956454277,0.00019669228667585267,2.2443583414355897,1215.4658303260803,1.0,1.0,1.0,0.1
3326,1753490502.6611829,graph,0.28185030817985535,0.0,0.27850884199142456,0.0,0.03341464698314667,0.00019669030870484043,2.123741240328918,1215.9366974830627,1.0,1.0,1.0,0.1
3327,1753490503.1195238,graph,0.30744901299476624,0.0,0.2997175455093384,0.0,0.07731456309556961,0.000196688330152815,2.1817822422871993,1216.3950383663177,1.0,1.0,1.0,0.1
3328,1753490503.4427898,node,1.4127678871154785,0.002291283803060651,0.0,1.410476565361023,0.0,0.0001966863510197886,3.0934274225666654,1216.7183043956757,1.0,1.0,1.0,0.1
3329,1753490503.90375,graph,0.29704707860946655,0.0,0.2929079532623291,0.0,0.04139132797718048,0.00019668437130577346,2.1693849251606103,1217.1792645454407,1.0,1.0,1.0,0.1
3330,1753490504.360674,graph,0.2337425798177719,0.0,0.23022684454917908,0.0,0.03515730798244476,0.00019668239101078175,2.188547950980914,1217.63618850708,1.0,1.0,1.0,0.1
3331,1753490504.7987113,graph,0.35277387499809265,0.0,0.3434738218784332,0.0,0.09300047159194946,0.00019668041013482575,2.2829101129833416,1218.0742259025574,1.0,1.0,1.0,0.1
3332,1753490505.107578,node,2.2807869911193848,0.001584567129611969,0.0,2.279202461242676,0.0,0.0001966784286779176,3.2376422348147136,1218.3830926418304,1.0,1.0,1.0,0.1
3333,1753490505.5847228,graph,0.23564058542251587,0.0,0.2321699559688568,0.0,0.034706275910139084,0.00019667644664006953,2.095800208865282,1218.8602373600006,1.0,1.0,1.0,0.1
3334,1753490506.0477767,graph,0.3712645173072815,0.0,0.3660355806350708,0.0,0.0522894486784935,0.00019667446402129384,2.1595756128780463,1219.3232913017273,1.0,1.0,1.0,0.1
3335,1753490506.51268,graph,0.32552778720855713,0.0,0.3208254277706146,0.0,0.047023698687553406,0.00019667248082160267,2.150984693935114,1219.788194656372,1.0,1.0,1.0,0.1
3336,1753490506.8454337,node,2.1826345920562744,0.0008301687194034457,0.0,2.1818044185638428,0.0,0.00019667049704100834,3.0052261637779702,1220.1209483146667,1.0,1.0,1.0,0.1
3337,1753490507.2936358,graph,0.22601129114627838,0.0,0.22057174146175385,0.0,0.054395489394664764,0.000196668512679523,2.2311361905126668,1220.5691504478455,1.0,1.0,1.0,0.1
3338,1753490507.743132,graph,0.29135918617248535,0.0,0.2873442769050598,0.0,0.04014911502599716,0.00019666652773715892,2.2247125692984335,1221.0186467170715,1.0,1.0,1.0,0.1
3339,1753490508.2142425,graph,0.23801948130130768,0.0,0.23479831218719482,0.0,0.03221175819635391,0.0001966645422139284,2.1226449660421665,1221.4897570610046,1.0,1.0,1.0,0.1
3340,1753490508.5913882,node,0.4724385142326355,0.0006417505792342126,0.0,0.47179675102233887,0.0,0.00019666255610984362,2.6514946923376472,1221.8669028282166,1.0,1.0,1.0,0.1
3341,1753490509.0768363,graph,0.29531338810920715,0.0,0.28997495770454407,0.0,0.053384192287921906,0.00019666056942491684,2.059952350478877,1222.352350950241,1.0,1.0,1.0,0.1
3342,1753490509.5478268,graph,0.22860831022262573,0.0,0.22425487637519836,0.0,0.04353433847427368,0.00019665858215916034,2.123185438251116,1222.823341369629,1.0,1.0,1.0,0.1
3343,1753490509.999528,graph,0.4087849259376526,0.0,0.35246145725250244,0.0,0.563234806060791,0.00019665659431258636,2.213853049659765,1223.2750425338745,1.0,1.0,1.0,0.1
3344,1753490510.3794174,node,0.3675752282142639,0.001117773586884141,0.0,0.366457462310791,0.0,0.0001966546058852072,2.632344487037553,1223.6549320220947,1.0,1.0,1.0,0.1
3345,1753490510.8202431,graph,0.34746167063713074,0.0,0.33192500472068787,0.0,0.15536677837371826,0.00019665261687703506,2.2684702781081443,1224.0957577228546,1.0,1.0,1.0,0.1
3346,1753490511.2637389,graph,0.30794253945350647,0.0,0.2983585000038147,0.0,0.09584031999111176,0.00019665062728808225,2.2548130371861284,1224.5392534732819,1.0,1.0,1.0,0.1
3347,1753490511.713732,graph,0.31815341114997864,0.0,0.31102514266967773,0.0,0.07128265500068665,0.00019664863711836103,2.2222561311597704,1224.9892466068268,1.0,1.0,1.0,0.1
3348,1753490512.0318556,node,0.43508726358413696,0.0014511281624436378,0.0,0.4336361289024353,0.0,0.0001966466463678837,3.143432508410733,1225.307370185852,1.0,1.0,1.0,0.1
3349,1753490512.483021,graph,0.29976189136505127,0.0,0.2939019203186035,0.0,0.05859969183802605,0.00019664465503666252,2.216481841121372,1225.7585356235504,1.0,1.0,1.0,0.1
3350,1753490512.9535458,graph,0.21914125978946686,0.0,0.21597063541412354,0.0,0.031706199049949646,0.00019664266312470976,2.1252865432596715,1226.2290604114532,1.0,1.0,1.0,0.1
3351,1753490513.4153721,graph,0.34516721963882446,0.0,0.34017297625541687,0.0,0.04994252324104309,0.00019664067063203774,2.165316152480073,1226.6908867359161,1.0,1.0,1.0,0.1
3352,1753490513.7760017,node,0.43712785840034485,0.0010462787467986345,0.0,0.43608158826828003,0.0,0.00019663867755865874,2.7729285530117216,1227.0515162944794,1.0,1.0,1.0,0.1
3353,1753490514.2487657,graph,0.2464580237865448,0.0,0.24172581732273102,0.0,0.047322001308202744,0.00019663668390458504,2.115220211042727,1227.5242803096771,1.0,1.0,1.0,0.1
3354,1753490514.720734,graph,0.20754659175872803,0.0,0.20458287000656128,0.0,0.029637230560183525,0.00019663468966982895,2.1187869333767098,1227.9962484836578,1.0,1.0,1.0,0.1
3355,1753490515.1819057,graph,0.2398943454027176,0.0,0.23688815534114838,0.0,0.030061941593885422,0.00019663269485440277,2.168388999609677,1228.457420349121,1.0,1.0,1.0,0.1
3356,1753490515.5412004,node,0.5336871147155762,0.001003287616185844,0.0,0.5326838493347168,0.0,0.00019663069945831879,2.7832309549293925,1228.81671500206,1.0,1.0,1.0,0.1
3357,1753490516.0155003,graph,0.27690571546554565,0.0,0.27347466349601746,0.0,0.034310631453990936,0.00019662870348158935,2.1083706401763784,1229.2910149097443,1.0,1.0,1.0,0.1
3358,1753490516.4798892,graph,0.2900826036930084,0.0,0.28546833992004395,0.0,0.04614276438951492,0.00019662670692422674,2.1533678203172006,1229.7554037570953,1.0,1.0,1.0,0.1
3359,1753490516.9501224,graph,0.22864612936973572,0.0,0.2253992259502411,0.0,0.03246908634901047,0.0001966247097862433,2.126604407745065,1230.225636959076,1.0,1.0,1.0,0.1
3360,1753490517.3149002,node,2.742326259613037,0.0006657916819676757,0.0,2.7416603565216064,0.0,0.0001966227120676513,2.7413948727735953,1230.590414762497,1.0,1.0,1.0,0.1
3361,1753490517.7832673,graph,0.22021688520908356,0.0,0.2166653871536255,0.0,0.035515014082193375,0.0001966207137684631,2.1350773794919147,1231.058781862259,1.0,1.0,1.0,0.1
3362,1753490518.2547712,graph,0.21928128600120544,0.0,0.21573473513126373,0.0,0.03546552360057831,0.00019661871488869102,2.120872902983418,1231.530285835266,1.0,1.0,1.0,0.1
3363,1753490518.7082548,graph,0.3401707708835602,0.0,0.33585792779922485,0.0,0.0431283637881279,0.00019661671542834739,2.205151499856996,1231.983769416809,1.0,1.0,1.0,0.1
3364,1753490519.0673568,node,1.747643232345581,0.0006404357845894992,0.0,1.7470028400421143,0.0,0.00019661471538744453,2.7847240341977035,1232.342871427536,1.0,1.0,1.0,0.1
3365,1753490519.523027,graph,0.2631761431694031,0.0,0.2582114338874817,0.0,0.049647118896245956,0.00019661271476599477,2.1945700623528754,1232.798541545868,1.0,1.0,1.0,0.1
3366,1753490520.002817,graph,0.2383885383605957,0.0,0.23381227254867554,0.0,0.04576271027326584,0.0001966107135640105,2.084245310912176,1233.2783315181732,1.0,1.0,1.0,0.1
3367,1753490520.4883106,graph,0.2946450114250183,0.0,0.2901277244091034,0.0,0.04517272859811783,0.00019660871178150404,2.0597591327048757,1233.7638251781464,1.0,1.0,1.0,0.1
3368,1753490520.8504517,node,3.577077627182007,0.0010482186917215586,0.0,3.5760293006896973,0.0,0.0001966067094184877,2.761354374460969,1234.125966310501,1.0,1.0,1.0,0.1
3369,1753490521.318159,graph,0.3811051845550537,0.0,0.3761814832687378,0.0,0.04923715442419052,0.00019660470647497392,2.1380889194971524,1234.5936737060547,1.0,1.0,1.0,0.1
3370,1753490521.800232,graph,0.2802463173866272,0.0,0.27307209372520447,0.0,0.07174228876829147,0.00019660270295097498,2.0743753585629783,1235.0757465362549,1.0,1.0,1.0,0.1
3371,1753490522.2639387,graph,0.3250901699066162,0.0,0.32153016328811646,0.0,0.03560015931725502,0.00019660069884650324,2.1565354380909927,1235.5394532680511,1.0,1.0,1.0,0.1
3372,1753490522.6270928,node,0.46013087034225464,0.0014204962644726038,0.0,0.45871037244796753,0.0,0.00019659869416157108,2.7536514093222135,1235.9026074409485,1.0,1.0,1.0,0.1
3373,1753490523.0867379,graph,0.28738313913345337,0.0,0.28268760442733765,0.0,0.04695548117160797,0.0001965966888961909,2.1755918773416134,1236.3622524738312,1.0,1.0,1.0,0.1
3374,1753490523.5610502,graph,0.23523499071598053,0.0,0.23052272200584412,0.0,0.047122664749622345,0.000196594683050375,2.108315530735243,1236.8365647792816,1.0,1.0,1.0,0.1
3375,1753490524.0386536,graph,0.2526020109653473,0.0,0.24819041788578033,0.0,0.04411580413579941,0.00019659267662413578,2.093787283834877,1237.314168214798,1.0,1.0,1.0,0.1
3376,1753490524.3908775,node,1.038525104522705,0.0023729230742901564,0.0,1.0361521244049072,0.0,0.00019659066961748563,2.8391034119569443,1237.6663920879364,1.0,1.0,1.0,0.1
3377,1753490524.8346376,graph,0.3526468873023987,0.0,0.34592586755752563,0.0,0.06721034646034241,0.00019658866203043694,2.2534695489358043,1238.1101522445679,1.0,1.0,1.0,0.1
3378,1753490525.3016617,graph,0.23489819467067719,0.0,0.23034857213497162,0.0,0.04549623653292656,0.00019658665386300208,2.1412171789338696,1238.5771763324738,1.0,1.0,1.0,0.1
3379,1753490525.7582378,graph,0.4684990644454956,0.0,0.40982958674430847,0.0,0.5866948962211609,0.00019658464511519342,2.190215345121902,1239.0337524414062,1.0,1.0,1.0,0.1
3380,1753490526.108404,node,1.2265580892562866,0.001013787230476737,0.0,1.2255443334579468,0.0,0.0001965826357870234,2.855787725632752,1239.3839185237885,1.0,1.0,1.0,0.1
3381,1753490526.57385,graph,0.23115785419940948,0.0,0.22413510084152222,0.0,0.0702274888753891,0.00019658062587850434,2.1484769662466667,1239.8493645191193,1.0,1.0,1.0,0.1
3382,1753490527.0335903,graph,0.28558433055877686,0.0,0.27939683198928833,0.0,0.06187497824430466,0.00019657861538964873,2.175140577848468,1240.3091049194336,1.0,1.0,1.0,0.1
3383,1753490527.5155318,graph,0.2963546812534332,0.0,0.29239583015441895,0.0,0.03958847373723984,0.0001965766043204689,2.0749407962465787,1240.7910463809967,1.0,1.0,1.0,0.1
3384,1753490527.8375492,node,2.47574520111084,0.0008465240825898945,0.0,2.47489857673645,0.0,0.0001965745926709773,3.1054219521278448,1241.1130638122559,1.0,1.0,1.0,0.1
3385,1753490528.2787778,graph,0.2764107882976532,0.0,0.2672799825668335,0.0,0.09130796045064926,0.00019657258044118627,2.266398724338029,1241.5542924404144,1.0,1.0,1.0,0.1
3386,1753490528.7198498,graph,0.3155646324157715,0.0,0.31048986315727234,0.0,0.05074767395853996,0.0001965705676311083,2.2672036065059813,1241.9953644275665,1.0,1.0,1.0,0.1
3387,1753490529.1992693,graph,0.2174159437417984,0.0,0.2141445279121399,0.0,0.03271413594484329,0.00019656855424075577,2.0858560465797473,1242.4747838974,1.0,1.0,1.0,0.1
3388,1753490529.5746398,node,0.6003762483596802,0.0009354866924695671,0.0,0.5994407534599304,0.0,0.00019656654027014109,2.664034582937949,1242.8501543998718,1.0,1.0,1.0,0.1
3389,1753490530.0317125,graph,0.30157938599586487,0.0,0.29588550329208374,0.0,0.056938834488391876,0.00019656452571927672,2.1878355976885944,1243.3072271347046,1.0,1.0,1.0,0.1
3390,1753490530.4990017,graph,0.3085852563381195,0.0,0.30574512481689453,0.0,0.02840130776166916,0.00019656251058817504,2.140002336790729,1243.7745163440704,1.0,1.0,1.0,0.1
3391,1753490530.9709015,graph,0.5049740672111511,0.0,0.5012505650520325,0.0,0.03723525255918503,0.00019656049487684854,2.1190941604847393,1244.246416091919,1.0,1.0,1.0,0.1
3392,1753490531.3024943,node,6.536290168762207,0.0015042019076645374,0.0,6.534785747528076,0.0,0.0001965584785853096,3.0157470407340807,1244.578008890152,1.0,1.0,1.0,0.1
3393,1753490531.762255,graph,0.31421175599098206,0.0,0.3092806935310364,0.0,0.04931052029132843,0.00019655646171357066,2.17504470082598,1245.0377695560455,1.0,1.0,1.0,0.1
3394,1753490532.2246356,graph,0.319178968667984,0.0,0.3143152594566345,0.0,0.04863699525594711,0.00019655444426164417,2.1627202718415566,1245.5001502037048,1.0,1.0,1.0,0.1
3395,1753490532.6808746,graph,0.29191824793815613,0.0,0.2881430983543396,0.0,0.03775150328874588,0.0001965524262295426,2.1918337378926163,1245.9563891887665,1.0,1.0,1.0,0.1
3396,1753490533.0787737,node,1.5605566501617432,0.002035485813394189,0.0,1.5585211515426636,0.0,0.0001965504076172784,2.5131996332935866,1246.3542883396149,1.0,1.0,1.0,0.1
3397,1753490533.5323172,graph,0.27982550859451294,0.0,0.25198960304260254,0.0,0.2783590257167816,0.00019654838842486397,2.204860539799474,1246.8078317642212,1.0,1.0,1.0,0.1
3398,1753490533.980796,graph,0.3122808337211609,0.0,0.30548030138015747,0.0,0.06800529360771179,0.00019654636865231183,2.229759119473785,1247.2563107013702,1.0,1.0,1.0,0.1
3399,1753490534.456013,graph,0.25973039865493774,0.0,0.2545427680015564,0.0,0.05187644809484482,0.00019654434829963438,2.104302419621875,1247.7315275669098,1.0,1.0,1.0,0.1
3400,1753490534.8239596,node,3.0621414184570312,0.0016804467886686325,0.0,3.0604610443115234,0.0,0.00019654232736684413,2.7177854958270697,1248.0994741916656,1.0,1.0,1.0,0.1
3401,1753490535.2856581,graph,0.33326414227485657,0.0,0.3297553062438965,0.0,0.03508821874856949,0.00019654030585395353,2.1659154848118054,1248.5611727237701,1.0,1.0,1.0,0.1
3402,1753490535.7410939,graph,0.2979859411716461,0.0,0.29185932874679565,0.0,0.0612662136554718,0.000196538283760975,2.195699379553102,1249.0166084766388,1.0,1.0,1.0,0.1
3403,1753490536.2015073,graph,0.2599920332431793,0.0,0.2556612491607666,0.0,0.04330777749419212,0.0001965362610879211,2.1719608474693883,1249.477021932602,1.0,1.0,1.0,0.1
3404,1753490536.615131,node,2.1968672275543213,0.0012785723665729165,0.0,2.1955885887145996,0.0,0.00019653423783480426,2.4176571867634506,1249.8906455039978,1.0,1.0,1.0,0.1
3405,1753490537.0472782,graph,0.3226850926876068,0.0,0.3067382574081421,0.0,0.1594683825969696,0.00019653221400163694,2.3140259864931143,1250.3227927684784,1.0,1.0,1.0,0.1
3406,1753490537.5049996,graph,0.274296373128891,0.0,0.26998966932296753,0.0,0.04306706413626671,0.00019653018958843164,2.184734738567045,1250.780514240265,1.0,1.0,1.0,0.1
3407,1753490537.9567516,graph,0.2525838613510132,0.0,0.24442820250988007,0.0,0.08155646920204163,0.0001965281645952009,2.2136041820048185,1251.2322661876678,1.0,1.0,1.0,0.1
3408,1753490538.3188403,node,3.9751830101013184,0.0009442544542253017,0.0,3.974238872528076,0.0,0.00019652613902195715,2.761754383654549,1251.5943548679352,1.0,1.0,1.0,0.1
3409,1753490538.8016613,graph,0.24758632481098175,0.0,0.2415527105331421,0.0,0.06033610552549362,0.0001965241128687129,2.0711610006034276,1252.0771758556366,1.0,1.0,1.0,0.1
3410,1753490539.2696297,graph,0.27147161960601807,0.0,0.2672920227050781,0.0,0.04179596155881882,0.00019652208613548067,2.136896131143131,1252.5451443195343,1.0,1.0,1.0,0.1
3411,1753490539.7307177,graph,0.25993460416793823,0.0,0.2552095949649811,0.0,0.047250013798475266,0.0001965200588222729,2.1687836714939377,1253.0062322616577,1.0,1.0,1.0,0.1
3412,1753490540.130071,node,0.7707206606864929,0.0007507173577323556,0.0,0.7699699401855469,0.0,0.0001965180309291022,2.5040486349625586,1253.40558552742,1.0,1.0,1.0,0.1
3413,1753490540.5898905,graph,0.2902560532093048,0.0,0.28349167108535767,0.0,0.067643903195858,0.000196516002455981,2.1747661414387363,1253.8654050827026,1.0,1.0,1.0,0.1
3414,1753490541.0513616,graph,0.2710818648338318,0.0,0.2658992111682892,0.0,0.05182653293013573,0.0001965139734029218,2.166983028079874,1254.3268761634827,1.0,1.0,1.0,0.1
3415,1753490541.5034616,graph,0.24363985657691956,0.0,0.2385292947292328,0.0,0.05110568925738335,0.00019651194376993716,2.211899833618546,1254.778976202011,1.0,1.0,1.0,0.1
3416,1753490541.8979712,node,4.649606704711914,0.0009190239943563938,0.0,4.648687839508057,0.0,0.0001965099135570396,2.5347928588565978,1255.1734857559204,1.0,1.0,1.0,0.1
3417,1753490542.3600943,graph,0.2733311057090759,0.0,0.26869282126426697,0.0,0.04638279601931572,0.00019650788276424162,2.1639253257389908,1255.6356089115143,1.0,1.0,1.0,0.1
3418,1753490542.8253188,graph,0.30545100569725037,0.0,0.30141255259513855,0.0,0.04038439691066742,0.00019650585139155576,2.149499844462108,1256.100833415985,1.0,1.0,1.0,0.1
3419,1753490543.274503,graph,0.2640340030193329,0.0,0.2582056522369385,0.0,0.05828345566987991,0.00019650381943899455,2.2262582835062354,1256.5500175952911,1.0,1.0,1.0,0.1
3420,1753490543.6315868,node,1.7850500345230103,0.001072339597158134,0.0,1.783977746963501,0.0,0.00019650178690657053,2.800463104536368,1256.907101392746,1.0,1.0,1.0,0.1
3421,1753490544.0943959,graph,0.21281565725803375,0.0,0.20918923616409302,0.0,0.036264218389987946,0.0001964997537942962,2.1607181677778566,1257.369910478592,1.0,1.0,1.0,0.1
3422,1753490544.5728788,graph,0.3137095272541046,0.0,0.3073738217353821,0.0,0.06335717439651489,0.00019649772010218417,2.0899385770014796,1257.8483934402466,1.0,1.0,1.0,0.1
3423,1753490545.042511,graph,0.24569165706634521,0.0,0.23989681899547577,0.0,0.05794834345579147,0.0001964956858302469,2.1293261176375027,1258.3180255889893,1.0,1.0,1.0,0.1
3424,1753490545.3511088,node,6.079105854034424,0.0009616946335881948,0.0,6.078144073486328,0.0,0.00019649365097849702,3.240463768384668,1258.626623392105,1.0,1.0,1.0,0.1
3425,1753490545.7887173,graph,0.3051643967628479,0.0,0.2946372926235199,0.0,0.10527105629444122,0.00019649161554694705,2.285147671187052,1259.0642318725586,1.0,1.0,1.0,0.1
3426,1753490546.2421765,graph,0.3306860029697418,0.0,0.3269471526145935,0.0,0.03738841414451599,0.00019648957953560952,2.20526976055051,1259.5176911354065,1.0,1.0,1.0,0.1
3427,1753490546.7026718,graph,0.22568611800670624,0.0,0.21874168515205383,0.0,0.06944426149129868,0.00019648754294449702,2.171575137318615,1259.9781863689423,1.0,1.0,1.0,0.1
3428,1753490547.0166657,node,2.0001015663146973,0.000937456963583827,0.0,1.99916410446167,0.0,0.0001964855057736221,3.1847749330668664,1260.292180299759,1.0,1.0,1.0,0.1
3429,1753490547.475043,graph,0.31488367915153503,0.0,0.3090741038322449,0.0,0.05809561908245087,0.00019648346802299732,2.1816086142848077,1260.7505576610565,1.0,1.0,1.0,0.1
3430,1753490547.9364753,graph,0.3136966824531555,0.0,0.3073512315750122,0.0,0.06345457583665848,0.0001964814296926353,2.1671655333016084,1261.2119898796082,1.0,1.0,1.0,0.1
3431,1753490548.3947031,graph,0.23686374723911285,0.0,0.23213914036750793,0.0,0.0472460612654686,0.00019647939078254855,2.1823203241296456,1261.6702177524567,1.0,1.0,1.0,0.1
3432,1753490548.7234828,node,1.4409111738204956,0.0007363321492448449,0.0,1.4401748180389404,0.0,0.00019647735129274966,3.041550338578189,1261.9989974498749,1.0,1.0,1.0,0.1
3433,1753490549.1521719,graph,0.3331318795681,0.0,0.32873791456222534,0.0,0.04393970966339111,0.0001964753112232512,2.3326933815039834,1262.4276864528656,1.0,1.0,1.0,0.1
3434,1753490549.6125429,graph,0.2901557683944702,0.0,0.28673961758613586,0.0,0.034161414951086044,0.00019647327057406583,2.172161065928648,1262.8880574703217,1.0,1.0,1.0,0.1
3435,1753490550.0883305,graph,0.3083888292312622,0.0,0.30240023136138916,0.0,0.059885989874601364,0.00019647122934520603,2.10177801340751,1263.3638451099396,1.0,1.0,1.0,0.1
3436,1753490550.4637825,node,2.0185225009918213,0.0005467136506922543,0.0,2.0179758071899414,0.0,0.00019646918753668446,2.6634560186949123,1263.7392971515656,1.0,1.0,1.0,0.1
3437,1753490550.9095726,graph,0.32084381580352783,0.0,0.31658613681793213,0.0,0.04257690906524658,0.00019646714514851368,2.243208421957889,1264.1850872039795,1.0,1.0,1.0,0.1
3438,1753490551.366158,graph,0.24498078227043152,0.0,0.24059316515922546,0.0,0.04387620836496353,0.00019646510218070633,2.1901707415650074,1264.6416726112366,1.0,1.0,1.0,0.1
3439,1753490551.8090794,graph,0.26332786679267883,0.0,0.2599203884601593,0.0,0.0340748131275177,0.00019646305863327499,2.2577369254263364,1265.0845940113068,1.0,1.0,1.0,0.1
3440,1753490552.157291,node,0.21226823329925537,0.000937668839469552,0.0,0.2113305628299713,0.0,0.00019646101450623225,2.8718176247256944,1265.4328055381775,1.0,1.0,1.0,0.1
3441,1753490552.6102333,graph,0.2879435122013092,0.0,0.28437453508377075,0.0,0.03568977117538452,0.00019645896979959075,2.2077863834616465,1265.885747909546,1.0,1.0,1.0,0.1
3442,1753490553.0545523,graph,0.3180423974990845,0.0,0.3132297098636627,0.0,0.048126980662345886,0.00019645692451336307,2.2506351922533105,1266.3300669193268,1.0,1.0,1.0,0.1
3443,1753490553.512049,graph,0.318123996257782,0.0,0.31384947896003723,0.0,0.0427451990544796,0.00019645487864756187,2.1858083882264654,1266.7875635623932,1.0,1.0,1.0,0.1
3444,1753490553.896566,node,9.574302673339844,0.001081202644854784,0.0,9.573221206665039,0.0,0.00019645283220219974,2.600665558436018,1267.1720805168152,1.0,1.0,1.0,0.1
3445,1753490554.3566608,graph,0.47803544998168945,0.0,0.47342395782470703,0.0,0.046114951372146606,0.00019645078517728927,2.1734645124983287,1267.6321754455566,1.0,1.0,1.0,0.1
3446,1753490554.8111942,graph,0.3056681156158447,0.0,0.3021955192089081,0.0,0.03472591191530228,0.00019644873757284316,2.2000586429968565,1268.0867087841034,1.0,1.0,1.0,0.1
3447,1753490555.2753596,graph,0.44691580533981323,0.0,0.35694462060928345,0.0,0.8997117877006531,0.00019644668938887397,2.154404214806372,1268.5508742332458,1.0,1.0,1.0,0.1
3448,1753490555.645611,node,7.852091312408447,0.0007958188070915639,0.0,7.851295471191406,0.0,0.0001964446406253944,2.7008674475046477,1268.9211256504059,1.0,1.0,1.0,0.1
3449,1753490556.102456,graph,0.4042088985443115,0.0,0.40043097734451294,0.0,0.03777918592095375,0.00019644259128241703,2.188926006198898,1269.3779706954956,1.0,1.0,1.0,0.1
3450,1753490556.564421,graph,0.29532763361930847,0.0,0.28942978382110596,0.0,0.05897852033376694,0.00019644054135995454,2.164666877578226,1269.839935541153,1.0,1.0,1.0,0.1
3451,1753490557.0096955,graph,0.25855398178100586,0.0,0.25457608699798584,0.0,0.039779096841812134,0.00019643849085801955,2.245805215951665,1270.2852101325989,1.0,1.0,1.0,0.1
3452,1753490557.4206338,node,5.599635601043701,0.0008218574803322554,0.0,5.598813533782959,0.0,0.00019643643977662473,2.433455558134138,1270.6961483955383,1.0,1.0,1.0,0.1
3453,1753490557.8784595,graph,0.29635143280029297,0.0,0.2922915518283844,0.0,0.04059895873069763,0.00019643438811578273,2.1842375511649466,1271.153974056244,1.0,1.0,1.0,0.1
3454,1753490558.3447685,graph,0.327900230884552,0.0,0.32149067521095276,0.0,0.06409542262554169,0.0001964323358755062,2.1445004248809463,1271.620283126831,1.0,1.0,1.0,0.1
3455,1753490558.8014047,graph,0.2991214692592621,0.0,0.2957414984703064,0.0,0.03379958122968674,0.00019643028305580778,2.1899271695754803,1272.0769193172455,1.0,1.0,1.0,0.1
3456,1753490559.1796374,node,13.888665199279785,0.0008668881491757929,0.0,13.887798309326172,0.0,0.0001964282296567002,2.6438749312131757,1272.4551520347595,1.0,1.0,1.0,0.1
3457,1753490559.6319544,graph,0.2594195008277893,0.0,0.2554583251476288,0.0,0.039611902087926865,0.000196426175678196,2.2108388613476495,1272.907469034195,1.0,1.0,1.0,0.1
3458,1753490560.1061785,graph,0.2781921327114105,0.0,0.2707709074020386,0.0,0.07421227544546127,0.00019642412112030796,2.1087077182962637,1273.3816931247711,1.0,1.0,1.0,0.1
3459,1753490560.5571258,graph,0.24961672723293304,0.0,0.2450997531414032,0.0,0.04516972601413727,0.00019642206598304872,2.2175540998514336,1273.8326404094696,1.0,1.0,1.0,0.1
3460,1753490560.9032302,node,0.8377132415771484,0.0009771932382136583,0.0,0.8367360234260559,0.0,0.00019642001026643095,2.889301747577096,1274.1787447929382,1.0,1.0,1.0,0.1
3461,1753490561.3960493,graph,0.332440048456192,0.0,0.32425135374069214,0.0,0.08188682049512863,0.00019641795397046735,2.02914225365536,1274.6715638637543,1.0,1.0,1.0,0.1
3462,1753490561.859724,graph,0.2473609745502472,0.0,0.24201102554798126,0.0,0.05349954217672348,0.0001964158970951706,2.1566840275546033,1275.135238647461,1.0,1.0,1.0,0.1
3463,1753490562.3158028,graph,0.29934942722320557,0.0,0.29365813732147217,0.0,0.05691283941268921,0.0001964138396405534,2.1926037137735612,1275.5913174152374,1.0,1.0,1.0,0.1
3464,1753490562.717158,node,2.6419830322265625,0.0011885566636919975,0.0,2.640794515609741,0.0,0.00019641178160662836,2.491558186201071,1275.9926726818085,1.0,1.0,1.0,0.1
3465,1753490563.1769757,graph,0.22376996278762817,0.0,0.2185046523809433,0.0,0.05265307426452637,0.0001964097229934083,2.17477516248707,1276.4524903297424,1.0,1.0,1.0,0.1
3466,1753490563.6281233,graph,0.3243444859981537,0.0,0.3212016224861145,0.0,0.031428780406713486,0.00019640766380090582,2.2165696921654114,1276.9036378860474,1.0,1.0,1.0,0.1
3467,1753490564.094819,graph,0.3055633306503296,0.0,0.2993033230304718,0.0,0.06260021775960922,0.00019640560402913368,2.1427234421680295,1277.3703336715698,1.0,1.0,1.0,0.1
3468,1753490564.4741917,node,0.32050949335098267,0.0009678457863628864,0.0,0.3195416331291199,0.0,0.00019640354367810454,2.635931030842054,1277.7497062683105,1.0,1.0,1.0,0.1
3469,1753490564.9582083,graph,0.1884194016456604,0.0,0.1821945309638977,0.0,0.062248703092336655,0.00019640148274783115,2.0660445994878116,1278.2337229251862,1.0,1.0,1.0,0.1
3470,1753490565.4212239,graph,0.20805862545967102,0.0,0.2040378749370575,0.0,0.04020746052265167,0.0001963994212383262,2.1597546482337022,1278.6967384815216,1.0,1.0,1.0,0.1
3471,1753490565.8799129,graph,0.36208048462867737,0.0,0.3563534617424011,0.0,0.057270340621471405,0.00019639735914960243,2.180126525497159,1279.155427455902,1.0,1.0,1.0,0.1
3472,1753490566.2388911,node,1.6058225631713867,0.0005778914201073349,0.0,1.6052446365356445,0.0,0.00019639529648167255,2.7856839241690046,1279.5144057273865,1.0,1.0,1.0,0.1
3473,1753490566.7115953,graph,0.2243102341890335,0.0,0.22099338471889496,0.0,0.03316844254732132,0.00019639323323454924,2.1154879921721523,1279.9871098995209,1.0,1.0,1.0,0.1
3474,1753490567.1753895,graph,0.24279187619686127,0.0,0.23831945657730103,0.0,0.044724222272634506,0.0001963911694082453,2.156128585190722,1280.4509041309357,1.0,1.0,1.0,0.1
3475,1753490567.6144495,graph,0.28612831234931946,0.0,0.2757953405380249,0.0,0.10332983732223511,0.00019638910500277337,2.277593180965393,1280.8899641036987,1.0,1.0,1.0,0.1
3476,1753490567.9569452,node,2.8752496242523193,0.0012904418399557471,0.0,2.8739590644836426,0.0,0.00019638704001814628,2.919744857577038,1281.232459783554,1.0,1.0,1.0,0.1
3477,1753490568.4299083,graph,0.23511436581611633,0.0,0.23045353591442108,0.0,0.046608369797468185,0.0001963849744543767,2.114329873053624,1281.7054228782654,1.0,1.0,1.0,0.1
3478,1753490568.8896234,graph,0.299243301153183,0.0,0.2899700999259949,0.0,0.09273190796375275,0.00019638290831147743,2.175260153979001,1282.1651380062103,1.0,1.0,1.0,0.1
3479,1753490569.3574927,graph,0.2675096392631531,0.0,0.26389697194099426,0.0,0.03612658381462097,0.0001963808415894612,2.1373491249937575,1282.6330072879791,1.0,1.0,1.0,0.1
3480,1753490569.733821,node,0.3162107467651367,0.0020794987212866545,0.0,0.3141312599182129,0.0,0.0001963787742883407,2.657254812519996,1283.0093355178833,1.0,1.0,1.0,0.1
3481,1753490570.1939902,graph,0.2528124451637268,0.0,0.2479405701160431,0.0,0.04871867224574089,0.00019637670640812875,2.173113170888404,1283.4695048332214,1.0,1.0,1.0,0.1
3482,1753490570.6497815,graph,0.2825532555580139,0.0,0.275684654712677,0.0,0.06868588924407959,0.00019637463794883807,2.1939869029416856,1283.9252960681915,1.0,1.0,1.0,0.1
3483,1753490571.120946,graph,0.4768795371055603,0.0,0.4718138873577118,0.0,0.050656482577323914,0.00019637256891048144,2.1224011452241593,1284.396460533142,1.0,1.0,1.0,0.1
3484,1753490571.4791682,node,0.5912467837333679,0.0012303150724619627,0.0,0.5900164842605591,0.0,0.0001963704992930716,2.791563088813059,1284.7546827793121,1.0,1.0,1.0,0.1
3485,1753490571.9540842,graph,0.23892097175121307,0.0,0.2319808304309845,0.0,0.06940137594938278,0.00019636842909662131,2.1056356058559937,1285.2295987606049,1.0,1.0,1.0,0.1
3486,1753490572.4482496,graph,0.23350529372692108,0.0,0.22847047448158264,0.0,0.05034821480512619,0.00019636635832114336,2.023613871895324,1285.723764181137,1.0,1.0,1.0,0.1
3487,1753490572.9021285,graph,0.20358021557331085,0.0,0.19895417988300323,0.0,0.0462602898478508,0.00019636428696665053,2.2032309610832765,1286.1776430606842,1.0,1.0,1.0,0.1
3488,1753490573.2426674,node,5.290688991546631,0.0006339107058010995,0.0,5.290055274963379,0.0,0.0001963622150331556,2.936521405507434,1286.5181820392609,1.0,1.0,1.0,0.1
3489,1753490573.692013,graph,0.22913403809070587,0.0,0.22258839011192322,0.0,0.06545647233724594,0.0001963601425206713,2.2254585895201973,1286.967527627945,1.0,1.0,1.0,0.1
3490,1753490574.1678486,graph,0.23191986978054047,0.0,0.2270888388156891,0.0,0.048310279846191406,0.00019635806942921045,2.1015663400973748,1287.4433631896973,1.0,1.0,1.0,0.1
3491,1753490574.6286561,graph,0.2812649607658386,0.0,0.2739954888820648,0.0,0.07269459962844849,0.00019635599575878586,2.1701032768047055,1287.9041707515717,1.0,1.0,1.0,0.1
3492,1753490575.0096672,node,8.71603012084961,0.0007595900679007173,0.0,8.71527099609375,0.0,0.0001963539215094103,2.6245960767823306,1288.285181760788,1.0,1.0,1.0,0.1
3493,1753490575.4618077,graph,0.273026704788208,0.0,0.26967933773994446,0.0,0.03347357362508774,0.0001963518466810966,2.2117015526664785,1288.7373223304749,1.0,1.0,1.0,0.1
3494,1753490575.9324303,graph,0.2386443018913269,0.0,0.23392584919929504,0.0,0.04718446359038353,0.00019634977127385748,2.1248451062700173,1289.2079448699951,1.0,1.0,1.0,0.1
3495,1753490576.391812,graph,0.2560555636882782,0.0,0.25057825446128845,0.0,0.054773151874542236,0.0001963476952877058,2.176838436215316,1289.6673266887665,1.0,1.0,1.0,0.1
3496,1753490576.6966474,node,0.5165838599205017,0.001305040786974132,0.0,0.5152788162231445,0.0,0.00019634561872265436,3.280459762923011,1289.9721620082855,1.0,1.0,1.0,0.1
3497,1753490577.158729,graph,0.28260624408721924,0.0,0.2778582274913788,0.0,0.0474800281226635,0.00019634354157871596,2.1641195989290605,1290.4342436790466,1.0,1.0,1.0,0.1
3498,1753490577.6173227,graph,0.30262941122055054,0.0,0.2979448735713959,0.0,0.04684526473283768,0.00019634146385590342,2.1805798965521364,1290.8928372859955,1.0,1.0,1.0,0.1
3499,1753490578.0755134,graph,0.35933342576026917,0.0,0.3527148962020874,0.0,0.06618525087833405,0.00019633938555422954,2.182497472409851,1291.3510279655457,1.0,1.0,1.0,0.1
3500,1753490578.4394145,node,0.6933386921882629,0.001305781421251595,0.0,0.6920329332351685,0.0,0.00019633730667370717,2.7479990984805203,1291.7149291038513,1.0,1.0,1.0,0.1
3501,1753490592.5348654,graph,0.2609493136405945,0.0,0.25554370880126953,0.0,0.05405601114034653,0.00019633522721434913,0.07094487495611936,1305.8103799819946,1.0,1.0,1.0,0.1
3502,1753490592.9876068,graph,0.2676514983177185,0.0,0.24911925196647644,0.0,0.18532240390777588,0.0001963331471761682,2.2087664927972783,1306.2631213665009,1.0,1.0,1.0,0.1
3503,1753490593.4375677,graph,0.29902124404907227,0.0,0.2942669987678528,0.0,0.047542572021484375,0.00019633106655917728,2.2224150930999382,1306.7130823135376,1.0,1.0,1.0,0.1
3504,1753490593.728335,node,1.537789225578308,0.0017484647687524557,0.0,1.5360407829284668,0.0,0.00019632898536338914,3.4391775434867813,1307.0038495063782,1.0,1.0,1.0,0.1
3505,1753490594.1669621,graph,0.3383578956127167,0.0,0.33043742179870605,0.0,0.07920461148023605,0.00019632690358881665,2.279840150978184,1307.4424767494202,1.0,1.0,1.0,0.1
3506,1753490594.633071,graph,0.24532988667488098,0.0,0.24168403446674347,0.0,0.036458514630794525,0.00019632482123547264,2.1454218461157586,1307.9085855484009,1.0,1.0,1.0,0.1
3507,1753490595.0703013,graph,0.4174732565879822,0.0,0.40809643268585205,0.0,0.09376834332942963,0.00019632273830337,2.28712394560813,1308.345815896988,1.0,1.0,1.0,0.1
3508,1753490595.4381373,node,0.465487003326416,0.0013547299895435572,0.0,0.46413227915763855,0.0,0.0001963206547925215,2.718602866446809,1308.713651895523,1.0,1.0,1.0,0.1
3509,1753490595.8956435,graph,0.253260999917984,0.0,0.24818679690361023,0.0,0.050742052495479584,0.00019631857070294005,2.185762824922352,1309.1711580753326,1.0,1.0,1.0,0.1
3510,1753490596.3567605,graph,0.2191491276025772,0.0,0.21334248781204224,0.0,0.05806639790534973,0.0001963164860346385,2.1686468655396793,1309.6322751045227,1.0,1.0,1.0,0.1
3511,1753490596.7946224,graph,0.21648874878883362,0.0,0.21200357377529144,0.0,0.04485173150897026,0.00019631440078762968,2.2838250043832757,1310.0701370239258,1.0,1.0,1.0,0.1
3512,1753490597.1303108,node,7.80435037612915,0.0008830465376377106,0.0,7.803467273712158,0.0,0.00019631231496192647,2.9789535213238265,1310.4058253765106,1.0,1.0,1.0,0.1
3513,1753490597.5724723,graph,0.3037576675415039,0.0,0.3007274270057678,0.0,0.03030240535736084,0.00019631022855754173,2.2616167716331637,1310.8479869365692,1.0,1.0,1.0,0.1
3514,1753490598.016973,graph,0.22747066617012024,0.0,0.22355738282203674,0.0,0.03913279250264168,0.00019630814157448837,2.249715319536723,1311.2924876213074,1.0,1.0,1.0,0.1
3515,1753490598.4873254,graph,0.27857300639152527,0.0,0.27426624298095703,0.0,0.04306766390800476,0.00019630605401277924,2.1260654267713774,1311.7628400325775,1.0,1.0,1.0,0.1
3516,1753490598.890973,node,0.3844187259674072,0.000576070393435657,0.0,0.3838426470756531,0.0,0.00019630396587242714,2.4774081361069946,1312.1664876937866,1.0,1.0,1.0,0.1
3517,1753490599.3593159,graph,0.35461756587028503,0.0,0.3482580780982971,0.0,0.06359478831291199,0.00019630187715344506,2.1351882433673457,1312.6348304748535,1.0,1.0,1.0,0.1
3518,1753490599.8123827,graph,0.2447114735841751,0.0,0.24228158593177795,0.0,0.024298805743455887,0.00019629978785584582,2.207179918960164,1313.0878973007202,1.0,1.0,1.0,0.1
3519,1753490600.2776585,graph,0.33027932047843933,0.0,0.32134273648262024,0.0,0.08936591446399689,0.00019629769797964235,2.1492630314607983,1313.5531730651855,1.0,1.0,1.0,0.1
3520,1753490600.624948,node,43.08503341674805,0.0013841463951393962,0.0,43.083648681640625,0.0,0.00019629560752484752,2.879441563380881,1313.900462627411,1.0,1.0,1.0,0.1
3521,1753490601.1196501,graph,0.21165604889392853,0.0,0.20866727828979492,0.0,0.029887661337852478,0.00019629351649147424,2.021418543556388,1314.3951647281647,1.0,1.0,1.0,0.1
3522,1753490601.5787466,graph,0.2401340901851654,0.0,0.23596301674842834,0.0,0.041710659861564636,0.00019629142487953539,2.17819161919204,1314.8542611598969,1.0,1.0,1.0,0.1
3523,1753490602.0464091,graph,0.38393187522888184,0.0,0.379264771938324,0.0,0.04667115956544876,0.0001962893326890439,2.138293842680086,1315.3219237327576,1.0,1.0,1.0,0.1
3524,1753490602.4059162,node,2.1945314407348633,0.0019306724425405264,0.0,2.192600727081299,0.0,0.00019628723992001264,2.781586357553177,1315.6814308166504,1.0,1.0,1.0,0.1
3525,1753490602.85621,graph,0.33363664150238037,0.0,0.325136661529541,0.0,0.08499984443187714,0.0001962851465724545,2.2207724063877787,1316.1317245960236,1.0,1.0,1.0,0.1
3526,1753490603.312169,graph,0.3108478784561157,0.0,0.30547675490379333,0.0,0.05371122807264328,0.00019628305264638246,2.1931792571862725,1316.5876836776733,1.0,1.0,1.0,0.1
3527,1753490603.7749803,graph,0.4099367558956146,0.0,0.4044021964073181,0.0,0.05534571036696434,0.00019628095814180937,2.160708149874483,1317.0504949092865,1.0,1.0,1.0,0.1
3528,1753490604.1268258,node,0.49038615822792053,0.002500931266695261,0.0,0.4878852367401123,0.0,0.0001962788630587482,2.8421565485140747,1317.40234041214,1.0,1.0,1.0,0.1
3529,1753490604.5946255,graph,0.30270153284072876,0.0,0.2972882091999054,0.0,0.05413314700126648,0.00019627676739721186,2.1376672065660465,1317.8701400756836,1.0,1.0,1.0,0.1
3530,1753490605.0577912,graph,0.2648751735687256,0.0,0.260200560092926,0.0,0.04674608260393143,0.00019627467115721327,2.159054244236505,1318.3333058357239,1.0,1.0,1.0,0.1
3531,1753490605.5124643,graph,0.37371334433555603,0.0,0.3694015145301819,0.0,0.043118275701999664,0.00019627257433876537,2.1993826024350867,1318.787978887558,1.0,1.0,1.0,0.1
3532,1753490605.908724,node,2.5787131786346436,0.00163416494615376,0.0,2.5770790576934814,0.0,0.00019627047694188108,2.5235969901939432,1319.1842386722565,1.0,1.0,1.0,0.1
3533,1753490606.3585656,graph,1043.11083984375,0.0,0.37957292795181274,0.0,10427.3125,0.00019626837896657333,2.2230052173765564,1319.634080171585,1.0,1.0,1.0,0.1
3534,1753490606.828365,graph,0.2219131737947464,0.0,0.21498878300189972,0.0,0.06924386322498322,0.0001962662804128551,2.1285675281479355,1320.1038796901703,1.0,1.0,1.0,0.1
3535,1753490607.3004768,graph,0.29116761684417725,0.0,0.2858791649341583,0.0,0.052884601056575775,0.0001962641812807393,2.1181427950994354,1320.5759913921356,1.0,1.0,1.0,0.1
3536,1753490607.6496632,node,0.6505860090255737,0.0012270394945517182,0.0,0.6493589878082275,0.0,0.0001962620815702389,2.863799797076869,1320.9251778125763,1.0,1.0,1.0,0.1
3537,1753490608.101751,graph,0.20392552018165588,0.0,0.19937828183174133,0.0,0.04547245800495148,0.00019625998128136685,2.2119593248370157,1321.3772656917572,1.0,1.0,1.0,0.1
3538,1753490608.5426602,graph,0.3112611472606659,0.0,0.30138957500457764,0.0,0.09871560335159302,0.00019625788041413607,2.268040947230503,1321.8181748390198,1.0,1.0,1.0,0.1
3539,1753490608.9855301,graph,0.33888378739356995,0.0,0.3347547650337219,0.0,0.04129035025835037,0.00019625577896855955,2.2579994627276747,1322.2610447406769,1.0,1.0,1.0,0.1
3540,1753490609.299959,node,1.3472435474395752,0.0008715477306395769,0.0,1.3463720083236694,0.0,0.00019625367694465026,3.1803701822097192,1322.5754735469818,1.0,1.0,1.0,0.1
3541,1753490609.7820313,graph,0.25955355167388916,0.0,0.25416314601898193,0.0,0.05390391871333122,0.00019625157434242119,2.0743774104110964,1323.0575459003448,1.0,1.0,1.0,0.1
3542,1753490610.26265,graph,0.23821009695529938,0.0,0.23441264033317566,0.0,0.03797456622123718,0.00019624947116188523,2.0806513941189397,1323.538164615631,1.0,1.0,1.0,0.1
3543,1753490610.7400935,graph,0.3019741177558899,0.0,0.2971835136413574,0.0,0.04790589213371277,0.00019624736740305541,2.0944888574177933,1324.0156080722809,1.0,1.0,1.0,0.1
3544,1753490611.0571795,node,1.3654694557189941,0.0007112030289135873,0.0,1.3647582530975342,0.0,0.0001962452630659447,3.153718734844412,1324.33269405365,1.0,1.0,1.0,0.1
3545,1753490611.5171883,graph,0.27965548634529114,0.0,0.2726565897464752,0.0,0.06998889148235321,0.00019624315815056607,2.173871174556874,1324.7927029132843,1.0,1.0,1.0,0.1
3546,1753490611.9911153,graph,0.3767959773540497,0.0,0.3728123903274536,0.0,0.03983592242002487,0.00019624105265693252,2.110029510100141,1325.266629934311,1.0,1.0,1.0,0.1
3547,1753490612.4740841,graph,0.2956963777542114,0.0,0.2903367877006531,0.0,0.05359582230448723,0.00019623894658505703,2.070527092122398,1325.7495987415314,1.0,1.0,1.0,0.1
3548,1753490612.823916,node,10.263867378234863,0.0015316654462367296,0.0,10.262335777282715,0.0,0.0001962368399349526,2.8585164189215435,1326.0994305610657,1.0,1.0,1.0,0.1
3549,1753490613.3049216,graph,0.21500283479690552,0.0,0.20813962817192078,0.0,0.06863203644752502,0.0001962347327066322,2.0789775780130104,1326.5804362297058,1.0,1.0,1.0,0.1
3550,1753490613.767213,graph,0.24895329773426056,0.0,0.244299054145813,0.0,0.04654250666499138,0.00019623262490010883,2.1631374255991904,1327.0427277088165,1.0,1.0,1.0,0.1
3551,1753490614.2158618,graph,0.22058849036693573,0.0,0.21215146780014038,0.0,0.0843701958656311,0.00019623051651539554,2.2289154513651783,1327.491376399994,1.0,1.0,1.0,0.1
3552,1753490614.5588315,node,2.9564599990844727,0.002005108632147312,0.0,2.9544548988342285,0.0,0.00019622840755250526,2.9157098376872326,1327.8343460559845,1.0,1.0,1.0,0.1
3553,1753490615.0115592,graph,0.28520750999450684,0.0,0.27961868047714233,0.0,0.055888332426548004,0.00019622629801145108,2.2088327949452253,1328.2870738506317,1.0,1.0,1.0,0.1
3554,1753490615.466472,graph,0.29488512873649597,0.0,0.29085275530815125,0.0,0.04032369703054428,0.00019622418789224598,2.1982241481057545,1328.7419865131378,1.0,1.0,1.0,0.1
3555,1753490615.945415,graph,0.2575770318508148,0.0,0.2536669373512268,0.0,0.039100904017686844,0.00019622207719490294,2.0879306542654366,1329.2209296226501,1.0,1.0,1.0,0.1
3556,1753490616.3228977,node,0.537254273891449,0.002489137463271618,0.0,0.5347651243209839,0.0,0.00019621996591943504,2.6491283584615957,1329.5984122753143,1.0,1.0,1.0,0.1
3557,1753490616.766561,graph,0.23060373961925507,0.0,0.22614341974258423,0.0,0.04460318014025688,0.00019621785406585525,2.253961208237701,1330.0420756340027,1.0,1.0,1.0,0.1
3558,1753490617.2209063,graph,0.28380879759788513,0.0,0.2776659429073334,0.0,0.06142844259738922,0.00019621574163417661,2.200969531847725,1330.4964208602905,1.0,1.0,1.0,0.1
3559,1753490617.6601844,graph,0.2649186849594116,0.0,0.2600092887878418,0.0,0.049093879759311676,0.00019621362862441214,2.276462089395408,1330.9356989860535,1.0,1.0,1.0,0.1
3560,1753490618.008738,node,8.811293601989746,0.0040471917018294334,0.0,8.807246208190918,0.0,0.00019621151503657492,2.8689987277179636,1331.2842526435852,1.0,1.0,1.0,0.1
3561,1753490618.4654534,graph,0.2710840702056885,0.0,0.26738035678863525,0.0,0.03703713417053223,0.00019620940087067797,2.1895476254735455,1331.740967988968,1.0,1.0,1.0,0.1
3562,1753490618.9310021,graph,0.2941319942474365,0.0,0.2888561487197876,0.0,0.052758555859327316,0.0001962072861267343,2.1480027429348687,1332.2065167427063,1.0,1.0,1.0,0.1
3563,1753490619.4032402,graph,0.2530372738838196,0.0,0.24717256426811218,0.0,0.0586470365524292,0.00019620517080475703,2.117576020719843,1332.6787548065186,1.0,1.0,1.0,0.1
3564,1753490619.8025382,node,2.2033822536468506,0.003832346061244607,0.0,2.199549913406372,0.0,0.00019620305490475912,2.5043955105664812,1333.0780527591705,1.0,1.0,1.0,0.1
3565,1753490620.2616742,graph,0.26212993264198303,0.0,0.256269246339798,0.0,0.058606721460819244,0.00019620093842675365,2.178003859263583,1333.5371887683868,1.0,1.0,1.0,0.1
3566,1753490620.734197,graph,0.186221644282341,0.0,0.17728379368782043,0.0,0.0893784910440445,0.00019619882137075371,2.1163002849784855,1334.0097115039825,1.0,1.0,1.0,0.1
3567,1753490621.1868846,graph,0.3164963126182556,0.0,0.3116968274116516,0.0,0.04799478501081467,0.0001961967037367723,2.209028234959525,1334.4623992443085,1.0,1.0,1.0,0.1
3568,1753490621.5318334,node,21.37383460998535,0.0026343364734202623,0.0,21.371200561523438,0.0,0.00019619458552482251,2.8989812139727125,1334.8073480129242,1.0,1.0,1.0,0.1
3569,1753490621.99789,graph,0.25748211145401,0.0,0.2505093216896057,0.0,0.06972780078649521,0.00019619246673491743,2.145662203937726,1335.273404598236,1.0,1.0,1.0,0.1
3570,1753490622.4529014,graph,0.2517014145851135,0.0,0.24600620567798615,0.0,0.05695199966430664,0.00019619034736707012,2.197747288907892,1335.728415966034,1.0,1.0,1.0,0.1
3571,1753490622.8938053,graph,0.21069546043872833,0.0,0.20652589201927185,0.0,0.04169563576579094,0.0001961882274212936,2.2680679289563264,1336.1693198680878,1.0,1.0,1.0,0.1
3572,1753490623.2301178,node,0.2711264193058014,0.0029528955928981304,0.0,0.2681735157966614,0.0,0.00019618610689760104,2.973424727260869,1336.5056324005127,1.0,1.0,1.0,0.1
3573,1753490623.696132,graph,0.22399525344371796,0.0,0.21937169134616852,0.0,0.04623556137084961,0.00019618398579600546,2.1458576029427943,1336.9716465473175,1.0,1.0,1.0,0.1
3574,1753490624.1611726,graph,0.27180513739585876,0.0,0.2670186161994934,0.0,0.047865238040685654,0.00019618186411651995,2.1503494961861493,1337.4366872310638,1.0,1.0,1.0,0.1
3575,1753490624.632637,graph,0.25070762634277344,0.0,0.24529963731765747,0.0,0.05407996475696564,0.0001961797418591576,2.1210509414831615,1337.908151626587,1.0,1.0,1.0,0.1
3576,1753490624.937396,node,2.2917838096618652,0.002119141397997737,0.0,2.2896647453308105,0.0,0.00019617761902393152,3.2812809993647574,1338.2129106521606,1.0,1.0,1.0,0.1
3577,1753490625.3978522,graph,0.22389693558216095,0.0,0.21874523162841797,0.0,0.0515170693397522,0.00019617549561085478,2.17175954140568,1338.6733667850494,1.0,1.0,1.0,0.1
3578,1753490625.854566,graph,0.2512446343898773,0.0,0.24405696988105774,0.0,0.07187651097774506,0.0001961733716199405,2.1895544835369862,1339.1300806999207,1.0,1.0,1.0,0.1
3579,1753490626.3011355,graph,0.277689129114151,0.0,0.27158108353614807,0.0,0.061080366373062134,0.0001961712470512018,2.239293387035463,1339.5766501426697,1.0,1.0,1.0,0.1
3580,1753490626.6482193,node,5.434364318847656,0.0006618568440899253,0.0,5.43370246887207,0.0,0.00019616912190465168,2.8811485291339665,1339.9237339496613,1.0,1.0,1.0,0.1
3581,1753490627.0983808,graph,0.2560299336910248,0.0,0.25057587027549744,0.0,0.05454052612185478,0.0001961669961803034,2.2214251893688624,1340.373895406723,1.0,1.0,1.0,0.1
3582,1753490627.5472126,graph,0.2711951434612274,0.0,0.2667528986930847,0.0,0.0444224588572979,0.00019616486987816996,2.228006142774352,1340.8227272033691,1.0,1.0,1.0,0.1
3583,1753490628.007112,graph,0.24835503101348877,0.0,0.23736687004566193,0.0,0.10988157987594604,0.0001961627429982645,2.1743884522109864,1341.2826266288757,1.0,1.0,1.0,0.1
3584,1753490628.3585515,node,0.5333860516548157,0.0012013576924800873,0.0,0.5321847200393677,0.0,0.00019616061554060017,2.845440163251572,1341.634066104889,1.0,1.0,1.0,0.1
3585,1753490628.8224556,graph,0.2688762843608856,0.0,0.26082122325897217,0.0,0.0805506482720375,0.00019615848750519007,2.155617742213177,1342.0979702472687,1.0,1.0,1.0,0.1
3586,1753490629.2727017,graph,0.35103335976600647,0.0,0.3456023335456848,0.0,0.054310306906700134,0.00019615635889204733,2.22100759927751,1342.548216342926,1.0,1.0,1.0,0.1
3587,1753490629.7246895,graph,0.21237610280513763,0.0,0.20790830254554749,0.0,0.044678010046482086,0.00019615422970118508,2.2124493742397564,1343.0002040863037,1.0,1.0,1.0,0.1
3588,1753490630.0935946,node,0.3028484284877777,0.002012637909501791,0.0,0.3008357882499695,0.0,0.00019615209993261646,2.7107244878174885,1343.3691091537476,1.0,1.0,1.0,0.1
3589,1753490630.5477586,graph,0.2614773213863373,0.0,0.2502962052822113,0.0,0.11181129515171051,0.00019614996958635463,2.2018476541050407,1343.8232731819153,1.0,1.0,1.0,0.1
3590,1753490630.9828925,graph,0.2776753604412079,0.0,0.26692795753479004,0.0,0.1074739322066307,0.0001961478386624127,2.2981429895829453,1344.2584071159363,1.0,1.0,1.0,0.1
3591,1753490631.427881,graph,0.28827840089797974,0.0,0.2818858325481415,0.0,0.06392579525709152,0.0001961457071608038,2.24724914100118,1344.7033956050873,1.0,1.0,1.0,0.1
3592,1753490631.7236085,node,1.150664210319519,0.001851002569310367,0.0,1.148813247680664,0.0,0.0001961435750815411,3.381491505364121,1344.999123096466,1.0,1.0,1.0,0.1
3593,1753490632.1915982,graph,0.29042646288871765,0.0,0.2848871648311615,0.0,0.05539291352033615,0.00019614144242463777,2.1367992415269113,1345.4671127796173,1.0,1.0,1.0,0.1
3594,1753490632.6302295,graph,0.23423603177070618,0.0,0.22510941326618195,0.0,0.09126617759466171,0.0001961393091901069,2.279819084409701,1345.9057440757751,1.0,1.0,1.0,0.1
3595,1753490633.0793943,graph,0.23106326162815094,0.0,0.22556954622268677,0.0,0.054937176406383514,0.00019613717537796173,2.226354001785625,1346.3549089431763,1.0,1.0,1.0,0.1
3596,1753490633.4214725,node,8.202722549438477,0.001129624550230801,0.0,8.201593399047852,0.0,0.00019613504098821538,2.92330810298443,1346.6969871520996,1.0,1.0,1.0,0.1
3597,1753490633.8900092,graph,0.2857958674430847,0.0,0.27733415365219116,0.0,0.08461727201938629,0.000196132906020881,2.134304912769027,1347.1655237674713,1.0,1.0,1.0,0.1
3598,1753490634.3597665,graph,0.28939780592918396,0.0,0.2856842577457428,0.0,0.037135522812604904,0.00019613077047597182,2.1287587454734167,1347.635281085968,1.0,1.0,1.0,0.1
3599,1753490634.8190644,graph,0.23731544613838196,0.0,0.2327006310224533,0.0,0.0461481474339962,0.00019612863435350096,2.1772361901647344,1348.0945789813995,1.0,1.0,1.0,0.1
3600,1753490635.1676035,node,23.565637588500977,0.001163540524430573,0.0,23.56447410583496,0.0,0.0001961264976534816,2.8691184427712555,1348.443118095398,1.0,1.0,1.0,0.1
3601,1753490635.635028,graph,0.2897672951221466,0.0,0.2858220040798187,0.0,0.03945305570960045,0.00019612436037592693,2.1393834288862137,1348.9105424880981,1.0,1.0,1.0,0.1
3602,1753490636.093815,graph,0.2606878876686096,0.0,0.25688132643699646,0.0,0.038065601140260696,0.00019612222252085015,2.1796597503602624,1349.3693296909332,1.0,1.0,1.0,0.1
3603,1753490636.5568297,graph,0.19794568419456482,0.0,0.19046980142593384,0.0,0.07475884258747101,0.00019612008408826444,2.1597590966949944,1349.8323442935944,1.0,1.0,1.0,0.1
3604,1753490636.9357212,node,5.86073112487793,0.0008230826933868229,0.0,5.859908103942871,0.0,0.00019611794507818297,2.639278221680785,1350.2112357616425,1.0,1.0,1.0,0.1
3605,1753490637.4007456,graph,0.2870479226112366,0.0,0.27960652112960815,0.0,0.07441414892673492,0.00019611580549061896,2.1504244652783404,1350.6762602329254,1.0,1.0,1.0,0.1
3606,1753490637.8645866,graph,0.3090098202228546,0.0,0.303550124168396,0.0,0.05459706112742424,0.0001961136653255856,2.1559113642321472,1351.1401011943817,1.0,1.0,1.0,0.1
3607,1753490638.32705,graph,0.21342822909355164,0.0,0.20919832587242126,0.0,0.042299073189496994,0.00019611152458309607,2.1623333773261186,1351.602564573288,1.0,1.0,1.0,0.1
3608,1753490638.6788692,node,0.3024170994758606,0.0008231592364609241,0.0,0.30159392952919006,0.0,0.0001961093832631636,2.8423684144542323,1351.9543838500977,1.0,1.0,1.0,0.1
3609,1753490639.128565,graph,0.14903917908668518,0.0,0.1443178653717041,0.0,0.047213077545166016,0.0001961072413658014,2.2237253341575824,1352.4040796756744,1.0,1.0,1.0,0.1
3610,1753490639.5967689,graph,0.40806815028190613,0.0,0.40255439281463623,0.0,0.05513754114508629,0.0001961050988910227,2.1358221275299942,1352.8722834587097,1.0,1.0,1.0,0.1
3611,1753490640.0555544,graph,0.28552156686782837,0.0,0.280891478061676,0.0,0.04630092903971672,0.00019610295583884064,2.1796676793366476,1353.3310689926147,1.0,1.0,1.0,0.1
3612,1753490640.4193146,node,4.239044189453125,0.0008128944900818169,0.0,4.238231182098389,0.0,0.0001961008122092685,2.749063557491835,1353.6948292255402,1.0,1.0,1.0,0.1
3613,1753490640.8732615,graph,0.24501483142375946,0.0,0.23827910423278809,0.0,0.06735731661319733,0.0001960986680023195,2.2029011691756946,1354.1487760543823,1.0,1.0,1.0,0.1
3614,1753490641.3187103,graph,0.27750250697135925,0.0,0.2735365629196167,0.0,0.039659347385168076,0.00019609652321800683,2.2449265340289926,1354.5942249298096,1.0,1.0,1.0,0.1
3615,1753490641.7699816,graph,0.3241838216781616,0.0,0.3167346715927124,0.0,0.07449136674404144,0.0001960943778563438,2.215961905546847,1355.045496225357,1.0,1.0,1.0,0.1
3616,1753490642.1332903,node,0.5375738143920898,0.0009723393595777452,0.0,0.5366014838218689,0.0,0.00019609223191734357,2.75248043249004,1355.4088048934937,1.0,1.0,1.0,0.1
3617,1753490642.5906596,graph,0.23545853793621063,0.0,0.23169979453086853,0.0,0.037587448954582214,0.0001960900854010194,2.186416840340585,1355.8661742210388,1.0,1.0,1.0,0.1
3618,1753490643.0812268,graph,0.2614259123802185,0.0,0.2574653625488281,0.0,0.039605386555194855,0.00019608793830738454,2.03845667840209,1356.3567414283752,1.0,1.0,1.0,0.1
3619,1753490643.566542,graph,0.24787861108779907,0.0,0.2429819405078888,0.0,0.048966698348522186,0.00019608579063645223,2.0605170373347077,1356.8420565128326,1.0,1.0,1.0,0.1
3620,1753490643.9585736,node,1.020639181137085,0.001375998486764729,0.0,1.0192631483078003,0.0,0.00019608364238823573,2.550814328285593,1357.2340881824493,1.0,1.0,1.0,0.1
3621,1753490644.4237967,graph,0.26876142621040344,0.0,0.2647627592086792,0.0,0.03998669236898422,0.00019608149356274826,2.149506453945524,1357.6993112564087,1.0,1.0,1.0,0.1
3622,1753490644.8859866,graph,0.2863121032714844,0.0,0.27513450384140015,0.0,0.11177609860897064,0.00019607934416000309,2.163612775429248,1358.1615011692047,1.0,1.0,1.0,0.1
3623,1753490645.3312094,graph,0.2847115993499756,0.0,0.27507027983665466,0.0,0.09641329944133759,0.00019607719418001347,2.2460661882831743,1358.606724023819,1.0,1.0,1.0,0.1
3624,1753490645.6579506,node,13.331971168518066,0.0016795548144727945,0.0,13.330291748046875,0.0,0.00019607504362279264,3.06052601623406,1358.9334652423859,1.0,1.0,1.0,0.1
3625,1753490646.106305,graph,0.27574270963668823,0.0,0.26787614822387695,0.0,0.07866569608449936,0.0001960728924883539,2.2303792433425826,1359.381819486618,1.0,1.0,1.0,0.1
3626,1753490646.5840566,graph,0.2101474106311798,0.0,0.20579956471920013,0.0,0.04347839206457138,0.00019607074077671055,2.0931373625386507,1359.8595712184906,1.0,1.0,1.0,0.1
3627,1753490647.038856,graph,0.26303988695144653,0.0,0.25979599356651306,0.0,0.032438844442367554,0.00019606858848787581,2.1987715241456787,1360.3143706321716,1.0,1.0,1.0,0.1
3628,1753490647.3592045,node,0.8087034225463867,0.001732291653752327,0.0,0.8069711327552795,0.0,0.000196066435621863,3.1216003703375685,1360.634719133377,1.0,1.0,1.0,0.1
3629,1753490647.7985106,graph,0.23805180191993713,0.0,0.2347455620765686,0.0,0.0330624021589756,0.00019606428217868534,2.276317539019952,1361.0740251541138,1.0,1.0,1.0,0.1
3630,1753490648.267137,graph,0.22266365587711334,0.0,0.21583527326583862,0.0,0.06828378140926361,0.00019606212815835615,2.133895547431218,1361.5426516532898,1.0,1.0,1.0,0.1
3631,1753490648.717413,graph,0.2513754665851593,0.0,0.24644950032234192,0.0,0.049259789288043976,0.00019605997356088875,2.2208605978839286,1361.9929275512695,1.0,1.0,1.0,0.1
3632,1753490649.1086705,node,7.087940692901611,0.0013660658150911331,0.0,7.086574554443359,0.0,0.0001960578183862964,2.555861388998405,1362.38418507576,1.0,1.0,1.0,0.1
3633,1753490649.5437567,graph,0.29037463665008545,0.0,0.28274187445640564,0.0,0.0763276219367981,0.00019605566263459237,2.2983948568785744,1362.819271326065,1.0,1.0,1.0,0.1
3634,1753490649.9908206,graph,0.3203922510147095,0.0,0.31325680017471313,0.0,0.07135448604822159,0.00019605350630578998,2.2368165911338034,1363.2663352489471,1.0,1.0,1.0,0.1
3635,1753490650.478019,graph,0.271938294172287,0.0,0.265811562538147,0.0,0.0612674206495285,0.00019605134939990252,2.0525520955165213,1363.7535336017609,1.0,1.0,1.0,0.1
3636,1753490650.8528254,node,0.5269478559494019,0.001291446853429079,0.0,0.5256564021110535,0.0,0.0001960491919169433,2.6680440596112596,1364.1283400058746,1.0,1.0,1.0,0.1
3637,1753490651.329734,graph,0.28226137161254883,0.0,0.2767690122127533,0.0,0.05492350459098816,0.00019604703385692565,2.096837474378843,1364.6052486896515,1.0,1.0,1.0,0.1
3638,1753490651.7751663,graph,0.3605438768863678,0.0,0.3567911982536316,0.0,0.03752681612968445,0.00019604487521986287,2.245010646167219,1365.0506808757782,1.0,1.0,1.0,0.1
3639,1753490652.237942,graph,0.3033236265182495,0.0,0.29246726632118225,0.0,0.10856364667415619,0.00019604271600576824,2.160874013792734,1365.513456583023,1.0,1.0,1.0,0.1
3640,1753490652.6495776,node,2.3375415802001953,0.0010609758319333196,0.0,2.3364806175231934,0.0,0.00019604055621465514,2.42933290858806,1365.9250922203064,1.0,1.0,1.0,0.1
3641,1753490653.0825746,graph,0.3513479232788086,0.0,0.34400081634521484,0.0,0.07347115874290466,0.00019603839584653683,2.309484885643633,1366.358089208603,1.0,1.0,1.0,0.1
3642,1753490653.5416715,graph,0.26504072546958923,0.0,0.19203078746795654,0.0,0.7300994396209717,0.0001960362349014267,2.1781893568315613,1366.8171861171722,1.0,1.0,1.0,0.1
3643,1753490654.0085292,graph,0.19609929621219635,0.0,0.19182506203651428,0.0,0.042742274701595306,0.00019603407337933802,2.1419804375880616,1367.28404378891,1.0,1.0,1.0,0.1
3644,1753490654.351686,node,7.498596668243408,0.0006955804419703782,0.0,7.49790096282959,0.0,0.0001960319112802842,2.9141196022521996,1367.627200603485,1.0,1.0,1.0,0.1
3645,1753490654.805513,graph,0.3036530315876007,0.0,0.300141841173172,0.0,0.03511195629835129,0.0001960297486042785,2.2034832896241006,1368.081027507782,1.0,1.0,1.0,0.1
3646,1753490655.2648728,graph,0.2457275539636612,0.0,0.2374185174703598,0.0,0.0830903947353363,0.00019602758535133426,2.1769423806051296,1368.540387392044,1.0,1.0,1.0,0.1
3647,1753490655.7210388,graph,0.24169579148292542,0.0,0.23798033595085144,0.0,0.03715456649661064,0.00019602542152146488,2.1921842848399544,1368.9965534210205,1.0,1.0,1.0,0.1
3648,1753490656.0889668,node,6.923712253570557,0.000640659302007407,0.0,6.923071384429932,0.0,0.00019602325711468366,2.7179228642782993,1369.3644814491272,1.0,1.0,1.0,0.1
3649,1753490656.542079,graph,0.26804259419441223,0.0,0.26313379406929016,0.0,0.0490880124270916,0.00019602109213100397,2.2069592578756003,1369.817593574524,1.0,1.0,1.0,0.1
3650,1753490657.017148,graph,0.22985823452472687,0.0,0.2204371690750122,0.0,0.09421071410179138,0.00019601892657043917,2.1049571812279932,1370.2926626205444,1.0,1.0,1.0,0.1
3651,1753490657.4720733,graph,0.22465845942497253,0.0,0.2204114943742752,0.0,0.04246967285871506,0.00019601676043300265,2.198163089363999,1370.7475879192352,1.0,1.0,1.0,0.1
3652,1753490657.904449,node,9.126334190368652,0.000993247958831489,0.0,9.125341415405273,0.0,0.00019601459371870769,2.3128035886110676,1371.1799635887146,1.0,1.0,1.0,0.1
3653,1753490658.417662,graph,0.2879265546798706,0.0,0.28114476799964905,0.0,0.0678177997469902,0.00019601242642756773,1.9485090154982112,1371.6931765079498,1.0,1.0,1.0,0.1
3654,1753490658.8921044,graph,0.3080851137638092,0.0,0.29607731103897095,0.0,0.12007804214954376,0.0001960102585595961,2.1077370554926844,1372.1676189899445,1.0,1.0,1.0,0.1
3655,1753490659.363784,graph,0.23618628084659576,0.0,0.23204278945922852,0.0,0.04143494740128517,0.0001960080901148062,2.12008281573499,1372.6392986774445,1.0,1.0,1.0,0.1
3656,1753490659.7113853,node,12.997586250305176,0.001220713253132999,0.0,12.996365547180176,0.0,0.00019600592109321138,2.876860238212004,1372.9868998527527,1.0,1.0,1.0,0.1
3657,1753490660.167435,graph,0.38140591979026794,0.0,0.3762415647506714,0.0,0.05164342373609543,0.00019600375149482501,2.1927435590866007,1373.4429495334625,1.0,1.0,1.0,0.1
3658,1753490660.6145763,graph,0.28067177534103394,0.0,0.27345162630081177,0.0,0.07220150530338287,0.00019600158131966052,2.236428968667203,1373.8900909423828,1.0,1.0,1.0,0.1
3659,1753490661.0788348,graph,0.22672565281391144,0.0,0.22190527617931366,0.0,0.048203837126493454,0.00019599941056773127,2.1539727234584727,1374.3543493747711,1.0,1.0,1.0,0.1
3660,1753490661.4434657,node,1.064603567123413,0.0012602631468325853,0.0,1.0633432865142822,0.0,0.0001959972392390506,2.7424990502643896,1374.7189803123474,1.0,1.0,1.0,0.1
3661,1753490661.9076273,graph,0.24252265691757202,0.0,0.2385828047990799,0.0,0.039398472756147385,0.000195995067333632,2.154421920707199,1375.1831419467926,1.0,1.0,1.0,0.1
3662,1753490662.3615692,graph,0.3122985363006592,0.0,0.30861347913742065,0.0,0.03685063123703003,0.0001959928948514888,2.2029254662625988,1375.6370837688446,1.0,1.0,1.0,0.1
3663,1753490662.7994227,graph,0.33502405881881714,0.0,0.32965320348739624,0.0,0.053708504885435104,0.00019599072179263445,2.28386852971237,1376.0749373435974,1.0,1.0,1.0,0.1
3664,1753490663.1234958,node,0.7005215883255005,0.001340174931101501,0.0,0.6991814374923706,0.0,0.0001959885481570823,3.0857237866752594,1376.3990104198456,1.0,1.0,1.0,0.1
3665,1753490663.5811763,graph,0.21816562116146088,0.0,0.21450923383235931,0.0,0.03656381741166115,0.00019598637394484578,2.1849304899692705,1376.8566908836365,1.0,1.0,1.0,0.1
3666,1753490664.0429919,graph,0.1690419614315033,0.0,0.16460615396499634,0.0,0.04435812681913376,0.00019598419915593834,2.1653664568055158,1377.3185064792633,1.0,1.0,1.0,0.1
3667,1753490664.4980392,graph,0.25397905707359314,0.0,0.24883902072906494,0.0,0.051400311291217804,0.00019598202379037333,2.197573413489524,1377.7735538482666,1.0,1.0,1.0,0.1
3668,1753490664.8422997,node,0.2907874286174774,0.0011315615847706795,0.0,0.289655864238739,0.0,0.0001959798478481642,2.904777437734299,1378.1178143024445,1.0,1.0,1.0,0.1
3669,1753490665.2904422,graph,0.24089963734149933,0.0,0.23397071659564972,0.0,0.06928917020559311,0.0001959776713293244,2.231432940032325,1378.5659568309784,1.0,1.0,1.0,0.1
3670,1753490665.75235,graph,0.2670947313308716,0.0,0.2622360587120056,0.0,0.048586830496788025,0.0001959754942338673,2.16493391597527,1379.0278646945953,1.0,1.0,1.0,0.1
3671,1753490666.2068532,graph,0.24747201800346375,0.0,0.23990002274513245,0.0,0.07571999728679657,0.00019597331656180634,2.20020521170588,1379.4823677539825,1.0,1.0,1.0,0.1
3672,1753490666.5801113,node,1.5209060907363892,0.0008872165926732123,0.0,1.5200188159942627,0.0,0.000195971138313155,2.6791112178533147,1379.8556258678436,1.0,1.0,1.0,0.1
3673,1753490667.037624,graph,0.26825234293937683,0.0,0.26389211416244507,0.0,0.04360233247280121,0.0001959689594879267,2.185732070765894,1380.3131384849548,1.0,1.0,1.0,0.1
3674,1753490667.5034778,graph,0.22106702625751495,0.0,0.21691042184829712,0.0,0.04156597703695297,0.00019596678008613482,2.1465956099825325,1380.7789924144745,1.0,1.0,1.0,0.1
3675,1753490667.9591782,graph,0.24547484517097473,0.0,0.23945772647857666,0.0,0.0601712167263031,0.00019596460010779285,2.1944242434389167,1381.234692811966,1.0,1.0,1.0,0.1
3676,1753490668.287269,node,21.074230194091797,0.0007354646222665906,0.0,21.07349395751953,0.0,0.00019596241955291427,3.047935743648959,1381.5627837181091,1.0,1.0,1.0,0.1
3677,1753490668.7442622,graph,0.21563710272312164,0.0,0.21097752451896667,0.0,0.04659583419561386,0.0001959602384215125,2.188216831666639,1382.0197768211365,1.0,1.0,1.0,0.1
3678,1753490669.22182,graph,0.53899747133255,0.0,0.5338596105575562,0.0,0.051378391683101654,0.000195958056713601,2.0939869387420913,1382.4973347187042,1.0,1.0,1.0,0.1
3679,1753490669.6872253,graph,0.28691205382347107,0.0,0.2818320393562317,0.0,0.05080000311136246,0.0001959558744291932,2.148665173194758,1382.962739944458,1.0,1.0,1.0,0.1
3680,1753490670.1005042,node,0.5090988278388977,0.0011867964640259743,0.0,0.5079120397567749,0.0,0.00019595369156830258,2.4196739734293593,1383.3760187625885,1.0,1.0,1.0,0.1
3681,1753490670.5609512,graph,0.26166167855262756,0.0,0.25639334321022034,0.0,0.05268344283103943,0.00019595150813094263,2.1718022736510716,1383.8364658355713,1.0,1.0,1.0,0.1
3682,1753490671.009959,graph,0.21689996123313904,0.0,0.21009066700935364,0.0,0.06809292733669281,0.0001959493241171268,2.2271330527936706,1384.2854735851288,1.0,1.0,1.0,0.1
3683,1753490671.4622254,graph,0.2293228656053543,0.0,0.22250230610370636,0.0,0.06820561736822128,0.00019594713952686852,2.2110859419603015,1384.7377400398254,1.0,1.0,1.0,0.1
3684,1753490671.7801254,node,0.7251977324485779,0.0016621893737465143,0.0,0.7235355377197266,0.0,0.0001959449543601813,3.145643854026905,1385.0556399822235,1.0,1.0,1.0,0.1
3685,1753490672.245602,graph,0.19594411551952362,0.0,0.18858903646469116,0.0,0.073550745844841,0.00019594276861707865,2.148336107767562,1385.5211164951324,1.0,1.0,1.0,0.1
3686,1753490672.6959097,graph,0.2261417806148529,0.0,0.21748945116996765,0.0,0.08652328699827194,0.000195940582297574,2.2207030339996017,1385.9714243412018,1.0,1.0,1.0,0.1
3687,1753490673.145993,graph,0.23946623504161835,0.0,0.23393940925598145,0.0,0.05526825413107872,0.0001959383954016809,2.221811158680062,1386.4215075969696,1.0,1.0,1.0,0.1
3688,1753490673.5440717,node,10.183592796325684,0.0017854069592431188,0.0,10.181807518005371,0.0,0.00019593620792941277,2.512066207372386,1386.819586277008,1.0,1.0,1.0,0.1
3689,1753490673.9977946,graph,0.21018670499324799,0.0,0.2063501477241516,0.0,0.038365550339221954,0.00019593401988078315,2.2039881201354454,1387.2733092308044,1.0,1.0,1.0,0.1
3690,1753490674.446199,graph,0.278873473405838,0.0,0.2743067145347595,0.0,0.045667555183172226,0.00019593183125580553,2.230130203791691,1387.7217135429382,1.0,1.0,1.0,0.1
3691,1753490674.896477,graph,0.21447962522506714,0.0,0.209151953458786,0.0,0.053276680409908295,0.00019592964205449338,2.2208500145345527,1388.1719915866852,1.0,1.0,1.0,0.1
3692,1753490675.2283154,node,12.12240219116211,0.002011490985751152,0.0,12.120390892028809,0.0,0.00019592745227686026,3.013515290290272,1388.5038299560547,1.0,1.0,1.0,0.1
3693,1753490675.6875024,graph,0.23624476790428162,0.0,0.22832036018371582,0.0,0.07924410700798035,0.00019592526192291958,2.17776185506524,1388.963016986847,1.0,1.0,1.0,0.1
3694,1753490676.1467407,graph,0.2196875363588333,0.0,0.21662960946559906,0.0,0.030579280108213425,0.00019592307099268498,2.1775187741572073,1389.4222552776337,1.0,1.0,1.0,0.1
3695,1753490676.6340597,graph,0.3372823894023895,0.0,0.33056288957595825,0.0,0.06719499826431274,0.00019592087948616988,2.052043969463259,1389.9095742702484,1.0,1.0,1.0,0.1
3696,1753490676.9745507,node,3.6630072593688965,0.002034776611253619,0.0,3.6609725952148438,0.0,0.00019591868740338785,2.936934703803524,1390.2500653266907,1.0,1.0,1.0,0.1
3697,1753490677.4372056,graph,0.16087780892848969,0.0,0.15773001313209534,0.0,0.03147801384329796,0.00019591649474435236,2.161438587179177,1390.712720155716,1.0,1.0,1.0,0.1
3698,1753490677.8958278,graph,0.2802039682865143,0.0,0.2765957713127136,0.0,0.036082103848457336,0.00019591430150907698,2.1804438654377907,1391.1713423728943,1.0,1.0,1.0,0.1
